Duration,EVFILE,EventAction,EventDate,EventTime,EventType,OffCount,Override,RigSerial,TimeIndex
2059,EV01000342_4457,Event,01/02/2025,00:01:08,AutoDrillingCompleted,53% ,AutoDrillingCompleted,1112,0
2059,EV01001342_4459,Event,01/02/2025,00:09:08,AutoDrillingCompleted,53% ,AutoDrillingCompleted,1114,0
2059,EV01001842_4460,Event,01/02/2025,00:17:27,AutoDrillingCompleted,53% ,AutoDrillingCompleted,1115,0
2059,EV01002842_4462,Event,01/02/2025,00:25:09,AutoDrillingCompleted,53% ,AutoDrillingCompleted,1118,0
361,EV01003342_4463,Event,01/02/2025,00:29:10,AdpePausedByOperator,9% ,AdpePausedByOperator,1119,0
247,EV01003342_4463,Event,01/02/2025,00:29:10,AutoDrillingAbortedAutonomousDrillingPaused,6% ,AutoDrillingAbortedAutonomousDrillingPaused,1119,2
115,EV01004342_4465,Event,01/02/2025,00:39:33,AutoDrillingAbortedTeleremoteCommunicationDelayIsTooBig,3% ,AutoDrillingAbortedTeleremoteCommunicationDelayIsTooBig,1121,0
115,EV01004342_4465,Event,01/02/2025,00:41:32,AutoDrillingAbortedTeleremoteCommunicationDelayIsTooBig,3% ,AutoDrillingAbortedTeleremoteCommunicationDelayIsTooBig,1121,0
115,EV01004843_4466,Event,01/02/2025,00:44:03,AutoDrillingAbortedTeleremoteCommunicationDelayIsTooBig,3% ,AutoDrillingAbortedTeleremoteCommunicationDelayIsTooBig,1122,0
2059,EV01010343_4467,Event,01/02/2025,01:03:15,AutoDrillingCompleted,53% ,AutoDrillingCompleted,1123,0
2059,EV01011343_4469,Event,01/02/2025,01:11:26,AutoDrillingCompleted,53% ,AutoDrillingCompleted,1125,0
115,EV01011843_4470,Event,01/02/2025,01:16:43,AutoDrillingAbortedTeleremoteCommunicationDelayIsTooBig,3% ,AutoDrillingAbortedTeleremoteCommunicationDelayIsTooBig,1126,0
115,EV01012343_4471,Event,01/02/2025,01:19:03,AutoDrillingAbortedTeleremoteCommunicationDelayIsTooBig,3% ,AutoDrillingAbortedTeleremoteCommunicationDelayIsTooBig,1127,0
2059,EV01012343_4471,Event,01/02/2025,01:20:47,AutoDrillingCompleted,53% ,AutoDrillingCompleted,1127,0
115,EV01012343_4471,Event,01/02/2025,01:23:43,AutoDrillingAbortedTeleremoteCommunicationDelayIsTooBig,3% ,AutoDrillingAbortedTeleremoteCommunicationDelayIsTooBig,1127,0
2059,EV01013344_4473,Event,01/02/2025,01:32:21,AutoDrillingCompleted,53% ,AutoDrillingCompleted,1131,0
115,EV01013844_4474,Event,01/02/2025,01:35:03,AutoDrillingAbortedTeleremoteCommunicationDelayIsTooBig,3% ,AutoDrillingAbortedTeleremoteCommunicationDelayIsTooBig,1132,0
115,EV01013844_4474,Event,01/02/2025,01:37:23,AutoDrillingAbortedTeleremoteCommunicationDelayIsTooBig,3% ,AutoDrillingAbortedTeleremoteCommunicationDelayIsTooBig,1132,0
115,EV01014344_4475,Event,01/02/2025,01:41:43,AutoDrillingAbortedTeleremoteCommunicationDelayIsTooBig,3% ,AutoDrillingAbortedTeleremoteCommunicationDelayIsTooBig,1133,0
2059,EV01014344_4475,Event,01/02/2025,01:42:18,AutoDrillingCompleted,53% ,AutoDrillingCompleted,1133,0
2059,EV01015344_4477,Event,01/02/2025,01:49:47,AutoDrillingCompleted,53% ,AutoDrillingCompleted,1135,0
14,EV01015344_4477,Event,01/02/2025,01:49:53,AdpeAbortedFromOpsLevers,0% ,AdpeAbortedFromOpsLevers,1135,0
2059,EV01020345_4479,Event,01/02/2025,02:01:58,AutoDrillingCompleted,53% ,AutoDrillingCompleted,1137,0
2059,EV01021345_4481,Event,01/02/2025,02:12:28,AutoDrillingCompleted,53% ,AutoDrillingCompleted,1139,0
2059,EV01022345_4483,Event,01/02/2025,02:20:31,AutoDrillingCompleted,53% ,AutoDrillingCompleted,1141,0
115,EV01022846_4484,Event,01/02/2025,02:25:04,AutoDrillingAbortedTeleremoteCommunicationDelayIsTooBig,3% ,AutoDrillingAbortedTeleremoteCommunicationDelayIsTooBig,1142,0
2059,EV01023346_4485,Event,01/02/2025,02:29:19,AutoDrillingCompleted,53% ,AutoDrillingCompleted,1143,0
115,EV01023846_4486,Event,01/02/2025,02:37:03,AutoDrillingAbortedTeleremoteCommunicationDelayIsTooBig,3% ,AutoDrillingAbortedTeleremoteCommunicationDelayIsTooBig,1144,0
2059,EV01024346_4487,Event,01/02/2025,02:40:24,AutoDrillingCompleted,53% ,AutoDrillingCompleted,1145,0
115,EV01024346_4487,Event,01/02/2025,02:43:04,AutoDrillingAbortedTeleremoteCommunicationDelayIsTooBig,3% ,AutoDrillingAbortedTeleremoteCommunicationDelayIsTooBig,1145,0
115,EV01024847_4488,Event,01/02/2025,02:45:53,AutoDrillingAbortedTeleremoteCommunicationDelayIsTooBig,3% ,AutoDrillingAbortedTeleremoteCommunicationDelayIsTooBig,1146,0
115,EV01025346_4489,Event,01/02/2025,02:52:04,AutoDrillingAbortedTeleremoteCommunicationDelayIsTooBig,3% ,AutoDrillingAbortedTeleremoteCommunicationDelayIsTooBig,1147,0
115,EV01025847_4490,Event,01/02/2025,02:55:44,AutoDrillingAbortedTeleremoteCommunicationDelayIsTooBig,3% ,AutoDrillingAbortedTeleremoteCommunicationDelayIsTooBig,1148,0
2059,EV01025847_4490,Event,01/02/2025,02:56:20,AutoDrillingCompleted,53% ,AutoDrillingCompleted,1148,0
115,EV01030347_4491,Event,01/02/2025,03:03:44,AutoDrillingAbortedTeleremoteCommunicationDelayIsTooBig,3% ,AutoDrillingAbortedTeleremoteCommunicationDelayIsTooBig,1149,0
115,EV01030847_4492,Event,01/02/2025,03:04:43,AutoDrillingAbortedTeleremoteCommunicationDelayIsTooBig,3% ,AutoDrillingAbortedTeleremoteCommunicationDelayIsTooBig,1151,0
2059,EV01031347_4493,Event,01/02/2025,03:09:42,AutoDrillingCompleted,53% ,AutoDrillingCompleted,1152,0
115,EV01031347_4493,Event,01/02/2025,03:13:08,AutoDrillingAbortedTeleremoteCommunicationDelayIsTooBig,3% ,AutoDrillingAbortedTeleremoteCommunicationDelayIsTooBig,1152,0
2059,EV01031847_4494,Event,01/02/2025,03:18:45,AutoDrillingCompleted,53% ,AutoDrillingCompleted,1153,0
361,EV01032347_4495,Event,01/02/2025,03:20:36,AdpePausedByOperator,9% ,AdpePausedByOperator,1154,0
247,EV01032347_4495,Event,01/02/2025,03:20:36,AutoDrillingAbortedAutonomousDrillingPaused,6% ,AutoDrillingAbortedAutonomousDrillingPaused,1154,2
115,EV01032847_4496,Event,01/02/2025,03:28:04,AutoDrillingAbortedTeleremoteCommunicationDelayIsTooBig,3% ,AutoDrillingAbortedTeleremoteCommunicationDelayIsTooBig,1155,0
2059,EV01034348_4499,Event,01/02/2025,03:38:53,AutoDrillingCompleted,53% ,AutoDrillingCompleted,1158,0
115,EV01034348_4499,Event,01/02/2025,03:41:33,AutoDrillingAbortedTeleremoteCommunicationDelayIsTooBig,3% ,AutoDrillingAbortedTeleremoteCommunicationDelayIsTooBig,1158,0
115,EV01034348_4499,Event,01/02/2025,03:41:53,AutoDrillingAbortedTeleremoteCommunicationDelayIsTooBig,3% ,AutoDrillingAbortedTeleremoteCommunicationDelayIsTooBig,1158,0
115,EV01034348_4499,Event,01/02/2025,03:42:24,AutoDrillingAbortedTeleremoteCommunicationDelayIsTooBig,3% ,AutoDrillingAbortedTeleremoteCommunicationDelayIsTooBig,1158,0
115,EV01034348_4499,Event,01/02/2025,03:42:44,AutoDrillingAbortedTeleremoteCommunicationDelayIsTooBig,3% ,AutoDrillingAbortedTeleremoteCommunicationDelayIsTooBig,1158,0
115,EV01034348_4499,Event,01/02/2025,03:43:43,AutoDrillingAbortedTeleremoteCommunicationDelayIsTooBig,3% ,AutoDrillingAbortedTeleremoteCommunicationDelayIsTooBig,1158,0
2059,EV01035349_4501,Event,01/02/2025,03:50:27,AutoDrillingCompleted,53% ,AutoDrillingCompleted,1160,0
247,EV01040349_4503,Event,01/02/2025,03:59:46,AutoDrillingAbortedAutonomousDrillingPaused,6% ,AutoDrillingAbortedAutonomousDrillingPaused,1162,2
2059,EV01040349_4503,Event,01/02/2025,04:01:59,AutoDrillingCompleted,53% ,AutoDrillingCompleted,1162,0
304,EV01040349_4503,Event,01/02/2025,04:02:15,AdpeAbortedByOperator,8% ,AdpeAbortedByOperator,1162,0
2059,EV01041349_4505,Event,01/02/2025,04:10:30,AutoDrillingCompleted,53% ,AutoDrillingCompleted,1164,0
2059,EV01042350_4507,Event,01/02/2025,04:21:54,AutoDrillingCompleted,53% ,AutoDrillingCompleted,1166,0
2059,EV01043350_4509,Event,01/02/2025,04:30:15,AutoDrillingCompleted,53% ,AutoDrillingCompleted,1168,0
247,EV01043850_4510,Event,01/02/2025,04:38:48,AutoDrillingAbortedAutonomousDrillingPaused,6% ,AutoDrillingAbortedAutonomousDrillingPaused,1169,2
2059,EV01044850_4512,Event,01/02/2025,04:45:04,AutoDrillingCompleted,53% ,AutoDrillingCompleted,1171,0
2059,EV01045350_4513,Event,01/02/2025,04:53:08,AutoDrillingCompleted,53% ,AutoDrillingCompleted,1172,0
2059,EV01050851_4516,Event,01/02/2025,05:07:08,AutoDrillingCompleted,53% ,AutoDrillingCompleted,1175,0
2059,EV01051851_4518,Event,01/02/2025,05:15:49,AutoDrillingCompleted,53% ,AutoDrillingCompleted,1177,0
41,EV01052351_4519,Event,01/02/2025,05:22:58,AutoDrillingAbortedDrillingInterlocked,1% ,AutoDrillingAbortedDrillingInterlocked,1178,1
41,EV01052851_4520,Event,01/02/2025,05:26:51,AutoDrillingAbortedDrillingInterlocked,1% ,AutoDrillingAbortedDrillingInterlocked,1179,1
9,EV01053852_4522,Event,01/02/2025,05:38:15,AutoDrillingAbortedCradleCanNotBeReturned,0% ,AutoDrillingAbortedCradleCanNotBeReturned,1181,0
115,EV01054852_4524,Event,01/02/2025,05:45:04,AutoDrillingAbortedTeleremoteCommunicationDelayIsTooBig,3% ,AutoDrillingAbortedTeleremoteCommunicationDelayIsTooBig,1183,0
126,EV01054852_4524,Event,01/02/2025,05:47:00,AutoDrillingAbortedDrillingAbortedByOperator,3% ,AutoDrillingAbortedDrillingAbortedByOperator,1183,0
115,EV01054852_4524,Event,01/02/2025,05:47:24,AutoDrillingAbortedTeleremoteCommunicationDelayIsTooBig,3% ,AutoDrillingAbortedTeleremoteCommunicationDelayIsTooBig,1183,0
2059,EV01055352_4525,Event,01/02/2025,05:49:56,AutoDrillingCompleted,53% ,AutoDrillingCompleted,1184,0
2059,EV01055853_4526,Event,01/02/2025,05:58:42,AutoDrillingCompleted,53% ,AutoDrillingCompleted,1185,0
2059,EV01060853_4528,Event,01/02/2025,06:07:13,AutoDrillingCompleted,53% ,AutoDrillingCompleted,1187,0
83,EV01060853_4528,Event,01/02/2025,06:07:41,AutoTrammingBlockedTramInterlockActive,2% ,AutoTrammingBlockedTramInterlockActive,1187,1
37,EV01060853_4528,Event,01/02/2025,06:08:43,AutoStanceShiftPreconditionNotMet,1% ,AutoStanceShiftPreconditionNotMet,1187,0
37,EV01061353_4529,Event,01/02/2025,06:08:59,AutoStanceShiftPreconditionNotMet,1% ,AutoStanceShiftPreconditionNotMet,1188,0
304,EV01061353_4529,Event,01/02/2025,06:09:05,AdpeAbortedByOperator,8% ,AdpeAbortedByOperator,1188,0
83,EV01061353_4529,Event,01/02/2025,06:09:10,AutoTrammingBlockedTramInterlockActive,2% ,AutoTrammingBlockedTramInterlockActive,1188,2
9,EV01061853_4530,Event,01/02/2025,06:17:05,OdEmergencyModeActive,0% ,OdEmergencyModeActive,1189,0
2059,EV01062854_4532,Event,01/02/2025,06:26:28,AutoDrillingCompleted,53% ,AutoDrillingCompleted,1191,0
2059,EV01063354_4533,Event,01/02/2025,06:33:42,AutoDrillingCompleted,53% ,AutoDrillingCompleted,1192,0
2059,EV01064354_4535,Event,01/02/2025,06:42:23,AutoDrillingCompleted,53% ,AutoDrillingCompleted,1194,0
2059,EV01065855_4538,Event,01/02/2025,06:54:33,AutoDrillingCompleted,53% ,AutoDrillingCompleted,1197,0
2059,EV01070355_4539,Event,01/02/2025,07:03:41,AutoDrillingCompleted,53% ,AutoDrillingCompleted,1198,0
361,EV01070855_4540,Event,01/02/2025,07:08:12,AdpePausedByOperator,9% ,AdpePausedByOperator,1199,0
247,EV01070855_4540,Event,01/02/2025,07:08:12,AutoDrillingAbortedAutonomousDrillingPaused,6% ,AutoDrillingAbortedAutonomousDrillingPaused,1199,2
361,EV01071855_4542,Event,01/02/2025,07:16:54,AdpePausedByOperator,9% ,AdpePausedByOperator,1201,0
247,EV01071855_4542,Event,01/02/2025,07:16:54,AutoDrillingAbortedAutonomousDrillingPaused,6% ,AutoDrillingAbortedAutonomousDrillingPaused,1201,2
2059,EV01072856_4544,Event,01/02/2025,07:28:19,AutoDrillingCompleted,53% ,AutoDrillingCompleted,1204,0
115,EV01073355_4545,Event,01/02/2025,07:33:15,AutoDrillingAbortedTeleremoteCommunicationDelayIsTooBig,3% ,AutoDrillingAbortedTeleremoteCommunicationDelayIsTooBig,1205,0
9,EV01074356_4547,Event,01/02/2025,07:43:28,AutoDrillingAbortedCradleCanNotBeReturned,0% ,AutoDrillingAbortedCradleCanNotBeReturned,1207,0
361,EV01075356_4548,Event,01/02/2025,07:49:51,AdpePausedByOperator,9% ,AdpePausedByOperator,1208,0
247,EV01075356_4548,Event,01/02/2025,07:49:51,AutoDrillingAbortedAutonomousDrillingPaused,6% ,AutoDrillingAbortedAutonomousDrillingPaused,1208,2
2059,EV01080357_4550,Event,01/02/2025,08:02:19,AutoDrillingCompleted,53% ,AutoDrillingCompleted,1210,0
115,EV01080857_4551,Event,01/02/2025,08:06:36,AutoDrillingAbortedTeleremoteCommunicationDelayIsTooBig,3% ,AutoDrillingAbortedTeleremoteCommunicationDelayIsTooBig,1211,0
2059,EV01081357_4552,Event,01/02/2025,08:11:30,AutoDrillingCompleted,53% ,AutoDrillingCompleted,1212,0
115,EV01081357_4552,Event,01/02/2025,08:13:32,AutoDrillingAbortedTeleremoteCommunicationDelayIsTooBig,3% ,AutoDrillingAbortedTeleremoteCommunicationDelayIsTooBig,1212,0
115,EV01082357_4554,Event,01/02/2025,08:19:56,AutoDrillingAbortedTeleremoteCommunicationDelayIsTooBig,3% ,AutoDrillingAbortedTeleremoteCommunicationDelayIsTooBig,1214,0
361,EV01082357_4554,Event,01/02/2025,08:23:04,AdpePausedByOperator,9% ,AdpePausedByOperator,1214,0
247,EV01082357_4554,Event,01/02/2025,08:23:04,AutoDrillingAbortedAutonomousDrillingPaused,6% ,AutoDrillingAbortedAutonomousDrillingPaused,1214,2
2059,EV01083358_4556,Event,01/02/2025,08:31:20,AutoDrillingCompleted,53% ,AutoDrillingCompleted,1216,0
2059,EV01084858_4559,Event,01/02/2025,08:45:29,AutoDrillingCompleted,53% ,AutoDrillingCompleted,1219,0
2059,EV01085858_4561,Event,01/02/2025,08:54:48,AutoDrillingCompleted,53% ,AutoDrillingCompleted,1221,0
2059,EV01090858_4563,Event,01/02/2025,09:05:17,AutoDrillingCompleted,53% ,AutoDrillingCompleted,1223,0
115,EV01091358_4564,Event,01/02/2025,09:11:23,AutoDrillingAbortedTeleremoteCommunicationDelayIsTooBig,3% ,AutoDrillingAbortedTeleremoteCommunicationDelayIsTooBig,1224,0
2059,EV01092359_4566,Event,01/02/2025,09:19:16,AutoDrillingCompleted,53% ,AutoDrillingCompleted,1226,0
15,EV01092359_4566,Event,01/02/2025,09:19:34,AutoStanceShiftFailedAutoModeaDeactivated,0% ,AutoStanceShiftFailedAutoModeaDeactivated,1226,0
2059,EV01093359_4568,Event,01/02/2025,09:33:22,AutoDrillingCompleted,53% ,AutoDrillingCompleted,1228,0
115,EV01094400_4570,Event,01/02/2025,09:40:26,AutoDrillingAbortedTeleremoteCommunicationDelayIsTooBig,3% ,AutoDrillingAbortedTeleremoteCommunicationDelayIsTooBig,1230,0
2059,EV01094400_4570,Event,01/02/2025,09:43:52,AutoDrillingCompleted,53% ,AutoDrillingCompleted,1230,0
247,EV01095400_4572,Event,01/02/2025,09:49:55,AutoDrillingAbortedAutonomousDrillingPaused,6% ,AutoDrillingAbortedAutonomousDrillingPaused,1232,2
2059,EV01095900_4573,Event,01/02/2025,09:55:20,AutoDrillingCompleted,53% ,AutoDrillingCompleted,1233,0
83,EV01095900_4573,Event,01/02/2025,09:56:05,AutoTrammingBlockedTramInterlockActive,2% ,AutoTrammingBlockedTramInterlockActive,1233,1
15,EV01100400_4574,Event,01/02/2025,10:00:36,AutoStanceShiftFailedAutoModeaDeactivated,0% ,AutoStanceShiftFailedAutoModeaDeactivated,1234,0
115,EV01101401_4576,Event,01/02/2025,10:10:57,AutoDrillingAbortedTeleremoteCommunicationDelayIsTooBig,3% ,AutoDrillingAbortedTeleremoteCommunicationDelayIsTooBig,1236,0
2059,EV01101401_4576,Event,01/02/2025,10:13:17,AutoDrillingCompleted,53% ,AutoDrillingCompleted,1236,0
247,EV01101901_4577,Event,01/02/2025,10:15:46,AutoDrillingAbortedAutonomousDrillingPaused,6% ,AutoDrillingAbortedAutonomousDrillingPaused,1237,2
361,EV01101901_4577,Event,01/02/2025,10:16:54,AdpePausedByOperator,9% ,AdpePausedByOperator,1237,0
247,EV01101901_4577,Event,01/02/2025,10:16:54,AutoDrillingAbortedAutonomousDrillingPaused,6% ,AutoDrillingAbortedAutonomousDrillingPaused,1237,2
361,EV01182001_4589,Event,01/02/2025,18:15:42,AdpePausedByOperator,9% ,AdpePausedByOperator,1249,0
2059,EV01183501_4591,Event,01/02/2025,18:30:02,AutoDrillingCompleted,53% ,AutoDrillingCompleted,1251,0
304,EV01183501_4591,Event,01/02/2025,18:31:43,AdpeAbortedByOperator,8% ,AdpeAbortedByOperator,1251,0
2059,EV01184501_4593,Event,01/02/2025,18:41:30,AutoDrillingCompleted,53% ,AutoDrillingCompleted,1253,0
361,EV01184501_4593,Event,01/02/2025,18:41:47,AdpePausedByOperator,9% ,AdpePausedByOperator,1253,0
304,EV01185001_4594,Event,01/02/2025,18:48:04,AdpeAbortedByOperator,8% ,AdpeAbortedByOperator,1254,0
361,EV01185001_4594,Event,01/02/2025,18:48:13,AdpePausedByOperator,9% ,AdpePausedByOperator,1254,0
304,EV01185001_4594,Event,01/02/2025,18:48:14,AdpeAbortedByOperator,8% ,AdpeAbortedByOperator,1254,0
361,EV01185001_4594,Event,01/02/2025,18:49:25,AdpePausedByOperator,9% ,AdpePausedByOperator,1254,0
304,EV01185001_4594,Event,01/02/2025,18:49:28,AdpeAbortedByOperator,8% ,AdpeAbortedByOperator,1254,0
2059,EV01190002_4596,Event,01/02/2025,18:58:02,AutoDrillingCompleted,53% ,AutoDrillingCompleted,1256,0
2059,EV01191002_4598,Event,01/02/2025,19:08:10,AutoDrillingCompleted,53% ,AutoDrillingCompleted,1258,0
2059,EV01192003_4600,Event,01/02/2025,19:17:46,AutoDrillingCompleted,53% ,AutoDrillingCompleted,1260,0
361,EV01192504_4601,Event,01/02/2025,19:21:52,AdpePausedByOperator,9% ,AdpePausedByOperator,1261,0
247,EV01192504_4601,Event,01/02/2025,19:21:52,AutoDrillingAbortedAutonomousDrillingPaused,6% ,AutoDrillingAbortedAutonomousDrillingPaused,1261,2
304,EV01192504_4601,Event,01/02/2025,19:22:12,AdpeAbortedByOperator,8% ,AdpeAbortedByOperator,1261,0
115,EV01195004_4606,Event,01/02/2025,19:49:48,AutoDrillingAbortedTeleremoteCommunicationDelayIsTooBig,3% ,AutoDrillingAbortedTeleremoteCommunicationDelayIsTooBig,1266,0
115,EV01195505_4607,Event,01/02/2025,19:54:08,AutoDrillingAbortedTeleremoteCommunicationDelayIsTooBig,3% ,AutoDrillingAbortedTeleremoteCommunicationDelayIsTooBig,1267,0
2059,EV01200004_4608,Event,01/02/2025,19:55:25,AutoDrillingCompleted,53% ,AutoDrillingCompleted,1268,0
115,EV01200004_4608,Event,01/02/2025,19:56:27,AutoDrillingAbortedTeleremoteCommunicationDelayIsTooBig,3% ,AutoDrillingAbortedTeleremoteCommunicationDelayIsTooBig,1268,0
2059,EV01201004_4610,Event,01/02/2025,20:09:36,AutoDrillingCompleted,53% ,AutoDrillingCompleted,1270,0
2059,EV01202505_4612,Event,01/02/2025,20:21:51,AutoDrillingCompleted,53% ,AutoDrillingCompleted,1272,0
83,EV01203005_4613,Event,01/02/2025,20:26:01,AutoTrammingBlockedTramInterlockActive,2% ,AutoTrammingBlockedTramInterlockActive,1273,1
304,EV01203005_4613,Event,01/02/2025,20:27:02,AdpeAbortedByOperator,8% ,AdpeAbortedByOperator,1273,0
247,EV01204506_4615,Event,01/02/2025,20:41:32,AutoDrillingAbortedAutonomousDrillingPaused,6% ,AutoDrillingAbortedAutonomousDrillingPaused,1275,2
9,EV01205506_4616,Event,01/02/2025,20:54:12,AutoDrillingAbortedCradleCanNotBeReturned,0% ,AutoDrillingAbortedCradleCanNotBeReturned,1276,0
126,EV01210507_4618,Event,01/02/2025,21:04:17,AutoDrillingAbortedDrillingAbortedByOperator,3% ,AutoDrillingAbortedDrillingAbortedByOperator,1278,0
126,EV01211507_4619,Event,01/02/2025,21:11:03,AutoDrillingAbortedDrillingAbortedByOperator,3% ,AutoDrillingAbortedDrillingAbortedByOperator,1279,0
304,EV01211507_4619,Event,01/02/2025,21:11:46,AdpeAbortedByOperator,8% ,AdpeAbortedByOperator,1279,0
2059,EV01212507_4621,Event,01/02/2025,21:21:18,AutoDrillingCompleted,53% ,AutoDrillingCompleted,1281,0
361,EV01212507_4621,Event,01/02/2025,21:21:19,AdpePausedByOperator,9% ,AdpePausedByOperator,1281,0
2059,EV01214007_4624,Event,01/02/2025,21:35:57,AutoDrillingCompleted,53% ,AutoDrillingCompleted,1284,0
2059,EV01214508_4625,Event,01/02/2025,21:44:14,AutoDrillingCompleted,53% ,AutoDrillingCompleted,1285,0
2059,EV01215508_4627,Event,01/02/2025,21:52:53,AutoDrillingCompleted,53% ,AutoDrillingCompleted,1287,0
247,EV01221008_4630,Event,01/02/2025,22:05:49,AutoDrillingAbortedAutonomousDrillingPaused,6% ,AutoDrillingAbortedAutonomousDrillingPaused,1290,2
2059,EV01221008_4630,Event,01/02/2025,22:08:11,AutoDrillingCompleted,53% ,AutoDrillingCompleted,1290,0
304,EV01221008_4630,Event,01/02/2025,22:08:26,AdpeAbortedByOperator,8% ,AdpeAbortedByOperator,1290,0
2059,EV01222009_4632,Event,01/02/2025,22:16:24,AutoDrillingCompleted,53% ,AutoDrillingCompleted,1292,0
2059,EV01223009_4634,Event,01/02/2025,22:27:28,AutoDrillingCompleted,53% ,AutoDrillingCompleted,1294,0
2059,EV01224010_4636,Event,01/02/2025,22:35:41,AutoDrillingCompleted,53% ,AutoDrillingCompleted,1296,0
2059,EV01224509_4637,Event,01/02/2025,22:44:19,AutoDrillingCompleted,53% ,AutoDrillingCompleted,1297,0
2059,EV01225510_4639,Event,01/02/2025,22:53:01,AutoDrillingCompleted,53% ,AutoDrillingCompleted,1299,0
2059,EV01230511_4641,Event,01/02/2025,23:01:39,AutoDrillingCompleted,53% ,AutoDrillingCompleted,1301,0
2059,EV01231511_4643,Event,01/02/2025,23:14:17,AutoDrillingCompleted,53% ,AutoDrillingCompleted,1303,0
2059,EV01232511_4645,Event,01/02/2025,23:23:03,AutoDrillingCompleted,53% ,AutoDrillingCompleted,1305,0
2059,EV01233511_4647,Event,01/02/2025,23:34:36,AutoDrillingCompleted,53% ,AutoDrillingCompleted,1307,0
361,EV01234012_4648,Event,01/02/2025,23:37:44,AdpePausedByOperator,9% ,AdpePausedByOperator,1308,0
247,EV01234012_4648,Event,01/02/2025,23:37:44,AutoDrillingAbortedAutonomousDrillingPaused,6% ,AutoDrillingAbortedAutonomousDrillingPaused,1308,2
2059,EV02000012_4652,Event,01/02/2025,23:56:51,AutoDrillingCompleted,53% ,AutoDrillingCompleted,1312,0
2059,EV02001013_4654,Event,02/02/2025,00:05:16,AutoDrillingCompleted,53% ,AutoDrillingCompleted,1314,0
2059,EV02002013_4656,Event,02/02/2025,00:15:15,AutoDrillingCompleted,53% ,AutoDrillingCompleted,1316,0
2059,EV02002513_4657,Event,02/02/2025,00:24:04,AutoDrillingCompleted,53% ,AutoDrillingCompleted,1317,0
2059,EV02003514_4659,Event,02/02/2025,00:34:16,AutoDrillingCompleted,53% ,AutoDrillingCompleted,1319,0
361,EV02003514_4659,Event,02/02/2025,00:34:21,AdpePausedByOperator,9% ,AdpePausedByOperator,1319,0
115,EV02013756_4670,Event,02/02/2025,01:33:59,AutoDrillingAbortedTeleremoteCommunicationDelayIsTooBig,3% ,AutoDrillingAbortedTeleremoteCommunicationDelayIsTooBig,1330,0
115,EV02014256_4671,Event,02/02/2025,01:38:29,AutoDrillingAbortedTeleremoteCommunicationDelayIsTooBig,3% ,AutoDrillingAbortedTeleremoteCommunicationDelayIsTooBig,1331,0
2059,EV02014757_4672,Event,02/02/2025,01:46:30,AutoDrillingCompleted,53% ,AutoDrillingCompleted,1332,0
361,EV02015257_4673,Event,02/02/2025,01:48:10,AdpePausedByOperator,9% ,AdpePausedByOperator,1333,0
361,EV02015257_4673,Event,02/02/2025,01:50:54,AdpePausedByOperator,9% ,AdpePausedByOperator,1333,0
361,EV02015257_4673,Event,02/02/2025,01:50:55,AdpePausedByOperator,9% ,AdpePausedByOperator,1333,0
304,EV02015257_4673,Event,02/02/2025,01:50:59,AdpeAbortedByOperator,8% ,AdpeAbortedByOperator,1333,0
2059,EV02020757_4676,Event,02/02/2025,02:04:05,AutoDrillingCompleted,53% ,AutoDrillingCompleted,1336,0
2059,EV02021757_4678,Event,02/02/2025,02:13:52,AutoDrillingCompleted,53% ,AutoDrillingCompleted,1338,0
361,EV02021757_4678,Event,02/02/2025,02:14:04,AdpePausedByOperator,9% ,AdpePausedByOperator,1338,0
2059,EV02023258_4681,Event,02/02/2025,02:30:54,AutoDrillingCompleted,53% ,AutoDrillingCompleted,1341,0
2059,EV02024258_4683,Event,02/02/2025,02:40:22,AutoDrillingCompleted,53% ,AutoDrillingCompleted,1343,0
2059,EV02025258_4685,Event,02/02/2025,02:49:14,AutoDrillingCompleted,53% ,AutoDrillingCompleted,1345,0
2059,EV02030259_4687,Event,02/02/2025,02:58:48,AutoDrillingCompleted,53% ,AutoDrillingCompleted,1347,0
2059,EV02031259_4689,Event,02/02/2025,03:08:06,AutoDrillingCompleted,53% ,AutoDrillingCompleted,1349,0
2059,EV02031759_4690,Event,02/02/2025,03:17:21,AutoDrillingCompleted,53% ,AutoDrillingCompleted,1350,0
2059,EV02032759_4692,Event,02/02/2025,03:27:38,AutoDrillingCompleted,53% ,AutoDrillingCompleted,1352,0
2059,EV02033800_4694,Event,02/02/2025,03:37:24,AutoDrillingCompleted,53% ,AutoDrillingCompleted,1354,0
2059,EV02034801_4696,Event,02/02/2025,03:46:29,AutoDrillingCompleted,53% ,AutoDrillingCompleted,1356,0
115,EV02035800_4698,Event,02/02/2025,03:53:10,AutoDrillingAbortedTeleremoteCommunicationDelayIsTooBig,3% ,AutoDrillingAbortedTeleremoteCommunicationDelayIsTooBig,1358,0
2059,EV02040300_4699,Event,02/02/2025,04:00:47,AutoDrillingCompleted,53% ,AutoDrillingCompleted,1359,0
2059,EV02041301_4701,Event,02/02/2025,04:09:42,AutoDrillingCompleted,53% ,AutoDrillingCompleted,1361,0
2059,EV02042301_4703,Event,02/02/2025,04:18:51,AutoDrillingCompleted,53% ,AutoDrillingCompleted,1363,0
361,EV02042801_4704,Event,02/02/2025,04:26:22,AdpePausedByOperator,9% ,AdpePausedByOperator,1364,0
247,EV02042801_4704,Event,02/02/2025,04:26:22,AutoDrillingAbortedAutonomousDrillingPaused,6% ,AutoDrillingAbortedAutonomousDrillingPaused,1364,2
115,EV02043801_4706,Event,02/02/2025,04:33:59,AutoDrillingAbortedTeleremoteCommunicationDelayIsTooBig,3% ,AutoDrillingAbortedTeleremoteCommunicationDelayIsTooBig,1366,0
2059,EV02044301_4707,Event,02/02/2025,04:39:30,AutoDrillingCompleted,53% ,AutoDrillingCompleted,1367,0
2059,EV02045302_4709,Event,02/02/2025,04:50:27,AutoDrillingCompleted,53% ,AutoDrillingCompleted,1369,0
2059,EV02050302_4711,Event,02/02/2025,05:00:06,AutoDrillingCompleted,53% ,AutoDrillingCompleted,1371,0
115,EV02050302_4711,Event,02/02/2025,05:01:55,AutoDrillingAbortedTeleremoteCommunicationDelayIsTooBig,3% ,AutoDrillingAbortedTeleremoteCommunicationDelayIsTooBig,1371,0
2059,EV02051302_4713,Event,02/02/2025,05:11:25,AutoDrillingCompleted,53% ,AutoDrillingCompleted,1373,0
2059,EV02052303_4715,Event,02/02/2025,05:20:03,AutoDrillingCompleted,53% ,AutoDrillingCompleted,1375,0
2059,EV02053303_4717,Event,02/02/2025,05:28:43,AutoDrillingCompleted,53% ,AutoDrillingCompleted,1377,0
2059,EV02053803_4718,Event,02/02/2025,05:36:41,AutoDrillingCompleted,53% ,AutoDrillingCompleted,1378,0
2059,EV02054803_4720,Event,02/02/2025,05:47:57,AutoDrillingCompleted,53% ,AutoDrillingCompleted,1380,0
2059,EV02060304_4723,Event,02/02/2025,06:00:23,AutoDrillingCompleted,53% ,AutoDrillingCompleted,1383,0
2059,EV02061304_4725,Event,02/02/2025,06:10:06,AutoDrillingCompleted,53% ,AutoDrillingCompleted,1385,0
2059,EV02062305_4727,Event,02/02/2025,06:19:04,AutoDrillingCompleted,53% ,AutoDrillingCompleted,1387,0
3,EV02062305_4727,Event,02/02/2025,06:22:49,AdpeAbortedByEmergencyMode,0% ,AdpeAbortedByEmergencyMode,1387,1
2059,EV02063305_4729,Event,02/02/2025,06:30:06,AutoDrillingCompleted,53% ,AutoDrillingCompleted,1389,0
2059,EV02064305_4731,Event,02/02/2025,06:38:49,AutoDrillingCompleted,53% ,AutoDrillingCompleted,1391,0
41,EV02064305_4731,Event,02/02/2025,06:40:59,AutoDrillingAbortedDrillingInterlocked,1% ,AutoDrillingAbortedDrillingInterlocked,1391,1
2059,EV02065806_4733,Event,02/02/2025,06:55:46,AutoDrillingCompleted,53% ,AutoDrillingCompleted,1393,0
115,EV02065806_4733,Event,02/02/2025,06:57:46,AutoDrillingAbortedTeleremoteCommunicationDelayIsTooBig,3% ,AutoDrillingAbortedTeleremoteCommunicationDelayIsTooBig,1393,0
2059,EV02070806_4735,Event,02/02/2025,07:05:34,AutoDrillingCompleted,53% ,AutoDrillingCompleted,1395,0
2059,EV02072306_4738,Event,02/02/2025,07:19:18,AutoDrillingCompleted,53% ,AutoDrillingCompleted,1398,0
361,EV02072306_4738,Event,02/02/2025,07:21:23,AdpePausedByOperator,9% ,AdpePausedByOperator,1398,0
247,EV02072306_4738,Event,02/02/2025,07:21:23,AutoDrillingAbortedAutonomousDrillingPaused,6% ,AutoDrillingAbortedAutonomousDrillingPaused,1398,1
2059,EV02075308_4743,Event,02/02/2025,07:52:02,AutoDrillingCompleted,53% ,AutoDrillingCompleted,1403,0
2059,EV02080308_4745,Event,02/02/2025,08:01:29,AutoDrillingCompleted,53% ,AutoDrillingCompleted,1405,0
83,EV02080308_4745,Event,02/02/2025,08:02:08,AutoTrammingBlockedTramInterlockActive,2% ,AutoTrammingBlockedTramInterlockActive,1405,0
4,EV02080308_4745,Event,02/02/2025,08:02:28,AutoRigOutsideGeofence,0% ,AutoRigOutsideGeofence,1405,0
2059,EV02081308_4747,Event,02/02/2025,08:11:05,AutoDrillingCompleted,53% ,AutoDrillingCompleted,1407,0
2059,EV02082309_4749,Event,02/02/2025,08:19:36,AutoDrillingCompleted,53% ,AutoDrillingCompleted,1409,0
15,EV02082309_4749,Event,02/02/2025,08:19:47,AutoStanceShiftFailedAutoModeaDeactivated,0% ,AutoStanceShiftFailedAutoModeaDeactivated,1409,0
115,EV02101244_4754,Event,02/02/2025,10:10:23,AutoDrillingAbortedTeleremoteCommunicationDelayIsTooBig,3% ,AutoDrillingAbortedTeleremoteCommunicationDelayIsTooBig,1414,0
115,EV02102244_4756,Event,02/02/2025,10:19:33,AutoDrillingAbortedTeleremoteCommunicationDelayIsTooBig,3% ,AutoDrillingAbortedTeleremoteCommunicationDelayIsTooBig,1416,0
115,EV02102244_4756,Event,02/02/2025,10:20:43,AutoDrillingAbortedTeleremoteCommunicationDelayIsTooBig,3% ,AutoDrillingAbortedTeleremoteCommunicationDelayIsTooBig,1416,0
115,EV02102744_4757,Event,02/02/2025,10:23:53,AutoDrillingAbortedTeleremoteCommunicationDelayIsTooBig,3% ,AutoDrillingAbortedTeleremoteCommunicationDelayIsTooBig,1417,0
115,EV02102744_4757,Event,02/02/2025,10:24:13,AutoDrillingAbortedTeleremoteCommunicationDelayIsTooBig,3% ,AutoDrillingAbortedTeleremoteCommunicationDelayIsTooBig,1417,0
2059,EV02103245_4758,Event,02/02/2025,10:31:36,AutoDrillingCompleted,53% ,AutoDrillingCompleted,1418,0
8,EV02103245_4758,Event,02/02/2025,10:32:41,AutoNavigationOutOfPath,0% ,AutoNavigationOutOfPath,1418,0
2059,EV02104245_4760,Event,02/02/2025,10:41:40,AutoDrillingCompleted,53% ,AutoDrillingCompleted,1420,0
2059,EV02105745_4763,Event,02/02/2025,10:52:59,AutoDrillingCompleted,53% ,AutoDrillingCompleted,1423,0
83,EV02105745_4763,Event,02/02/2025,10:53:36,AutoTrammingBlockedTramInterlockActive,2% ,AutoTrammingBlockedTramInterlockActive,1423,1
2059,EV02112746_4768,Event,02/02/2025,11:23:48,AutoDrillingCompleted,53% ,AutoDrillingCompleted,1428,0
2059,EV02113747_4770,Event,02/02/2025,11:32:58,AutoDrillingCompleted,53% ,AutoDrillingCompleted,1430,0
2059,EV02114247_4771,Event,02/02/2025,11:42:12,AutoDrillingCompleted,53% ,AutoDrillingCompleted,1431,0
361,EV02114747_4772,Event,02/02/2025,11:47:24,AdpePausedByOperator,9% ,AdpePausedByOperator,1432,0
247,EV02114747_4772,Event,02/02/2025,11:47:24,AutoDrillingAbortedAutonomousDrillingPaused,6% ,AutoDrillingAbortedAutonomousDrillingPaused,1432,1
16,EV02120748_4775,Event,02/02/2025,12:04:59,AutoDrillingAbortedNoRecoverFromHighRotationPressureJam,0% ,AutoDrillingAbortedNoRecoverFromHighRotationPressureJam,1435,0
361,EV02120748_4775,Event,02/02/2025,12:07:40,AdpePausedByOperator,9% ,AdpePausedByOperator,1435,0
247,EV02120748_4775,Event,02/02/2025,12:07:40,AutoDrillingAbortedAutonomousDrillingPaused,6% ,AutoDrillingAbortedAutonomousDrillingPaused,1435,2
2059,EV02121748_4777,Event,02/02/2025,12:16:50,AutoDrillingCompleted,53% ,AutoDrillingCompleted,1437,0
2059,EV02122748_4779,Event,02/02/2025,12:25:33,AutoDrillingCompleted,53% ,AutoDrillingCompleted,1439,0
2059,EV02123749_4781,Event,02/02/2025,12:34:19,AutoDrillingCompleted,53% ,AutoDrillingCompleted,1441,0
2059,EV02125249_4784,Event,02/02/2025,12:52:09,AutoDrillingCompleted,53% ,AutoDrillingCompleted,1444,0
2059,EV02130249_4786,Event,02/02/2025,13:01:51,AutoDrillingCompleted,53% ,AutoDrillingCompleted,1446,0
2059,EV02131250_4788,Event,02/02/2025,13:11:06,AutoDrillingCompleted,53% ,AutoDrillingCompleted,1448,0
2059,EV02133250_4792,Event,02/02/2025,13:28:55,AutoDrillingCompleted,53% ,AutoDrillingCompleted,1452,0
2059,EV02134751_4795,Event,02/02/2025,13:47:00,AutoDrillingCompleted,53% ,AutoDrillingCompleted,1455,0
152,EV02155248_4814,Event,02/02/2025,15:52:32,AutoStanceShiftFailedPosInterlockActive,4% ,AutoStanceShiftFailedPosInterlockActive,1474,1
361,EV02160749_4816,Event,02/02/2025,16:04:57,AdpePausedByOperator,9% ,AdpePausedByOperator,1476,0
304,EV02160749_4816,Event,02/02/2025,16:05:03,AdpeAbortedByOperator,8% ,AdpeAbortedByOperator,1476,0
41,EV02161249_4817,Event,02/02/2025,16:12:45,AutoDrillingAbortedDrillingInterlocked,1% ,AutoDrillingAbortedDrillingInterlocked,1477,0
126,EV02162750_4820,Event,02/02/2025,16:25:59,AutoDrillingAbortedDrillingAbortedByOperator,3% ,AutoDrillingAbortedDrillingAbortedByOperator,1483,0
126,EV02163750_4822,Event,02/02/2025,16:34:55,AutoDrillingAbortedDrillingAbortedByOperator,3% ,AutoDrillingAbortedDrillingAbortedByOperator,1485,0
361,EV02163750_4822,Event,02/02/2025,16:35:24,AdpePausedByOperator,9% ,AdpePausedByOperator,1485,0
247,EV02163750_4822,Event,02/02/2025,16:35:24,AutoDrillingAbortedAutonomousDrillingPaused,6% ,AutoDrillingAbortedAutonomousDrillingPaused,1485,1
115,EV02163750_4822,Event,02/02/2025,16:36:45,AutoDrillingAbortedTeleremoteCommunicationDelayIsTooBig,3% ,AutoDrillingAbortedTeleremoteCommunicationDelayIsTooBig,1485,0
361,EV02164250_4823,Event,02/02/2025,16:41:34,AdpePausedByOperator,9% ,AdpePausedByOperator,1486,0
247,EV02164250_4823,Event,02/02/2025,16:41:34,AutoDrillingAbortedAutonomousDrillingPaused,6% ,AutoDrillingAbortedAutonomousDrillingPaused,1486,2
115,EV02165250_4825,Event,02/02/2025,16:52:26,AutoDrillingAbortedTeleremoteCommunicationDelayIsTooBig,3% ,AutoDrillingAbortedTeleremoteCommunicationDelayIsTooBig,1488,0
247,EV02175252_4833,Event,02/02/2025,17:50:57,AutoDrillingAbortedAutonomousDrillingPaused,6% ,AutoDrillingAbortedAutonomousDrillingPaused,1497,2
304,EV02175252_4833,Event,02/02/2025,17:50:59,AdpeAbortedByOperator,8% ,AdpeAbortedByOperator,1497,0
11,EV02181753_4837,Event,02/02/2025,18:15:06,AutoDrillingAbortedAutoRhsErrorDidNotReachDesiredPressureWhileThreading,0% ,AutoDrillingAbortedAutoRhsErrorDidNotReachDesiredPressureWhileThreading,1501,0
152,EV02184254_4842,Event,02/02/2025,18:39:50,AutoStanceShiftFailedPosInterlockActive,4% ,AutoStanceShiftFailedPosInterlockActive,1506,0
304,EV02184254_4842,Event,02/02/2025,18:39:53,AdpeAbortedByOperator,8% ,AdpeAbortedByOperator,1506,0
152,EV02184254_4842,Event,02/02/2025,18:39:58,AutoStanceShiftFailedPosInterlockActive,4% ,AutoStanceShiftFailedPosInterlockActive,1506,0
304,EV02184254_4842,Event,02/02/2025,18:40:03,AdpeAbortedByOperator,8% ,AdpeAbortedByOperator,1506,0
152,EV02184254_4842,Event,02/02/2025,18:40:09,AutoStanceShiftFailedPosInterlockActive,4% ,AutoStanceShiftFailedPosInterlockActive,1506,0
11,EV02185754_4845,Event,02/02/2025,18:54:21,AutoDrillingAbortedAutoRhsErrorDidNotReachDesiredPressureWhileThreading,0% ,AutoDrillingAbortedAutoRhsErrorDidNotReachDesiredPressureWhileThreading,1509,0
2059,EV02191255_4848,Event,02/02/2025,19:10:33,AutoDrillingCompleted,53% ,AutoDrillingCompleted,1512,0
361,EV02191255_4848,Event,02/02/2025,19:12:35,AdpePausedByOperator,9% ,AdpePausedByOperator,1512,0
247,EV02191255_4848,Event,02/02/2025,19:12:35,AutoDrillingAbortedAutonomousDrillingPaused,6% ,AutoDrillingAbortedAutonomousDrillingPaused,1512,2
115,EV02192755_4850,Event,02/02/2025,19:27:00,AutoDrillingAbortedTeleremoteCommunicationDelayIsTooBig,3% ,AutoDrillingAbortedTeleremoteCommunicationDelayIsTooBig,1514,0
115,EV02193255_4851,Event,02/02/2025,19:32:05,AutoDrillingAbortedTeleremoteCommunicationDelayIsTooBig,3% ,AutoDrillingAbortedTeleremoteCommunicationDelayIsTooBig,1515,0
115,EV02194256_4853,Event,02/02/2025,19:42:07,AutoDrillingAbortedTeleremoteCommunicationDelayIsTooBig,3% ,AutoDrillingAbortedTeleremoteCommunicationDelayIsTooBig,1517,0
2059,EV02194756_4854,Event,02/02/2025,19:47:10,AutoDrillingCompleted,53% ,AutoDrillingCompleted,1518,0
115,EV02195756_4856,Event,02/02/2025,19:55:56,AutoDrillingAbortedTeleremoteCommunicationDelayIsTooBig,3% ,AutoDrillingAbortedTeleremoteCommunicationDelayIsTooBig,1520,0
2059,EV02200756_4858,Event,02/02/2025,20:05:19,AutoDrillingCompleted,53% ,AutoDrillingCompleted,1522,0
361,EV02202257_4861,Event,02/02/2025,20:18:18,AdpePausedByOperator,9% ,AdpePausedByOperator,1525,0
247,EV02202257_4861,Event,02/02/2025,20:18:19,AutoDrillingAbortedAutonomousDrillingPaused,6% ,AutoDrillingAbortedAutonomousDrillingPaused,1525,1
2059,EV02204758_4866,Event,02/02/2025,20:43:31,AutoDrillingCompleted,53% ,AutoDrillingCompleted,1530,0
152,EV02204758_4866,Event,02/02/2025,20:45:25,AutoStanceShiftFailedPosInterlockActive,4% ,AutoStanceShiftFailedPosInterlockActive,1530,0
12,EV02211259_4871,Event,02/02/2025,21:12:22,AutoDrillingAbortedCradlePositioningFailedMoveBackwardDuringExtraClean,0% ,AutoDrillingAbortedCradlePositioningFailedMoveBackwardDuringExtraClean,1533,0
115,EV02213300_4875,Event,02/02/2025,21:31:01,AutoDrillingAbortedTeleremoteCommunicationDelayIsTooBig,3% ,AutoDrillingAbortedTeleremoteCommunicationDelayIsTooBig,1537,0
115,EV02213800_4876,Event,02/02/2025,21:33:56,AutoDrillingAbortedTeleremoteCommunicationDelayIsTooBig,3% ,AutoDrillingAbortedTeleremoteCommunicationDelayIsTooBig,1538,0
115,EV02214300_4877,Event,02/02/2025,21:38:08,AutoDrillingAbortedTeleremoteCommunicationDelayIsTooBig,3% ,AutoDrillingAbortedTeleremoteCommunicationDelayIsTooBig,1539,0
2059,EV02214300_4877,Event,02/02/2025,21:39:17,AutoDrillingCompleted,53% ,AutoDrillingCompleted,1539,0
361,EV02214800_4878,Event,02/02/2025,21:43:28,AdpePausedByOperator,9% ,AdpePausedByOperator,1540,0
247,EV02214800_4878,Event,02/02/2025,21:43:28,AutoDrillingAbortedAutonomousDrillingPaused,6% ,AutoDrillingAbortedAutonomousDrillingPaused,1540,2
2059,EV02220801_4882,Event,02/02/2025,22:04:11,AutoDrillingCompleted,53% ,AutoDrillingCompleted,1544,0
115,EV02222301_4885,Event,02/02/2025,22:18:38,AutoDrillingAbortedTeleremoteCommunicationDelayIsTooBig,3% ,AutoDrillingAbortedTeleremoteCommunicationDelayIsTooBig,1547,0
2059,EV02222801_4886,Event,02/02/2025,22:24:58,AutoDrillingCompleted,53% ,AutoDrillingCompleted,1548,0
115,EV02224301_4889,Event,02/02/2025,22:39:38,AutoDrillingAbortedTeleremoteCommunicationDelayIsTooBig,3% ,AutoDrillingAbortedTeleremoteCommunicationDelayIsTooBig,1551,0
2059,EV02224802_4890,Event,02/02/2025,22:46:17,AutoDrillingCompleted,53% ,AutoDrillingCompleted,1552,0
115,EV02225802_4892,Event,02/02/2025,22:53:58,AutoDrillingAbortedTeleremoteCommunicationDelayIsTooBig,3% ,AutoDrillingAbortedTeleremoteCommunicationDelayIsTooBig,1554,0
115,EV02225802_4892,Event,02/02/2025,22:57:59,AutoDrillingAbortedTeleremoteCommunicationDelayIsTooBig,3% ,AutoDrillingAbortedTeleremoteCommunicationDelayIsTooBig,1554,0
2059,EV02231302_4895,Event,02/02/2025,23:11:56,AutoDrillingCompleted,53% ,AutoDrillingCompleted,1557,0
83,EV02231802_4896,Event,02/02/2025,23:13:07,AutoTrammingBlockedTramInterlockActive,2% ,AutoTrammingBlockedTramInterlockActive,1558,1
247,EV02233803_4900,Event,02/02/2025,23:34:36,AutoDrillingAbortedAutonomousDrillingPaused,6% ,AutoDrillingAbortedAutonomousDrillingPaused,1562,0
41,EV02235303_4903,Event,02/02/2025,23:50:54,AutoDrillingAbortedDrillingInterlocked,1% ,AutoDrillingAbortedDrillingInterlocked,1565,0
2059,EV02235804_4904,Event,02/02/2025,23:55:38,AutoDrillingCompleted,53% ,AutoDrillingCompleted,1566,0
2059,EV03002305_4908,Event,03/02/2025,00:20:55,AutoDrillingCompleted,53% ,AutoDrillingCompleted,1570,0
115,EV03003305_4910,Event,03/02/2025,00:29:19,AutoDrillingAbortedTeleremoteCommunicationDelayIsTooBig,3% ,AutoDrillingAbortedTeleremoteCommunicationDelayIsTooBig,1572,0
115,EV03003305_4910,Event,03/02/2025,00:31:08,AutoDrillingAbortedTeleremoteCommunicationDelayIsTooBig,3% ,AutoDrillingAbortedTeleremoteCommunicationDelayIsTooBig,1572,0
11,EV03004305_4912,Event,03/02/2025,00:41:00,AutoDrillingAbortedAutoRhsErrorDidNotReachDesiredPressureWhileThreading,0% ,AutoDrillingAbortedAutoRhsErrorDidNotReachDesiredPressureWhileThreading,1574,0
115,EV03005306_4914,Event,03/02/2025,00:50:51,AutoDrillingAbortedTeleremoteCommunicationDelayIsTooBig,3% ,AutoDrillingAbortedTeleremoteCommunicationDelayIsTooBig,1576,0
2059,EV03011306_4918,Event,03/02/2025,01:09:37,AutoDrillingCompleted,53% ,AutoDrillingCompleted,1580,0
115,EV03011806_4919,Event,03/02/2025,01:13:54,AutoDrillingAbortedTeleremoteCommunicationDelayIsTooBig,3% ,AutoDrillingAbortedTeleremoteCommunicationDelayIsTooBig,1581,0
115,EV03013807_4921,Event,03/02/2025,01:34:10,AutoDrillingAbortedTeleremoteCommunicationDelayIsTooBig,3% ,AutoDrillingAbortedTeleremoteCommunicationDelayIsTooBig,1583,0
361,EV03014307_4922,Event,03/02/2025,01:40:17,AdpePausedByOperator,9% ,AdpePausedByOperator,1584,0
247,EV03014307_4922,Event,03/02/2025,01:40:17,AutoDrillingAbortedAutonomousDrillingPaused,6% ,AutoDrillingAbortedAutonomousDrillingPaused,1584,2
304,EV03014307_4922,Event,03/02/2025,01:41:43,AdpeAbortedByOperator,8% ,AdpeAbortedByOperator,1584,0
126,EV03024616_4931,Event,03/02/2025,02:45:43,AutoDrillingAbortedDrillingAbortedByOperator,3% ,AutoDrillingAbortedDrillingAbortedByOperator,1593,0
126,EV03030117_4934,Event,03/02/2025,02:57:23,AutoDrillingAbortedDrillingAbortedByOperator,3% ,AutoDrillingAbortedDrillingAbortedByOperator,1596,0
2059,EV03032117_4938,Event,03/02/2025,03:20:39,AutoDrillingCompleted,53% ,AutoDrillingCompleted,1600,0
2059,EV03035118_4944,Event,03/02/2025,03:48:34,AutoDrillingCompleted,53% ,AutoDrillingCompleted,1606,0
11,EV03040118_4945,Event,03/02/2025,04:00:39,AutoDrillingAbortedAutoRhsErrorDidNotReachDesiredPressureWhileThreading,0% ,AutoDrillingAbortedAutoRhsErrorDidNotReachDesiredPressureWhileThreading,1607,0
2059,EV03041119_4947,Event,03/02/2025,04:08:45,AutoDrillingCompleted,53% ,AutoDrillingCompleted,1609,0
361,EV03041119_4947,Event,03/02/2025,04:10:37,AdpePausedByOperator,9% ,AdpePausedByOperator,1609,1
247,EV03041119_4947,Event,03/02/2025,04:10:37,AutoDrillingAbortedAutonomousDrillingPaused,6% ,AutoDrillingAbortedAutonomousDrillingPaused,1609,3
2059,EV03043619_4952,Event,03/02/2025,04:33:47,AutoDrillingCompleted,53% ,AutoDrillingCompleted,1614,0
361,EV03045120_4954,Event,03/02/2025,04:51:05,AdpePausedByOperator,9% ,AdpePausedByOperator,1616,0
247,EV03045120_4954,Event,03/02/2025,04:51:05,AutoDrillingAbortedAutonomousDrillingPaused,6% ,AutoDrillingAbortedAutonomousDrillingPaused,1616,2
9,EV03051121_4958,Event,03/02/2025,05:08:20,AutoDrillingAbortedCradleCanNotBeReturned,0% ,AutoDrillingAbortedCradleCanNotBeReturned,1620,0
9,EV03052121_4959,Event,03/02/2025,05:18:57,AutoDrillingAbortedCradleCanNotBeReturned,0% ,AutoDrillingAbortedCradleCanNotBeReturned,1621,0
126,EV03053121_4961,Event,03/02/2025,05:28:38,AutoDrillingAbortedDrillingAbortedByOperator,3% ,AutoDrillingAbortedDrillingAbortedByOperator,1623,0
361,EV03080626_4985,Event,03/02/2025,08:01:46,AdpePausedByOperator,9% ,AdpePausedByOperator,1647,0
247,EV03080626_4985,Event,03/02/2025,08:01:46,AutoDrillingAbortedAutonomousDrillingPaused,6% ,AutoDrillingAbortedAutonomousDrillingPaused,1647,2
304,EV03080626_4985,Event,03/02/2025,08:01:47,AdpeAbortedByOperator,8% ,AdpeAbortedByOperator,1647,0
2059,EV03082627_4989,Event,03/02/2025,08:23:45,AutoDrillingCompleted,53% ,AutoDrillingCompleted,1651,0
2059,EV03084628_4992,Event,03/02/2025,08:41:29,AutoDrillingCompleted,53% ,AutoDrillingCompleted,1655,0
247,EV03085628_4994,Event,03/02/2025,08:54:12,AutoDrillingAbortedAutonomousDrillingPaused,6% ,AutoDrillingAbortedAutonomousDrillingPaused,1657,2
2059,EV03091129_4997,Event,03/02/2025,09:11:25,AutoDrillingCompleted,53% ,AutoDrillingCompleted,1660,0
361,EV03091629_4998,Event,03/02/2025,09:13:19,AdpePausedByOperator,9% ,AdpePausedByOperator,1661,1
247,EV03091629_4998,Event,03/02/2025,09:13:19,AutoDrillingAbortedAutonomousDrillingPaused,6% ,AutoDrillingAbortedAutonomousDrillingPaused,1661,3
11,EV03094130_5001,Event,03/02/2025,09:36:58,AutoDrillingAbortedAutoRhsErrorDidNotReachDesiredPressureWhileThreading,0% ,AutoDrillingAbortedAutoRhsErrorDidNotReachDesiredPressureWhileThreading,1664,0
126,EV03100305_5004,Event,03/02/2025,09:59:59,AutoDrillingAbortedDrillingAbortedByOperator,3% ,AutoDrillingAbortedDrillingAbortedByOperator,1667,0
126,EV03105055_5011,Event,03/02/2025,10:50:05,AutoDrillingAbortedDrillingAbortedByOperator,3% ,AutoDrillingAbortedDrillingAbortedByOperator,1674,0
126,EV03105555_5012,Event,03/02/2025,10:55:48,AutoDrillingAbortedDrillingAbortedByOperator,3% ,AutoDrillingAbortedDrillingAbortedByOperator,1675,0
9,EV03141736_5027,Event,03/02/2025,14:16:32,OdEmergencyModeActive,0% ,OdEmergencyModeActive,1690,1
3,EV03141736_5027,Event,03/02/2025,14:16:32,AdpeAbortedByEmergencyMode,0% ,AdpeAbortedByEmergencyMode,1690,2
115,EV03142237_5028,Event,03/02/2025,14:18:15,AutoDrillingAbortedTeleremoteCommunicationDelayIsTooBig,3% ,AutoDrillingAbortedTeleremoteCommunicationDelayIsTooBig,1691,0
115,EV03142237_5028,Event,03/02/2025,14:20:24,AutoDrillingAbortedTeleremoteCommunicationDelayIsTooBig,3% ,AutoDrillingAbortedTeleremoteCommunicationDelayIsTooBig,1691,0
115,EV03142237_5028,Event,03/02/2025,14:21:11,AutoDrillingAbortedTeleremoteCommunicationDelayIsTooBig,3% ,AutoDrillingAbortedTeleremoteCommunicationDelayIsTooBig,1691,0
115,EV03142736_5029,Event,03/02/2025,14:23:35,AutoDrillingAbortedTeleremoteCommunicationDelayIsTooBig,3% ,AutoDrillingAbortedTeleremoteCommunicationDelayIsTooBig,1692,0
115,EV03142736_5029,Event,03/02/2025,14:26:04,AutoDrillingAbortedTeleremoteCommunicationDelayIsTooBig,3% ,AutoDrillingAbortedTeleremoteCommunicationDelayIsTooBig,1692,0
30,EV03194315_5040,Event,03/02/2025,19:42:08,StanceShiftBlockedBitInHole,1% ,StanceShiftBlockedBitInHole,1703,0
304,EV03194315_5040,Event,03/02/2025,19:43:04,AdpeAbortedByOperator,8% ,AdpeAbortedByOperator,1703,0
115,EV03194816_5041,Event,03/02/2025,19:43:44,AutoDrillingAbortedTeleremoteCommunicationDelayIsTooBig,3% ,AutoDrillingAbortedTeleremoteCommunicationDelayIsTooBig,1704,0
126,EV03200316_5044,Event,03/02/2025,19:59:38,AutoDrillingAbortedDrillingAbortedByOperator,3% ,AutoDrillingAbortedDrillingAbortedByOperator,1706,0
115,EV03212452_5058,Event,03/02/2025,21:21:47,AutoDrillingAbortedTeleremoteCommunicationDelayIsTooBig,3% ,AutoDrillingAbortedTeleremoteCommunicationDelayIsTooBig,1720,0
115,EV03212452_5058,Event,03/02/2025,21:24:07,AutoDrillingAbortedTeleremoteCommunicationDelayIsTooBig,3% ,AutoDrillingAbortedTeleremoteCommunicationDelayIsTooBig,1720,0
126,EV03212952_5059,Event,03/02/2025,21:29:18,AutoDrillingAbortedDrillingAbortedByOperator,3% ,AutoDrillingAbortedDrillingAbortedByOperator,1721,0
115,EV03213953_5061,Event,03/02/2025,21:37:05,AutoDrillingAbortedTeleremoteCommunicationDelayIsTooBig,3% ,AutoDrillingAbortedTeleremoteCommunicationDelayIsTooBig,1723,0
115,EV03213953_5061,Event,03/02/2025,21:38:35,AutoDrillingAbortedTeleremoteCommunicationDelayIsTooBig,3% ,AutoDrillingAbortedTeleremoteCommunicationDelayIsTooBig,1723,0
115,EV03213953_5061,Event,03/02/2025,21:39:07,AutoDrillingAbortedTeleremoteCommunicationDelayIsTooBig,3% ,AutoDrillingAbortedTeleremoteCommunicationDelayIsTooBig,1723,0
115,EV03214453_5062,Event,03/02/2025,21:41:46,AutoDrillingAbortedTeleremoteCommunicationDelayIsTooBig,3% ,AutoDrillingAbortedTeleremoteCommunicationDelayIsTooBig,1724,0
126,EV03214953_5063,Event,03/02/2025,21:46:16,AutoDrillingAbortedDrillingAbortedByOperator,3% ,AutoDrillingAbortedDrillingAbortedByOperator,1725,0
126,EV03214953_5063,Event,03/02/2025,21:49:09,AutoDrillingAbortedDrillingAbortedByOperator,3% ,AutoDrillingAbortedDrillingAbortedByOperator,1725,0
115,EV03215453_5064,Event,03/02/2025,21:51:42,AutoDrillingAbortedTeleremoteCommunicationDelayIsTooBig,3% ,AutoDrillingAbortedTeleremoteCommunicationDelayIsTooBig,1726,0
115,EV03215953_5065,Event,03/02/2025,21:55:31,AutoDrillingAbortedTeleremoteCommunicationDelayIsTooBig,3% ,AutoDrillingAbortedTeleremoteCommunicationDelayIsTooBig,1727,0
115,EV03215953_5065,Event,03/02/2025,21:57:16,AutoDrillingAbortedTeleremoteCommunicationDelayIsTooBig,3% ,AutoDrillingAbortedTeleremoteCommunicationDelayIsTooBig,1727,0
304,EV03220454_5066,Event,03/02/2025,22:03:59,AdpeAbortedByOperator,8% ,AdpeAbortedByOperator,1728,0
152,EV05020128_5131,Event,05/02/2025,01:58:27,AutoStanceShiftFailedPosInterlockActive,4% ,AutoStanceShiftFailedPosInterlockActive,1793,1
152,EV05020128_5131,Event,05/02/2025,01:59:17,AutoStanceShiftFailedPosInterlockActive,4% ,AutoStanceShiftFailedPosInterlockActive,1793,1
304,EV05020128_5131,Event,05/02/2025,01:59:55,AdpeAbortedByOperator,8% ,AdpeAbortedByOperator,1793,0
2059,EV05080055_5157,Event,05/02/2025,08:00:31,AutoDrillingCompleted,53% ,AutoDrillingCompleted,1822,0
2059,EV05081056_5159,Event,05/02/2025,08:10:12,AutoDrillingCompleted,53% ,AutoDrillingCompleted,1824,0
2059,EV05082056_5161,Event,05/02/2025,08:19:09,AutoDrillingCompleted,53% ,AutoDrillingCompleted,1826,0
2059,EV05083057_5163,Event,05/02/2025,08:27:13,AutoDrillingCompleted,53% ,AutoDrillingCompleted,1828,0
2059,EV05083557_5164,Event,05/02/2025,08:35:00,AutoDrillingCompleted,53% ,AutoDrillingCompleted,1829,0
115,EV05084057_5165,Event,05/02/2025,08:38:37,AutoDrillingAbortedTeleremoteCommunicationDelayIsTooBig,3% ,AutoDrillingAbortedTeleremoteCommunicationDelayIsTooBig,1830,0
14,EV05084557_5166,Event,05/02/2025,08:42:43,AdpeAbortedFromOpsLevers,0% ,AdpeAbortedFromOpsLevers,1831,0
247,EV05084557_5166,Event,05/02/2025,08:42:43,AutoDrillingAbortedAutonomousDrillingPaused,6% ,AutoDrillingAbortedAutonomousDrillingPaused,1831,2
2059,EV05085057_5167,Event,05/02/2025,08:46:29,AutoDrillingCompleted,53% ,AutoDrillingCompleted,1832,0
2059,EV05085557_5168,Event,05/02/2025,08:54:40,AutoDrillingCompleted,53% ,AutoDrillingCompleted,1833,0
2059,EV05090558_5170,Event,05/02/2025,09:02:40,AutoDrillingCompleted,53% ,AutoDrillingCompleted,1835,0
2059,EV05092058_5172,Event,05/02/2025,09:18:28,AutoDrillingCompleted,53% ,AutoDrillingCompleted,1837,0
2059,EV05093059_5174,Event,05/02/2025,09:26:12,AutoDrillingCompleted,53% ,AutoDrillingCompleted,1839,0
2059,EV05093559_5175,Event,05/02/2025,09:34:05,AutoDrillingCompleted,53% ,AutoDrillingCompleted,1840,0
2059,EV05094559_5177,Event,05/02/2025,09:42:18,AutoDrillingCompleted,53% ,AutoDrillingCompleted,1842,0
2059,EV05095059_5178,Event,05/02/2025,09:50:50,AutoDrillingCompleted,53% ,AutoDrillingCompleted,1843,0
2059,EV05100100_5180,Event,05/02/2025,09:59:11,AutoDrillingCompleted,53% ,AutoDrillingCompleted,1845,0
2059,EV05101100_5182,Event,05/02/2025,10:07:44,AutoDrillingCompleted,53% ,AutoDrillingCompleted,1847,0
2059,EV05102100_5184,Event,05/02/2025,10:16:39,AutoDrillingCompleted,53% ,AutoDrillingCompleted,1849,0
2059,EV05102600_5185,Event,05/02/2025,10:25:47,AutoDrillingCompleted,53% ,AutoDrillingCompleted,1850,0
41,EV05103101_5186,Event,05/02/2025,10:28:08,AutoDrillingAbortedDrillingInterlocked,1% ,AutoDrillingAbortedDrillingInterlocked,1851,1
2059,EV05104601_5189,Event,05/02/2025,10:42:48,AutoDrillingCompleted,53% ,AutoDrillingCompleted,1854,0
2059,EV05105601_5191,Event,05/02/2025,10:51:26,AutoDrillingCompleted,53% ,AutoDrillingCompleted,1856,0
2059,EV05110101_5192,Event,05/02/2025,11:00:44,AutoDrillingCompleted,53% ,AutoDrillingCompleted,1857,0
2059,EV05111102_5194,Event,05/02/2025,11:10:11,AutoDrillingCompleted,53% ,AutoDrillingCompleted,1859,0
2059,EV05112102_5196,Event,05/02/2025,11:18:58,AutoDrillingCompleted,53% ,AutoDrillingCompleted,1861,0
2059,EV05113102_5198,Event,05/02/2025,11:27:40,AutoDrillingCompleted,53% ,AutoDrillingCompleted,1863,0
71,EV05115603_5201,Event,05/02/2025,11:51:04,AutoDrillingAbortedNoRecoverFromLowPenetrationJam,2% ,AutoDrillingAbortedNoRecoverFromLowPenetrationJam,1866,0
2059,EV05121103_5204,Event,05/02/2025,12:07:38,AutoDrillingCompleted,53% ,AutoDrillingCompleted,1869,0
81,EV05121103_5204,Event,05/02/2025,12:10:39,AutoNoFeasiblePathFound,2% ,AutoNoFeasiblePathFound,1869,0
81,EV05121103_5204,Event,05/02/2025,12:10:59,AutoNoFeasiblePathFound,2% ,AutoNoFeasiblePathFound,1869,0
2059,EV05122604_5207,Event,05/02/2025,12:24:48,AutoDrillingCompleted,53% ,AutoDrillingCompleted,1872,0
2059,EV05123604_5209,Event,05/02/2025,12:33:33,AutoDrillingCompleted,53% ,AutoDrillingCompleted,1874,0
14,EV05123604_5209,Event,05/02/2025,12:33:40,AdpeAbortedFromOpsLevers,0% ,AdpeAbortedFromOpsLevers,1874,0
2059,EV05124605_5211,Event,05/02/2025,12:42:04,AutoDrillingCompleted,53% ,AutoDrillingCompleted,1876,0
2059,EV05125105_5212,Event,05/02/2025,12:49:51,AutoDrillingCompleted,53% ,AutoDrillingCompleted,1877,0
2059,EV05130105_5214,Event,05/02/2025,12:58:16,AutoDrillingCompleted,53% ,AutoDrillingCompleted,1879,0
2059,EV05131105_5216,Event,05/02/2025,13:06:24,AutoDrillingCompleted,53% ,AutoDrillingCompleted,1881,0
2059,EV05131605_5217,Event,05/02/2025,13:14:20,AutoDrillingCompleted,53% ,AutoDrillingCompleted,1882,0
361,EV05132606_5219,Event,05/02/2025,13:21:46,AdpePausedByOperator,9% ,AdpePausedByOperator,1884,0
247,EV05132606_5219,Event,05/02/2025,13:21:46,AutoDrillingAbortedAutonomousDrillingPaused,6% ,AutoDrillingAbortedAutonomousDrillingPaused,1884,2
2059,EV05133106_5220,Event,05/02/2025,13:30:10,AutoDrillingCompleted,53% ,AutoDrillingCompleted,1885,0
2059,EV05134106_5222,Event,05/02/2025,13:38:21,AutoDrillingCompleted,53% ,AutoDrillingCompleted,1887,0
2059,EV05134606_5223,Event,05/02/2025,13:45:59,AutoDrillingCompleted,53% ,AutoDrillingCompleted,1888,0
2059,EV05135607_5225,Event,05/02/2025,13:53:47,AutoDrillingCompleted,53% ,AutoDrillingCompleted,1890,0
2059,EV05140607_5227,Event,05/02/2025,14:01:54,AutoDrillingCompleted,53% ,AutoDrillingCompleted,1892,0
2059,EV05141607_5229,Event,05/02/2025,14:11:22,AutoDrillingCompleted,53% ,AutoDrillingCompleted,1894,0
2059,EV05142107_5230,Event,05/02/2025,14:20:47,AutoDrillingCompleted,53% ,AutoDrillingCompleted,1895,0
2059,EV05143107_5232,Event,05/02/2025,14:30:11,AutoDrillingCompleted,53% ,AutoDrillingCompleted,1897,0
2059,EV05144108_5234,Event,05/02/2025,14:39:08,AutoDrillingCompleted,53% ,AutoDrillingCompleted,1899,0
2059,EV05145108_5236,Event,05/02/2025,14:47:53,AutoDrillingCompleted,53% ,AutoDrillingCompleted,1901,0
2059,EV05150108_5238,Event,05/02/2025,14:56:28,AutoDrillingCompleted,53% ,AutoDrillingCompleted,1903,0
2059,EV05150609_5239,Event,05/02/2025,15:05:05,AutoDrillingCompleted,53% ,AutoDrillingCompleted,1904,0
2059,EV05151609_5241,Event,05/02/2025,15:13:42,AutoDrillingCompleted,53% ,AutoDrillingCompleted,1906,0
2059,EV05152609_5243,Event,05/02/2025,15:22:17,AutoDrillingCompleted,53% ,AutoDrillingCompleted,1908,0
2059,EV05153109_5244,Event,05/02/2025,15:31:04,AutoDrillingCompleted,53% ,AutoDrillingCompleted,1909,0
2059,EV05154110_5246,Event,05/02/2025,15:40:10,AutoDrillingCompleted,53% ,AutoDrillingCompleted,1911,0
2059,EV05155610_5249,Event,05/02/2025,15:54:01,AutoDrillingCompleted,53% ,AutoDrillingCompleted,1914,0
2059,EV05160611_5251,Event,05/02/2025,16:03:45,AutoDrillingCompleted,53% ,AutoDrillingCompleted,1916,0
2059,EV05161611_5253,Event,05/02/2025,16:11:31,AutoDrillingCompleted,53% ,AutoDrillingCompleted,1918,0
2059,EV05162111_5254,Event,05/02/2025,16:20:17,AutoDrillingCompleted,53% ,AutoDrillingCompleted,1919,0
247,EV05162611_5255,Event,05/02/2025,16:23:09,AutoDrillingAbortedAutonomousDrillingPaused,6% ,AutoDrillingAbortedAutonomousDrillingPaused,1920,2
2059,EV05165112_5260,Event,05/02/2025,16:47:43,AutoDrillingCompleted,53% ,AutoDrillingCompleted,1925,0
2059,EV05170112_5262,Event,05/02/2025,16:56:53,AutoDrillingCompleted,53% ,AutoDrillingCompleted,1927,0
361,EV05170112_5262,Event,05/02/2025,16:58:49,AdpePausedByOperator,9% ,AdpePausedByOperator,1927,0
247,EV05170112_5262,Event,05/02/2025,16:58:49,AutoDrillingAbortedAutonomousDrillingPaused,6% ,AutoDrillingAbortedAutonomousDrillingPaused,1927,2
2059,EV05171613_5265,Event,05/02/2025,17:13:35,AutoDrillingCompleted,53% ,AutoDrillingCompleted,1930,0
115,EV05172113_5266,Event,05/02/2025,17:20:56,AutoDrillingAbortedTeleremoteCommunicationDelayIsTooBig,3% ,AutoDrillingAbortedTeleremoteCommunicationDelayIsTooBig,1931,0
2059,EV05173112_5267,Event,05/02/2025,17:28:50,AutoDrillingCompleted,53% ,AutoDrillingCompleted,1932,0
2059,EV05174112_5269,Event,05/02/2025,17:37:10,AutoDrillingCompleted,53% ,AutoDrillingCompleted,1935,0
2059,EV05174613_5270,Event,05/02/2025,17:45:30,AutoDrillingCompleted,53% ,AutoDrillingCompleted,1936,0
2059,EV05175613_5272,Event,05/02/2025,17:53:49,AutoDrillingCompleted,53% ,AutoDrillingCompleted,1938,0
2059,EV05181113_5275,Event,05/02/2025,18:06:29,AutoDrillingCompleted,53% ,AutoDrillingCompleted,1941,0
2059,EV05181614_5276,Event,05/02/2025,18:14:59,AutoDrillingCompleted,53% ,AutoDrillingCompleted,1942,0
2059,EV05182614_5278,Event,05/02/2025,18:23:04,AutoDrillingCompleted,53% ,AutoDrillingCompleted,1944,0
2059,EV05183614_5280,Event,05/02/2025,18:31:16,AutoDrillingCompleted,53% ,AutoDrillingCompleted,1946,0
361,EV05183614_5280,Event,05/02/2025,18:31:30,AdpePausedByOperator,9% ,AdpePausedByOperator,1946,0
304,EV05183614_5280,Event,05/02/2025,18:32:01,AdpeAbortedByOperator,8% ,AdpeAbortedByOperator,1946,0
2059,EV05184615_5282,Event,05/02/2025,18:45:32,AutoDrillingCompleted,53% ,AutoDrillingCompleted,1948,0
2059,EV05185615_5284,Event,05/02/2025,18:53:41,AutoDrillingCompleted,53% ,AutoDrillingCompleted,1950,0
2059,EV05190615_5286,Event,05/02/2025,19:01:46,AutoDrillingCompleted,53% ,AutoDrillingCompleted,1952,0
361,EV05190615_5286,Event,05/02/2025,19:03:35,AdpePausedByOperator,9% ,AdpePausedByOperator,1952,0
247,EV05190615_5286,Event,05/02/2025,19:03:36,AutoDrillingAbortedAutonomousDrillingPaused,6% ,AutoDrillingAbortedAutonomousDrillingPaused,1952,1
2059,EV05192616_5290,Event,05/02/2025,19:22:09,AutoDrillingCompleted,53% ,AutoDrillingCompleted,1956,0
2059,EV05193116_5291,Event,05/02/2025,19:31:09,AutoDrillingCompleted,53% ,AutoDrillingCompleted,1957,0
2059,EV05194116_5293,Event,05/02/2025,19:39:21,AutoDrillingCompleted,53% ,AutoDrillingCompleted,1959,0
2059,EV05195116_5295,Event,05/02/2025,19:46:53,AutoDrillingCompleted,53% ,AutoDrillingCompleted,1961,0
361,EV05195116_5295,Event,05/02/2025,19:47:51,AdpePausedByOperator,9% ,AdpePausedByOperator,1961,0
304,EV05195116_5295,Event,05/02/2025,19:48:09,AdpeAbortedByOperator,8% ,AdpeAbortedByOperator,1961,0
361,EV05195617_5296,Event,05/02/2025,19:52:56,AdpePausedByOperator,9% ,AdpePausedByOperator,1962,0
247,EV05195617_5296,Event,05/02/2025,19:52:57,AutoDrillingAbortedAutonomousDrillingPaused,6% ,AutoDrillingAbortedAutonomousDrillingPaused,1962,0
2059,EV05201117_5298,Event,05/02/2025,20:09:23,AutoDrillingCompleted,53% ,AutoDrillingCompleted,1964,0
2059,EV05202617_5301,Event,05/02/2025,20:22:43,AutoDrillingCompleted,53% ,AutoDrillingCompleted,1967,0
2059,EV05203618_5303,Event,05/02/2025,20:31:56,AutoDrillingCompleted,53% ,AutoDrillingCompleted,1969,0
361,EV05203618_5303,Event,05/02/2025,20:31:58,AdpePausedByOperator,9% ,AdpePausedByOperator,1969,0
304,EV05203618_5303,Event,05/02/2025,20:32:03,AdpeAbortedByOperator,8% ,AdpeAbortedByOperator,1969,0
2059,EV05205118_5306,Event,05/02/2025,20:48:02,AutoDrillingCompleted,53% ,AutoDrillingCompleted,1972,0
2059,EV05210119_5308,Event,05/02/2025,20:56:50,AutoDrillingCompleted,53% ,AutoDrillingCompleted,1974,0
2059,EV05210619_5309,Event,05/02/2025,21:05:37,AutoDrillingCompleted,53% ,AutoDrillingCompleted,1975,0
2059,EV05211619_5311,Event,05/02/2025,21:13:58,AutoDrillingCompleted,53% ,AutoDrillingCompleted,1977,0
2059,EV05212620_5313,Event,05/02/2025,21:21:54,AutoDrillingCompleted,53% ,AutoDrillingCompleted,1979,0
2059,EV05213120_5314,Event,05/02/2025,21:29:51,AutoDrillingCompleted,53% ,AutoDrillingCompleted,1980,0
2059,EV05214121_5316,Event,05/02/2025,21:37:32,AutoDrillingCompleted,53% ,AutoDrillingCompleted,1982,0
2059,EV05214620_5317,Event,05/02/2025,21:45:21,AutoDrillingCompleted,53% ,AutoDrillingCompleted,1983,0
2059,EV05215621_5319,Event,05/02/2025,21:53:08,AutoDrillingCompleted,53% ,AutoDrillingCompleted,1985,0
2059,EV05220121_5320,Event,05/02/2025,22:01:16,AutoDrillingCompleted,53% ,AutoDrillingCompleted,1986,0
126,EV05221121_5322,Event,05/02/2025,22:10:51,AutoDrillingAbortedDrillingAbortedByOperator,3% ,AutoDrillingAbortedDrillingAbortedByOperator,1988,0
2059,EV05221621_5323,Event,05/02/2025,22:14:50,AutoDrillingCompleted,53% ,AutoDrillingCompleted,1989,0
2059,EV05222621_5325,Event,05/02/2025,22:22:32,AutoDrillingCompleted,53% ,AutoDrillingCompleted,1991,0
2059,EV05223122_5326,Event,05/02/2025,22:30:39,AutoDrillingCompleted,53% ,AutoDrillingCompleted,1992,0
2059,EV05224122_5328,Event,05/02/2025,22:38:06,AutoDrillingCompleted,53% ,AutoDrillingCompleted,1994,0
2059,EV05224622_5329,Event,05/02/2025,22:45:38,AutoDrillingCompleted,53% ,AutoDrillingCompleted,1995,0
2059,EV05225622_5331,Event,05/02/2025,22:53:54,AutoDrillingCompleted,53% ,AutoDrillingCompleted,1997,0
361,EV05225622_5331,Event,05/02/2025,22:55:40,AdpePausedByOperator,9% ,AdpePausedByOperator,1997,0
247,EV05225622_5331,Event,05/02/2025,22:55:40,AutoDrillingAbortedAutonomousDrillingPaused,6% ,AutoDrillingAbortedAutonomousDrillingPaused,1997,2
361,EV05233624_5336,Event,05/02/2025,23:35:36,AdpePausedByOperator,9% ,AdpePausedByOperator,2002,0
247,EV05233624_5336,Event,05/02/2025,23:35:36,AutoDrillingAbortedAutonomousDrillingPaused,6% ,AutoDrillingAbortedAutonomousDrillingPaused,2002,2
304,EV05233624_5336,Event,05/02/2025,23:35:47,AdpeAbortedByOperator,8% ,AdpeAbortedByOperator,2002,0
361,EV05234124_5337,Event,05/02/2025,23:36:37,AdpePausedByOperator,9% ,AdpePausedByOperator,2003,0
2059,EV05234624_5338,Event,05/02/2025,23:42:34,AutoDrillingCompleted,53% ,AutoDrillingCompleted,2004,0
2059,EV05235124_5339,Event,05/02/2025,23:50:21,AutoDrillingCompleted,53% ,AutoDrillingCompleted,2005,0
2059,EV06000125_5341,Event,05/02/2025,23:58:11,AutoDrillingCompleted,53% ,AutoDrillingCompleted,2007,0
2059,EV06000625_5342,Event,06/02/2025,00:06:01,AutoDrillingCompleted,53% ,AutoDrillingCompleted,2008,0
2059,EV06002126_5345,Event,06/02/2025,00:19:19,AutoDrillingCompleted,53% ,AutoDrillingCompleted,2011,0
2059,EV06003126_5347,Event,06/02/2025,00:28:36,AutoDrillingCompleted,53% ,AutoDrillingCompleted,2013,0
2059,EV06004126_5349,Event,06/02/2025,00:37:21,AutoDrillingCompleted,53% ,AutoDrillingCompleted,2015,0
2059,EV06004626_5350,Event,06/02/2025,00:45:46,AutoDrillingCompleted,53% ,AutoDrillingCompleted,2016,0
2059,EV06005627_5352,Event,06/02/2025,00:54:13,AutoDrillingCompleted,53% ,AutoDrillingCompleted,2018,0
361,EV06005627_5352,Event,06/02/2025,00:56:04,AdpePausedByOperator,9% ,AdpePausedByOperator,2018,0
247,EV06005627_5352,Event,06/02/2025,00:56:04,AutoDrillingAbortedAutonomousDrillingPaused,6% ,AutoDrillingAbortedAutonomousDrillingPaused,2018,2
2059,EV06011128_5355,Event,06/02/2025,01:08:08,AutoDrillingCompleted,53% ,AutoDrillingCompleted,2021,0
2059,EV06011627_5356,Event,06/02/2025,01:16:03,AutoDrillingCompleted,53% ,AutoDrillingCompleted,2022,0
2059,EV06012628_5358,Event,06/02/2025,01:24:05,AutoDrillingCompleted,53% ,AutoDrillingCompleted,2024,0
2059,EV06013128_5359,Event,06/02/2025,01:31:13,AutoDrillingCompleted,53% ,AutoDrillingCompleted,2025,0
2059,EV06014128_5361,Event,06/02/2025,01:38:48,AutoDrillingCompleted,53% ,AutoDrillingCompleted,2027,0
2059,EV06014628_5362,Event,06/02/2025,01:46:15,AutoDrillingCompleted,53% ,AutoDrillingCompleted,2028,0
2059,EV06015629_5364,Event,06/02/2025,01:53:45,AutoDrillingCompleted,53% ,AutoDrillingCompleted,2030,0
2059,EV06020629_5366,Event,06/02/2025,02:01:30,AutoDrillingCompleted,53% ,AutoDrillingCompleted,2032,0
2059,EV06021129_5367,Event,06/02/2025,02:09:02,AutoDrillingCompleted,53% ,AutoDrillingCompleted,2033,0
2059,EV06022129_5369,Event,06/02/2025,02:16:32,AutoDrillingCompleted,53% ,AutoDrillingCompleted,2035,0
2059,EV06022629_5370,Event,06/02/2025,02:25:26,AutoDrillingCompleted,53% ,AutoDrillingCompleted,2036,0
2059,EV06023630_5372,Event,06/02/2025,02:32:46,AutoDrillingCompleted,53% ,AutoDrillingCompleted,2038,0
2059,EV06024130_5373,Event,06/02/2025,02:40:16,AutoDrillingCompleted,53% ,AutoDrillingCompleted,2039,0
2059,EV06025130_5375,Event,06/02/2025,02:47:46,AutoDrillingCompleted,53% ,AutoDrillingCompleted,2041,0
2059,EV06025630_5376,Event,06/02/2025,02:55:21,AutoDrillingCompleted,53% ,AutoDrillingCompleted,2042,0
2059,EV06030631_5378,Event,06/02/2025,03:02:37,AutoDrillingCompleted,53% ,AutoDrillingCompleted,2044,0
2059,EV06031131_5379,Event,06/02/2025,03:10:53,AutoDrillingCompleted,53% ,AutoDrillingCompleted,2045,0
361,EV06032131_5381,Event,06/02/2025,03:18:15,AdpePausedByOperator,9% ,AdpePausedByOperator,2047,0
247,EV06032131_5381,Event,06/02/2025,03:18:15,AutoDrillingAbortedAutonomousDrillingPaused,6% ,AutoDrillingAbortedAutonomousDrillingPaused,2047,2
2059,EV06033131_5383,Event,06/02/2025,03:30:41,AutoDrillingCompleted,53% ,AutoDrillingCompleted,2049,0
2059,EV06034132_5385,Event,06/02/2025,03:40:00,AutoDrillingCompleted,53% ,AutoDrillingCompleted,2051,0
2059,EV06035132_5387,Event,06/02/2025,03:48:39,AutoDrillingCompleted,53% ,AutoDrillingCompleted,2053,0
2059,EV06040132_5389,Event,06/02/2025,03:57:05,AutoDrillingCompleted,53% ,AutoDrillingCompleted,2055,0
2059,EV06040632_5390,Event,06/02/2025,04:05:07,AutoDrillingCompleted,53% ,AutoDrillingCompleted,2056,0
361,EV06040632_5390,Event,06/02/2025,04:06:05,AdpePausedByOperator,9% ,AdpePausedByOperator,2056,1
304,EV06040632_5390,Event,06/02/2025,04:06:10,AdpeAbortedByOperator,8% ,AdpeAbortedByOperator,2056,0
2059,EV06042133_5392,Event,06/02/2025,04:21:07,AutoDrillingCompleted,53% ,AutoDrillingCompleted,2058,0
2059,EV06043133_5394,Event,06/02/2025,04:28:40,AutoDrillingCompleted,53% ,AutoDrillingCompleted,2060,0
2059,EV06043633_5395,Event,06/02/2025,04:36:24,AutoDrillingCompleted,53% ,AutoDrillingCompleted,2061,0
361,EV06044634_5397,Event,06/02/2025,04:44:02,AdpePausedByOperator,9% ,AdpePausedByOperator,2063,0
247,EV06044634_5397,Event,06/02/2025,04:44:02,AutoDrillingAbortedAutonomousDrillingPaused,6% ,AutoDrillingAbortedAutonomousDrillingPaused,2063,2
2059,EV06045635_5398,Event,06/02/2025,04:56:12,AutoDrillingCompleted,53% ,AutoDrillingCompleted,2064,0
2059,EV06050635_5400,Event,06/02/2025,05:04:18,AutoDrillingCompleted,53% ,AutoDrillingCompleted,2066,0
2059,EV06051636_5402,Event,06/02/2025,05:11:54,AutoDrillingCompleted,53% ,AutoDrillingCompleted,2068,0
2059,EV06052136_5403,Event,06/02/2025,05:19:28,AutoDrillingCompleted,53% ,AutoDrillingCompleted,2069,0
2059,EV06053136_5405,Event,06/02/2025,05:28:09,AutoDrillingCompleted,53% ,AutoDrillingCompleted,2071,0
2059,EV06053636_5406,Event,06/02/2025,05:35:41,AutoDrillingCompleted,53% ,AutoDrillingCompleted,2072,0
2059,EV06054637_5408,Event,06/02/2025,05:43:31,AutoDrillingCompleted,53% ,AutoDrillingCompleted,2074,0
2059,EV06055137_5409,Event,06/02/2025,05:50:58,AutoDrillingCompleted,53% ,AutoDrillingCompleted,2075,0
2059,EV06060137_5411,Event,06/02/2025,05:58:13,AutoDrillingCompleted,53% ,AutoDrillingCompleted,2077,0
2059,EV06060637_5412,Event,06/02/2025,06:05:10,AutoDrillingCompleted,53% ,AutoDrillingCompleted,2078,0
83,EV06060637_5412,Event,06/02/2025,06:05:55,AutoTrammingBlockedTramInterlockActive,2% ,AutoTrammingBlockedTramInterlockActive,2078,1
2059,EV06065639_5422,Event,06/02/2025,06:53:24,AutoDrillingCompleted,53% ,AutoDrillingCompleted,2088,0
2059,EV06070139_5423,Event,06/02/2025,07:00:43,AutoDrillingCompleted,53% ,AutoDrillingCompleted,2089,0
2059,EV06071139_5425,Event,06/02/2025,07:08:15,AutoDrillingCompleted,53% ,AutoDrillingCompleted,2091,0
2059,EV06071639_5426,Event,06/02/2025,07:15:28,AutoDrillingCompleted,53% ,AutoDrillingCompleted,2092,0
2059,EV06072639_5428,Event,06/02/2025,07:22:38,AutoDrillingCompleted,53% ,AutoDrillingCompleted,2094,0
2059,EV06073140_5429,Event,06/02/2025,07:29:58,AutoDrillingCompleted,53% ,AutoDrillingCompleted,2095,0
7,EV06073140_5429,Event,06/02/2025,07:30:53,AutoTrammingBlockedAutoModeDeactivated,0% ,AutoTrammingBlockedAutoModeDeactivated,2095,1
83,EV06075140_5433,Event,06/02/2025,07:48:12,AutoTrammingBlockedTramInterlockActive,2% ,AutoTrammingBlockedTramInterlockActive,2099,0
83,EV06075140_5433,Event,06/02/2025,07:48:28,AutoTrammingBlockedTramInterlockActive,2% ,AutoTrammingBlockedTramInterlockActive,2099,0
83,EV06075140_5433,Event,06/02/2025,07:48:31,AutoTrammingBlockedTramInterlockActive,2% ,AutoTrammingBlockedTramInterlockActive,2099,1
83,EV06075140_5433,Event,06/02/2025,07:48:36,AutoTrammingBlockedTramInterlockActive,2% ,AutoTrammingBlockedTramInterlockActive,2099,0
2059,EV06075640_5434,Event,06/02/2025,07:56:22,AutoDrillingCompleted,53% ,AutoDrillingCompleted,2100,0
2059,EV06080641_5436,Event,06/02/2025,08:03:53,AutoDrillingCompleted,53% ,AutoDrillingCompleted,2102,0
2059,EV06081141_5437,Event,06/02/2025,08:11:06,AutoDrillingCompleted,53% ,AutoDrillingCompleted,2103,0
2059,EV06082141_5439,Event,06/02/2025,08:20:29,AutoDrillingCompleted,53% ,AutoDrillingCompleted,2105,0
2059,EV06083141_5441,Event,06/02/2025,08:28:06,AutoDrillingCompleted,53% ,AutoDrillingCompleted,2107,0
2059,EV06083642_5442,Event,06/02/2025,08:35:00,AutoDrillingCompleted,53% ,AutoDrillingCompleted,2108,0
2059,EV06084642_5444,Event,06/02/2025,08:42:40,AutoDrillingCompleted,53% ,AutoDrillingCompleted,2110,0
2059,EV06085142_5445,Event,06/02/2025,08:50:01,AutoDrillingCompleted,53% ,AutoDrillingCompleted,2111,0
2059,EV06090142_5447,Event,06/02/2025,08:57:29,AutoDrillingCompleted,53% ,AutoDrillingCompleted,2113,0
2059,EV06091143_5449,Event,06/02/2025,09:10:37,AutoDrillingCompleted,53% ,AutoDrillingCompleted,2115,0
2059,EV06092643_5452,Event,06/02/2025,09:22:58,AutoDrillingCompleted,53% ,AutoDrillingCompleted,2118,0
2059,EV06093643_5454,Event,06/02/2025,09:33:22,AutoDrillingCompleted,53% ,AutoDrillingCompleted,2120,0
2059,EV06094144_5455,Event,06/02/2025,09:40:53,AutoDrillingCompleted,53% ,AutoDrillingCompleted,2121,0
2059,EV06095144_5457,Event,06/02/2025,09:51:02,AutoDrillingCompleted,53% ,AutoDrillingCompleted,2123,0
2059,EV06100644_5460,Event,06/02/2025,10:04:27,AutoDrillingCompleted,53% ,AutoDrillingCompleted,2126,0
2059,EV06101644_5462,Event,06/02/2025,10:12:28,AutoDrillingCompleted,53% ,AutoDrillingCompleted,2128,0
361,EV06101644_5462,Event,06/02/2025,10:13:08,AdpePausedByOperator,9% ,AdpePausedByOperator,2128,0
361,EV06101644_5462,Event,06/02/2025,10:13:11,AdpePausedByOperator,9% ,AdpePausedByOperator,2128,0
304,EV06101644_5462,Event,06/02/2025,10:13:13,AdpeAbortedByOperator,8% ,AdpeAbortedByOperator,2128,0
2059,EV06103145_5464,Event,06/02/2025,10:31:07,AutoDrillingCompleted,53% ,AutoDrillingCompleted,2130,0
2059,EV06104145_5466,Event,06/02/2025,10:39:43,AutoDrillingCompleted,53% ,AutoDrillingCompleted,2132,0
2059,EV06105146_5468,Event,06/02/2025,10:48:52,AutoDrillingCompleted,53% ,AutoDrillingCompleted,2134,0
2059,EV06110146_5470,Event,06/02/2025,10:57:37,AutoDrillingCompleted,53% ,AutoDrillingCompleted,2136,0
2059,EV06110646_5471,Event,06/02/2025,11:05:32,AutoDrillingCompleted,53% ,AutoDrillingCompleted,2137,0
2059,EV06111646_5473,Event,06/02/2025,11:14:08,AutoDrillingCompleted,53% ,AutoDrillingCompleted,2139,0
2059,EV06112647_5475,Event,06/02/2025,11:22:09,AutoDrillingCompleted,53% ,AutoDrillingCompleted,2141,0
41,EV06112647_5475,Event,06/02/2025,11:26:29,AutoDrillingAbortedDrillingInterlocked,1% ,AutoDrillingAbortedDrillingInterlocked,2141,1
2059,EV06114147_5478,Event,06/02/2025,11:40:22,AutoDrillingCompleted,53% ,AutoDrillingCompleted,2144,0
2059,EV06115147_5480,Event,06/02/2025,11:48:28,AutoDrillingCompleted,53% ,AutoDrillingCompleted,2146,0
2059,EV06115647_5481,Event,06/02/2025,11:55:55,AutoDrillingCompleted,53% ,AutoDrillingCompleted,2147,0
2059,EV06120648_5483,Event,06/02/2025,12:03:21,AutoDrillingCompleted,53% ,AutoDrillingCompleted,2149,0
2059,EV06121148_5484,Event,06/02/2025,12:11:06,AutoDrillingCompleted,53% ,AutoDrillingCompleted,2150,0
2059,EV06122148_5486,Event,06/02/2025,12:18:23,AutoDrillingCompleted,53% ,AutoDrillingCompleted,2152,0
2059,EV06122648_5487,Event,06/02/2025,12:25:50,AutoDrillingCompleted,53% ,AutoDrillingCompleted,2153,0
2059,EV06123649_5489,Event,06/02/2025,12:33:25,AutoDrillingCompleted,53% ,AutoDrillingCompleted,2155,0
2059,EV06124149_5490,Event,06/02/2025,12:40:25,AutoDrillingCompleted,53% ,AutoDrillingCompleted,2156,0
2059,EV06125149_5492,Event,06/02/2025,12:47:36,AutoDrillingCompleted,53% ,AutoDrillingCompleted,2158,0
2059,EV06125649_5493,Event,06/02/2025,12:55:03,AutoDrillingCompleted,53% ,AutoDrillingCompleted,2159,0
2059,EV06130650_5495,Event,06/02/2025,13:02:31,AutoDrillingCompleted,53% ,AutoDrillingCompleted,2161,0
2059,EV06131150_5496,Event,06/02/2025,13:09:53,AutoDrillingCompleted,53% ,AutoDrillingCompleted,2162,0
2059,EV06132150_5498,Event,06/02/2025,13:17:11,AutoDrillingCompleted,53% ,AutoDrillingCompleted,2164,0
2059,EV06132650_5499,Event,06/02/2025,13:24:45,AutoDrillingCompleted,53% ,AutoDrillingCompleted,2165,0
2059,EV06133651_5501,Event,06/02/2025,13:32:38,AutoDrillingCompleted,53% ,AutoDrillingCompleted,2167,0
41,EV06133651_5501,Event,06/02/2025,13:34:34,AutoDrillingAbortedDrillingInterlocked,1% ,AutoDrillingAbortedDrillingInterlocked,2167,2
2059,EV06142928_5506,Event,06/02/2025,14:28:44,AutoDrillingCompleted,53% ,AutoDrillingCompleted,2172,0
2059,EV06143928_5508,Event,06/02/2025,14:36:15,AutoDrillingCompleted,53% ,AutoDrillingCompleted,2174,0
361,EV06144428_5509,Event,06/02/2025,14:41:07,AdpePausedByOperator,9% ,AdpePausedByOperator,2175,0
247,EV06144428_5509,Event,06/02/2025,14:41:07,AutoDrillingAbortedAutonomousDrillingPaused,6% ,AutoDrillingAbortedAutonomousDrillingPaused,2175,1
2059,EV06145428_5511,Event,06/02/2025,14:52:15,AutoDrillingCompleted,53% ,AutoDrillingCompleted,2177,0
2059,EV06150429_5513,Event,06/02/2025,14:59:59,AutoDrillingCompleted,53% ,AutoDrillingCompleted,2179,0
2059,EV06150929_5514,Event,06/02/2025,15:08:39,AutoDrillingCompleted,53% ,AutoDrillingCompleted,2180,0
152,EV06155931_5516,Event,06/02/2025,15:54:36,AutoStanceShiftFailedPosInterlockActive,4% ,AutoStanceShiftFailedPosInterlockActive,2182,1
126,EV06161431_5518,Event,06/02/2025,16:13:06,AutoDrillingAbortedDrillingAbortedByOperator,3% ,AutoDrillingAbortedDrillingAbortedByOperator,2184,0
2059,EV06161931_5519,Event,06/02/2025,16:16:45,AutoDrillingCompleted,53% ,AutoDrillingCompleted,2185,0
115,EV06162932_5521,Event,06/02/2025,16:25:27,AutoDrillingAbortedTeleremoteCommunicationDelayIsTooBig,3% ,AutoDrillingAbortedTeleremoteCommunicationDelayIsTooBig,2187,0
2059,EV06163432_5522,Event,06/02/2025,16:31:56,AutoDrillingCompleted,53% ,AutoDrillingCompleted,2188,0
11,EV06164433_5524,Event,06/02/2025,16:42:06,AutoDrillingAbortedAutoRhsErrorDidNotReachDesiredPressureWhileThreading,0% ,AutoDrillingAbortedAutoRhsErrorDidNotReachDesiredPressureWhileThreading,2190,0
2059,EV06165933_5527,Event,06/02/2025,16:59:19,AutoDrillingCompleted,53% ,AutoDrillingCompleted,2193,0
81,EV06170433_5528,Event,06/02/2025,16:59:54,AutoNoFeasiblePathFound,2% ,AutoNoFeasiblePathFound,2194,0
304,EV06170433_5528,Event,06/02/2025,17:04:26,AdpeAbortedByOperator,8% ,AdpeAbortedByOperator,2194,0
2059,EV06171933_5531,Event,06/02/2025,17:18:09,AutoDrillingCompleted,53% ,AutoDrillingCompleted,2197,0
83,EV06171933_5531,Event,06/02/2025,17:18:43,AutoTrammingBlockedTramInterlockActive,2% ,AutoTrammingBlockedTramInterlockActive,2197,2
37,EV06172434_5532,Event,06/02/2025,17:20:53,AutoStanceShiftPreconditionNotMet,1% ,AutoStanceShiftPreconditionNotMet,2198,0
37,EV06172434_5532,Event,06/02/2025,17:20:56,AutoStanceShiftPreconditionNotMet,1% ,AutoStanceShiftPreconditionNotMet,2198,0
37,EV06172434_5532,Event,06/02/2025,17:20:58,AutoStanceShiftPreconditionNotMet,1% ,AutoStanceShiftPreconditionNotMet,2198,0
37,EV06172434_5532,Event,06/02/2025,17:22:11,AutoStanceShiftPreconditionNotMet,1% ,AutoStanceShiftPreconditionNotMet,2198,0
37,EV06172434_5532,Event,06/02/2025,17:22:23,AutoStanceShiftPreconditionNotMet,1% ,AutoStanceShiftPreconditionNotMet,2198,0
2059,EV06173934_5535,Event,06/02/2025,17:38:59,AutoDrillingCompleted,53% ,AutoDrillingCompleted,2201,0
37,EV06174434_5536,Event,06/02/2025,17:42:51,AutoStanceShiftPreconditionNotMet,1% ,AutoStanceShiftPreconditionNotMet,2202,0
304,EV06174434_5536,Event,06/02/2025,17:42:55,AdpeAbortedByOperator,8% ,AdpeAbortedByOperator,2202,0
11,EV06175935_5539,Event,06/02/2025,17:55:03,AutoDrillingAbortedAutoRhsErrorDidNotReachDesiredPressureWhileThreading,0% ,AutoDrillingAbortedAutoRhsErrorDidNotReachDesiredPressureWhileThreading,2205,0
2059,EV06181435_5542,Event,06/02/2025,18:12:39,AutoDrillingCompleted,53% ,AutoDrillingCompleted,2208,0
2059,EV06182935_5545,Event,06/02/2025,18:25:59,AutoDrillingCompleted,53% ,AutoDrillingCompleted,2211,0
2059,EV06183936_5547,Event,06/02/2025,18:37:56,AutoDrillingCompleted,53% ,AutoDrillingCompleted,2213,0
2059,EV06185436_5550,Event,06/02/2025,18:50:41,AutoDrillingCompleted,53% ,AutoDrillingCompleted,2216,0
361,EV06185436_5550,Event,06/02/2025,18:50:45,AdpePausedByOperator,9% ,AdpePausedByOperator,2216,1
2059,EV06191437_5554,Event,06/02/2025,19:13:39,AutoDrillingCompleted,53% ,AutoDrillingCompleted,2220,0
2059,EV06193438_5558,Event,06/02/2025,19:33:16,AutoDrillingCompleted,53% ,AutoDrillingCompleted,2224,0
2059,EV06194938_5561,Event,06/02/2025,19:48:40,AutoDrillingCompleted,53% ,AutoDrillingCompleted,2227,0
11,EV06200439_5564,Event,06/02/2025,19:59:41,AutoDrillingAbortedAutoRhsErrorDidNotReachDesiredPressureWhileThreading,0% ,AutoDrillingAbortedAutoRhsErrorDidNotReachDesiredPressureWhileThreading,2230,0
126,EV06200439_5564,Event,06/02/2025,20:02:38,AutoDrillingAbortedDrillingAbortedByOperator,3% ,AutoDrillingAbortedDrillingAbortedByOperator,2230,0
2059,EV06201439_5566,Event,06/02/2025,20:11:59,AutoDrillingCompleted,53% ,AutoDrillingCompleted,2232,0
11,EV06202940_5569,Event,06/02/2025,20:26:12,AutoDrillingAbortedAutoRhsErrorDidNotReachDesiredPressureWhileThreading,0% ,AutoDrillingAbortedAutoRhsErrorDidNotReachDesiredPressureWhileThreading,2235,0
2059,EV06204940_5573,Event,06/02/2025,20:46:28,AutoDrillingCompleted,53% ,AutoDrillingCompleted,2239,0
361,EV06210941_5577,Event,06/02/2025,21:09:04,AdpePausedByOperator,9% ,AdpePausedByOperator,2243,0
247,EV06210941_5577,Event,06/02/2025,21:09:04,AutoDrillingAbortedAutonomousDrillingPaused,6% ,AutoDrillingAbortedAutonomousDrillingPaused,2243,2
361,EV06212441_5580,Event,06/02/2025,21:20:54,AdpePausedByOperator,9% ,AdpePausedByOperator,2246,0
247,EV06212441_5580,Event,06/02/2025,21:20:54,AutoDrillingAbortedAutonomousDrillingPaused,6% ,AutoDrillingAbortedAutonomousDrillingPaused,2246,2
2059,EV06213441_5582,Event,06/02/2025,21:34:27,AutoDrillingCompleted,53% ,AutoDrillingCompleted,2248,0
11,EV06214942_5585,Event,06/02/2025,21:44:48,AutoDrillingAbortedAutoRhsErrorDidNotReachDesiredPressureWhileThreading,0% ,AutoDrillingAbortedAutoRhsErrorDidNotReachDesiredPressureWhileThreading,2251,0
2059,EV06215442_5586,Event,06/02/2025,21:51:57,AutoDrillingCompleted,53% ,AutoDrillingCompleted,2252,0
2,EV06220943_5589,Event,06/02/2025,22:06:03,AutoDrillingAbortedGripperArmsAreNotInCarousel,0% ,AutoDrillingAbortedGripperArmsAreNotInCarousel,2255,1
304,EV06222443_5592,Event,06/02/2025,22:21:25,AdpeAbortedByOperator,8% ,AdpeAbortedByOperator,2258,0
11,EV06223443_5594,Event,06/02/2025,22:31:40,AutoDrillingAbortedAutoRhsErrorDidNotReachDesiredPressureWhileThreading,0% ,AutoDrillingAbortedAutoRhsErrorDidNotReachDesiredPressureWhileThreading,2260,0
41,EV06223944_5595,Event,06/02/2025,22:35:23,AutoDrillingAbortedDrillingInterlocked,1% ,AutoDrillingAbortedDrillingInterlocked,2261,0
4,EV06223944_5595,Event,06/02/2025,22:37:24,AutoRigOutsideGeofence,0% ,AutoRigOutsideGeofence,2261,1
361,EV06224444_5596,Event,06/02/2025,22:39:46,AdpePausedByOperator,9% ,AdpePausedByOperator,2262,0
247,EV06224444_5596,Event,06/02/2025,22:39:46,AutoDrillingAbortedAutonomousDrillingPaused,6% ,AutoDrillingAbortedAutonomousDrillingPaused,2262,2
2059,EV06224944_5597,Event,06/02/2025,22:46:54,AutoDrillingCompleted,53% ,AutoDrillingCompleted,2263,0
152,EV06224944_5597,Event,06/02/2025,22:47:03,AutoStanceShiftFailedPosInterlockActive,4% ,AutoStanceShiftFailedPosInterlockActive,2263,1
152,EV06225444_5598,Event,06/02/2025,22:51:01,AutoStanceShiftFailedPosInterlockActive,4% ,AutoStanceShiftFailedPosInterlockActive,2264,2
152,EV06225444_5598,Event,06/02/2025,22:51:08,AutoStanceShiftFailedPosInterlockActive,4% ,AutoStanceShiftFailedPosInterlockActive,2264,1
152,EV06225444_5598,Event,06/02/2025,22:51:42,AutoStanceShiftFailedPosInterlockActive,4% ,AutoStanceShiftFailedPosInterlockActive,2264,1
2,EV06230444_5600,Event,06/02/2025,23:04:27,AutoDrillingAbortedGripperArmsAreNotInCarousel,0% ,AutoDrillingAbortedGripperArmsAreNotInCarousel,2266,0
41,EV07200312_5642,Event,07/02/2025,19:59:28,AutoDrillingAbortedDrillingInterlocked,1% ,AutoDrillingAbortedDrillingInterlocked,2308,0
41,EV07200312_5642,Event,07/02/2025,19:59:41,AutoDrillingAbortedDrillingInterlocked,1% ,AutoDrillingAbortedDrillingInterlocked,2308,0
2059,EV07211746_5651,Event,07/02/2025,21:13:27,AutoDrillingCompleted,53% ,AutoDrillingCompleted,2317,0
2059,EV07213247_5654,Event,07/02/2025,21:29:57,AutoDrillingCompleted,53% ,AutoDrillingCompleted,2320,0
8,EV07213247_5654,Event,07/02/2025,21:31:00,AutoNavigationOutOfPath,0% ,AutoNavigationOutOfPath,2320,0
361,EV07214747_5656,Event,07/02/2025,21:43:33,AdpePausedByOperator,9% ,AdpePausedByOperator,2322,0
247,EV07214747_5656,Event,07/02/2025,21:43:33,AutoDrillingAbortedAutonomousDrillingPaused,6% ,AutoDrillingAbortedAutonomousDrillingPaused,2322,1
2059,EV07215247_5657,Event,07/02/2025,21:49:17,AutoDrillingCompleted,53% ,AutoDrillingCompleted,2323,0
2059,EV07220248_5659,Event,07/02/2025,22:00:02,AutoDrillingCompleted,53% ,AutoDrillingCompleted,2325,0
126,EV07220248_5659,Event,07/02/2025,22:02:47,AutoDrillingAbortedDrillingAbortedByOperator,3% ,AutoDrillingAbortedDrillingAbortedByOperator,2325,0
2059,EV07221248_5661,Event,07/02/2025,22:10:45,AutoDrillingCompleted,53% ,AutoDrillingCompleted,2327,0
2059,EV07222248_5663,Event,07/02/2025,22:21:44,AutoDrillingCompleted,53% ,AutoDrillingCompleted,2329,0
2059,EV07223248_5665,Event,07/02/2025,22:31:36,AutoDrillingCompleted,53% ,AutoDrillingCompleted,2331,0
2059,EV07224749_5668,Event,07/02/2025,22:43:20,AutoDrillingCompleted,53% ,AutoDrillingCompleted,2334,0
2059,EV07225749_5670,Event,07/02/2025,22:54:03,AutoDrillingCompleted,53% ,AutoDrillingCompleted,2336,0
2059,EV07230749_5672,Event,07/02/2025,23:04:17,AutoDrillingCompleted,53% ,AutoDrillingCompleted,2338,0
152,EV07230749_5672,Event,07/02/2025,23:05:56,AutoStanceShiftFailedPosInterlockActive,4% ,AutoStanceShiftFailedPosInterlockActive,2338,1
2059,EV07232250_5675,Event,07/02/2025,23:21:30,AutoDrillingCompleted,53% ,AutoDrillingCompleted,2341,0
2059,EV07233250_5677,Event,07/02/2025,23:29:10,AutoDrillingCompleted,53% ,AutoDrillingCompleted,2343,0
9,EV07233250_5677,Event,07/02/2025,23:30:24,AutoPathPlanningFailure,0% ,AutoPathPlanningFailure,2343,0
2059,EV07234250_5679,Event,07/02/2025,23:39:15,AutoDrillingCompleted,53% ,AutoDrillingCompleted,2345,0
2059,EV07235250_5681,Event,07/02/2025,23:52:30,AutoDrillingCompleted,53% ,AutoDrillingCompleted,2347,0
2059,EV08000251_5683,Event,07/02/2025,23:59:50,AutoDrillingCompleted,53% ,AutoDrillingCompleted,2349,0
2059,EV08001251_5685,Event,08/02/2025,00:07:53,AutoDrillingCompleted,53% ,AutoDrillingCompleted,2351,0
2059,EV08001751_5686,Event,08/02/2025,00:16:51,AutoDrillingCompleted,53% ,AutoDrillingCompleted,2352,0
2059,EV08002751_5688,Event,08/02/2025,00:25:49,AutoDrillingCompleted,53% ,AutoDrillingCompleted,2354,0
2059,EV08003752_5690,Event,08/02/2025,00:37:26,AutoDrillingCompleted,53% ,AutoDrillingCompleted,2356,0
2059,EV08004752_5692,Event,08/02/2025,00:45:59,AutoDrillingCompleted,53% ,AutoDrillingCompleted,2358,0
2059,EV08005752_5694,Event,08/02/2025,00:53:33,AutoDrillingCompleted,53% ,AutoDrillingCompleted,2360,0
152,EV08005752_5694,Event,08/02/2025,00:55:24,AutoStanceShiftFailedPosInterlockActive,4% ,AutoStanceShiftFailedPosInterlockActive,2360,1
2059,EV08010252_5695,Event,08/02/2025,01:02:15,AutoDrillingCompleted,53% ,AutoDrillingCompleted,2361,0
2059,EV08011253_5697,Event,08/02/2025,01:09:56,AutoDrillingCompleted,53% ,AutoDrillingCompleted,2363,0
37,EV08011253_5697,Event,08/02/2025,01:10:29,AutoStanceShiftPreconditionNotMet,1% ,AutoStanceShiftPreconditionNotMet,2363,1
361,EV08011253_5697,Event,08/02/2025,01:11:38,AdpePausedByOperator,9% ,AdpePausedByOperator,2363,0
152,EV08012753_5700,Event,08/02/2025,01:23:27,AutoStanceShiftFailedPosInterlockActive,4% ,AutoStanceShiftFailedPosInterlockActive,2366,2
152,EV08012753_5700,Event,08/02/2025,01:24:05,AutoStanceShiftFailedPosInterlockActive,4% ,AutoStanceShiftFailedPosInterlockActive,2366,1
152,EV08013253_5701,Event,08/02/2025,01:29:40,AutoStanceShiftFailedPosInterlockActive,4% ,AutoStanceShiftFailedPosInterlockActive,2367,1
2059,EV08014254_5702,Event,08/02/2025,01:39:18,AutoDrillingCompleted,53% ,AutoDrillingCompleted,2368,0
361,EV08014754_5703,Event,08/02/2025,01:45:23,AdpePausedByOperator,9% ,AdpePausedByOperator,2369,0
2059,EV08015754_5705,Event,08/02/2025,01:55:40,AutoDrillingCompleted,53% ,AutoDrillingCompleted,2371,0
361,EV08020754_5707,Event,08/02/2025,02:07:05,AdpePausedByOperator,9% ,AdpePausedByOperator,2373,0
361,EV08020754_5707,Event,08/02/2025,02:07:07,AdpePausedByOperator,9% ,AdpePausedByOperator,2373,0
361,EV08021754_5709,Event,08/02/2025,02:15:37,AdpePausedByOperator,9% ,AdpePausedByOperator,2375,0
361,EV08021754_5709,Event,08/02/2025,02:16:13,AdpePausedByOperator,9% ,AdpePausedByOperator,2375,0
361,EV08021754_5709,Event,08/02/2025,02:16:21,AdpePausedByOperator,9% ,AdpePausedByOperator,2375,0
2059,EV08022755_5711,Event,08/02/2025,02:23:28,AutoDrillingCompleted,53% ,AutoDrillingCompleted,2377,0
361,EV08022755_5711,Event,08/02/2025,02:27:11,AdpePausedByOperator,9% ,AdpePausedByOperator,2377,0
361,EV08023255_5712,Event,08/02/2025,02:32:16,AdpePausedByOperator,9% ,AdpePausedByOperator,2378,0
361,EV08023255_5712,Event,08/02/2025,02:32:18,AdpePausedByOperator,9% ,AdpePausedByOperator,2378,0
2059,EV08024255_5714,Event,08/02/2025,02:42:18,AutoDrillingCompleted,53% ,AutoDrillingCompleted,2380,0
361,EV08024755_5715,Event,08/02/2025,02:47:22,AdpePausedByOperator,9% ,AdpePausedByOperator,2381,0
361,EV08024755_5715,Event,08/02/2025,02:47:22,AdpePausedByOperator,9% ,AdpePausedByOperator,2381,2
361,EV08024755_5715,Event,08/02/2025,02:47:23,AdpePausedByOperator,9% ,AdpePausedByOperator,2381,0
361,EV08024755_5715,Event,08/02/2025,02:47:23,AdpePausedByOperator,9% ,AdpePausedByOperator,2381,1
361,EV08024755_5715,Event,08/02/2025,02:47:23,AdpePausedByOperator,9% ,AdpePausedByOperator,2381,2
361,EV08024755_5715,Event,08/02/2025,02:47:24,AdpePausedByOperator,9% ,AdpePausedByOperator,2381,0
361,EV08024755_5715,Event,08/02/2025,02:47:24,AdpePausedByOperator,9% ,AdpePausedByOperator,2381,1
361,EV08024755_5715,Event,08/02/2025,02:47:24,AdpePausedByOperator,9% ,AdpePausedByOperator,2381,2
361,EV08024755_5715,Event,08/02/2025,02:47:25,AdpePausedByOperator,9% ,AdpePausedByOperator,2381,0
361,EV08024755_5715,Event,08/02/2025,02:47:25,AdpePausedByOperator,9% ,AdpePausedByOperator,2381,1
361,EV08024755_5715,Event,08/02/2025,02:47:25,AdpePausedByOperator,9% ,AdpePausedByOperator,2381,2
361,EV08024755_5715,Event,08/02/2025,02:47:25,AdpePausedByOperator,9% ,AdpePausedByOperator,2381,3
361,EV08024755_5715,Event,08/02/2025,02:47:26,AdpePausedByOperator,9% ,AdpePausedByOperator,2381,0
361,EV08024755_5715,Event,08/02/2025,02:47:26,AdpePausedByOperator,9% ,AdpePausedByOperator,2381,1
361,EV08024755_5715,Event,08/02/2025,02:47:26,AdpePausedByOperator,9% ,AdpePausedByOperator,2381,2
361,EV08030756_5719,Event,08/02/2025,03:07:28,AdpePausedByOperator,9% ,AdpePausedByOperator,2385,0
361,EV08030756_5719,Event,08/02/2025,03:07:29,AdpePausedByOperator,9% ,AdpePausedByOperator,2385,0
361,EV08031910_5720,Event,08/02/2025,03:08:50,AdpePausedByOperator,9% ,AdpePausedByOperator,2386,0
361,EV08031910_5720,Event,08/02/2025,03:08:52,AdpePausedByOperator,9% ,AdpePausedByOperator,2386,0
361,EV08031910_5720,Event,08/02/2025,03:10:12,AdpePausedByOperator,9% ,AdpePausedByOperator,2386,0
361,EV08031910_5720,Event,08/02/2025,03:10:12,AdpePausedByOperator,9% ,AdpePausedByOperator,2386,1
361,EV08031910_5720,Event,08/02/2025,03:10:12,AdpePausedByOperator,9% ,AdpePausedByOperator,2386,2
361,EV08031910_5720,Event,08/02/2025,03:10:14,AdpePausedByOperator,9% ,AdpePausedByOperator,2386,0
361,EV08032411_5721,Event,08/02/2025,03:22:29,AdpePausedByOperator,9% ,AdpePausedByOperator,2387,0
304,EV08032411_5721,Event,08/02/2025,03:22:37,AdpeAbortedByOperator,8% ,AdpeAbortedByOperator,2387,0
2059,EV08033411_5723,Event,08/02/2025,03:31:21,AutoDrillingCompleted,53% ,AutoDrillingCompleted,2389,0
2059,EV08034911_5726,Event,08/02/2025,03:44:58,AutoDrillingCompleted,53% ,AutoDrillingCompleted,2392,0
152,EV08034911_5726,Event,08/02/2025,03:46:33,AutoStanceShiftFailedPosInterlockActive,4% ,AutoStanceShiftFailedPosInterlockActive,2392,1
2059,EV08035912_5728,Event,08/02/2025,03:55:59,AutoDrillingCompleted,53% ,AutoDrillingCompleted,2394,0
152,EV08035912_5728,Event,08/02/2025,03:57:46,AutoStanceShiftFailedPosInterlockActive,4% ,AutoStanceShiftFailedPosInterlockActive,2394,1
152,EV08040912_5730,Event,08/02/2025,04:06:54,AutoStanceShiftFailedPosInterlockActive,4% ,AutoStanceShiftFailedPosInterlockActive,2396,1
9,EV08041912_5732,Event,08/02/2025,04:14:38,OdEmergencyModeActive,0% ,OdEmergencyModeActive,2398,1
12,EV08043413_5733,Event,08/02/2025,04:31:19,AutoStanceShiftFailedHoleOutOfReach,0% ,AutoStanceShiftFailedHoleOutOfReach,2399,0
12,EV08043413_5733,Event,08/02/2025,04:31:57,AutoStanceShiftFailedHoleOutOfReach,0% ,AutoStanceShiftFailedHoleOutOfReach,2399,0
2059,EV08044413_5734,Event,08/02/2025,04:40:05,AutoDrillingCompleted,53% ,AutoDrillingCompleted,2400,0
22,EV08044413_5734,Event,08/02/2025,04:43:42,AutoDrillingAbortedCavityDetected,1% ,AutoDrillingAbortedCavityDetected,2400,1
247,EV08044413_5734,Event,08/02/2025,04:43:42,AutoDrillingAbortedAutonomousDrillingPaused,6% ,AutoDrillingAbortedAutonomousDrillingPaused,2400,3
22,EV08044913_5735,Event,08/02/2025,04:44:16,AutoDrillingAbortedCavityDetected,1% ,AutoDrillingAbortedCavityDetected,2401,1
247,EV08044913_5735,Event,08/02/2025,04:44:16,AutoDrillingAbortedAutonomousDrillingPaused,6% ,AutoDrillingAbortedAutonomousDrillingPaused,2401,3
22,EV08044913_5735,Event,08/02/2025,04:44:46,AutoDrillingAbortedCavityDetected,1% ,AutoDrillingAbortedCavityDetected,2401,1
247,EV08044913_5735,Event,08/02/2025,04:44:46,AutoDrillingAbortedAutonomousDrillingPaused,6% ,AutoDrillingAbortedAutonomousDrillingPaused,2401,3
2059,EV08044913_5735,Event,08/02/2025,04:46:23,AutoDrillingCompleted,53% ,AutoDrillingCompleted,2401,0
361,EV08045414_5736,Event,08/02/2025,04:50:35,AdpePausedByOperator,9% ,AdpePausedByOperator,2402,0
247,EV08045414_5736,Event,08/02/2025,04:50:35,AutoDrillingAbortedAutonomousDrillingPaused,6% ,AutoDrillingAbortedAutonomousDrillingPaused,2402,2
2059,EV08050914_5739,Event,08/02/2025,05:05:33,AutoDrillingCompleted,53% ,AutoDrillingCompleted,2405,0
2059,EV08051914_5741,Event,08/02/2025,05:17:01,AutoDrillingCompleted,53% ,AutoDrillingCompleted,2407,0
83,EV08051914_5741,Event,08/02/2025,05:17:39,AutoTrammingBlockedTramInterlockActive,2% ,AutoTrammingBlockedTramInterlockActive,2407,0
83,EV08053414_5744,Event,08/02/2025,05:29:55,AutoTrammingBlockedTramInterlockActive,2% ,AutoTrammingBlockedTramInterlockActive,2410,1
2059,EV08054415_5746,Event,08/02/2025,05:39:36,AutoDrillingCompleted,53% ,AutoDrillingCompleted,2412,0
152,EV08054415_5746,Event,08/02/2025,05:41:05,AutoStanceShiftFailedPosInterlockActive,4% ,AutoStanceShiftFailedPosInterlockActive,2412,1
152,EV08054415_5746,Event,08/02/2025,05:42:40,AutoStanceShiftFailedPosInterlockActive,4% ,AutoStanceShiftFailedPosInterlockActive,2412,1
152,EV08054415_5746,Event,08/02/2025,05:43:17,AutoStanceShiftFailedPosInterlockActive,4% ,AutoStanceShiftFailedPosInterlockActive,2412,1
152,EV08054415_5746,Event,08/02/2025,05:43:55,AutoStanceShiftFailedPosInterlockActive,4% ,AutoStanceShiftFailedPosInterlockActive,2412,1
152,EV08054415_5746,Event,08/02/2025,05:44:01,AutoStanceShiftFailedPosInterlockActive,4% ,AutoStanceShiftFailedPosInterlockActive,2412,3
152,EV08054915_5747,Event,08/02/2025,05:44:35,AutoStanceShiftFailedPosInterlockActive,4% ,AutoStanceShiftFailedPosInterlockActive,2413,1
152,EV08054915_5747,Event,08/02/2025,05:45:16,AutoStanceShiftFailedPosInterlockActive,4% ,AutoStanceShiftFailedPosInterlockActive,2413,1
15,EV08054915_5747,Event,08/02/2025,05:46:55,AutoStanceShiftFailedAutoModeaDeactivated,0% ,AutoStanceShiftFailedAutoModeaDeactivated,2413,0
152,EV08054915_5747,Event,08/02/2025,05:47:51,AutoStanceShiftFailedPosInterlockActive,4% ,AutoStanceShiftFailedPosInterlockActive,2413,1
152,EV08054915_5747,Event,08/02/2025,05:48:04,AutoStanceShiftFailedPosInterlockActive,4% ,AutoStanceShiftFailedPosInterlockActive,2413,1
15,EV08055415_5748,Event,08/02/2025,05:50:29,AutoStanceShiftFailedAutoModeaDeactivated,0% ,AutoStanceShiftFailedAutoModeaDeactivated,2414,0
2059,EV08055915_5749,Event,08/02/2025,05:57:11,AutoDrillingCompleted,53% ,AutoDrillingCompleted,2415,0
152,EV08055915_5749,Event,08/02/2025,05:58:07,AutoStanceShiftFailedPosInterlockActive,4% ,AutoStanceShiftFailedPosInterlockActive,2415,1
152,EV08055915_5749,Event,08/02/2025,05:58:46,AutoStanceShiftFailedPosInterlockActive,4% ,AutoStanceShiftFailedPosInterlockActive,2415,1
152,EV08055915_5749,Event,08/02/2025,05:58:55,AutoStanceShiftFailedPosInterlockActive,4% ,AutoStanceShiftFailedPosInterlockActive,2415,2
152,EV08060416_5750,Event,08/02/2025,05:59:40,AutoStanceShiftFailedPosInterlockActive,4% ,AutoStanceShiftFailedPosInterlockActive,2416,1
15,EV08060416_5750,Event,08/02/2025,05:59:59,AutoStanceShiftFailedAutoModeaDeactivated,0% ,AutoStanceShiftFailedAutoModeaDeactivated,2416,0
12,EV08060416_5750,Event,08/02/2025,06:03:01,AutoStanceShiftFailedHoleOutOfReach,0% ,AutoStanceShiftFailedHoleOutOfReach,2416,0
12,EV08060416_5750,Event,08/02/2025,06:03:42,AutoStanceShiftFailedHoleOutOfReach,0% ,AutoStanceShiftFailedHoleOutOfReach,2416,0
361,EV08060916_5751,Event,08/02/2025,06:06:57,AdpePausedByOperator,9% ,AdpePausedByOperator,2417,0
15,EV08060916_5751,Event,08/02/2025,06:08:48,AutoStanceShiftFailedAutoModeaDeactivated,0% ,AutoStanceShiftFailedAutoModeaDeactivated,2417,0
30,EV08061416_5752,Event,08/02/2025,06:09:24,StanceShiftBlockedBitInHole,1% ,StanceShiftBlockedBitInHole,2418,1
30,EV08061416_5752,Event,08/02/2025,06:09:27,StanceShiftBlockedBitInHole,1% ,StanceShiftBlockedBitInHole,2418,1
30,EV08061416_5752,Event,08/02/2025,06:09:31,StanceShiftBlockedBitInHole,1% ,StanceShiftBlockedBitInHole,2418,1
2059,EV08061916_5753,Event,08/02/2025,06:15:46,AutoDrillingCompleted,53% ,AutoDrillingCompleted,2419,0
304,EV08061916_5753,Event,08/02/2025,06:17:53,AdpeAbortedByOperator,8% ,AdpeAbortedByOperator,2419,0
152,EV08062416_5754,Event,08/02/2025,06:19:56,AutoStanceShiftFailedPosInterlockActive,4% ,AutoStanceShiftFailedPosInterlockActive,2420,1
304,EV08062416_5754,Event,08/02/2025,06:24:09,AdpeAbortedByOperator,8% ,AdpeAbortedByOperator,2420,0
2059,EV08063417_5756,Event,08/02/2025,06:34:12,AutoDrillingCompleted,53% ,AutoDrillingCompleted,2422,0
2059,EV08064917_5759,Event,08/02/2025,06:47:04,AutoDrillingCompleted,53% ,AutoDrillingCompleted,2425,0
152,EV08070918_5763,Event,08/02/2025,07:07:28,AutoStanceShiftFailedPosInterlockActive,4% ,AutoStanceShiftFailedPosInterlockActive,2429,0
2059,EV08071918_5765,Event,08/02/2025,07:17:34,AutoDrillingCompleted,53% ,AutoDrillingCompleted,2431,0
2059,EV08072919_5767,Event,08/02/2025,07:26:39,AutoDrillingCompleted,53% ,AutoDrillingCompleted,2433,0
2059,EV08073919_5769,Event,08/02/2025,07:34:32,AutoDrillingCompleted,53% ,AutoDrillingCompleted,2435,0
2059,EV08074419_5770,Event,08/02/2025,07:42:34,AutoDrillingCompleted,53% ,AutoDrillingCompleted,2436,0
2059,EV08075420_5772,Event,08/02/2025,07:51:46,AutoDrillingCompleted,53% ,AutoDrillingCompleted,2438,0
2059,EV08080420_5774,Event,08/02/2025,08:03:05,AutoDrillingCompleted,53% ,AutoDrillingCompleted,2440,0
2059,EV08081920_5777,Event,08/02/2025,08:14:29,AutoDrillingCompleted,53% ,AutoDrillingCompleted,2443,0
2059,EV08082421_5778,Event,08/02/2025,08:23:49,AutoDrillingCompleted,53% ,AutoDrillingCompleted,2444,0
2059,EV08083421_5780,Event,08/02/2025,08:31:19,AutoDrillingCompleted,53% ,AutoDrillingCompleted,2446,0
361,EV08083421_5780,Event,08/02/2025,08:31:56,AdpePausedByOperator,9% ,AdpePausedByOperator,2446,0
304,EV08083421_5780,Event,08/02/2025,08:32:01,AdpeAbortedByOperator,8% ,AdpeAbortedByOperator,2446,0
2059,EV08084921_5782,Event,08/02/2025,08:49:07,AutoDrillingCompleted,53% ,AutoDrillingCompleted,2448,0
2059,EV08090921_5785,Event,08/02/2025,09:07:39,AutoDrillingCompleted,53% ,AutoDrillingCompleted,2451,0
2059,EV08091921_5787,Event,08/02/2025,09:15:18,AutoDrillingCompleted,53% ,AutoDrillingCompleted,2453,0
2059,EV08092422_5788,Event,08/02/2025,09:22:00,AutoDrillingCompleted,53% ,AutoDrillingCompleted,2454,0
2059,EV08093422_5790,Event,08/02/2025,09:29:40,AutoDrillingCompleted,53% ,AutoDrillingCompleted,2456,0
2059,EV08093922_5791,Event,08/02/2025,09:35:44,AutoDrillingCompleted,53% ,AutoDrillingCompleted,2457,0
2059,EV08094422_5792,Event,08/02/2025,09:43:15,AutoDrillingCompleted,53% ,AutoDrillingCompleted,2458,0
41,EV08094923_5793,Event,08/02/2025,09:48:04,AutoDrillingAbortedDrillingInterlocked,1% ,AutoDrillingAbortedDrillingInterlocked,2459,1
2059,EV08095923_5795,Event,08/02/2025,09:56:53,AutoDrillingCompleted,53% ,AutoDrillingCompleted,2461,0
2059,EV08100923_5797,Event,08/02/2025,10:04:25,AutoDrillingCompleted,53% ,AutoDrillingCompleted,2463,0
2059,EV08101423_5798,Event,08/02/2025,10:12:19,AutoDrillingCompleted,53% ,AutoDrillingCompleted,2464,0
83,EV08101423_5798,Event,08/02/2025,10:13:00,AutoTrammingBlockedTramInterlockActive,2% ,AutoTrammingBlockedTramInterlockActive,2464,1
2059,EV08110746_5806,Event,08/02/2025,11:06:46,AutoDrillingCompleted,53% ,AutoDrillingCompleted,2472,0
2059,EV08111746_5808,Event,08/02/2025,11:14:15,AutoDrillingCompleted,53% ,AutoDrillingCompleted,2474,0
9,EV08111746_5808,Event,08/02/2025,11:15:49,AutoPathPlanningFailure,0% ,AutoPathPlanningFailure,2474,0
2059,EV08114247_5810,Event,08/02/2025,11:39:46,AutoDrillingCompleted,53% ,AutoDrillingCompleted,2476,0
2059,EV08114747_5811,Event,08/02/2025,11:47:17,AutoDrillingCompleted,53% ,AutoDrillingCompleted,2477,0
37,EV08115247_5812,Event,08/02/2025,11:47:51,AutoStanceShiftPreconditionNotMet,1% ,AutoStanceShiftPreconditionNotMet,2478,0
37,EV08115748_5813,Event,08/02/2025,11:56:26,AutoStanceShiftPreconditionNotMet,1% ,AutoStanceShiftPreconditionNotMet,2479,0
37,EV08115748_5813,Event,08/02/2025,11:56:33,AutoStanceShiftPreconditionNotMet,1% ,AutoStanceShiftPreconditionNotMet,2479,0
304,EV08115748_5813,Event,08/02/2025,11:56:35,AdpeAbortedByOperator,8% ,AdpeAbortedByOperator,2479,0
152,EV08120248_5814,Event,08/02/2025,11:58:35,AutoStanceShiftFailedPosInterlockActive,4% ,AutoStanceShiftFailedPosInterlockActive,2480,1
2059,EV08120748_5815,Event,08/02/2025,12:04:02,AutoDrillingCompleted,53% ,AutoDrillingCompleted,2481,0
2059,EV08121248_5816,Event,08/02/2025,12:11:03,AutoDrillingCompleted,53% ,AutoDrillingCompleted,2482,0
2059,EV08122249_5818,Event,08/02/2025,12:18:34,AutoDrillingCompleted,53% ,AutoDrillingCompleted,2484,0
2059,EV08122749_5819,Event,08/02/2025,12:25:06,AutoDrillingCompleted,53% ,AutoDrillingCompleted,2485,0
2059,EV08123749_5821,Event,08/02/2025,12:33:22,AutoDrillingCompleted,53% ,AutoDrillingCompleted,2487,0
2059,EV08124249_5822,Event,08/02/2025,12:40:32,AutoDrillingCompleted,53% ,AutoDrillingCompleted,2488,0
2059,EV08124750_5823,Event,08/02/2025,12:47:41,AutoDrillingCompleted,53% ,AutoDrillingCompleted,2489,0
83,EV08125250_5824,Event,08/02/2025,12:49:12,AutoTrammingBlockedTramInterlockActive,2% ,AutoTrammingBlockedTramInterlockActive,2490,1
2059,EV08130250_5826,Event,08/02/2025,13:02:11,AutoDrillingCompleted,53% ,AutoDrillingCompleted,2492,0
2059,EV08131250_5828,Event,08/02/2025,13:10:36,AutoDrillingCompleted,53% ,AutoDrillingCompleted,2494,0
2059,EV08131750_5829,Event,08/02/2025,13:17:22,AutoDrillingCompleted,53% ,AutoDrillingCompleted,2495,0
2059,EV08133251_5832,Event,08/02/2025,13:27:51,AutoDrillingCompleted,53% ,AutoDrillingCompleted,2498,0
8,EV08133251_5832,Event,08/02/2025,13:28:58,AutoNavigationOutOfPath,0% ,AutoNavigationOutOfPath,2498,0
2059,EV08134252_5834,Event,08/02/2025,13:38:05,AutoDrillingCompleted,53% ,AutoDrillingCompleted,2500,0
2059,EV08134752_5835,Event,08/02/2025,13:46:57,AutoDrillingCompleted,53% ,AutoDrillingCompleted,2501,0
2059,EV08135752_5837,Event,08/02/2025,13:54:52,AutoDrillingCompleted,53% ,AutoDrillingCompleted,2503,0
2059,EV08140752_5839,Event,08/02/2025,14:03:18,AutoDrillingCompleted,53% ,AutoDrillingCompleted,2505,0
247,EV08140752_5839,Event,08/02/2025,14:06:09,AutoDrillingAbortedAutonomousDrillingPaused,6% ,AutoDrillingAbortedAutonomousDrillingPaused,2505,2
115,EV08140752_5839,Event,08/02/2025,14:07:20,AutoDrillingAbortedTeleremoteCommunicationDelayIsTooBig,3% ,AutoDrillingAbortedTeleremoteCommunicationDelayIsTooBig,2505,0
2059,EV08141752_5841,Event,08/02/2025,14:13:36,AutoDrillingCompleted,53% ,AutoDrillingCompleted,2507,0
2059,EV08142253_5842,Event,08/02/2025,14:20:53,AutoDrillingCompleted,53% ,AutoDrillingCompleted,2508,0
152,EV08142253_5842,Event,08/02/2025,14:22:38,AutoStanceShiftFailedPosInterlockActive,4% ,AutoStanceShiftFailedPosInterlockActive,2508,1
2059,EV08145253_5848,Event,08/02/2025,14:50:54,AutoDrillingCompleted,53% ,AutoDrillingCompleted,2514,0
152,EV08145253_5848,Event,08/02/2025,14:52:50,AutoStanceShiftFailedPosInterlockActive,4% ,AutoStanceShiftFailedPosInterlockActive,2514,1
304,EV08145753_5849,Event,08/02/2025,14:55:48,AdpeAbortedByOperator,8% ,AdpeAbortedByOperator,2515,0
152,EV08145753_5849,Event,08/02/2025,14:57:52,AutoStanceShiftFailedPosInterlockActive,4% ,AutoStanceShiftFailedPosInterlockActive,2515,1
152,EV08150254_5850,Event,08/02/2025,14:57:59,AutoStanceShiftFailedPosInterlockActive,4% ,AutoStanceShiftFailedPosInterlockActive,2516,2
2059,EV08151254_5852,Event,08/02/2025,15:12:23,AutoDrillingCompleted,53% ,AutoDrillingCompleted,2518,0
71,EV08152254_5854,Event,08/02/2025,15:20:25,AutoDrillingAbortedNoRecoverFromLowPenetrationJam,2% ,AutoDrillingAbortedNoRecoverFromLowPenetrationJam,2520,0
2059,EV08154255_5857,Event,08/02/2025,15:39:32,AutoDrillingCompleted,53% ,AutoDrillingCompleted,2523,0
2059,EV08155255_5859,Event,08/02/2025,15:50:50,AutoDrillingCompleted,53% ,AutoDrillingCompleted,2525,0
152,EV08160256_5861,Event,08/02/2025,15:59:37,AutoStanceShiftFailedPosInterlockActive,4% ,AutoStanceShiftFailedPosInterlockActive,2527,0
304,EV08160256_5861,Event,08/02/2025,15:59:42,AdpeAbortedByOperator,8% ,AdpeAbortedByOperator,2527,0
152,EV08160256_5861,Event,08/02/2025,15:59:43,AutoStanceShiftFailedPosInterlockActive,4% ,AutoStanceShiftFailedPosInterlockActive,2527,0
304,EV08160256_5861,Event,08/02/2025,15:59:46,AdpeAbortedByOperator,8% ,AdpeAbortedByOperator,2527,0
152,EV08160256_5861,Event,08/02/2025,15:59:47,AutoStanceShiftFailedPosInterlockActive,4% ,AutoStanceShiftFailedPosInterlockActive,2527,0
2059,EV08161256_5863,Event,08/02/2025,16:08:48,AutoDrillingCompleted,53% ,AutoDrillingCompleted,2529,0
2059,EV08161756_5864,Event,08/02/2025,16:16:48,AutoDrillingCompleted,53% ,AutoDrillingCompleted,2530,0
152,EV08162256_5865,Event,08/02/2025,16:18:11,AutoStanceShiftFailedPosInterlockActive,4% ,AutoStanceShiftFailedPosInterlockActive,2531,1
152,EV08162256_5865,Event,08/02/2025,16:19:13,AutoStanceShiftFailedPosInterlockActive,4% ,AutoStanceShiftFailedPosInterlockActive,2531,1
2059,EV08162756_5866,Event,08/02/2025,16:27:24,AutoDrillingCompleted,53% ,AutoDrillingCompleted,2532,0
2059,EV08163757_5868,Event,08/02/2025,16:35:17,AutoDrillingCompleted,53% ,AutoDrillingCompleted,2534,0
2059,EV08164757_5870,Event,08/02/2025,16:44:07,AutoDrillingCompleted,53% ,AutoDrillingCompleted,2536,0
2059,EV08165758_5872,Event,08/02/2025,16:53:04,AutoDrillingCompleted,53% ,AutoDrillingCompleted,2538,0
2059,EV08170758_5874,Event,08/02/2025,17:05:57,AutoDrillingCompleted,53% ,AutoDrillingCompleted,2540,0
2059,EV08171758_5876,Event,08/02/2025,17:14:19,AutoDrillingCompleted,53% ,AutoDrillingCompleted,2542,0
2059,EV08172258_5877,Event,08/02/2025,17:22:22,AutoDrillingCompleted,53% ,AutoDrillingCompleted,2543,0
115,EV08172758_5878,Event,08/02/2025,17:25:15,AutoDrillingAbortedTeleremoteCommunicationDelayIsTooBig,3% ,AutoDrillingAbortedTeleremoteCommunicationDelayIsTooBig,2544,0
2059,EV08174259_5880,Event,08/02/2025,17:40:12,AutoDrillingCompleted,53% ,AutoDrillingCompleted,2546,0
2059,EV08175259_5882,Event,08/02/2025,17:48:13,AutoDrillingCompleted,53% ,AutoDrillingCompleted,2548,0
2059,EV08175759_5883,Event,08/02/2025,17:56:13,AutoDrillingCompleted,53% ,AutoDrillingCompleted,2549,0
2059,EV08180759_5885,Event,08/02/2025,18:04:10,AutoDrillingCompleted,53% ,AutoDrillingCompleted,2551,0
2059,EV08181259_5886,Event,08/02/2025,18:11:37,AutoDrillingCompleted,53% ,AutoDrillingCompleted,2552,0
2059,EV08182300_5888,Event,08/02/2025,18:20:03,AutoDrillingCompleted,53% ,AutoDrillingCompleted,2554,0
83,EV08182300_5888,Event,08/02/2025,18:20:51,AutoTrammingBlockedTramInterlockActive,2% ,AutoTrammingBlockedTramInterlockActive,2554,1
2059,EV08185301_5893,Event,08/02/2025,18:48:53,AutoDrillingCompleted,53% ,AutoDrillingCompleted,2559,0
2059,EV08185801_5894,Event,08/02/2025,18:57:43,AutoDrillingCompleted,53% ,AutoDrillingCompleted,2560,0
2059,EV08190801_5896,Event,08/02/2025,19:06:51,AutoDrillingCompleted,53% ,AutoDrillingCompleted,2562,0
2059,EV08191802_5898,Event,08/02/2025,19:13:37,AutoDrillingCompleted,53% ,AutoDrillingCompleted,2564,0
2059,EV08192302_5899,Event,08/02/2025,19:20:10,AutoDrillingCompleted,53% ,AutoDrillingCompleted,2565,0
152,EV08192302_5899,Event,08/02/2025,19:23:01,AutoStanceShiftFailedPosInterlockActive,4% ,AutoStanceShiftFailedPosInterlockActive,2565,1
304,EV08192802_5900,Event,08/02/2025,19:24:52,AdpeAbortedByOperator,8% ,AdpeAbortedByOperator,2566,0
152,EV08194802_5903,Event,08/02/2025,19:47:20,AutoStanceShiftFailedPosInterlockActive,4% ,AutoStanceShiftFailedPosInterlockActive,2569,0
152,EV08194802_5903,Event,08/02/2025,19:47:23,AutoStanceShiftFailedPosInterlockActive,4% ,AutoStanceShiftFailedPosInterlockActive,2569,1
304,EV08195303_5904,Event,08/02/2025,19:52:50,AdpeAbortedByOperator,8% ,AdpeAbortedByOperator,2570,0
2059,EV08200803_5907,Event,08/02/2025,20:03:15,AutoDrillingCompleted,53% ,AutoDrillingCompleted,2573,0
2059,EV08201803_5909,Event,08/02/2025,20:16:33,AutoDrillingCompleted,53% ,AutoDrillingCompleted,2575,0
361,EV08202303_5910,Event,08/02/2025,20:19:58,AdpePausedByOperator,9% ,AdpePausedByOperator,2576,0
247,EV08202303_5910,Event,08/02/2025,20:19:58,AutoDrillingAbortedAutonomousDrillingPaused,6% ,AutoDrillingAbortedAutonomousDrillingPaused,2576,2
2059,EV08204304_5913,Event,08/02/2025,20:39:20,AutoDrillingCompleted,53% ,AutoDrillingCompleted,2579,0
2059,EV08204804_5914,Event,08/02/2025,20:46:24,AutoDrillingCompleted,53% ,AutoDrillingCompleted,2580,0
2059,EV08205804_5916,Event,08/02/2025,20:55:00,AutoDrillingCompleted,53% ,AutoDrillingCompleted,2582,0
2059,EV08210304_5917,Event,08/02/2025,21:02:20,AutoDrillingCompleted,53% ,AutoDrillingCompleted,2583,0
2059,EV08211305_5919,Event,08/02/2025,21:10:11,AutoDrillingCompleted,53% ,AutoDrillingCompleted,2585,0
2059,EV08211805_5920,Event,08/02/2025,21:17:38,AutoDrillingCompleted,53% ,AutoDrillingCompleted,2586,0
2059,EV08212805_5922,Event,08/02/2025,21:25:17,AutoDrillingCompleted,53% ,AutoDrillingCompleted,2588,0
2059,EV08213305_5923,Event,08/02/2025,21:32:38,AutoDrillingCompleted,53% ,AutoDrillingCompleted,2589,0
2059,EV08214806_5926,Event,08/02/2025,21:43:37,AutoDrillingCompleted,53% ,AutoDrillingCompleted,2592,0
361,EV08221307_5930,Event,08/02/2025,22:10:06,AdpePausedByOperator,9% ,AdpePausedByOperator,2596,0
247,EV08221307_5930,Event,08/02/2025,22:10:06,AutoDrillingAbortedAutonomousDrillingPaused,6% ,AutoDrillingAbortedAutonomousDrillingPaused,2596,2
2059,EV08222807_5932,Event,08/02/2025,22:24:16,AutoDrillingCompleted,53% ,AutoDrillingCompleted,2598,0
81,EV08222807_5932,Event,08/02/2025,22:24:57,AutoNoFeasiblePathFound,2% ,AutoNoFeasiblePathFound,2598,1
81,EV08222807_5932,Event,08/02/2025,22:26:20,AutoNoFeasiblePathFound,2% ,AutoNoFeasiblePathFound,2598,1
304,EV08222807_5932,Event,08/02/2025,22:27:49,AdpeAbortedByOperator,8% ,AdpeAbortedByOperator,2598,0
71,EV08223807_5934,Event,08/02/2025,22:33:16,AutoDrillingAbortedNoRecoverFromLowPenetrationJam,2% ,AutoDrillingAbortedNoRecoverFromLowPenetrationJam,2600,0
71,EV08223807_5934,Event,08/02/2025,22:35:02,AutoDrillingAbortedNoRecoverFromLowPenetrationJam,2% ,AutoDrillingAbortedNoRecoverFromLowPenetrationJam,2600,0
126,EV08224308_5935,Event,08/02/2025,22:38:33,AutoDrillingAbortedDrillingAbortedByOperator,3% ,AutoDrillingAbortedDrillingAbortedByOperator,2601,0
304,EV08224308_5935,Event,08/02/2025,22:39:36,AdpeAbortedByOperator,8% ,AdpeAbortedByOperator,2601,0
126,EV08224808_5936,Event,08/02/2025,22:44:14,AutoDrillingAbortedDrillingAbortedByOperator,3% ,AutoDrillingAbortedDrillingAbortedByOperator,2602,0
126,EV08225308_5937,Event,08/02/2025,22:50:28,AutoDrillingAbortedDrillingAbortedByOperator,3% ,AutoDrillingAbortedDrillingAbortedByOperator,2603,0
2059,EV08230808_5940,Event,08/02/2025,23:04:41,AutoDrillingCompleted,53% ,AutoDrillingCompleted,2606,0
2059,EV08231309_5941,Event,08/02/2025,23:13:02,AutoDrillingCompleted,53% ,AutoDrillingCompleted,2607,0
2059,EV08232309_5943,Event,08/02/2025,23:21:25,AutoDrillingCompleted,53% ,AutoDrillingCompleted,2609,0
2059,EV08234310_5947,Event,08/02/2025,23:40:11,AutoDrillingCompleted,53% ,AutoDrillingCompleted,2613,0
2059,EV08235310_5949,Event,08/02/2025,23:48:54,AutoDrillingCompleted,53% ,AutoDrillingCompleted,2615,0
2059,EV09000310_5951,Event,08/02/2025,23:58:14,AutoDrillingCompleted,53% ,AutoDrillingCompleted,2617,0
2059,EV09000810_5952,Event,09/02/2025,00:06:48,AutoDrillingCompleted,53% ,AutoDrillingCompleted,2618,0
2059,EV09001811_5954,Event,09/02/2025,00:14:37,AutoDrillingCompleted,53% ,AutoDrillingCompleted,2620,0
2059,EV09002811_5956,Event,09/02/2025,00:23:15,AutoDrillingCompleted,53% ,AutoDrillingCompleted,2622,0
361,EV09002811_5956,Event,09/02/2025,00:27:06,AdpePausedByOperator,9% ,AdpePausedByOperator,2622,0
2059,EV09004812_5960,Event,09/02/2025,00:44:05,AutoDrillingCompleted,53% ,AutoDrillingCompleted,2626,0
152,EV09004812_5960,Event,09/02/2025,00:44:13,AutoStanceShiftFailedPosInterlockActive,4% ,AutoStanceShiftFailedPosInterlockActive,2626,1
3,EV09004812_5960,Event,09/02/2025,00:45:27,AdpeAbortedByEmergencyMode,0% ,AdpeAbortedByEmergencyMode,2626,0
152,EV09004812_5960,Event,09/02/2025,00:47:01,AutoStanceShiftFailedPosInterlockActive,4% ,AutoStanceShiftFailedPosInterlockActive,2626,1
2059,EV09005812_5962,Event,09/02/2025,00:53:56,AutoDrillingCompleted,53% ,AutoDrillingCompleted,2628,0
152,EV09005812_5962,Event,09/02/2025,00:55:18,AutoStanceShiftFailedPosInterlockActive,4% ,AutoStanceShiftFailedPosInterlockActive,2628,1
30,EV09010312_5963,Event,09/02/2025,01:01:36,StanceShiftBlockedBitInHole,1% ,StanceShiftBlockedBitInHole,2629,1
304,EV09010312_5963,Event,09/02/2025,01:01:40,AdpeAbortedByOperator,8% ,AdpeAbortedByOperator,2629,0
30,EV09010312_5963,Event,09/02/2025,01:01:42,StanceShiftBlockedBitInHole,1% ,StanceShiftBlockedBitInHole,2629,0
2059,EV09010813_5964,Event,09/02/2025,01:07:21,AutoDrillingCompleted,53% ,AutoDrillingCompleted,2630,0
81,EV09011313_5965,Event,09/02/2025,01:09:19,AutoNoFeasiblePathFound,2% ,AutoNoFeasiblePathFound,2631,0
81,EV09011313_5965,Event,09/02/2025,01:09:23,AutoNoFeasiblePathFound,2% ,AutoNoFeasiblePathFound,2631,2
361,EV09011313_5965,Event,09/02/2025,01:10:16,AdpePausedByOperator,9% ,AdpePausedByOperator,2631,0
81,EV09011313_5965,Event,09/02/2025,01:10:18,AutoNoFeasiblePathFound,2% ,AutoNoFeasiblePathFound,2631,1
304,EV09011313_5965,Event,09/02/2025,01:10:21,AdpeAbortedByOperator,8% ,AdpeAbortedByOperator,2631,0
361,EV09011313_5965,Event,09/02/2025,01:10:54,AdpePausedByOperator,9% ,AdpePausedByOperator,2631,0
304,EV09011313_5965,Event,09/02/2025,01:10:57,AdpeAbortedByOperator,8% ,AdpeAbortedByOperator,2631,0
152,EV09011313_5965,Event,09/02/2025,01:11:03,AutoStanceShiftFailedPosInterlockActive,4% ,AutoStanceShiftFailedPosInterlockActive,2631,1
361,EV09011313_5965,Event,09/02/2025,01:12:03,AdpePausedByOperator,9% ,AdpePausedByOperator,2631,0
304,EV09011313_5965,Event,09/02/2025,01:12:06,AdpeAbortedByOperator,8% ,AdpeAbortedByOperator,2631,0
361,EV09011313_5965,Event,09/02/2025,01:12:50,AdpePausedByOperator,9% ,AdpePausedByOperator,2631,0
304,EV09011313_5965,Event,09/02/2025,01:12:59,AdpeAbortedByOperator,8% ,AdpeAbortedByOperator,2631,0
361,EV09011313_5965,Event,09/02/2025,01:13:08,AdpePausedByOperator,9% ,AdpePausedByOperator,2631,0
304,EV09011813_5966,Event,09/02/2025,01:13:51,AdpeAbortedByOperator,8% ,AdpeAbortedByOperator,2632,0
22,EV09011813_5966,Event,09/02/2025,01:16:49,AutoDrillingAbortedCavityDetected,1% ,AutoDrillingAbortedCavityDetected,2632,1
247,EV09011813_5966,Event,09/02/2025,01:16:49,AutoDrillingAbortedAutonomousDrillingPaused,6% ,AutoDrillingAbortedAutonomousDrillingPaused,2632,3
22,EV09011813_5966,Event,09/02/2025,01:18:07,AutoDrillingAbortedCavityDetected,1% ,AutoDrillingAbortedCavityDetected,2632,1
247,EV09011813_5966,Event,09/02/2025,01:18:07,AutoDrillingAbortedAutonomousDrillingPaused,6% ,AutoDrillingAbortedAutonomousDrillingPaused,2632,3
2059,EV09012313_5967,Event,09/02/2025,01:20:04,AutoDrillingCompleted,53% ,AutoDrillingCompleted,2633,0
2059,EV09012813_5968,Event,09/02/2025,01:27:31,AutoDrillingCompleted,53% ,AutoDrillingCompleted,2634,0
2059,EV09013813_5970,Event,09/02/2025,01:35:51,AutoDrillingCompleted,53% ,AutoDrillingCompleted,2636,0
2059,EV09014814_5972,Event,09/02/2025,01:44:11,AutoDrillingCompleted,53% ,AutoDrillingCompleted,2638,0
2059,EV09015314_5973,Event,09/02/2025,01:52:00,AutoDrillingCompleted,53% ,AutoDrillingCompleted,2639,0
8,EV09015314_5973,Event,09/02/2025,01:53:07,AutoNavigationOutOfPath,0% ,AutoNavigationOutOfPath,2639,0
152,EV09015814_5974,Event,09/02/2025,01:57:38,AutoStanceShiftFailedPosInterlockActive,4% ,AutoStanceShiftFailedPosInterlockActive,2640,1
304,EV09015814_5974,Event,09/02/2025,01:57:55,AdpeAbortedByOperator,8% ,AdpeAbortedByOperator,2640,0
152,EV09020314_5975,Event,09/02/2025,01:59:59,AutoStanceShiftFailedPosInterlockActive,4% ,AutoStanceShiftFailedPosInterlockActive,2641,2
152,EV09021315_5976,Event,09/02/2025,02:11:08,AutoStanceShiftFailedPosInterlockActive,4% ,AutoStanceShiftFailedPosInterlockActive,2642,1
152,EV09064434_5982,Event,09/02/2025,06:41:01,AutoStanceShiftFailedPosInterlockActive,4% ,AutoStanceShiftFailedPosInterlockActive,2648,1
152,EV09064434_5982,Event,09/02/2025,06:41:08,AutoStanceShiftFailedPosInterlockActive,4% ,AutoStanceShiftFailedPosInterlockActive,2648,1
152,EV09072832_5990,Event,09/02/2025,07:27:35,AutoStanceShiftFailedPosInterlockActive,4% ,AutoStanceShiftFailedPosInterlockActive,2656,1
304,EV09072832_5990,Event,09/02/2025,07:27:38,AdpeAbortedByOperator,8% ,AdpeAbortedByOperator,2656,0
152,EV09072832_5990,Event,09/02/2025,07:27:39,AutoStanceShiftFailedPosInterlockActive,4% ,AutoStanceShiftFailedPosInterlockActive,2656,0
15,EV09072832_5990,Event,09/02/2025,07:28:13,AutoStanceShiftFailedAutoModeaDeactivated,0% ,AutoStanceShiftFailedAutoModeaDeactivated,2656,0
41,EV09073332_5991,Event,09/02/2025,07:33:17,AutoDrillingAbortedDrillingInterlocked,1% ,AutoDrillingAbortedDrillingInterlocked,2657,1
2059,EV09074832_5994,Event,09/02/2025,07:46:55,AutoDrillingCompleted,53% ,AutoDrillingCompleted,2660,0
152,EV09074832_5994,Event,09/02/2025,07:48:13,AutoStanceShiftFailedPosInterlockActive,4% ,AutoStanceShiftFailedPosInterlockActive,2660,1
2059,EV09080333_5997,Event,09/02/2025,08:01:34,AutoDrillingCompleted,53% ,AutoDrillingCompleted,2663,0
152,EV09082834_6000,Event,09/02/2025,08:26:16,AutoStanceShiftFailedPosInterlockActive,4% ,AutoStanceShiftFailedPosInterlockActive,2666,1
304,EV09082834_6000,Event,09/02/2025,08:26:19,AdpeAbortedByOperator,8% ,AdpeAbortedByOperator,2666,0
152,EV09082834_6000,Event,09/02/2025,08:26:19,AutoStanceShiftFailedPosInterlockActive,4% ,AutoStanceShiftFailedPosInterlockActive,2666,1
304,EV09082834_6000,Event,09/02/2025,08:26:22,AdpeAbortedByOperator,8% ,AdpeAbortedByOperator,2666,0
152,EV09082834_6000,Event,09/02/2025,08:26:24,AutoStanceShiftFailedPosInterlockActive,4% ,AutoStanceShiftFailedPosInterlockActive,2666,0
304,EV09082834_6000,Event,09/02/2025,08:26:31,AdpeAbortedByOperator,8% ,AdpeAbortedByOperator,2666,0
152,EV09082834_6000,Event,09/02/2025,08:26:32,AutoStanceShiftFailedPosInterlockActive,4% ,AutoStanceShiftFailedPosInterlockActive,2666,0
81,EV09082834_6000,Event,09/02/2025,08:27:49,AutoNoFeasiblePathFound,2% ,AutoNoFeasiblePathFound,2666,0
304,EV09083334_6001,Event,09/02/2025,08:28:55,AdpeAbortedByOperator,8% ,AdpeAbortedByOperator,2667,0
2059,EV09083834_6002,Event,09/02/2025,08:35:17,AutoDrillingCompleted,53% ,AutoDrillingCompleted,2668,0
152,EV09083834_6002,Event,09/02/2025,08:37:03,AutoStanceShiftFailedPosInterlockActive,4% ,AutoStanceShiftFailedPosInterlockActive,2668,1
152,EV09083834_6002,Event,09/02/2025,08:38:29,AutoStanceShiftFailedPosInterlockActive,4% ,AutoStanceShiftFailedPosInterlockActive,2668,1
361,EV09084334_6003,Event,09/02/2025,08:39:02,AdpePausedByOperator,9% ,AdpePausedByOperator,2669,0
152,EV09084834_6004,Event,09/02/2025,08:46:01,AutoStanceShiftFailedPosInterlockActive,4% ,AutoStanceShiftFailedPosInterlockActive,2670,0
152,EV09084834_6004,Event,09/02/2025,08:46:05,AutoStanceShiftFailedPosInterlockActive,4% ,AutoStanceShiftFailedPosInterlockActive,2670,1
152,EV09084834_6004,Event,09/02/2025,08:46:16,AutoStanceShiftFailedPosInterlockActive,4% ,AutoStanceShiftFailedPosInterlockActive,2670,1
152,EV09084834_6004,Event,09/02/2025,08:46:19,AutoStanceShiftFailedPosInterlockActive,4% ,AutoStanceShiftFailedPosInterlockActive,2670,1
2059,EV09085335_6005,Event,09/02/2025,08:53:30,AutoDrillingCompleted,53% ,AutoDrillingCompleted,2671,0
2059,EV09090335_6007,Event,09/02/2025,09:01:04,AutoDrillingCompleted,53% ,AutoDrillingCompleted,2673,0
2059,EV09090835_6008,Event,09/02/2025,09:08:30,AutoDrillingCompleted,53% ,AutoDrillingCompleted,2674,0
2059,EV09091835_6010,Event,09/02/2025,09:16:11,AutoDrillingCompleted,53% ,AutoDrillingCompleted,2676,0
2059,EV09092836_6012,Event,09/02/2025,09:23:44,AutoDrillingCompleted,53% ,AutoDrillingCompleted,2678,0
2059,EV09093336_6013,Event,09/02/2025,09:32:07,AutoDrillingCompleted,53% ,AutoDrillingCompleted,2679,0
2059,EV09094336_6015,Event,09/02/2025,09:40:56,AutoDrillingCompleted,53% ,AutoDrillingCompleted,2681,0
361,EV09094336_6015,Event,09/02/2025,09:43:36,AdpePausedByOperator,9% ,AdpePausedByOperator,2681,0
247,EV09094336_6015,Event,09/02/2025,09:43:36,AutoDrillingAbortedAutonomousDrillingPaused,6% ,AutoDrillingAbortedAutonomousDrillingPaused,2681,2
2059,EV09095836_6018,Event,09/02/2025,09:55:37,AutoDrillingCompleted,53% ,AutoDrillingCompleted,2684,0
361,EV09095836_6018,Event,09/02/2025,09:56:15,AdpePausedByOperator,9% ,AdpePausedByOperator,2684,0
304,EV09095836_6018,Event,09/02/2025,09:56:23,AdpeAbortedByOperator,8% ,AdpeAbortedByOperator,2684,0
22,EV09100337_6019,Event,09/02/2025,10:01:50,AutoDrillingAbortedCavityDetected,1% ,AutoDrillingAbortedCavityDetected,2685,1
247,EV09100337_6019,Event,09/02/2025,10:01:50,AutoDrillingAbortedAutonomousDrillingPaused,6% ,AutoDrillingAbortedAutonomousDrillingPaused,2685,3
2059,EV09100837_6020,Event,09/02/2025,10:04:37,AutoDrillingCompleted,53% ,AutoDrillingCompleted,2686,0
2059,EV09101837_6022,Event,09/02/2025,10:13:46,AutoDrillingCompleted,53% ,AutoDrillingCompleted,2688,0
2059,EV09102838_6024,Event,09/02/2025,10:23:49,AutoDrillingCompleted,53% ,AutoDrillingCompleted,2690,0
2059,EV09103838_6026,Event,09/02/2025,10:35:59,AutoDrillingCompleted,53% ,AutoDrillingCompleted,2692,0
2059,EV09104838_6028,Event,09/02/2025,10:44:49,AutoDrillingCompleted,53% ,AutoDrillingCompleted,2694,0
2059,EV09105339_6029,Event,09/02/2025,10:52:51,AutoDrillingCompleted,53% ,AutoDrillingCompleted,2695,0
41,EV09105839_6030,Event,09/02/2025,10:55:51,AutoDrillingAbortedDrillingInterlocked,1% ,AutoDrillingAbortedDrillingInterlocked,2696,1
2059,EV09110839_6032,Event,09/02/2025,11:06:05,AutoDrillingCompleted,53% ,AutoDrillingCompleted,2698,0
2059,EV09111339_6033,Event,09/02/2025,11:12:57,AutoDrillingCompleted,53% ,AutoDrillingCompleted,2699,0
2059,EV09112339_6035,Event,09/02/2025,11:20:17,AutoDrillingCompleted,53% ,AutoDrillingCompleted,2701,0
2059,EV09112840_6036,Event,09/02/2025,11:28:29,AutoDrillingCompleted,53% ,AutoDrillingCompleted,2702,0
2059,EV09113840_6038,Event,09/02/2025,11:36:31,AutoDrillingCompleted,53% ,AutoDrillingCompleted,2704,0
2059,EV09114840_6040,Event,09/02/2025,11:43:47,AutoDrillingCompleted,53% ,AutoDrillingCompleted,2706,0
2059,EV09115340_6041,Event,09/02/2025,11:51:49,AutoDrillingCompleted,53% ,AutoDrillingCompleted,2707,0
2059,EV09120340_6043,Event,09/02/2025,11:59:29,AutoDrillingCompleted,53% ,AutoDrillingCompleted,2709,0
2059,EV09121341_6045,Event,09/02/2025,12:08:41,AutoDrillingCompleted,53% ,AutoDrillingCompleted,2711,0
2059,EV09121841_6046,Event,09/02/2025,12:16:44,AutoDrillingCompleted,53% ,AutoDrillingCompleted,2712,0
2059,EV09122841_6048,Event,09/02/2025,12:25:16,AutoDrillingCompleted,53% ,AutoDrillingCompleted,2714,0
2059,EV09123341_6049,Event,09/02/2025,12:33:07,AutoDrillingCompleted,53% ,AutoDrillingCompleted,2715,0
2059,EV09124341_6051,Event,09/02/2025,12:40:53,AutoDrillingCompleted,53% ,AutoDrillingCompleted,2717,0
2059,EV09125342_6053,Event,09/02/2025,12:49:52,AutoDrillingCompleted,53% ,AutoDrillingCompleted,2719,0
2059,EV09125842_6054,Event,09/02/2025,12:57:04,AutoDrillingCompleted,53% ,AutoDrillingCompleted,2720,0
2059,EV09130842_6056,Event,09/02/2025,13:04:47,AutoDrillingCompleted,53% ,AutoDrillingCompleted,2722,0
41,EV09130842_6056,Event,09/02/2025,13:07:33,AutoDrillingAbortedDrillingInterlocked,1% ,AutoDrillingAbortedDrillingInterlocked,2722,0
2059,EV09132343_6059,Event,09/02/2025,13:21:53,AutoDrillingCompleted,53% ,AutoDrillingCompleted,2725,0
2059,EV09133343_6061,Event,09/02/2025,13:29:01,AutoDrillingCompleted,53% ,AutoDrillingCompleted,2727,0
12,EV09134844_6064,Event,09/02/2025,13:47:27,AutoDrillingAbortedCradlePositioningFailedMoveBackwardDuringExtraClean,0% ,AutoDrillingAbortedCradlePositioningFailedMoveBackwardDuringExtraClean,2730,0
304,EV09153347_6077,Event,09/02/2025,15:32:44,AdpeAbortedByOperator,8% ,AdpeAbortedByOperator,2743,0
126,EV09153847_6078,Event,09/02/2025,15:36:44,AutoDrillingAbortedDrillingAbortedByOperator,3% ,AutoDrillingAbortedDrillingAbortedByOperator,2744,0
2059,EV09155848_6081,Event,09/02/2025,15:57:16,AutoDrillingCompleted,53% ,AutoDrillingCompleted,2747,0
2059,EV09160848_6083,Event,09/02/2025,16:06:07,AutoDrillingCompleted,53% ,AutoDrillingCompleted,2749,0
361,EV09160848_6083,Event,09/02/2025,16:06:34,AdpePausedByOperator,9% ,AdpePausedByOperator,2749,0
2059,EV09170850_6093,Event,09/02/2025,17:08:24,AutoDrillingCompleted,53% ,AutoDrillingCompleted,2759,0
5,EV09172350_6095,Event,09/02/2025,17:21:18,AutoHoleUnreachableFromPosition,0% ,AutoHoleUnreachableFromPosition,2761,0
5,EV09172350_6095,Event,09/02/2025,17:22:22,AutoHoleUnreachableFromPosition,0% ,AutoHoleUnreachableFromPosition,2761,0
5,EV09172350_6095,Event,09/02/2025,17:23:02,AutoHoleUnreachableFromPosition,0% ,AutoHoleUnreachableFromPosition,2761,0
2059,EV09172851_6096,Event,09/02/2025,17:28:42,AutoDrillingCompleted,53% ,AutoDrillingCompleted,2762,0
304,EV09173351_6097,Event,09/02/2025,17:29:34,AdpeAbortedByOperator,8% ,AdpeAbortedByOperator,2763,0
2059,EV09173851_6098,Event,09/02/2025,17:36:18,AutoDrillingCompleted,53% ,AutoDrillingCompleted,2764,0
2059,EV09174851_6100,Event,09/02/2025,17:44:34,AutoDrillingCompleted,53% ,AutoDrillingCompleted,2766,0
2059,EV09175351_6101,Event,09/02/2025,17:51:43,AutoDrillingCompleted,53% ,AutoDrillingCompleted,2767,0
2059,EV09180352_6103,Event,09/02/2025,17:59:06,AutoDrillingCompleted,53% ,AutoDrillingCompleted,2769,0
2059,EV09180852_6104,Event,09/02/2025,18:06:14,AutoDrillingCompleted,53% ,AutoDrillingCompleted,2770,0
2059,EV09181352_6105,Event,09/02/2025,18:13:21,AutoDrillingCompleted,53% ,AutoDrillingCompleted,2771,0
2059,EV09182352_6107,Event,09/02/2025,18:20:50,AutoDrillingCompleted,53% ,AutoDrillingCompleted,2773,0
2059,EV09182852_6108,Event,09/02/2025,18:28:35,AutoDrillingCompleted,53% ,AutoDrillingCompleted,2774,0
2059,EV09183853_6110,Event,09/02/2025,18:37:04,AutoDrillingCompleted,53% ,AutoDrillingCompleted,2776,0
2059,EV09184853_6112,Event,09/02/2025,18:48:39,AutoDrillingCompleted,53% ,AutoDrillingCompleted,2778,0
2059,EV09185854_6114,Event,09/02/2025,18:56:29,AutoDrillingCompleted,53% ,AutoDrillingCompleted,2780,0
2059,EV09190354_6115,Event,09/02/2025,19:03:52,AutoDrillingCompleted,53% ,AutoDrillingCompleted,2781,0
2059,EV09191354_6117,Event,09/02/2025,19:12:02,AutoDrillingCompleted,53% ,AutoDrillingCompleted,2783,0
2059,EV09192355_6119,Event,09/02/2025,19:19:14,AutoDrillingCompleted,53% ,AutoDrillingCompleted,2785,0
361,EV09192355_6119,Event,09/02/2025,19:21:05,AdpePausedByOperator,9% ,AdpePausedByOperator,2785,0
247,EV09192355_6119,Event,09/02/2025,19:21:05,AutoDrillingAbortedAutonomousDrillingPaused,6% ,AutoDrillingAbortedAutonomousDrillingPaused,2785,2
2059,EV09193355_6121,Event,09/02/2025,19:31:49,AutoDrillingCompleted,53% ,AutoDrillingCompleted,2787,0
2059,EV09193855_6122,Event,09/02/2025,19:38:29,AutoDrillingCompleted,53% ,AutoDrillingCompleted,2788,0
2059,EV09194855_6124,Event,09/02/2025,19:44:55,AutoDrillingCompleted,53% ,AutoDrillingCompleted,2790,0
2059,EV09195356_6125,Event,09/02/2025,19:52:01,AutoDrillingCompleted,53% ,AutoDrillingCompleted,2791,0
2059,EV09195856_6126,Event,09/02/2025,19:58:53,AutoDrillingCompleted,53% ,AutoDrillingCompleted,2792,0
2059,EV09200856_6128,Event,09/02/2025,20:06:54,AutoDrillingCompleted,53% ,AutoDrillingCompleted,2794,0
361,EV09200856_6128,Event,09/02/2025,20:08:50,AdpePausedByOperator,9% ,AdpePausedByOperator,2794,1
247,EV09200856_6128,Event,09/02/2025,20:08:50,AutoDrillingAbortedAutonomousDrillingPaused,6% ,AutoDrillingAbortedAutonomousDrillingPaused,2794,3
2059,EV09202356_6131,Event,09/02/2025,20:21:06,AutoDrillingCompleted,53% ,AutoDrillingCompleted,2797,0
2059,EV09203357_6133,Event,09/02/2025,20:33:47,AutoDrillingCompleted,53% ,AutoDrillingCompleted,2799,0
2059,EV09204357_6135,Event,09/02/2025,20:41:56,AutoDrillingCompleted,53% ,AutoDrillingCompleted,2801,0
2059,EV09205357_6137,Event,09/02/2025,20:49:36,AutoDrillingCompleted,53% ,AutoDrillingCompleted,2803,0
2059,EV09205857_6138,Event,09/02/2025,20:56:07,AutoDrillingCompleted,53% ,AutoDrillingCompleted,2804,0
2059,EV09210358_6139,Event,09/02/2025,21:03:08,AutoDrillingCompleted,53% ,AutoDrillingCompleted,2805,0
2059,EV09211358_6141,Event,09/02/2025,21:10:05,AutoDrillingCompleted,53% ,AutoDrillingCompleted,2807,0
361,EV09211858_6142,Event,09/02/2025,21:16:23,AdpePausedByOperator,9% ,AdpePausedByOperator,2808,0
247,EV09211858_6142,Event,09/02/2025,21:16:23,AutoDrillingAbortedAutonomousDrillingPaused,6% ,AutoDrillingAbortedAutonomousDrillingPaused,2808,2
2059,EV09212358_6143,Event,09/02/2025,21:22:48,AutoDrillingCompleted,53% ,AutoDrillingCompleted,2809,0
2059,EV09213359_6145,Event,09/02/2025,21:30:07,AutoDrillingCompleted,53% ,AutoDrillingCompleted,2811,0
2059,EV09213859_6146,Event,09/02/2025,21:37:20,AutoDrillingCompleted,53% ,AutoDrillingCompleted,2812,0
2059,EV09214859_6148,Event,09/02/2025,21:44:52,AutoDrillingCompleted,53% ,AutoDrillingCompleted,2814,0
2059,EV09215359_6149,Event,09/02/2025,21:52:00,AutoDrillingCompleted,53% ,AutoDrillingCompleted,2815,0
2059,EV09220359_6151,Event,09/02/2025,22:00:17,AutoDrillingCompleted,53% ,AutoDrillingCompleted,2817,0
2059,EV09220859_6152,Event,09/02/2025,22:08:53,AutoDrillingCompleted,53% ,AutoDrillingCompleted,2818,0
2059,EV09221900_6154,Event,09/02/2025,22:16:43,AutoDrillingCompleted,53% ,AutoDrillingCompleted,2820,0
2059,EV09222900_6156,Event,09/02/2025,22:25:02,AutoDrillingCompleted,53% ,AutoDrillingCompleted,2822,0
16,EV09224401_6158,Event,09/02/2025,22:39:43,AutoDrillingAbortedNoRecoverFromHighRotationPressureJam,0% ,AutoDrillingAbortedNoRecoverFromHighRotationPressureJam,2824,0
247,EV09224401_6158,Event,09/02/2025,22:41:52,AutoDrillingAbortedAutonomousDrillingPaused,6% ,AutoDrillingAbortedAutonomousDrillingPaused,2824,0
2059,EV09225901_6161,Event,09/02/2025,22:58:53,AutoDrillingCompleted,53% ,AutoDrillingCompleted,2827,0
2059,EV09230901_6163,Event,09/02/2025,23:05:29,AutoDrillingCompleted,53% ,AutoDrillingCompleted,2829,0
2059,EV09231402_6164,Event,09/02/2025,23:11:36,AutoDrillingCompleted,53% ,AutoDrillingCompleted,2830,0
2059,EV09231902_6165,Event,09/02/2025,23:17:25,AutoDrillingCompleted,53% ,AutoDrillingCompleted,2831,0
2059,EV09232402_6166,Event,09/02/2025,23:23:41,AutoDrillingCompleted,53% ,AutoDrillingCompleted,2832,0
361,EV09232902_6167,Event,09/02/2025,23:25:30,AdpePausedByOperator,9% ,AdpePausedByOperator,2833,0
247,EV09232902_6167,Event,09/02/2025,23:25:30,AutoDrillingAbortedAutonomousDrillingPaused,6% ,AutoDrillingAbortedAutonomousDrillingPaused,2833,2
2059,EV09233903_6169,Event,09/02/2025,23:36:58,AutoDrillingCompleted,53% ,AutoDrillingCompleted,2835,0
2059,EV09234403_6170,Event,09/02/2025,23:43:18,AutoDrillingCompleted,53% ,AutoDrillingCompleted,2836,0
2059,EV09235403_6172,Event,09/02/2025,23:49:36,AutoDrillingCompleted,53% ,AutoDrillingCompleted,2838,0
2059,EV10000403_6174,Event,10/02/2025,00:00:43,AutoDrillingCompleted,53% ,AutoDrillingCompleted,2840,0
361,EV10000403_6174,Event,10/02/2025,00:01:36,AdpePausedByOperator,9% ,AdpePausedByOperator,2840,0
304,EV10000904_6175,Event,10/02/2025,00:07:38,AdpeAbortedByOperator,8% ,AdpeAbortedByOperator,2841,0
152,EV10003905_6179,Event,10/02/2025,00:35:20,AutoStanceShiftFailedPosInterlockActive,4% ,AutoStanceShiftFailedPosInterlockActive,2845,0
2059,EV10005405_6182,Event,10/02/2025,00:52:21,AutoDrillingCompleted,53% ,AutoDrillingCompleted,2848,0
8,EV10005405_6182,Event,10/02/2025,00:53:28,AutoNavigationOutOfPath,0% ,AutoNavigationOutOfPath,2848,0
2059,EV10010406_6184,Event,10/02/2025,01:02:57,AutoDrillingCompleted,53% ,AutoDrillingCompleted,2850,0
2059,EV10011406_6186,Event,10/02/2025,01:12:19,AutoDrillingCompleted,53% ,AutoDrillingCompleted,2852,0
361,EV10011906_6187,Event,10/02/2025,01:15:54,AdpePausedByOperator,9% ,AdpePausedByOperator,2853,0
247,EV10011906_6187,Event,10/02/2025,01:15:54,AutoDrillingAbortedAutonomousDrillingPaused,6% ,AutoDrillingAbortedAutonomousDrillingPaused,2853,2
2059,EV10013407_6190,Event,10/02/2025,01:29:30,AutoDrillingCompleted,53% ,AutoDrillingCompleted,2856,0
2059,EV10013907_6191,Event,10/02/2025,01:36:51,AutoDrillingCompleted,53% ,AutoDrillingCompleted,2857,0
2059,EV10014407_6192,Event,10/02/2025,01:43:17,AutoDrillingCompleted,53% ,AutoDrillingCompleted,2858,0
2059,EV10015408_6194,Event,10/02/2025,01:51:22,AutoDrillingCompleted,53% ,AutoDrillingCompleted,2860,0
2059,EV10015908_6195,Event,10/02/2025,01:57:37,AutoDrillingCompleted,53% ,AutoDrillingCompleted,2861,0
2059,EV10021408_6198,Event,10/02/2025,02:09:34,AutoDrillingCompleted,53% ,AutoDrillingCompleted,2864,0
2059,EV10021908_6199,Event,10/02/2025,02:18:03,AutoDrillingCompleted,53% ,AutoDrillingCompleted,2865,0
2059,EV10022909_6201,Event,10/02/2025,02:26:42,AutoDrillingCompleted,53% ,AutoDrillingCompleted,2867,0
2059,EV10023909_6203,Event,10/02/2025,02:35:46,AutoDrillingCompleted,53% ,AutoDrillingCompleted,2869,0
2059,EV10024909_6205,Event,10/02/2025,02:44:45,AutoDrillingCompleted,53% ,AutoDrillingCompleted,2871,0
361,EV10025409_6206,Event,10/02/2025,02:53:11,AdpePausedByOperator,9% ,AdpePausedByOperator,2872,0
247,EV10025409_6206,Event,10/02/2025,02:53:11,AutoDrillingAbortedAutonomousDrillingPaused,6% ,AutoDrillingAbortedAutonomousDrillingPaused,2872,2
2059,EV10030410_6208,Event,10/02/2025,03:00:08,AutoDrillingCompleted,53% ,AutoDrillingCompleted,2874,0
37,EV10030410_6208,Event,10/02/2025,03:00:44,AutoStanceShiftPreconditionNotMet,1% ,AutoStanceShiftPreconditionNotMet,2874,0
37,EV10031910_6210,Event,10/02/2025,03:15:04,AutoStanceShiftPreconditionNotMet,1% ,AutoStanceShiftPreconditionNotMet,2876,0
37,EV10031910_6210,Event,10/02/2025,03:15:21,AutoStanceShiftPreconditionNotMet,1% ,AutoStanceShiftPreconditionNotMet,2876,0
304,EV10031910_6210,Event,10/02/2025,03:15:30,AdpeAbortedByOperator,8% ,AdpeAbortedByOperator,2876,0
2059,EV10032910_6212,Event,10/02/2025,03:26:20,AutoDrillingCompleted,53% ,AutoDrillingCompleted,2878,0
2059,EV10033911_6214,Event,10/02/2025,03:34:29,AutoDrillingCompleted,53% ,AutoDrillingCompleted,2880,0
247,EV10034411_6215,Event,10/02/2025,03:41:53,AutoDrillingAbortedAutonomousDrillingPaused,6% ,AutoDrillingAbortedAutonomousDrillingPaused,2881,2
2059,EV10034911_6216,Event,10/02/2025,03:45:29,AutoDrillingCompleted,53% ,AutoDrillingCompleted,2882,0
2059,EV10035411_6217,Event,10/02/2025,03:52:31,AutoDrillingCompleted,53% ,AutoDrillingCompleted,2883,0
2059,EV10035911_6218,Event,10/02/2025,03:59:05,AutoDrillingCompleted,53% ,AutoDrillingCompleted,2884,0
2059,EV10040912_6220,Event,10/02/2025,04:06:48,AutoDrillingCompleted,53% ,AutoDrillingCompleted,2886,0
2059,EV10041412_6221,Event,10/02/2025,04:14:03,AutoDrillingCompleted,53% ,AutoDrillingCompleted,2887,0
2059,EV10042412_6223,Event,10/02/2025,04:21:52,AutoDrillingCompleted,53% ,AutoDrillingCompleted,2889,0
361,EV10042912_6224,Event,10/02/2025,04:26:58,AdpePausedByOperator,9% ,AdpePausedByOperator,2890,0
247,EV10042912_6224,Event,10/02/2025,04:26:58,AutoDrillingAbortedAutonomousDrillingPaused,6% ,AutoDrillingAbortedAutonomousDrillingPaused,2890,2
2059,EV10043912_6226,Event,10/02/2025,04:37:39,AutoDrillingCompleted,53% ,AutoDrillingCompleted,2892,0
2059,EV10045913_6230,Event,10/02/2025,04:54:52,AutoDrillingCompleted,53% ,AutoDrillingCompleted,2896,0
2059,EV10050413_6231,Event,10/02/2025,05:01:35,AutoDrillingCompleted,53% ,AutoDrillingCompleted,2897,0
2059,EV10050913_6232,Event,10/02/2025,05:08:41,AutoDrillingCompleted,53% ,AutoDrillingCompleted,2898,0
2059,EV10051913_6234,Event,10/02/2025,05:15:13,AutoDrillingCompleted,53% ,AutoDrillingCompleted,2900,0
2059,EV10052414_6235,Event,10/02/2025,05:22:07,AutoDrillingCompleted,53% ,AutoDrillingCompleted,2901,0
2059,EV10053914_6237,Event,10/02/2025,05:35:03,AutoDrillingCompleted,53% ,AutoDrillingCompleted,2903,0
2059,EV10054914_6239,Event,10/02/2025,05:45:01,AutoDrillingCompleted,53% ,AutoDrillingCompleted,2905,0
81,EV10054914_6239,Event,10/02/2025,05:45:36,AutoNoFeasiblePathFound,2% ,AutoNoFeasiblePathFound,2905,0
304,EV10054914_6239,Event,10/02/2025,05:48:07,AdpeAbortedByOperator,8% ,AdpeAbortedByOperator,2905,0
361,EV10055414_6240,Event,10/02/2025,05:50:36,AdpePausedByOperator,9% ,AdpePausedByOperator,2906,1
304,EV10055414_6240,Event,10/02/2025,05:50:49,AdpeAbortedByOperator,8% ,AdpeAbortedByOperator,2906,0
2059,EV10055915_6241,Event,10/02/2025,05:57:47,AutoDrillingCompleted,53% ,AutoDrillingCompleted,2907,0
2059,EV10060915_6243,Event,10/02/2025,06:05:16,AutoDrillingCompleted,53% ,AutoDrillingCompleted,2909,0
2059,EV10061415_6244,Event,10/02/2025,06:13:36,AutoDrillingCompleted,53% ,AutoDrillingCompleted,2910,0
2059,EV10062415_6246,Event,10/02/2025,06:21:45,AutoDrillingCompleted,53% ,AutoDrillingCompleted,2912,0
2059,EV10063416_6248,Event,10/02/2025,06:29:20,AutoDrillingCompleted,53% ,AutoDrillingCompleted,2914,0
152,EV10070417_6252,Event,10/02/2025,07:01:37,AutoStanceShiftFailedPosInterlockActive,4% ,AutoStanceShiftFailedPosInterlockActive,2918,0
304,EV10070417_6252,Event,10/02/2025,07:01:41,AdpeAbortedByOperator,8% ,AdpeAbortedByOperator,2918,0
152,EV10070417_6252,Event,10/02/2025,07:01:42,AutoStanceShiftFailedPosInterlockActive,4% ,AutoStanceShiftFailedPosInterlockActive,2918,0
304,EV10070417_6252,Event,10/02/2025,07:01:44,AdpeAbortedByOperator,8% ,AdpeAbortedByOperator,2918,0
2059,EV10071417_6254,Event,10/02/2025,07:10:49,AutoDrillingCompleted,53% ,AutoDrillingCompleted,2920,0
2059,EV10071917_6255,Event,10/02/2025,07:18:55,AutoDrillingCompleted,53% ,AutoDrillingCompleted,2921,0
81,EV10072417_6256,Event,10/02/2025,07:19:28,AutoNoFeasiblePathFound,2% ,AutoNoFeasiblePathFound,2922,0
37,EV10072417_6256,Event,10/02/2025,07:19:41,AutoStanceShiftPreconditionNotMet,1% ,AutoStanceShiftPreconditionNotMet,2922,0
304,EV10072417_6256,Event,10/02/2025,07:19:50,AdpeAbortedByOperator,8% ,AdpeAbortedByOperator,2922,0
81,EV10072417_6256,Event,10/02/2025,07:20:23,AutoNoFeasiblePathFound,2% ,AutoNoFeasiblePathFound,2922,0
2059,EV10073417_6258,Event,10/02/2025,07:29:35,AutoDrillingCompleted,53% ,AutoDrillingCompleted,2924,0
2059,EV10073918_6259,Event,10/02/2025,07:38:03,AutoDrillingCompleted,53% ,AutoDrillingCompleted,2925,0
2059,EV10074918_6261,Event,10/02/2025,07:46:25,AutoDrillingCompleted,53% ,AutoDrillingCompleted,2927,0
12,EV10080418_6263,Event,10/02/2025,08:03:55,AutoDrillingAbortedCradlePositioningFailedMoveBackwardDuringExtraClean,0% ,AutoDrillingAbortedCradlePositioningFailedMoveBackwardDuringExtraClean,2929,0
2059,EV10081419_6265,Event,10/02/2025,08:10:17,AutoDrillingCompleted,53% ,AutoDrillingCompleted,2931,0
2059,EV10081919_6266,Event,10/02/2025,08:19:01,AutoDrillingCompleted,53% ,AutoDrillingCompleted,2932,0
2059,EV10082919_6268,Event,10/02/2025,08:27:15,AutoDrillingCompleted,53% ,AutoDrillingCompleted,2934,0
81,EV10082919_6268,Event,10/02/2025,08:27:50,AutoNoFeasiblePathFound,2% ,AutoNoFeasiblePathFound,2934,0
81,EV10082919_6268,Event,10/02/2025,08:28:22,AutoNoFeasiblePathFound,2% ,AutoNoFeasiblePathFound,2934,0
81,EV10082919_6268,Event,10/02/2025,08:28:37,AutoNoFeasiblePathFound,2% ,AutoNoFeasiblePathFound,2934,1
2059,EV10084420_6271,Event,10/02/2025,08:39:40,AutoDrillingCompleted,53% ,AutoDrillingCompleted,2937,0
361,EV10084420_6271,Event,10/02/2025,08:41:47,AdpePausedByOperator,9% ,AdpePausedByOperator,2937,0
247,EV10084420_6271,Event,10/02/2025,08:41:47,AutoDrillingAbortedAutonomousDrillingPaused,6% ,AutoDrillingAbortedAutonomousDrillingPaused,2937,2
304,EV10091421_6277,Event,10/02/2025,09:12:11,AdpeAbortedByOperator,8% ,AdpeAbortedByOperator,2943,0
81,EV10092921_6280,Event,10/02/2025,09:28:34,AutoNoFeasiblePathFound,2% ,AutoNoFeasiblePathFound,2946,0
304,EV10093421_6281,Event,10/02/2025,09:32:17,AdpeAbortedByOperator,8% ,AdpeAbortedByOperator,2947,0
2059,EV10093922_6282,Event,10/02/2025,09:38:39,AutoDrillingCompleted,53% ,AutoDrillingCompleted,2948,0
71,EV10095422_6285,Event,10/02/2025,09:51:44,AutoDrillingAbortedNoRecoverFromLowPenetrationJam,2% ,AutoDrillingAbortedNoRecoverFromLowPenetrationJam,2951,0
126,EV10095422_6285,Event,10/02/2025,09:52:11,AutoDrillingAbortedDrillingAbortedByOperator,3% ,AutoDrillingAbortedDrillingAbortedByOperator,2951,0
71,EV10100922_6288,Event,10/02/2025,10:07:18,AutoDrillingAbortedNoRecoverFromLowPenetrationJam,2% ,AutoDrillingAbortedNoRecoverFromLowPenetrationJam,2954,0
2059,EV10102423_6290,Event,10/02/2025,10:20:26,AutoDrillingCompleted,53% ,AutoDrillingCompleted,2956,0
2059,EV10102923_6291,Event,10/02/2025,10:28:59,AutoDrillingCompleted,53% ,AutoDrillingCompleted,2957,0
2059,EV10103923_6293,Event,10/02/2025,10:37:38,AutoDrillingCompleted,53% ,AutoDrillingCompleted,2959,0
71,EV10105424_6295,Event,10/02/2025,10:51:51,AutoDrillingAbortedNoRecoverFromLowPenetrationJam,2% ,AutoDrillingAbortedNoRecoverFromLowPenetrationJam,2961,0
126,EV10110924_6297,Event,10/02/2025,11:09:12,AutoDrillingAbortedDrillingAbortedByOperator,3% ,AutoDrillingAbortedDrillingAbortedByOperator,2963,0
126,EV10111424_6298,Event,10/02/2025,11:11:34,AutoDrillingAbortedDrillingAbortedByOperator,3% ,AutoDrillingAbortedDrillingAbortedByOperator,2964,0
2059,EV10111925_6299,Event,10/02/2025,11:15:27,AutoDrillingCompleted,53% ,AutoDrillingCompleted,2965,0
2059,EV10112925_6301,Event,10/02/2025,11:26:36,AutoDrillingCompleted,53% ,AutoDrillingCompleted,2966,0
2059,EV10113925_6302,Event,10/02/2025,11:36:57,AutoDrillingCompleted,53% ,AutoDrillingCompleted,2967,0
2059,EV10114926_6303,Event,10/02/2025,11:47:58,AutoDrillingCompleted,53% ,AutoDrillingCompleted,2968,0
2059,EV10120426_6306,Event,10/02/2025,12:01:27,AutoDrillingCompleted,53% ,AutoDrillingCompleted,2971,0
2059,EV10121426_6307,Event,10/02/2025,12:13:40,AutoDrillingCompleted,53% ,AutoDrillingCompleted,2972,0
361,EV10121927_6308,Event,10/02/2025,12:15:24,AdpePausedByOperator,9% ,AdpePausedByOperator,2973,0
247,EV10121927_6308,Event,10/02/2025,12:15:24,AutoDrillingAbortedAutonomousDrillingPaused,6% ,AutoDrillingAbortedAutonomousDrillingPaused,2973,2
2059,EV10125428_6312,Event,10/02/2025,12:50:16,AutoDrillingCompleted,53% ,AutoDrillingCompleted,2977,0
2059,EV10130428_6313,Event,10/02/2025,13:01:45,AutoDrillingCompleted,53% ,AutoDrillingCompleted,2978,0
361,EV10130428_6313,Event,10/02/2025,13:02:11,AdpePausedByOperator,9% ,AdpePausedByOperator,2978,0
2059,EV10135627_6320,Event,10/02/2025,13:53:17,AutoDrillingCompleted,53% ,AutoDrillingCompleted,2985,0
2059,EV10140628_6321,Event,10/02/2025,14:04:17,AutoDrillingCompleted,53% ,AutoDrillingCompleted,2986,0
2059,EV10141628_6323,Event,10/02/2025,14:15:07,AutoDrillingCompleted,53% ,AutoDrillingCompleted,2988,0
2059,EV10143128_6326,Event,10/02/2025,14:27:04,AutoDrillingCompleted,53% ,AutoDrillingCompleted,2991,0
2059,EV10144129_6327,Event,10/02/2025,14:39:04,AutoDrillingCompleted,53% ,AutoDrillingCompleted,2992,0
81,EV10144129_6327,Event,10/02/2025,14:39:43,AutoNoFeasiblePathFound,2% ,AutoNoFeasiblePathFound,2992,0
81,EV10144629_6328,Event,10/02/2025,14:42:30,AutoNoFeasiblePathFound,2% ,AutoNoFeasiblePathFound,2993,0
81,EV10144629_6328,Event,10/02/2025,14:42:35,AutoNoFeasiblePathFound,2% ,AutoNoFeasiblePathFound,2993,0
37,EV10144629_6328,Event,10/02/2025,14:43:26,AutoStanceShiftPreconditionNotMet,1% ,AutoStanceShiftPreconditionNotMet,2993,1
37,EV10144629_6328,Event,10/02/2025,14:43:36,AutoStanceShiftPreconditionNotMet,1% ,AutoStanceShiftPreconditionNotMet,2993,0
304,EV10144629_6328,Event,10/02/2025,14:44:01,AdpeAbortedByOperator,8% ,AdpeAbortedByOperator,2993,0
12,EV10144629_6328,Event,10/02/2025,14:44:53,AutoStanceShiftFailedHoleOutOfReach,0% ,AutoStanceShiftFailedHoleOutOfReach,2993,0
304,EV10144629_6328,Event,10/02/2025,14:45:48,AdpeAbortedByOperator,8% ,AdpeAbortedByOperator,2993,0
2059,EV10150129_6330,Event,10/02/2025,14:58:39,AutoDrillingCompleted,53% ,AutoDrillingCompleted,2995,0
83,EV10150129_6330,Event,10/02/2025,14:59:22,AutoTrammingBlockedTramInterlockActive,2% ,AutoTrammingBlockedTramInterlockActive,2995,1
14,EV10151630_6332,Event,10/02/2025,15:11:59,AdpeAbortedFromOpsLevers,0% ,AdpeAbortedFromOpsLevers,2997,0
247,EV10151630_6332,Event,10/02/2025,15:11:59,AutoDrillingAbortedAutonomousDrillingPaused,6% ,AutoDrillingAbortedAutonomousDrillingPaused,2997,1
2059,EV10152130_6333,Event,10/02/2025,15:17:24,AutoDrillingCompleted,53% ,AutoDrillingCompleted,2998,0
361,EV10152130_6333,Event,10/02/2025,15:18:09,AdpePausedByOperator,9% ,AdpePausedByOperator,2998,0
304,EV10152130_6333,Event,10/02/2025,15:18:19,AdpeAbortedByOperator,8% ,AdpeAbortedByOperator,2998,0
2059,EV10153130_6335,Event,10/02/2025,15:30:54,AutoDrillingCompleted,53% ,AutoDrillingCompleted,3000,0
41,EV10154130_6337,Event,10/02/2025,15:39:28,AutoDrillingAbortedDrillingInterlocked,1% ,AutoDrillingAbortedDrillingInterlocked,3002,1
2059,EV10155131_6339,Event,10/02/2025,15:51:15,AutoDrillingCompleted,53% ,AutoDrillingCompleted,3004,0
7,EV10155631_6340,Event,10/02/2025,15:52:11,AutoTrammingBlockedAutoModeDeactivated,0% ,AutoTrammingBlockedAutoModeDeactivated,3005,1
304,EV10155631_6340,Event,10/02/2025,15:52:15,AdpeAbortedByOperator,8% ,AdpeAbortedByOperator,3005,0
2059,EV10160631_6342,Event,10/02/2025,16:05:48,AutoDrillingCompleted,53% ,AutoDrillingCompleted,3007,0
2059,EV10161631_6344,Event,10/02/2025,16:16:24,AutoDrillingCompleted,53% ,AutoDrillingCompleted,3009,0
2059,EV10163132_6347,Event,10/02/2025,16:26:53,AutoDrillingCompleted,53% ,AutoDrillingCompleted,3012,0
2059,EV10164132_6349,Event,10/02/2025,16:38:06,AutoDrillingCompleted,53% ,AutoDrillingCompleted,3014,0
2059,EV10165132_6350,Event,10/02/2025,16:50:09,AutoDrillingCompleted,53% ,AutoDrillingCompleted,3015,0
2059,EV10170633_6353,Event,10/02/2025,17:03:58,AutoDrillingCompleted,53% ,AutoDrillingCompleted,3018,0
2059,EV10171633_6355,Event,10/02/2025,17:16:13,AutoDrillingCompleted,53% ,AutoDrillingCompleted,3020,0
2059,EV10173134_6358,Event,10/02/2025,17:27:38,AutoDrillingCompleted,53% ,AutoDrillingCompleted,3023,0
2059,EV10174134_6359,Event,10/02/2025,17:39:11,AutoDrillingCompleted,53% ,AutoDrillingCompleted,3024,0
361,EV10174134_6359,Event,10/02/2025,17:39:59,AdpePausedByOperator,9% ,AdpePausedByOperator,3024,0
304,EV10174134_6359,Event,10/02/2025,17:40:10,AdpeAbortedByOperator,8% ,AdpeAbortedByOperator,3024,0
2059,EV10175635_6361,Event,10/02/2025,17:53:18,AutoDrillingCompleted,53% ,AutoDrillingCompleted,3026,0
2059,EV10180635_6362,Event,10/02/2025,18:03:33,AutoDrillingCompleted,53% ,AutoDrillingCompleted,3027,0
81,EV10180635_6362,Event,10/02/2025,18:04:07,AutoNoFeasiblePathFound,2% ,AutoNoFeasiblePathFound,3027,0
304,EV10181135_6363,Event,10/02/2025,18:09:54,AdpeAbortedByOperator,8% ,AdpeAbortedByOperator,3028,0
2059,EV10182636_6366,Event,10/02/2025,18:21:47,AutoDrillingCompleted,53% ,AutoDrillingCompleted,3031,0
361,EV10183136_6367,Event,10/02/2025,18:28:22,AdpePausedByOperator,9% ,AdpePausedByOperator,3032,0
247,EV10183136_6367,Event,10/02/2025,18:28:22,AutoDrillingAbortedAutonomousDrillingPaused,6% ,AutoDrillingAbortedAutonomousDrillingPaused,3032,2
2059,EV10184136_6369,Event,10/02/2025,18:39:28,AutoDrillingCompleted,53% ,AutoDrillingCompleted,3034,0
8,EV10184136_6369,Event,10/02/2025,18:40:25,AutoNavigationOutOfPath,0% ,AutoNavigationOutOfPath,3034,0
2059,EV10185637_6372,Event,10/02/2025,18:55:38,AutoDrillingCompleted,53% ,AutoDrillingCompleted,3037,0
361,EV10190637_6374,Event,10/02/2025,19:04:41,AdpePausedByOperator,9% ,AdpePausedByOperator,3039,0
247,EV10190637_6374,Event,10/02/2025,19:04:41,AutoDrillingAbortedAutonomousDrillingPaused,6% ,AutoDrillingAbortedAutonomousDrillingPaused,3039,2
2059,EV10191637_6376,Event,10/02/2025,19:15:52,AutoDrillingCompleted,53% ,AutoDrillingCompleted,3041,0
2059,EV10192637_6378,Event,10/02/2025,19:24:29,AutoDrillingCompleted,53% ,AutoDrillingCompleted,3043,0
2059,EV10193638_6379,Event,10/02/2025,19:34:49,AutoDrillingCompleted,53% ,AutoDrillingCompleted,3044,0
2059,EV10194638_6381,Event,10/02/2025,19:43:38,AutoDrillingCompleted,53% ,AutoDrillingCompleted,3046,0
2059,EV10195638_6383,Event,10/02/2025,19:52:00,AutoDrillingCompleted,53% ,AutoDrillingCompleted,3048,0
2059,EV10200139_6384,Event,10/02/2025,20:00:17,AutoDrillingCompleted,53% ,AutoDrillingCompleted,3049,0
361,EV10200639_6385,Event,10/02/2025,20:05:39,AdpePausedByOperator,9% ,AdpePausedByOperator,3050,0
247,EV10200639_6385,Event,10/02/2025,20:05:39,AutoDrillingAbortedAutonomousDrillingPaused,6% ,AutoDrillingAbortedAutonomousDrillingPaused,3050,2
2059,EV10201639_6387,Event,10/02/2025,20:15:12,AutoDrillingCompleted,53% ,AutoDrillingCompleted,3052,0
2059,EV10202639_6389,Event,10/02/2025,20:24:07,AutoDrillingCompleted,53% ,AutoDrillingCompleted,3054,0
2059,EV10203640_6391,Event,10/02/2025,20:33:04,AutoDrillingCompleted,53% ,AutoDrillingCompleted,3056,0
2059,EV10204640_6393,Event,10/02/2025,20:41:42,AutoDrillingCompleted,53% ,AutoDrillingCompleted,3058,0
2059,EV10205640_6395,Event,10/02/2025,20:55:04,AutoDrillingCompleted,53% ,AutoDrillingCompleted,3060,0
2059,EV10210641_6397,Event,10/02/2025,21:05:04,AutoDrillingCompleted,53% ,AutoDrillingCompleted,3062,0
361,EV10212141_6399,Event,10/02/2025,21:17:06,AdpePausedByOperator,9% ,AdpePausedByOperator,3064,0
247,EV10212141_6399,Event,10/02/2025,21:17:06,AutoDrillingAbortedAutonomousDrillingPaused,6% ,AutoDrillingAbortedAutonomousDrillingPaused,3064,2
2059,EV10213142_6401,Event,10/02/2025,21:29:59,AutoDrillingCompleted,53% ,AutoDrillingCompleted,3066,0
2059,EV10214142_6403,Event,10/02/2025,21:39:26,AutoDrillingCompleted,53% ,AutoDrillingCompleted,3068,0
2059,EV10215142_6405,Event,10/02/2025,21:49:56,AutoDrillingCompleted,53% ,AutoDrillingCompleted,3070,0
2059,EV10220142_6407,Event,10/02/2025,21:58:10,AutoDrillingCompleted,53% ,AutoDrillingCompleted,3072,0
2059,EV10220642_6408,Event,10/02/2025,22:06:08,AutoDrillingCompleted,53% ,AutoDrillingCompleted,3073,0
2059,EV10222643_6411,Event,10/02/2025,22:23:20,AutoDrillingCompleted,53% ,AutoDrillingCompleted,3076,0
2059,EV10223643_6413,Event,10/02/2025,22:34:54,AutoDrillingCompleted,53% ,AutoDrillingCompleted,3078,0
2059,EV10224644_6415,Event,10/02/2025,22:43:59,AutoDrillingCompleted,53% ,AutoDrillingCompleted,3080,0
2059,EV10225644_6416,Event,10/02/2025,22:54:11,AutoDrillingCompleted,53% ,AutoDrillingCompleted,3081,0
2059,EV10231145_6419,Event,10/02/2025,23:06:59,AutoDrillingCompleted,53% ,AutoDrillingCompleted,3084,0
71,EV10231645_6420,Event,10/02/2025,23:13:01,AutoDrillingAbortedNoRecoverFromLowPenetrationJam,2% ,AutoDrillingAbortedNoRecoverFromLowPenetrationJam,3085,0
2059,EV10232645_6422,Event,10/02/2025,23:26:31,AutoDrillingCompleted,53% ,AutoDrillingCompleted,3087,0
361,EV10232645_6422,Event,10/02/2025,23:26:35,AdpePausedByOperator,9% ,AdpePausedByOperator,3087,0
2059,EV10234646_6426,Event,10/02/2025,23:43:05,AutoDrillingCompleted,53% ,AutoDrillingCompleted,3091,0
2059,EV10235146_6427,Event,10/02/2025,23:51:19,AutoDrillingCompleted,53% ,AutoDrillingCompleted,3092,0
2059,EV11000146_6429,Event,11/02/2025,00:01:18,AutoDrillingCompleted,53% ,AutoDrillingCompleted,3094,0
2059,EV11001147_6431,Event,11/02/2025,00:10:09,AutoDrillingCompleted,53% ,AutoDrillingCompleted,3096,0
2059,EV11002147_6433,Event,11/02/2025,00:19:32,AutoDrillingCompleted,53% ,AutoDrillingCompleted,3098,0
2059,EV11004648_6438,Event,11/02/2025,00:41:53,AutoDrillingCompleted,53% ,AutoDrillingCompleted,3103,0
2059,EV11005148_6439,Event,11/02/2025,00:50:29,AutoDrillingCompleted,53% ,AutoDrillingCompleted,3104,0
2059,EV11010148_6441,Event,11/02/2025,00:58:29,AutoDrillingCompleted,53% ,AutoDrillingCompleted,3106,0
2059,EV11010648_6442,Event,11/02/2025,01:05:55,AutoDrillingCompleted,53% ,AutoDrillingCompleted,3107,0
2059,EV11011650_6444,Event,11/02/2025,01:13:53,AutoDrillingCompleted,53% ,AutoDrillingCompleted,3109,0
2059,EV11012649_6445,Event,11/02/2025,01:24:20,AutoDrillingCompleted,53% ,AutoDrillingCompleted,3110,0
2059,EV11013649_6447,Event,11/02/2025,01:35:13,AutoDrillingCompleted,53% ,AutoDrillingCompleted,3111,0
83,EV11013649_6447,Event,11/02/2025,01:35:59,AutoTrammingBlockedTramInterlockActive,2% ,AutoTrammingBlockedTramInterlockActive,3111,1
9,EV11013649_6447,Event,11/02/2025,01:36:24,OdEmergencyModeActive,0% ,OdEmergencyModeActive,3111,0
83,EV11014149_6448,Event,11/02/2025,01:36:58,AutoTrammingBlockedTramInterlockActive,2% ,AutoTrammingBlockedTramInterlockActive,3112,1
2059,EV11015149_6449,Event,11/02/2025,01:47:07,AutoDrillingCompleted,53% ,AutoDrillingCompleted,3113,0
2059,EV11015650_6450,Event,11/02/2025,01:54:58,AutoDrillingCompleted,53% ,AutoDrillingCompleted,3114,0
2059,EV11020650_6451,Event,11/02/2025,02:04:07,AutoDrillingCompleted,53% ,AutoDrillingCompleted,3115,0
126,EV11021150_6452,Event,11/02/2025,02:11:01,AutoDrillingAbortedDrillingAbortedByOperator,3% ,AutoDrillingAbortedDrillingAbortedByOperator,3116,0
2059,EV11022652_6454,Event,11/02/2025,02:21:56,AutoDrillingCompleted,53% ,AutoDrillingCompleted,3118,0
126,EV11023651_6456,Event,11/02/2025,02:32:03,AutoDrillingAbortedDrillingAbortedByOperator,3% ,AutoDrillingAbortedDrillingAbortedByOperator,3120,0
2059,EV11024151_6457,Event,11/02/2025,02:39:03,AutoDrillingCompleted,53% ,AutoDrillingCompleted,3121,0
126,EV11024651_6458,Event,11/02/2025,02:45:18,AutoDrillingAbortedDrillingAbortedByOperator,3% ,AutoDrillingAbortedDrillingAbortedByOperator,3122,0
126,EV11025151_6459,Event,11/02/2025,02:48:52,AutoDrillingAbortedDrillingAbortedByOperator,3% ,AutoDrillingAbortedDrillingAbortedByOperator,3123,0
126,EV11030152_6460,Event,11/02/2025,02:58:20,AutoDrillingAbortedDrillingAbortedByOperator,3% ,AutoDrillingAbortedDrillingAbortedByOperator,3124,0
126,EV11031152_6462,Event,11/02/2025,03:08:30,AutoDrillingAbortedDrillingAbortedByOperator,3% ,AutoDrillingAbortedDrillingAbortedByOperator,3126,0
37,EV11031152_6462,Event,11/02/2025,03:09:23,AutoStanceShiftPreconditionNotMet,1% ,AutoStanceShiftPreconditionNotMet,3126,0
304,EV11031152_6462,Event,11/02/2025,03:09:26,AdpeAbortedByOperator,8% ,AdpeAbortedByOperator,3126,0
81,EV11031152_6462,Event,11/02/2025,03:09:51,AutoNoFeasiblePathFound,2% ,AutoNoFeasiblePathFound,3126,0
81,EV11031152_6462,Event,11/02/2025,03:10:20,AutoNoFeasiblePathFound,2% ,AutoNoFeasiblePathFound,3126,1
81,EV11031152_6462,Event,11/02/2025,03:10:35,AutoNoFeasiblePathFound,2% ,AutoNoFeasiblePathFound,3126,1
126,EV11032152_6463,Event,11/02/2025,03:20:48,AutoDrillingAbortedDrillingAbortedByOperator,3% ,AutoDrillingAbortedDrillingAbortedByOperator,3127,0
126,EV11032652_6464,Event,11/02/2025,03:24:46,AutoDrillingAbortedDrillingAbortedByOperator,3% ,AutoDrillingAbortedDrillingAbortedByOperator,3128,0
37,EV11032652_6464,Event,11/02/2025,03:25:23,AutoStanceShiftPreconditionNotMet,1% ,AutoStanceShiftPreconditionNotMet,3128,1
304,EV11032652_6464,Event,11/02/2025,03:25:26,AdpeAbortedByOperator,8% ,AdpeAbortedByOperator,3128,0
2059,EV11033652_6466,Event,11/02/2025,03:32:20,AutoDrillingCompleted,53% ,AutoDrillingCompleted,3130,0
2059,EV11034153_6467,Event,11/02/2025,03:39:12,AutoDrillingCompleted,53% ,AutoDrillingCompleted,3131,0
2059,EV11034653_6468,Event,11/02/2025,03:46:30,AutoDrillingCompleted,53% ,AutoDrillingCompleted,3132,0
2059,EV11040154_6471,Event,11/02/2025,03:57:24,AutoDrillingCompleted,53% ,AutoDrillingCompleted,3135,0
2059,EV11040653_6472,Event,11/02/2025,04:05:21,AutoDrillingCompleted,53% ,AutoDrillingCompleted,3136,0
2059,EV11041653_6474,Event,11/02/2025,04:13:19,AutoDrillingCompleted,53% ,AutoDrillingCompleted,3138,0
2059,EV11042154_6475,Event,11/02/2025,04:21:07,AutoDrillingCompleted,53% ,AutoDrillingCompleted,3139,0
2059,EV11043154_6477,Event,11/02/2025,04:28:50,AutoDrillingCompleted,53% ,AutoDrillingCompleted,3141,0
2059,EV11044155_6479,Event,11/02/2025,04:37:25,AutoDrillingCompleted,53% ,AutoDrillingCompleted,3143,0
2059,EV11044655_6480,Event,11/02/2025,04:45:37,AutoDrillingCompleted,53% ,AutoDrillingCompleted,3144,0
361,EV11045155_6481,Event,11/02/2025,04:47:15,AdpePausedByOperator,9% ,AdpePausedByOperator,3145,0
247,EV11045155_6481,Event,11/02/2025,04:47:15,AutoDrillingAbortedAutonomousDrillingPaused,6% ,AutoDrillingAbortedAutonomousDrillingPaused,3145,2
2059,EV11050155_6483,Event,11/02/2025,04:59:19,AutoDrillingCompleted,53% ,AutoDrillingCompleted,3147,0
361,EV11050155_6483,Event,11/02/2025,04:59:22,AdpePausedByOperator,9% ,AdpePausedByOperator,3147,2
304,EV11050155_6483,Event,11/02/2025,04:59:36,AdpeAbortedByOperator,8% ,AdpeAbortedByOperator,3147,0
2059,EV11051156_6485,Event,11/02/2025,05:10:06,AutoDrillingCompleted,53% ,AutoDrillingCompleted,3149,0
2059,EV11052157_6487,Event,11/02/2025,05:18:14,AutoDrillingCompleted,53% ,AutoDrillingCompleted,3151,0
2059,EV11052656_6488,Event,11/02/2025,05:26:21,AutoDrillingCompleted,53% ,AutoDrillingCompleted,3152,0
2059,EV11053657_6490,Event,11/02/2025,05:35:43,AutoDrillingCompleted,53% ,AutoDrillingCompleted,3154,0
2059,EV11054657_6492,Event,11/02/2025,05:44:55,AutoDrillingCompleted,53% ,AutoDrillingCompleted,3156,0
2059,EV11055657_6494,Event,11/02/2025,05:54:37,AutoDrillingCompleted,53% ,AutoDrillingCompleted,3158,0
2059,EV11060658_6496,Event,11/02/2025,06:04:33,AutoDrillingCompleted,53% ,AutoDrillingCompleted,3160,0
361,EV11061158_6497,Event,11/02/2025,06:07:29,AdpePausedByOperator,9% ,AdpePausedByOperator,3161,0
247,EV11061158_6497,Event,11/02/2025,06:07:29,AutoDrillingAbortedAutonomousDrillingPaused,6% ,AutoDrillingAbortedAutonomousDrillingPaused,3161,2
2059,EV11063158_6501,Event,11/02/2025,06:31:00,AutoDrillingCompleted,53% ,AutoDrillingCompleted,3165,0
2059,EV11064159_6503,Event,11/02/2025,06:40:45,AutoDrillingCompleted,53% ,AutoDrillingCompleted,3167,0
361,EV11064159_6503,Event,11/02/2025,06:41:40,AdpePausedByOperator,9% ,AdpePausedByOperator,3167,0
361,EV11064159_6503,Event,11/02/2025,06:41:44,AdpePausedByOperator,9% ,AdpePausedByOperator,3167,2
304,EV11064159_6503,Event,11/02/2025,06:41:47,AdpeAbortedByOperator,8% ,AdpeAbortedByOperator,3167,0
2059,EV11070159_6507,Event,11/02/2025,07:01:12,AutoDrillingCompleted,53% ,AutoDrillingCompleted,3171,0
2059,EV11071700_6510,Event,11/02/2025,07:13:10,AutoDrillingCompleted,53% ,AutoDrillingCompleted,3174,0
361,EV11071700_6510,Event,11/02/2025,07:15:35,AdpePausedByOperator,9% ,AdpePausedByOperator,3174,0
247,EV11071700_6510,Event,11/02/2025,07:15:35,AutoDrillingAbortedAutonomousDrillingPaused,6% ,AutoDrillingAbortedAutonomousDrillingPaused,3174,2
2059,EV11074701_6513,Event,11/02/2025,07:46:03,AutoDrillingCompleted,53% ,AutoDrillingCompleted,3177,0
2059,EV11075701_6515,Event,11/02/2025,07:55:22,AutoDrillingCompleted,53% ,AutoDrillingCompleted,3179,0
2059,EV11080701_6517,Event,11/02/2025,08:06:50,AutoDrillingCompleted,53% ,AutoDrillingCompleted,3181,0
2059,EV11081701_6519,Event,11/02/2025,08:16:03,AutoDrillingCompleted,53% ,AutoDrillingCompleted,3183,0
2059,EV11082702_6521,Event,11/02/2025,08:24:45,AutoDrillingCompleted,53% ,AutoDrillingCompleted,3185,0
2059,EV11083702_6523,Event,11/02/2025,08:36:25,AutoDrillingCompleted,53% ,AutoDrillingCompleted,3187,0
2059,EV11084702_6525,Event,11/02/2025,08:45:11,AutoDrillingCompleted,53% ,AutoDrillingCompleted,3189,0
2059,EV11085703_6527,Event,11/02/2025,08:53:52,AutoDrillingCompleted,53% ,AutoDrillingCompleted,3191,0
2059,EV11090703_6529,Event,11/02/2025,09:04:31,AutoDrillingCompleted,53% ,AutoDrillingCompleted,3193,0
2059,EV11091703_6531,Event,11/02/2025,09:14:43,AutoDrillingCompleted,53% ,AutoDrillingCompleted,3195,0
2059,EV11092704_6533,Event,11/02/2025,09:22:26,AutoDrillingCompleted,53% ,AutoDrillingCompleted,3197,0
2059,EV11093204_6534,Event,11/02/2025,09:30:08,AutoDrillingCompleted,53% ,AutoDrillingCompleted,3198,0
41,EV11093704_6535,Event,11/02/2025,09:32:41,AutoDrillingAbortedDrillingInterlocked,1% ,AutoDrillingAbortedDrillingInterlocked,3199,1
2059,EV11094704_6537,Event,11/02/2025,09:44:32,AutoDrillingCompleted,53% ,AutoDrillingCompleted,3201,0
2059,EV11095705_6539,Event,11/02/2025,09:52:14,AutoDrillingCompleted,53% ,AutoDrillingCompleted,3203,0
2059,EV11100205_6540,Event,11/02/2025,09:59:48,AutoDrillingCompleted,53% ,AutoDrillingCompleted,3204,0
2059,EV11101205_6542,Event,11/02/2025,10:08:04,AutoDrillingCompleted,53% ,AutoDrillingCompleted,3206,0
2059,EV11102206_6544,Event,11/02/2025,10:17:11,AutoDrillingCompleted,53% ,AutoDrillingCompleted,3208,0
83,EV11102206_6544,Event,11/02/2025,10:18:04,AutoTrammingBlockedTramInterlockActive,2% ,AutoTrammingBlockedTramInterlockActive,3208,1
2059,EV11103706_6546,Event,11/02/2025,10:35:30,AutoDrillingCompleted,53% ,AutoDrillingCompleted,3210,0
361,EV11103706_6546,Event,11/02/2025,10:36:49,AdpePausedByOperator,9% ,AdpePausedByOperator,3210,0
2059,EV11111945_6551,Event,11/02/2025,11:19:38,AutoDrillingCompleted,53% ,AutoDrillingCompleted,3215,0
83,EV11112445_6552,Event,11/02/2025,11:20:54,AutoTrammingBlockedTramInterlockActive,2% ,AutoTrammingBlockedTramInterlockActive,3216,1
2059,EV11113445_6554,Event,11/02/2025,11:31:46,AutoDrillingCompleted,53% ,AutoDrillingCompleted,3218,0
83,EV11113445_6554,Event,11/02/2025,11:32:44,AutoTrammingBlockedTramInterlockActive,2% ,AutoTrammingBlockedTramInterlockActive,3218,1
83,EV11114946_6555,Event,11/02/2025,11:47:00,AutoTrammingBlockedTramInterlockActive,2% ,AutoTrammingBlockedTramInterlockActive,3219,1
83,EV11114946_6555,Event,11/02/2025,11:47:23,AutoTrammingBlockedTramInterlockActive,2% ,AutoTrammingBlockedTramInterlockActive,3219,1
2059,EV11115946_6556,Event,11/02/2025,11:56:53,AutoDrillingCompleted,53% ,AutoDrillingCompleted,3220,0
83,EV11115946_6556,Event,11/02/2025,11:58:24,AutoTrammingBlockedTramInterlockActive,2% ,AutoTrammingBlockedTramInterlockActive,3220,1
2059,EV11120947_6558,Event,11/02/2025,12:06:45,AutoDrillingCompleted,53% ,AutoDrillingCompleted,3222,0
361,EV11121447_6559,Event,11/02/2025,12:11:46,AdpePausedByOperator,9% ,AdpePausedByOperator,3223,0
247,EV11121447_6559,Event,11/02/2025,12:11:46,AutoDrillingAbortedAutonomousDrillingPaused,6% ,AutoDrillingAbortedAutonomousDrillingPaused,3223,2
2059,EV11123448_6562,Event,11/02/2025,12:34:36,AutoDrillingCompleted,53% ,AutoDrillingCompleted,3226,0
361,EV11123948_6563,Event,11/02/2025,12:36:29,AdpePausedByOperator,9% ,AdpePausedByOperator,3227,1
247,EV11123948_6563,Event,11/02/2025,12:36:29,AutoDrillingAbortedAutonomousDrillingPaused,6% ,AutoDrillingAbortedAutonomousDrillingPaused,3227,3
2059,EV11124448_6564,Event,11/02/2025,12:43:38,AutoDrillingCompleted,53% ,AutoDrillingCompleted,3228,0
2059,EV11125448_6566,Event,11/02/2025,12:51:41,AutoDrillingCompleted,53% ,AutoDrillingCompleted,3230,0
2059,EV11130449_6568,Event,11/02/2025,13:00:17,AutoDrillingCompleted,53% ,AutoDrillingCompleted,3232,0
2059,EV11130949_6569,Event,11/02/2025,13:07:46,AutoDrillingCompleted,53% ,AutoDrillingCompleted,3233,0
2059,EV11131949_6571,Event,11/02/2025,13:16:08,AutoDrillingCompleted,53% ,AutoDrillingCompleted,3235,0
83,EV11131949_6571,Event,11/02/2025,13:17:03,AutoTrammingBlockedTramInterlockActive,2% ,AutoTrammingBlockedTramInterlockActive,3235,1
83,EV11131949_6571,Event,11/02/2025,13:18:56,AutoTrammingBlockedTramInterlockActive,2% ,AutoTrammingBlockedTramInterlockActive,3235,1
83,EV11131949_6571,Event,11/02/2025,13:19:28,AutoTrammingBlockedTramInterlockActive,2% ,AutoTrammingBlockedTramInterlockActive,3235,1
83,EV11131949_6571,Event,11/02/2025,13:19:38,AutoTrammingBlockedTramInterlockActive,2% ,AutoTrammingBlockedTramInterlockActive,3235,1
2059,EV11132949_6573,Event,11/02/2025,13:27:05,AutoDrillingCompleted,53% ,AutoDrillingCompleted,3237,0
83,EV11132949_6573,Event,11/02/2025,13:27:52,AutoTrammingBlockedTramInterlockActive,2% ,AutoTrammingBlockedTramInterlockActive,3237,1
2059,EV11134450_6576,Event,11/02/2025,13:40:48,AutoDrillingCompleted,53% ,AutoDrillingCompleted,3240,0
83,EV11134450_6576,Event,11/02/2025,13:41:56,AutoTrammingBlockedTramInterlockActive,2% ,AutoTrammingBlockedTramInterlockActive,3240,1
2059,EV11135450_6578,Event,11/02/2025,13:51:01,AutoDrillingCompleted,53% ,AutoDrillingCompleted,3242,0
83,EV11135450_6578,Event,11/02/2025,13:51:53,AutoTrammingBlockedTramInterlockActive,2% ,AutoTrammingBlockedTramInterlockActive,3242,1
83,EV11135450_6578,Event,11/02/2025,13:52:03,AutoTrammingBlockedTramInterlockActive,2% ,AutoTrammingBlockedTramInterlockActive,3242,2
83,EV11135450_6578,Event,11/02/2025,13:52:32,AutoTrammingBlockedTramInterlockActive,2% ,AutoTrammingBlockedTramInterlockActive,3242,1
247,EV11140450_6580,Event,11/02/2025,14:00:49,AutoDrillingAbortedAutonomousDrillingPaused,6% ,AutoDrillingAbortedAutonomousDrillingPaused,3244,2
2059,EV11142451_6581,Event,11/02/2025,14:22:50,AutoDrillingCompleted,53% ,AutoDrillingCompleted,3245,0
2059,EV11143451_6583,Event,11/02/2025,14:32:50,AutoDrillingCompleted,53% ,AutoDrillingCompleted,3247,0
2059,EV11144451_6585,Event,11/02/2025,14:40:54,AutoDrillingCompleted,53% ,AutoDrillingCompleted,3249,0
2059,EV11145452_6587,Event,11/02/2025,14:49:54,AutoDrillingCompleted,53% ,AutoDrillingCompleted,3251,0
361,EV11145952_6588,Event,11/02/2025,14:57:34,AdpePausedByOperator,9% ,AdpePausedByOperator,3252,0
247,EV11145952_6588,Event,11/02/2025,14:57:34,AutoDrillingAbortedAutonomousDrillingPaused,6% ,AutoDrillingAbortedAutonomousDrillingPaused,3252,2
2059,EV11145952_6588,Event,11/02/2025,14:59:21,AutoDrillingCompleted,53% ,AutoDrillingCompleted,3252,0
2059,EV11150952_6590,Event,11/02/2025,15:08:14,AutoDrillingCompleted,53% ,AutoDrillingCompleted,3254,0
2059,EV11151952_6592,Event,11/02/2025,15:17:13,AutoDrillingCompleted,53% ,AutoDrillingCompleted,3256,0
83,EV11151952_6592,Event,11/02/2025,15:17:51,AutoTrammingBlockedTramInterlockActive,2% ,AutoTrammingBlockedTramInterlockActive,3256,1
83,EV11152953_6593,Event,11/02/2025,15:27:20,AutoTrammingBlockedTramInterlockActive,2% ,AutoTrammingBlockedTramInterlockActive,3257,1
83,EV11152953_6593,Event,11/02/2025,15:27:51,AutoTrammingBlockedTramInterlockActive,2% ,AutoTrammingBlockedTramInterlockActive,3257,1
304,EV11152953_6593,Event,11/02/2025,15:28:44,AdpeAbortedByOperator,8% ,AdpeAbortedByOperator,3257,1
361,EV11153453_6594,Event,11/02/2025,15:32:54,AdpePausedByOperator,9% ,AdpePausedByOperator,3258,0
247,EV11153453_6594,Event,11/02/2025,15:32:54,AutoDrillingAbortedAutonomousDrillingPaused,6% ,AutoDrillingAbortedAutonomousDrillingPaused,3258,2
14,EV11154453_6596,Event,11/02/2025,15:42:37,AdpeAbortedFromOpsLevers,0% ,AdpeAbortedFromOpsLevers,3260,0
247,EV11154453_6596,Event,11/02/2025,15:42:37,AutoDrillingAbortedAutonomousDrillingPaused,6% ,AutoDrillingAbortedAutonomousDrillingPaused,3260,2
2059,EV11154953_6597,Event,11/02/2025,15:45:07,AutoDrillingCompleted,53% ,AutoDrillingCompleted,3261,0
83,EV11154953_6597,Event,11/02/2025,15:45:45,AutoTrammingBlockedTramInterlockActive,2% ,AutoTrammingBlockedTramInterlockActive,3261,1
304,EV11155954_6599,Event,11/02/2025,15:55:15,AdpeAbortedByOperator,8% ,AdpeAbortedByOperator,3263,0
2059,EV11160454_6600,Event,11/02/2025,16:03:49,AutoDrillingCompleted,53% ,AutoDrillingCompleted,3264,0
83,EV11160454_6600,Event,11/02/2025,16:04:27,AutoTrammingBlockedTramInterlockActive,2% ,AutoTrammingBlockedTramInterlockActive,3264,0
304,EV11161454_6601,Event,11/02/2025,16:13:36,AdpeAbortedByOperator,8% ,AdpeAbortedByOperator,3265,0
2059,EV11162454_6603,Event,11/02/2025,16:21:23,AutoDrillingCompleted,53% ,AutoDrillingCompleted,3267,0
83,EV11162454_6603,Event,11/02/2025,16:22:39,AutoTrammingBlockedTramInterlockActive,2% ,AutoTrammingBlockedTramInterlockActive,3267,1
83,EV11162454_6603,Event,11/02/2025,16:22:53,AutoTrammingBlockedTramInterlockActive,2% ,AutoTrammingBlockedTramInterlockActive,3267,1
83,EV11162955_6604,Event,11/02/2025,16:25:08,AutoTrammingBlockedTramInterlockActive,2% ,AutoTrammingBlockedTramInterlockActive,3268,1
83,EV11162955_6604,Event,11/02/2025,16:25:29,AutoTrammingBlockedTramInterlockActive,2% ,AutoTrammingBlockedTramInterlockActive,3268,1
2059,EV11163455_6605,Event,11/02/2025,16:33:56,AutoDrillingCompleted,53% ,AutoDrillingCompleted,3269,0
83,EV11163955_6606,Event,11/02/2025,16:35:06,AutoTrammingBlockedTramInterlockActive,2% ,AutoTrammingBlockedTramInterlockActive,3270,1
83,EV11163955_6606,Event,11/02/2025,16:38:12,AutoTrammingBlockedTramInterlockActive,2% ,AutoTrammingBlockedTramInterlockActive,3270,1
83,EV11163955_6606,Event,11/02/2025,16:38:20,AutoTrammingBlockedTramInterlockActive,2% ,AutoTrammingBlockedTramInterlockActive,3270,1
37,EV11165455_6608,Event,11/02/2025,16:51:13,AutoStanceShiftPreconditionNotMet,1% ,AutoStanceShiftPreconditionNotMet,3272,0
304,EV11165455_6608,Event,11/02/2025,16:51:15,AdpeAbortedByOperator,8% ,AdpeAbortedByOperator,3272,0
9,EV11165455_6608,Event,11/02/2025,16:52:21,AutoPathPlanningFailure,0% ,AutoPathPlanningFailure,3272,0
2059,EV11170456_6610,Event,11/02/2025,17:00:37,AutoDrillingCompleted,53% ,AutoDrillingCompleted,3274,0
2059,EV11170956_6611,Event,11/02/2025,17:08:17,AutoDrillingCompleted,53% ,AutoDrillingCompleted,3275,0
2059,EV11171956_6613,Event,11/02/2025,17:16:33,AutoDrillingCompleted,53% ,AutoDrillingCompleted,3277,0
2059,EV11172456_6614,Event,11/02/2025,17:23:51,AutoDrillingCompleted,53% ,AutoDrillingCompleted,3278,0
2059,EV11173457_6616,Event,11/02/2025,17:30:23,AutoDrillingCompleted,53% ,AutoDrillingCompleted,3280,0
9,EV11173457_6616,Event,11/02/2025,17:31:29,AutoPathPlanningFailure,0% ,AutoPathPlanningFailure,3280,0
2059,EV11174957_6619,Event,11/02/2025,17:45:28,AutoDrillingCompleted,53% ,AutoDrillingCompleted,3283,0
9,EV11174957_6619,Event,11/02/2025,17:46:45,AutoPathPlanningFailure,0% ,AutoPathPlanningFailure,3283,0
304,EV11175457_6620,Event,11/02/2025,17:50:58,AdpeAbortedByOperator,8% ,AdpeAbortedByOperator,3284,0
2059,EV11180458_6622,Event,11/02/2025,18:01:33,AutoDrillingCompleted,53% ,AutoDrillingCompleted,3286,0
361,EV11180458_6622,Event,11/02/2025,18:02:51,AdpePausedByOperator,9% ,AdpePausedByOperator,3286,0
304,EV13195519_6641,Event,13/02/2025,19:53:58,AdpeAbortedByOperator,8% ,AdpeAbortedByOperator,3305,0
2059,EV13202020_6646,Event,13/02/2025,20:19:56,AutoDrillingCompleted,53% ,AutoDrillingCompleted,3310,0
81,EV13202520_6647,Event,13/02/2025,20:20:32,AutoNoFeasiblePathFound,2% ,AutoNoFeasiblePathFound,3311,0
304,EV13202520_6647,Event,13/02/2025,20:20:44,AdpeAbortedByOperator,8% ,AdpeAbortedByOperator,3311,0
361,EV13202520_6647,Event,13/02/2025,20:24:21,AdpePausedByOperator,9% ,AdpePausedByOperator,3311,0
247,EV13202520_6647,Event,13/02/2025,20:24:21,AutoDrillingAbortedAutonomousDrillingPaused,6% ,AutoDrillingAbortedAutonomousDrillingPaused,3311,2
304,EV13220023_6651,Event,13/02/2025,21:59:51,AdpeAbortedByOperator,8% ,AdpeAbortedByOperator,3315,0
2059,EV14015150_6672,Event,14/02/2025,01:47:36,AutoDrillingCompleted,53% ,AutoDrillingCompleted,3335,0
81,EV14015150_6672,Event,14/02/2025,01:48:09,AutoNoFeasiblePathFound,2% ,AutoNoFeasiblePathFound,3335,0
81,EV14015150_6672,Event,14/02/2025,01:48:50,AutoNoFeasiblePathFound,2% ,AutoNoFeasiblePathFound,3335,1
304,EV14015150_6672,Event,14/02/2025,01:49:27,AdpeAbortedByOperator,8% ,AdpeAbortedByOperator,3335,0
71,EV14015650_6673,Event,14/02/2025,01:52:28,AutoDrillingAbortedNoRecoverFromLowPenetrationJam,2% ,AutoDrillingAbortedNoRecoverFromLowPenetrationJam,3336,0
71,EV14020650_6675,Event,14/02/2025,02:02:19,AutoDrillingAbortedNoRecoverFromLowPenetrationJam,2% ,AutoDrillingAbortedNoRecoverFromLowPenetrationJam,3338,0
71,EV14020650_6675,Event,14/02/2025,02:03:53,AutoDrillingAbortedNoRecoverFromLowPenetrationJam,2% ,AutoDrillingAbortedNoRecoverFromLowPenetrationJam,3338,0
361,EV14020650_6675,Event,14/02/2025,02:05:32,AdpePausedByOperator,9% ,AdpePausedByOperator,3338,0
247,EV14020650_6675,Event,14/02/2025,02:05:32,AutoDrillingAbortedAutonomousDrillingPaused,6% ,AutoDrillingAbortedAutonomousDrillingPaused,3338,2
2059,EV14024151_6678,Event,14/02/2025,02:41:33,AutoDrillingCompleted,53% ,AutoDrillingCompleted,3341,0
83,EV14024651_6679,Event,14/02/2025,02:42:13,AutoTrammingBlockedTramInterlockActive,2% ,AutoTrammingBlockedTramInterlockActive,3342,0
304,EV14024651_6679,Event,14/02/2025,02:42:21,AdpeAbortedByOperator,8% ,AdpeAbortedByOperator,3342,0
2059,EV14025651_6681,Event,14/02/2025,02:53:46,AutoDrillingCompleted,53% ,AutoDrillingCompleted,3344,0
81,EV14025651_6681,Event,14/02/2025,02:54:21,AutoNoFeasiblePathFound,2% ,AutoNoFeasiblePathFound,3344,0
304,EV14025651_6681,Event,14/02/2025,02:54:30,AdpeAbortedByOperator,8% ,AdpeAbortedByOperator,3344,0
14,EV14030652_6683,Event,14/02/2025,03:04:19,AdpeAbortedFromOpsLevers,0% ,AdpeAbortedFromOpsLevers,3346,0
247,EV14030652_6683,Event,14/02/2025,03:04:19,AutoDrillingAbortedAutonomousDrillingPaused,6% ,AutoDrillingAbortedAutonomousDrillingPaused,3346,2
2059,EV14031652_6685,Event,14/02/2025,03:15:54,AutoDrillingCompleted,53% ,AutoDrillingCompleted,3348,0
81,EV14031652_6685,Event,14/02/2025,03:16:31,AutoNoFeasiblePathFound,2% ,AutoNoFeasiblePathFound,3348,0
304,EV14031652_6685,Event,14/02/2025,03:16:41,AdpeAbortedByOperator,8% ,AdpeAbortedByOperator,3348,0
361,EV14032652_6687,Event,14/02/2025,03:23:24,AdpePausedByOperator,9% ,AdpePausedByOperator,3350,0
247,EV14032652_6687,Event,14/02/2025,03:23:24,AutoDrillingAbortedAutonomousDrillingPaused,6% ,AutoDrillingAbortedAutonomousDrillingPaused,3350,2
71,EV14033152_6688,Event,14/02/2025,03:31:41,AutoDrillingAbortedNoRecoverFromLowPenetrationJam,2% ,AutoDrillingAbortedNoRecoverFromLowPenetrationJam,3351,0
361,EV14033653_6689,Event,14/02/2025,03:36:16,AdpePausedByOperator,9% ,AdpePausedByOperator,3352,0
247,EV14033653_6689,Event,14/02/2025,03:36:16,AutoDrillingAbortedAutonomousDrillingPaused,6% ,AutoDrillingAbortedAutonomousDrillingPaused,3352,2
2059,EV14035153_6692,Event,14/02/2025,03:47:07,AutoDrillingCompleted,53% ,AutoDrillingCompleted,3355,0
81,EV14035153_6692,Event,14/02/2025,03:47:47,AutoNoFeasiblePathFound,2% ,AutoNoFeasiblePathFound,3355,0
304,EV14035153_6692,Event,14/02/2025,03:49:44,AdpeAbortedByOperator,8% ,AdpeAbortedByOperator,3355,0
2059,EV14040655_6695,Event,14/02/2025,04:02:47,AutoDrillingCompleted,53% ,AutoDrillingCompleted,3358,0
152,EV14040655_6695,Event,14/02/2025,04:03:20,AutoStanceShiftFailedPosInterlockActive,4% ,AutoStanceShiftFailedPosInterlockActive,3358,1
83,EV14040655_6695,Event,14/02/2025,04:05:16,AutoTrammingBlockedTramInterlockActive,2% ,AutoTrammingBlockedTramInterlockActive,3358,1
304,EV14040655_6695,Event,14/02/2025,04:06:15,AdpeAbortedByOperator,8% ,AdpeAbortedByOperator,3358,0
83,EV14040655_6695,Event,14/02/2025,04:06:40,AutoTrammingBlockedTramInterlockActive,2% ,AutoTrammingBlockedTramInterlockActive,3358,1
83,EV14040655_6695,Event,14/02/2025,04:06:48,AutoTrammingBlockedTramInterlockActive,2% ,AutoTrammingBlockedTramInterlockActive,3358,1
83,EV14041154_6696,Event,14/02/2025,04:07:20,AutoTrammingBlockedTramInterlockActive,2% ,AutoTrammingBlockedTramInterlockActive,3359,1
304,EV14041154_6696,Event,14/02/2025,04:07:44,AdpeAbortedByOperator,8% ,AdpeAbortedByOperator,3359,0
152,EV14041154_6696,Event,14/02/2025,04:08:01,AutoStanceShiftFailedPosInterlockActive,4% ,AutoStanceShiftFailedPosInterlockActive,3359,1
152,EV14041154_6696,Event,14/02/2025,04:08:15,AutoStanceShiftFailedPosInterlockActive,4% ,AutoStanceShiftFailedPosInterlockActive,3359,1
304,EV14041154_6696,Event,14/02/2025,04:08:22,AdpeAbortedByOperator,8% ,AdpeAbortedByOperator,3359,0
152,EV14041154_6696,Event,14/02/2025,04:09:22,AutoStanceShiftFailedPosInterlockActive,4% ,AutoStanceShiftFailedPosInterlockActive,3359,1
9,EV14041154_6696,Event,14/02/2025,04:09:41,OdEmergencyModeActive,0% ,OdEmergencyModeActive,3359,1
304,EV14041154_6696,Event,14/02/2025,04:09:55,AdpeAbortedByOperator,8% ,AdpeAbortedByOperator,3359,0
152,EV14041154_6696,Event,14/02/2025,04:10:01,AutoStanceShiftFailedPosInterlockActive,4% ,AutoStanceShiftFailedPosInterlockActive,3359,1
304,EV14041154_6696,Event,14/02/2025,04:10:04,AdpeAbortedByOperator,8% ,AdpeAbortedByOperator,3359,0
2059,EV14042654_6699,Event,14/02/2025,04:23:31,AutoDrillingCompleted,53% ,AutoDrillingCompleted,3362,0
152,EV14042654_6699,Event,14/02/2025,04:23:42,AutoStanceShiftFailedPosInterlockActive,4% ,AutoStanceShiftFailedPosInterlockActive,3362,1
304,EV14042654_6699,Event,14/02/2025,04:24:11,AdpeAbortedByOperator,8% ,AdpeAbortedByOperator,3362,0
152,EV14043154_6700,Event,14/02/2025,04:28:02,AutoStanceShiftFailedPosInterlockActive,4% ,AutoStanceShiftFailedPosInterlockActive,3363,1
304,EV14043154_6700,Event,14/02/2025,04:28:26,AdpeAbortedByOperator,8% ,AdpeAbortedByOperator,3363,1
2059,EV14043655_6701,Event,14/02/2025,04:36:25,AutoDrillingCompleted,53% ,AutoDrillingCompleted,3364,0
152,EV14043655_6701,Event,14/02/2025,04:36:40,AutoStanceShiftFailedPosInterlockActive,4% ,AutoStanceShiftFailedPosInterlockActive,3364,1
304,EV14044155_6702,Event,14/02/2025,04:38:26,AdpeAbortedByOperator,8% ,AdpeAbortedByOperator,3365,0
361,EV14045155_6704,Event,14/02/2025,04:49:55,AdpePausedByOperator,9% ,AdpePausedByOperator,3367,0
247,EV14045155_6704,Event,14/02/2025,04:49:55,AutoDrillingAbortedAutonomousDrillingPaused,6% ,AutoDrillingAbortedAutonomousDrillingPaused,3367,2
2059,EV14050157_6706,Event,14/02/2025,04:57:54,AutoDrillingCompleted,53% ,AutoDrillingCompleted,3369,0
81,EV14050157_6706,Event,14/02/2025,04:58:32,AutoNoFeasiblePathFound,2% ,AutoNoFeasiblePathFound,3369,0
304,EV14050157_6706,Event,14/02/2025,04:58:35,AdpeAbortedByOperator,8% ,AdpeAbortedByOperator,3369,0
152,EV14050157_6706,Event,14/02/2025,05:00:59,AutoStanceShiftFailedPosInterlockActive,4% ,AutoStanceShiftFailedPosInterlockActive,3369,1
2059,EV14051156_6708,Event,14/02/2025,05:11:03,AutoDrillingCompleted,53% ,AutoDrillingCompleted,3371,0
152,EV14051156_6708,Event,14/02/2025,05:11:13,AutoStanceShiftFailedPosInterlockActive,4% ,AutoStanceShiftFailedPosInterlockActive,3371,1
304,EV14051156_6708,Event,14/02/2025,05:11:26,AdpeAbortedByOperator,8% ,AdpeAbortedByOperator,3371,0
361,EV14051656_6709,Event,14/02/2025,05:13:42,AdpePausedByOperator,9% ,AdpePausedByOperator,3372,0
247,EV14051656_6709,Event,14/02/2025,05:13:42,AutoDrillingAbortedAutonomousDrillingPaused,6% ,AutoDrillingAbortedAutonomousDrillingPaused,3372,2
126,EV14052656_6711,Event,14/02/2025,05:22:04,AutoDrillingAbortedDrillingAbortedByOperator,3% ,AutoDrillingAbortedDrillingAbortedByOperator,3374,0
126,EV14053156_6712,Event,14/02/2025,05:30:54,AutoDrillingAbortedDrillingAbortedByOperator,3% ,AutoDrillingAbortedDrillingAbortedByOperator,3375,0
2059,EV14055157_6716,Event,14/02/2025,05:47:50,AutoDrillingCompleted,53% ,AutoDrillingCompleted,3379,0
2059,EV14060658_6719,Event,14/02/2025,06:03:01,AutoDrillingCompleted,53% ,AutoDrillingCompleted,3382,0
71,EV14062158_6722,Event,14/02/2025,06:20:24,AutoDrillingAbortedNoRecoverFromLowPenetrationJam,2% ,AutoDrillingAbortedNoRecoverFromLowPenetrationJam,3385,0
71,EV14062658_6723,Event,14/02/2025,06:22:16,AutoDrillingAbortedNoRecoverFromLowPenetrationJam,2% ,AutoDrillingAbortedNoRecoverFromLowPenetrationJam,3386,0
2059,EV14063158_6724,Event,14/02/2025,06:28:45,AutoDrillingCompleted,53% ,AutoDrillingCompleted,3387,0
2059,EV14065159_6728,Event,14/02/2025,06:50:41,AutoDrillingCompleted,53% ,AutoDrillingCompleted,3391,0
2059,EV14072200_6734,Event,14/02/2025,07:19:44,AutoDrillingCompleted,53% ,AutoDrillingCompleted,3394,0
2059,EV14074701_6739,Event,14/02/2025,07:46:45,AutoDrillingCompleted,53% ,AutoDrillingCompleted,3399,0
2059,EV14081702_6745,Event,14/02/2025,08:12:44,AutoDrillingCompleted,53% ,AutoDrillingCompleted,3405,0
2059,EV14085203_6752,Event,14/02/2025,08:47:47,AutoDrillingCompleted,53% ,AutoDrillingCompleted,3412,0
2059,EV14090703_6755,Event,14/02/2025,09:05:02,AutoDrillingCompleted,53% ,AutoDrillingCompleted,3415,0
71,EV14092704_6759,Event,14/02/2025,09:24:19,AutoDrillingAbortedNoRecoverFromLowPenetrationJam,2% ,AutoDrillingAbortedNoRecoverFromLowPenetrationJam,3419,0
71,EV14093204_6760,Event,14/02/2025,09:29:29,AutoDrillingAbortedNoRecoverFromLowPenetrationJam,2% ,AutoDrillingAbortedNoRecoverFromLowPenetrationJam,3420,0
71,EV14093704_6761,Event,14/02/2025,09:32:34,AutoDrillingAbortedNoRecoverFromLowPenetrationJam,2% ,AutoDrillingAbortedNoRecoverFromLowPenetrationJam,3421,0
2059,EV14094705_6763,Event,14/02/2025,09:42:51,AutoDrillingCompleted,53% ,AutoDrillingCompleted,3423,0
2059,EV14100205_6766,Event,14/02/2025,09:57:07,AutoDrillingCompleted,53% ,AutoDrillingCompleted,3425,0
304,EV14100205_6766,Event,14/02/2025,09:58:44,AdpeAbortedByOperator,8% ,AdpeAbortedByOperator,3425,0
152,EV14100205_6766,Event,14/02/2025,10:00:01,AutoStanceShiftFailedPosInterlockActive,4% ,AutoStanceShiftFailedPosInterlockActive,3425,3
152,EV14100205_6766,Event,14/02/2025,10:00:14,AutoStanceShiftFailedPosInterlockActive,4% ,AutoStanceShiftFailedPosInterlockActive,3425,1
152,EV14100205_6766,Event,14/02/2025,10:01:17,AutoStanceShiftFailedPosInterlockActive,4% ,AutoStanceShiftFailedPosInterlockActive,3425,1
304,EV14100706_6767,Event,14/02/2025,10:02:34,AdpeAbortedByOperator,8% ,AdpeAbortedByOperator,3426,0
83,EV14100706_6767,Event,14/02/2025,10:03:32,AutoTrammingBlockedTramInterlockActive,2% ,AutoTrammingBlockedTramInterlockActive,3426,1
5,EV14100706_6767,Event,14/02/2025,10:05:49,AutoHoleUnreachableFromPosition,0% ,AutoHoleUnreachableFromPosition,3426,0
5,EV14100706_6767,Event,14/02/2025,10:06:49,AutoHoleUnreachableFromPosition,0% ,AutoHoleUnreachableFromPosition,3426,0
304,EV14101206_6768,Event,14/02/2025,10:07:39,AdpeAbortedByOperator,8% ,AdpeAbortedByOperator,3427,0
2059,EV14102206_6770,Event,14/02/2025,10:20:56,AutoDrillingCompleted,53% ,AutoDrillingCompleted,3429,0
2059,EV14103706_6773,Event,14/02/2025,10:34:35,AutoDrillingCompleted,53% ,AutoDrillingCompleted,3432,0
2059,EV14104707_6775,Event,14/02/2025,10:45:40,AutoDrillingCompleted,53% ,AutoDrillingCompleted,3434,0
83,EV14104707_6775,Event,14/02/2025,10:46:17,AutoTrammingBlockedTramInterlockActive,2% ,AutoTrammingBlockedTramInterlockActive,3434,1
2059,EV14105707_6777,Event,14/02/2025,10:55:27,AutoDrillingCompleted,53% ,AutoDrillingCompleted,3436,0
152,EV14105707_6777,Event,14/02/2025,10:55:54,AutoStanceShiftFailedPosInterlockActive,4% ,AutoStanceShiftFailedPosInterlockActive,3436,1
152,EV14105707_6777,Event,14/02/2025,10:56:53,AutoStanceShiftFailedPosInterlockActive,4% ,AutoStanceShiftFailedPosInterlockActive,3436,1
126,EV14110207_6778,Event,14/02/2025,11:00:06,AutoDrillingAbortedDrillingAbortedByOperator,3% ,AutoDrillingAbortedDrillingAbortedByOperator,3437,0
2059,EV14111208_6780,Event,14/02/2025,11:10:37,AutoDrillingCompleted,53% ,AutoDrillingCompleted,3439,0
152,EV14111208_6780,Event,14/02/2025,11:10:50,AutoStanceShiftFailedPosInterlockActive,4% ,AutoStanceShiftFailedPosInterlockActive,3439,1
361,EV15214841_6843,Event,15/02/2025,21:45:10,AdpePausedByOperator,9% ,AdpePausedByOperator,3502,0
304,EV15214841_6843,Event,15/02/2025,21:45:20,AdpeAbortedByOperator,8% ,AdpeAbortedByOperator,3502,0
12,EV15214841_6843,Event,15/02/2025,21:47:44,AutoStanceShiftFailedHoleOutOfReach,0% ,AutoStanceShiftFailedHoleOutOfReach,3502,0
304,EV15215341_6844,Event,15/02/2025,21:49:25,AdpeAbortedByOperator,8% ,AdpeAbortedByOperator,3503,0
361,EV15215341_6844,Event,15/02/2025,21:50:10,AdpePausedByOperator,9% ,AdpePausedByOperator,3503,0
361,EV15220341_6846,Event,15/02/2025,22:01:43,AdpePausedByOperator,9% ,AdpePausedByOperator,3505,0
247,EV15220341_6846,Event,15/02/2025,22:01:43,AutoDrillingAbortedAutonomousDrillingPaused,6% ,AutoDrillingAbortedAutonomousDrillingPaused,3505,2
304,EV15222842_6851,Event,15/02/2025,22:27:02,AdpeAbortedByOperator,8% ,AdpeAbortedByOperator,3510,0
37,EV15222842_6851,Event,15/02/2025,22:27:28,AutoStanceShiftPreconditionNotMet,1% ,AutoStanceShiftPreconditionNotMet,3510,1
304,EV15222842_6851,Event,15/02/2025,22:27:38,AdpeAbortedByOperator,8% ,AdpeAbortedByOperator,3510,0
2059,EV15223842_6853,Event,15/02/2025,22:35:18,AutoDrillingCompleted,53% ,AutoDrillingCompleted,3512,0
2059,EV15224342_6854,Event,15/02/2025,22:42:43,AutoDrillingCompleted,53% ,AutoDrillingCompleted,3513,0
2059,EV15225343_6856,Event,15/02/2025,22:50:00,AutoDrillingCompleted,53% ,AutoDrillingCompleted,3515,0
2059,EV15225843_6857,Event,15/02/2025,22:57:03,AutoDrillingCompleted,53% ,AutoDrillingCompleted,3516,0
2059,EV15230843_6859,Event,15/02/2025,23:04:13,AutoDrillingCompleted,53% ,AutoDrillingCompleted,3518,0
361,EV15231843_6861,Event,15/02/2025,23:15:29,AdpePausedByOperator,9% ,AdpePausedByOperator,3520,0
247,EV15231843_6861,Event,15/02/2025,23:15:29,AutoDrillingAbortedAutonomousDrillingPaused,6% ,AutoDrillingAbortedAutonomousDrillingPaused,3520,2
2059,EV15232344_6862,Event,15/02/2025,23:22:57,AutoDrillingCompleted,53% ,AutoDrillingCompleted,3521,0
2059,EV15233344_6864,Event,15/02/2025,23:29:54,AutoDrillingCompleted,53% ,AutoDrillingCompleted,3523,0
2059,EV15233844_6865,Event,15/02/2025,23:36:59,AutoDrillingCompleted,53% ,AutoDrillingCompleted,3524,0
2059,EV15234844_6867,Event,15/02/2025,23:44:11,AutoDrillingCompleted,53% ,AutoDrillingCompleted,3526,0
2059,EV15235344_6868,Event,15/02/2025,23:51:19,AutoDrillingCompleted,53% ,AutoDrillingCompleted,3527,0
2059,EV15235845_6869,Event,15/02/2025,23:58:23,AutoDrillingCompleted,53% ,AutoDrillingCompleted,3528,0
361,EV15235845_6869,Event,15/02/2025,23:58:37,AdpePausedByOperator,9% ,AdpePausedByOperator,3528,0
304,EV15235845_6869,Event,15/02/2025,23:58:38,AdpeAbortedByOperator,8% ,AdpeAbortedByOperator,3528,0
2059,EV16001345_6871,Event,16/02/2025,00:12:24,AutoDrillingCompleted,53% ,AutoDrillingCompleted,3530,0
2059,EV16002345_6873,Event,16/02/2025,00:21:31,AutoDrillingCompleted,53% ,AutoDrillingCompleted,3532,0
361,EV16002846_6874,Event,16/02/2025,00:24:38,AdpePausedByOperator,9% ,AdpePausedByOperator,3533,0
247,EV16002846_6874,Event,16/02/2025,00:24:38,AutoDrillingAbortedAutonomousDrillingPaused,6% ,AutoDrillingAbortedAutonomousDrillingPaused,3533,2
2059,EV16003846_6876,Event,16/02/2025,00:37:41,AutoDrillingCompleted,53% ,AutoDrillingCompleted,3535,0
2059,EV16004846_6878,Event,16/02/2025,00:45:21,AutoDrillingCompleted,53% ,AutoDrillingCompleted,3537,0
2059,EV16005346_6879,Event,16/02/2025,00:53:10,AutoDrillingCompleted,53% ,AutoDrillingCompleted,3538,0
2059,EV16010347_6881,Event,16/02/2025,01:01:07,AutoDrillingCompleted,53% ,AutoDrillingCompleted,3540,0
361,EV16010347_6881,Event,16/02/2025,01:03:06,AdpePausedByOperator,9% ,AdpePausedByOperator,3540,0
247,EV16010347_6881,Event,16/02/2025,01:03:06,AutoDrillingAbortedAutonomousDrillingPaused,6% ,AutoDrillingAbortedAutonomousDrillingPaused,3540,2
2059,EV16012347_6884,Event,16/02/2025,01:20:09,AutoDrillingCompleted,53% ,AutoDrillingCompleted,3543,0
2059,EV16012847_6885,Event,16/02/2025,01:27:27,AutoDrillingCompleted,53% ,AutoDrillingCompleted,3544,0
2059,EV16013848_6887,Event,16/02/2025,01:35:05,AutoDrillingCompleted,53% ,AutoDrillingCompleted,3546,0
2059,EV16014348_6888,Event,16/02/2025,01:42:24,AutoDrillingCompleted,53% ,AutoDrillingCompleted,3547,0
2059,EV16015348_6890,Event,16/02/2025,01:49:49,AutoDrillingCompleted,53% ,AutoDrillingCompleted,3549,0
2059,EV16015848_6891,Event,16/02/2025,01:57:18,AutoDrillingCompleted,53% ,AutoDrillingCompleted,3550,0
2059,EV16020849_6893,Event,16/02/2025,02:04:42,AutoDrillingCompleted,53% ,AutoDrillingCompleted,3552,0
2059,EV16021849_6895,Event,16/02/2025,02:14:24,AutoDrillingCompleted,53% ,AutoDrillingCompleted,3554,0
2059,EV16022349_6896,Event,16/02/2025,02:22:06,AutoDrillingCompleted,53% ,AutoDrillingCompleted,3555,0
2059,EV16023350_6898,Event,16/02/2025,02:30:03,AutoDrillingCompleted,53% ,AutoDrillingCompleted,3557,0
2059,EV16023850_6899,Event,16/02/2025,02:37:38,AutoDrillingCompleted,53% ,AutoDrillingCompleted,3558,0
2059,EV16024850_6901,Event,16/02/2025,02:44:49,AutoDrillingCompleted,53% ,AutoDrillingCompleted,3560,0
2059,EV16025350_6902,Event,16/02/2025,02:52:17,AutoDrillingCompleted,53% ,AutoDrillingCompleted,3561,0
2059,EV16030350_6904,Event,16/02/2025,02:59:26,AutoDrillingCompleted,53% ,AutoDrillingCompleted,3563,0
2059,EV16030851_6905,Event,16/02/2025,03:06:42,AutoDrillingCompleted,53% ,AutoDrillingCompleted,3564,0
2059,EV16031351_6906,Event,16/02/2025,03:13:44,AutoDrillingCompleted,53% ,AutoDrillingCompleted,3565,0
2059,EV16032351_6908,Event,16/02/2025,03:20:50,AutoDrillingCompleted,53% ,AutoDrillingCompleted,3567,0
2059,EV16032851_6909,Event,16/02/2025,03:28:34,AutoDrillingCompleted,53% ,AutoDrillingCompleted,3568,0
2059,EV16033851_6911,Event,16/02/2025,03:35:59,AutoDrillingCompleted,53% ,AutoDrillingCompleted,3570,0
2059,EV16034351_6912,Event,16/02/2025,03:43:25,AutoDrillingCompleted,53% ,AutoDrillingCompleted,3571,0
2059,EV16035352_6914,Event,16/02/2025,03:50:49,AutoDrillingCompleted,53% ,AutoDrillingCompleted,3573,0
2059,EV16035852_6915,Event,16/02/2025,03:58:43,AutoDrillingCompleted,53% ,AutoDrillingCompleted,3574,0
2059,EV16040852_6917,Event,16/02/2025,04:06:53,AutoDrillingCompleted,53% ,AutoDrillingCompleted,3576,0
2059,EV16041853_6919,Event,16/02/2025,04:15:05,AutoDrillingCompleted,53% ,AutoDrillingCompleted,3578,0
2059,EV16042353_6920,Event,16/02/2025,04:23:33,AutoDrillingCompleted,53% ,AutoDrillingCompleted,3579,0
361,EV16043353_6922,Event,16/02/2025,04:29:50,AdpePausedByOperator,9% ,AdpePausedByOperator,3581,0
247,EV16043353_6922,Event,16/02/2025,04:29:50,AutoDrillingAbortedAutonomousDrillingPaused,6% ,AutoDrillingAbortedAutonomousDrillingPaused,3581,2
2059,EV16043853_6923,Event,16/02/2025,04:37:13,AutoDrillingCompleted,53% ,AutoDrillingCompleted,3582,0
2059,EV16044853_6925,Event,16/02/2025,04:44:27,AutoDrillingCompleted,53% ,AutoDrillingCompleted,3584,0
361,EV16044853_6925,Event,16/02/2025,04:46:12,AdpePausedByOperator,9% ,AdpePausedByOperator,3584,0
2059,EV16045854_6927,Event,16/02/2025,04:56:30,AutoDrillingCompleted,53% ,AutoDrillingCompleted,3586,0
2059,EV16050354_6928,Event,16/02/2025,05:03:39,AutoDrillingCompleted,53% ,AutoDrillingCompleted,3587,0
2059,EV16051354_6930,Event,16/02/2025,05:11:03,AutoDrillingCompleted,53% ,AutoDrillingCompleted,3589,0
361,EV16051354_6930,Event,16/02/2025,05:12:56,AdpePausedByOperator,9% ,AdpePausedByOperator,3589,0
247,EV16051354_6930,Event,16/02/2025,05:12:56,AutoDrillingAbortedAutonomousDrillingPaused,6% ,AutoDrillingAbortedAutonomousDrillingPaused,3589,2
2059,EV16052354_6932,Event,16/02/2025,05:21:17,AutoDrillingCompleted,53% ,AutoDrillingCompleted,3591,0
2059,EV16052855_6933,Event,16/02/2025,05:27:35,AutoDrillingCompleted,53% ,AutoDrillingCompleted,3592,0
2059,EV16053355_6934,Event,16/02/2025,05:33:40,AutoDrillingCompleted,53% ,AutoDrillingCompleted,3593,0
2059,EV16054355_6936,Event,16/02/2025,05:39:59,AutoDrillingCompleted,53% ,AutoDrillingCompleted,3595,0
2059,EV16054855_6937,Event,16/02/2025,05:46:45,AutoDrillingCompleted,53% ,AutoDrillingCompleted,3596,0
2059,EV16055856_6939,Event,16/02/2025,05:54:59,AutoDrillingCompleted,53% ,AutoDrillingCompleted,3598,0
2059,EV16060356_6940,Event,16/02/2025,06:01:47,AutoDrillingCompleted,53% ,AutoDrillingCompleted,3599,0
9,EV16060356_6940,Event,16/02/2025,06:03:13,AutoPathPlanningFailure,0% ,AutoPathPlanningFailure,3599,0
2059,EV16061356_6942,Event,16/02/2025,06:09:13,AutoDrillingCompleted,53% ,AutoDrillingCompleted,3601,0
81,EV16061356_6942,Event,16/02/2025,06:09:55,AutoNoFeasiblePathFound,2% ,AutoNoFeasiblePathFound,3601,0
81,EV16061356_6942,Event,16/02/2025,06:10:05,AutoNoFeasiblePathFound,2% ,AutoNoFeasiblePathFound,3601,1
2059,EV16061856_6943,Event,16/02/2025,06:16:51,AutoDrillingCompleted,53% ,AutoDrillingCompleted,3602,0
2059,EV16062357_6944,Event,16/02/2025,06:23:03,AutoDrillingCompleted,53% ,AutoDrillingCompleted,3603,0
2059,EV16062857_6945,Event,16/02/2025,06:28:53,AutoDrillingCompleted,53% ,AutoDrillingCompleted,3604,0
2059,EV16063857_6947,Event,16/02/2025,06:34:52,AutoDrillingCompleted,53% ,AutoDrillingCompleted,3606,0
2059,EV16064357_6948,Event,16/02/2025,06:40:58,AutoDrillingCompleted,53% ,AutoDrillingCompleted,3607,0
2059,EV16064857_6949,Event,16/02/2025,06:46:43,AutoDrillingCompleted,53% ,AutoDrillingCompleted,3608,0
2059,EV16065358_6950,Event,16/02/2025,06:53:12,AutoDrillingCompleted,53% ,AutoDrillingCompleted,3609,0
2059,EV16070358_6952,Event,16/02/2025,06:59:37,AutoDrillingCompleted,53% ,AutoDrillingCompleted,3611,0
361,EV16070358_6952,Event,16/02/2025,07:01:32,AdpePausedByOperator,9% ,AdpePausedByOperator,3611,1
247,EV16070358_6952,Event,16/02/2025,07:01:32,AutoDrillingAbortedAutonomousDrillingPaused,6% ,AutoDrillingAbortedAutonomousDrillingPaused,3611,3
2059,EV16071358_6954,Event,16/02/2025,07:13:47,AutoDrillingCompleted,53% ,AutoDrillingCompleted,3613,0
2059,EV16072359_6956,Event,16/02/2025,07:20:39,AutoDrillingCompleted,53% ,AutoDrillingCompleted,3615,0
361,EV16072359_6956,Event,16/02/2025,07:22:34,AdpePausedByOperator,9% ,AdpePausedByOperator,3615,0
247,EV16072359_6956,Event,16/02/2025,07:22:34,AutoDrillingAbortedAutonomousDrillingPaused,6% ,AutoDrillingAbortedAutonomousDrillingPaused,3615,2
304,EV16073359_6958,Event,16/02/2025,07:32:30,AdpeAbortedByOperator,8% ,AdpeAbortedByOperator,3617,0
126,EV16073859_6959,Event,16/02/2025,07:34:36,AutoDrillingAbortedDrillingAbortedByOperator,3% ,AutoDrillingAbortedDrillingAbortedByOperator,3618,0
126,EV16083540_6966,Event,16/02/2025,08:30:44,AutoDrillingAbortedDrillingAbortedByOperator,3% ,AutoDrillingAbortedDrillingAbortedByOperator,3625,0
2059,EV16083540_6966,Event,16/02/2025,08:33:57,AutoDrillingCompleted,53% ,AutoDrillingCompleted,3625,0
2059,EV16084540_6968,Event,16/02/2025,08:40:43,AutoDrillingCompleted,53% ,AutoDrillingCompleted,3627,0
2059,EV16085040_6969,Event,16/02/2025,08:47:48,AutoDrillingCompleted,53% ,AutoDrillingCompleted,3628,0
2059,EV16090040_6971,Event,16/02/2025,08:56:40,AutoDrillingCompleted,53% ,AutoDrillingCompleted,3630,0
361,EV16090040_6971,Event,16/02/2025,08:59:27,AdpePausedByOperator,9% ,AdpePausedByOperator,3630,1
247,EV16090040_6971,Event,16/02/2025,08:59:27,AutoDrillingAbortedAutonomousDrillingPaused,6% ,AutoDrillingAbortedAutonomousDrillingPaused,3630,2
2059,EV16091541_6973,Event,16/02/2025,09:12:27,AutoDrillingCompleted,53% ,AutoDrillingCompleted,3632,0
2059,EV16092041_6974,Event,16/02/2025,09:19:13,AutoDrillingCompleted,53% ,AutoDrillingCompleted,3633,0
2059,EV16093041_6976,Event,16/02/2025,09:26:01,AutoDrillingCompleted,53% ,AutoDrillingCompleted,3635,0
2059,EV16093542_6977,Event,16/02/2025,09:32:43,AutoDrillingCompleted,53% ,AutoDrillingCompleted,3636,0
2059,EV16094042_6978,Event,16/02/2025,09:39:12,AutoDrillingCompleted,53% ,AutoDrillingCompleted,3637,0
2059,EV16094542_6979,Event,16/02/2025,09:45:36,AutoDrillingCompleted,53% ,AutoDrillingCompleted,3638,0
2059,EV16095542_6981,Event,16/02/2025,09:52:01,AutoDrillingCompleted,53% ,AutoDrillingCompleted,3640,0
2059,EV16100042_6982,Event,16/02/2025,09:58:22,AutoDrillingCompleted,53% ,AutoDrillingCompleted,3641,0
2059,EV16100542_6983,Event,16/02/2025,10:04:50,AutoDrillingCompleted,53% ,AutoDrillingCompleted,3642,0
2059,EV16101543_6985,Event,16/02/2025,10:11:10,AutoDrillingCompleted,53% ,AutoDrillingCompleted,3644,0
2059,EV16102043_6986,Event,16/02/2025,10:17:22,AutoDrillingCompleted,53% ,AutoDrillingCompleted,3645,0
2059,EV16103043_6988,Event,16/02/2025,10:26:31,AutoDrillingCompleted,53% ,AutoDrillingCompleted,3647,0
2059,EV16103543_6989,Event,16/02/2025,10:33:52,AutoDrillingCompleted,53% ,AutoDrillingCompleted,3648,0
14,EV16104043_6990,Event,16/02/2025,10:37:08,AdpeAbortedFromOpsLevers,0% ,AdpeAbortedFromOpsLevers,3649,0
247,EV16104043_6990,Event,16/02/2025,10:37:09,AutoDrillingAbortedAutonomousDrillingPaused,6% ,AutoDrillingAbortedAutonomousDrillingPaused,3649,0
2059,EV16104544_6991,Event,16/02/2025,10:41:56,AutoDrillingCompleted,53% ,AutoDrillingCompleted,3650,0
2059,EV16105544_6993,Event,16/02/2025,10:52:57,AutoDrillingCompleted,53% ,AutoDrillingCompleted,3652,0
2059,EV16110044_6994,Event,16/02/2025,10:59:08,AutoDrillingCompleted,53% ,AutoDrillingCompleted,3653,0
2059,EV16110544_6995,Event,16/02/2025,11:05:23,AutoDrillingCompleted,53% ,AutoDrillingCompleted,3654,0
2059,EV16111544_6997,Event,16/02/2025,11:12:19,AutoDrillingCompleted,53% ,AutoDrillingCompleted,3656,0
2059,EV16112045_6998,Event,16/02/2025,11:18:51,AutoDrillingCompleted,53% ,AutoDrillingCompleted,3657,0
2059,EV16112545_6999,Event,16/02/2025,11:25:24,AutoDrillingCompleted,53% ,AutoDrillingCompleted,3658,0
2059,EV16113545_7001,Event,16/02/2025,11:31:43,AutoDrillingCompleted,53% ,AutoDrillingCompleted,3660,0
2059,EV16114045_7002,Event,16/02/2025,11:38:10,AutoDrillingCompleted,53% ,AutoDrillingCompleted,3661,0
2059,EV16114545_7003,Event,16/02/2025,11:44:32,AutoDrillingCompleted,53% ,AutoDrillingCompleted,3662,0
361,EV16114545_7003,Event,16/02/2025,11:45:07,AdpePausedByOperator,9% ,AdpePausedByOperator,3662,1
7,EV16114545_7003,Event,16/02/2025,11:45:08,AutoTrammingBlockedAutoModeDeactivated,0% ,AutoTrammingBlockedAutoModeDeactivated,3662,1
2059,EV16115546_7005,Event,16/02/2025,11:52:34,AutoDrillingCompleted,53% ,AutoDrillingCompleted,3664,0
2059,EV16120046_7006,Event,16/02/2025,11:59:22,AutoDrillingCompleted,53% ,AutoDrillingCompleted,3665,0
2059,EV16121046_7008,Event,16/02/2025,12:05:48,AutoDrillingCompleted,53% ,AutoDrillingCompleted,3667,0
2059,EV16121547_7009,Event,16/02/2025,12:11:44,AutoDrillingCompleted,53% ,AutoDrillingCompleted,3668,0
2059,EV16122047_7010,Event,16/02/2025,12:17:50,AutoDrillingCompleted,53% ,AutoDrillingCompleted,3669,0
2059,EV16123047_7012,Event,16/02/2025,12:26:44,AutoDrillingCompleted,53% ,AutoDrillingCompleted,3671,0
2059,EV16124047_7014,Event,16/02/2025,12:36:05,AutoDrillingCompleted,53% ,AutoDrillingCompleted,3673,0
2059,EV16124547_7015,Event,16/02/2025,12:43:12,AutoDrillingCompleted,53% ,AutoDrillingCompleted,3674,0
30,EV16125548_7017,Event,16/02/2025,12:54:41,StanceShiftBlockedBitInHole,1% ,StanceShiftBlockedBitInHole,3676,0
30,EV16125548_7017,Event,16/02/2025,12:54:48,StanceShiftBlockedBitInHole,1% ,StanceShiftBlockedBitInHole,3676,0
2059,EV16130048_7018,Event,16/02/2025,12:59:43,AutoDrillingCompleted,53% ,AutoDrillingCompleted,3677,0
304,EV16130548_7019,Event,16/02/2025,13:00:55,AdpeAbortedByOperator,8% ,AdpeAbortedByOperator,3678,0
2059,EV16131048_7020,Event,16/02/2025,13:07:06,AutoDrillingCompleted,53% ,AutoDrillingCompleted,3679,0
2059,EV16131548_7021,Event,16/02/2025,13:13:43,AutoDrillingCompleted,53% ,AutoDrillingCompleted,3680,0
2059,EV16132048_7022,Event,16/02/2025,13:20:27,AutoDrillingCompleted,53% ,AutoDrillingCompleted,3681,0
2059,EV16133049_7024,Event,16/02/2025,13:26:49,AutoDrillingCompleted,53% ,AutoDrillingCompleted,3683,0
2059,EV16133549_7025,Event,16/02/2025,13:34:09,AutoDrillingCompleted,53% ,AutoDrillingCompleted,3684,0
304,EV16134049_7026,Event,16/02/2025,13:40:23,AdpeAbortedByOperator,8% ,AdpeAbortedByOperator,3685,0
2059,EV16135049_7028,Event,16/02/2025,13:46:34,AutoDrillingCompleted,53% ,AutoDrillingCompleted,3687,0
14,EV16135049_7028,Event,16/02/2025,13:46:59,AdpeAbortedFromOpsLevers,0% ,AdpeAbortedFromOpsLevers,3687,0
2059,EV16135549_7029,Event,16/02/2025,13:52:48,AutoDrillingCompleted,53% ,AutoDrillingCompleted,3688,0
37,EV16135549_7029,Event,16/02/2025,13:53:21,AutoStanceShiftPreconditionNotMet,1% ,AutoStanceShiftPreconditionNotMet,3688,1
2059,EV16140049_7030,Event,16/02/2025,13:58:50,AutoDrillingCompleted,53% ,AutoDrillingCompleted,3689,0
2059,EV16140549_7031,Event,16/02/2025,14:04:42,AutoDrillingCompleted,53% ,AutoDrillingCompleted,3690,0
2059,EV16141050_7032,Event,16/02/2025,14:10:27,AutoDrillingCompleted,53% ,AutoDrillingCompleted,3691,0
2059,EV16142050_7034,Event,16/02/2025,14:16:18,AutoDrillingCompleted,53% ,AutoDrillingCompleted,3693,0
2059,EV16142550_7035,Event,16/02/2025,14:24:56,AutoDrillingCompleted,53% ,AutoDrillingCompleted,3694,0
2059,EV16143550_7037,Event,16/02/2025,14:31:21,AutoDrillingCompleted,53% ,AutoDrillingCompleted,3696,0
2059,EV16144051_7038,Event,16/02/2025,14:38:34,AutoDrillingCompleted,53% ,AutoDrillingCompleted,3697,0
2059,EV16144551_7039,Event,16/02/2025,14:44:55,AutoDrillingCompleted,53% ,AutoDrillingCompleted,3698,0
2059,EV16145551_7041,Event,16/02/2025,14:51:05,AutoDrillingCompleted,53% ,AutoDrillingCompleted,3700,0
2059,EV16150051_7042,Event,16/02/2025,14:57:20,AutoDrillingCompleted,53% ,AutoDrillingCompleted,3701,0
2059,EV16150551_7043,Event,16/02/2025,15:03:21,AutoDrillingCompleted,53% ,AutoDrillingCompleted,3702,0
2059,EV16151051_7044,Event,16/02/2025,15:09:11,AutoDrillingCompleted,53% ,AutoDrillingCompleted,3703,0
361,EV16151552_7045,Event,16/02/2025,15:11:48,AdpePausedByOperator,9% ,AdpePausedByOperator,3704,0
247,EV16151552_7045,Event,16/02/2025,15:11:48,AutoDrillingAbortedAutonomousDrillingPaused,6% ,AutoDrillingAbortedAutonomousDrillingPaused,3704,2
2059,EV16152552_7047,Event,16/02/2025,15:22:26,AutoDrillingCompleted,53% ,AutoDrillingCompleted,3706,0
2059,EV16153052_7048,Event,16/02/2025,15:28:21,AutoDrillingCompleted,53% ,AutoDrillingCompleted,3707,0
2059,EV16153552_7049,Event,16/02/2025,15:34:10,AutoDrillingCompleted,53% ,AutoDrillingCompleted,3708,0
2059,EV16154052_7050,Event,16/02/2025,15:40:13,AutoDrillingCompleted,53% ,AutoDrillingCompleted,3709,0
2059,EV16155053_7052,Event,16/02/2025,15:46:11,AutoDrillingCompleted,53% ,AutoDrillingCompleted,3711,0
2059,EV16155553_7053,Event,16/02/2025,15:52:04,AutoDrillingCompleted,53% ,AutoDrillingCompleted,3712,0
2059,EV16160053_7054,Event,16/02/2025,15:58:05,AutoDrillingCompleted,53% ,AutoDrillingCompleted,3713,0
2059,EV16160553_7055,Event,16/02/2025,16:04:04,AutoDrillingCompleted,53% ,AutoDrillingCompleted,3714,0
2059,EV16161053_7056,Event,16/02/2025,16:09:56,AutoDrillingCompleted,53% ,AutoDrillingCompleted,3715,0
2059,EV16162554_7059,Event,16/02/2025,16:22:47,AutoDrillingCompleted,53% ,AutoDrillingCompleted,3718,0
2059,EV16163554_7061,Event,16/02/2025,16:32:47,AutoDrillingCompleted,53% ,AutoDrillingCompleted,3720,0
361,EV16164054_7062,Event,16/02/2025,16:37:40,AdpePausedByOperator,9% ,AdpePausedByOperator,3721,0
247,EV16164054_7062,Event,16/02/2025,16:37:40,AutoDrillingAbortedAutonomousDrillingPaused,6% ,AutoDrillingAbortedAutonomousDrillingPaused,3721,2
304,EV16164554_7063,Event,16/02/2025,16:42:24,AdpeAbortedByOperator,8% ,AdpeAbortedByOperator,3722,0
2059,EV16165055_7064,Event,16/02/2025,16:49:04,AutoDrillingCompleted,53% ,AutoDrillingCompleted,3723,0
2059,EV16165555_7065,Event,16/02/2025,16:55:00,AutoDrillingCompleted,53% ,AutoDrillingCompleted,3724,0
2059,EV16170055_7066,Event,16/02/2025,17:00:44,AutoDrillingCompleted,53% ,AutoDrillingCompleted,3725,0
2059,EV16171055_7068,Event,16/02/2025,17:06:34,AutoDrillingCompleted,53% ,AutoDrillingCompleted,3727,0
361,EV16171055_7068,Event,16/02/2025,17:10:54,AdpePausedByOperator,9% ,AdpePausedByOperator,3727,0
247,EV16171055_7068,Event,16/02/2025,17:10:54,AutoDrillingAbortedAutonomousDrillingPaused,6% ,AutoDrillingAbortedAutonomousDrillingPaused,3727,2
2059,EV16172556_7071,Event,16/02/2025,17:24:36,AutoDrillingCompleted,53% ,AutoDrillingCompleted,3730,0
2059,EV16173556_7073,Event,16/02/2025,17:31:40,AutoDrillingCompleted,53% ,AutoDrillingCompleted,3732,0
2059,EV16174056_7074,Event,16/02/2025,17:37:31,AutoDrillingCompleted,53% ,AutoDrillingCompleted,3733,0
2059,EV16174557_7075,Event,16/02/2025,17:43:29,AutoDrillingCompleted,53% ,AutoDrillingCompleted,3734,0
2059,EV16175057_7076,Event,16/02/2025,17:49:23,AutoDrillingCompleted,53% ,AutoDrillingCompleted,3735,0
2059,EV16175557_7077,Event,16/02/2025,17:55:21,AutoDrillingCompleted,53% ,AutoDrillingCompleted,3736,0
2059,EV16180557_7079,Event,16/02/2025,18:02:36,AutoDrillingCompleted,53% ,AutoDrillingCompleted,3738,0
2059,EV16181057_7080,Event,16/02/2025,18:10:05,AutoDrillingCompleted,53% ,AutoDrillingCompleted,3739,0
361,EV16181057_7080,Event,16/02/2025,18:10:32,AdpePausedByOperator,9% ,AdpePausedByOperator,3739,0
152,EV16182058_7081,Event,16/02/2025,18:18:43,AutoStanceShiftFailedPosInterlockActive,4% ,AutoStanceShiftFailedPosInterlockActive,3740,1
2059,EV16182558_7082,Event,16/02/2025,18:24:56,AutoDrillingCompleted,53% ,AutoDrillingCompleted,3741,0
2059,EV16183558_7084,Event,16/02/2025,18:31:07,AutoDrillingCompleted,53% ,AutoDrillingCompleted,3743,0
2059,EV16184058_7085,Event,16/02/2025,18:36:58,AutoDrillingCompleted,53% ,AutoDrillingCompleted,3744,0
2059,EV16184558_7086,Event,16/02/2025,18:42:48,AutoDrillingCompleted,53% ,AutoDrillingCompleted,3745,0
2059,EV16185058_7087,Event,16/02/2025,18:48:51,AutoDrillingCompleted,53% ,AutoDrillingCompleted,3746,0
2059,EV16185558_7088,Event,16/02/2025,18:55:33,AutoDrillingCompleted,53% ,AutoDrillingCompleted,3747,0
2059,EV16190559_7090,Event,16/02/2025,19:01:47,AutoDrillingCompleted,53% ,AutoDrillingCompleted,3749,0
2059,EV16191059_7091,Event,16/02/2025,19:07:51,AutoDrillingCompleted,53% ,AutoDrillingCompleted,3750,0
2059,EV16191559_7092,Event,16/02/2025,19:13:42,AutoDrillingCompleted,53% ,AutoDrillingCompleted,3751,0
2059,EV16192059_7093,Event,16/02/2025,19:19:42,AutoDrillingCompleted,53% ,AutoDrillingCompleted,3752,0
2059,EV16192559_7094,Event,16/02/2025,19:25:48,AutoDrillingCompleted,53% ,AutoDrillingCompleted,3753,0
2059,EV16193600_7096,Event,16/02/2025,19:31:48,AutoDrillingCompleted,53% ,AutoDrillingCompleted,3755,0
2059,EV16194100_7097,Event,16/02/2025,19:37:45,AutoDrillingCompleted,53% ,AutoDrillingCompleted,3756,0
361,EV16194600_7098,Event,16/02/2025,19:42:12,AdpePausedByOperator,9% ,AdpePausedByOperator,3757,0
247,EV16194600_7098,Event,16/02/2025,19:42:12,AutoDrillingAbortedAutonomousDrillingPaused,6% ,AutoDrillingAbortedAutonomousDrillingPaused,3757,2
2059,EV16195600_7100,Event,16/02/2025,19:54:23,AutoDrillingCompleted,53% ,AutoDrillingCompleted,3759,0
2059,EV16200600_7102,Event,16/02/2025,20:01:21,AutoDrillingCompleted,53% ,AutoDrillingCompleted,3761,0
361,EV16200600_7102,Event,16/02/2025,20:01:30,AdpePausedByOperator,9% ,AdpePausedByOperator,3761,0
304,EV16200600_7102,Event,16/02/2025,20:01:32,AdpeAbortedByOperator,8% ,AdpeAbortedByOperator,3761,0
2059,EV16201601_7104,Event,16/02/2025,20:12:55,AutoDrillingCompleted,53% ,AutoDrillingCompleted,3763,0
2059,EV16202101_7105,Event,16/02/2025,20:19:44,AutoDrillingCompleted,53% ,AutoDrillingCompleted,3764,0
2059,EV16202601_7106,Event,16/02/2025,20:25:37,AutoDrillingCompleted,53% ,AutoDrillingCompleted,3765,0
2059,EV16203601_7108,Event,16/02/2025,20:31:33,AutoDrillingCompleted,53% ,AutoDrillingCompleted,3767,0
361,EV16203601_7108,Event,16/02/2025,20:31:58,AdpePausedByOperator,9% ,AdpePausedByOperator,3767,0
2059,EV16204602_7110,Event,16/02/2025,20:45:58,AutoDrillingCompleted,53% ,AutoDrillingCompleted,3769,0
2059,EV16205602_7112,Event,16/02/2025,20:51:49,AutoDrillingCompleted,53% ,AutoDrillingCompleted,3771,0
2059,EV16210102_7113,Event,16/02/2025,20:57:54,AutoDrillingCompleted,53% ,AutoDrillingCompleted,3772,0
2059,EV16210602_7114,Event,16/02/2025,21:03:56,AutoDrillingCompleted,53% ,AutoDrillingCompleted,3773,0
2059,EV16211102_7115,Event,16/02/2025,21:10:01,AutoDrillingCompleted,53% ,AutoDrillingCompleted,3774,0
2059,EV16212103_7117,Event,16/02/2025,21:16:06,AutoDrillingCompleted,53% ,AutoDrillingCompleted,3776,0
2059,EV16212603_7118,Event,16/02/2025,21:22:08,AutoDrillingCompleted,53% ,AutoDrillingCompleted,3777,0
2059,EV16213103_7119,Event,16/02/2025,21:28:13,AutoDrillingCompleted,53% ,AutoDrillingCompleted,3778,0
2059,EV16214104_7121,Event,16/02/2025,21:36:36,AutoDrillingCompleted,53% ,AutoDrillingCompleted,3780,0
2059,EV16214604_7122,Event,16/02/2025,21:43:22,AutoDrillingCompleted,53% ,AutoDrillingCompleted,3781,0
361,EV16215104_7123,Event,16/02/2025,21:46:18,AdpePausedByOperator,9% ,AdpePausedByOperator,3782,0
247,EV16215104_7123,Event,16/02/2025,21:46:18,AutoDrillingAbortedAutonomousDrillingPaused,6% ,AutoDrillingAbortedAutonomousDrillingPaused,3782,2
2059,EV16221605_7126,Event,16/02/2025,22:13:54,AutoDrillingCompleted,53% ,AutoDrillingCompleted,3785,0
2059,EV16222605_7128,Event,16/02/2025,22:21:07,AutoDrillingCompleted,53% ,AutoDrillingCompleted,3787,0
2059,EV16223105_7129,Event,16/02/2025,22:28:27,AutoDrillingCompleted,53% ,AutoDrillingCompleted,3788,0
2059,EV16223605_7130,Event,16/02/2025,22:34:48,AutoDrillingCompleted,53% ,AutoDrillingCompleted,3789,0
2059,EV16224605_7132,Event,16/02/2025,22:41:10,AutoDrillingCompleted,53% ,AutoDrillingCompleted,3791,0
2059,EV16225106_7133,Event,16/02/2025,22:47:33,AutoDrillingCompleted,53% ,AutoDrillingCompleted,3792,0
2059,EV16230106_7135,Event,16/02/2025,22:56:08,AutoDrillingCompleted,53% ,AutoDrillingCompleted,3794,0
2059,EV16230606_7136,Event,16/02/2025,23:02:39,AutoDrillingCompleted,53% ,AutoDrillingCompleted,3795,0
2059,EV16231606_7138,Event,16/02/2025,23:12:03,AutoDrillingCompleted,53% ,AutoDrillingCompleted,3797,0
2059,EV16232107_7139,Event,16/02/2025,23:19:17,AutoDrillingCompleted,53% ,AutoDrillingCompleted,3798,0
2059,EV16232607_7140,Event,16/02/2025,23:25:45,AutoDrillingCompleted,53% ,AutoDrillingCompleted,3799,0
2059,EV16233607_7142,Event,16/02/2025,23:34:42,AutoDrillingCompleted,53% ,AutoDrillingCompleted,3801,0
2059,EV16234607_7144,Event,16/02/2025,23:41:29,AutoDrillingCompleted,53% ,AutoDrillingCompleted,3803,0
2059,EV16235107_7145,Event,16/02/2025,23:50:06,AutoDrillingCompleted,53% ,AutoDrillingCompleted,3804,0
2059,EV17000108_7147,Event,16/02/2025,23:58:19,AutoDrillingCompleted,53% ,AutoDrillingCompleted,3806,0
2059,EV17001108_7149,Event,17/02/2025,00:06:44,AutoDrillingCompleted,53% ,AutoDrillingCompleted,3808,0
361,EV17001608_7150,Event,17/02/2025,00:14:31,AdpePausedByOperator,9% ,AdpePausedByOperator,3809,0
247,EV17001608_7150,Event,17/02/2025,00:14:31,AutoDrillingAbortedAutonomousDrillingPaused,6% ,AutoDrillingAbortedAutonomousDrillingPaused,3809,2
2059,EV17002608_7152,Event,17/02/2025,00:23:51,AutoDrillingCompleted,53% ,AutoDrillingCompleted,3811,0
2059,EV17003609_7154,Event,17/02/2025,00:31:28,AutoDrillingCompleted,53% ,AutoDrillingCompleted,3813,0
2059,EV17004109_7155,Event,17/02/2025,00:41:06,AutoDrillingCompleted,53% ,AutoDrillingCompleted,3814,0
2059,EV17005610_7158,Event,17/02/2025,00:51:22,AutoDrillingCompleted,53% ,AutoDrillingCompleted,3817,0
2059,EV17010610_7160,Event,17/02/2025,01:01:48,AutoDrillingCompleted,53% ,AutoDrillingCompleted,3819,0
2059,EV17012111_7163,Event,17/02/2025,01:17:58,AutoDrillingCompleted,53% ,AutoDrillingCompleted,3822,0
71,EV17013111_7165,Event,17/02/2025,01:29:45,AutoDrillingAbortedNoRecoverFromLowPenetrationJam,2% ,AutoDrillingAbortedNoRecoverFromLowPenetrationJam,3824,0
71,EV17013611_7166,Event,17/02/2025,01:34:22,AutoDrillingAbortedNoRecoverFromLowPenetrationJam,2% ,AutoDrillingAbortedNoRecoverFromLowPenetrationJam,3825,0
361,EV17014111_7167,Event,17/02/2025,01:37:59,AdpePausedByOperator,9% ,AdpePausedByOperator,3826,0
247,EV17014111_7167,Event,17/02/2025,01:37:59,AutoDrillingAbortedAutonomousDrillingPaused,6% ,AutoDrillingAbortedAutonomousDrillingPaused,3826,2
361,EV17014612_7168,Event,17/02/2025,01:42:33,AdpePausedByOperator,9% ,AdpePausedByOperator,3827,0
247,EV17014612_7168,Event,17/02/2025,01:42:33,AutoDrillingAbortedAutonomousDrillingPaused,6% ,AutoDrillingAbortedAutonomousDrillingPaused,3827,2
71,EV17014612_7168,Event,17/02/2025,01:44:54,AutoDrillingAbortedNoRecoverFromLowPenetrationJam,2% ,AutoDrillingAbortedNoRecoverFromLowPenetrationJam,3827,0
2059,EV17015612_7170,Event,17/02/2025,01:52:19,AutoDrillingCompleted,53% ,AutoDrillingCompleted,3829,0
2059,EV17020612_7172,Event,17/02/2025,02:03:04,AutoDrillingCompleted,53% ,AutoDrillingCompleted,3831,0
2059,EV17021612_7174,Event,17/02/2025,02:15:43,AutoDrillingCompleted,53% ,AutoDrillingCompleted,3833,0
2059,EV17022613_7176,Event,17/02/2025,02:26:13,AutoDrillingCompleted,53% ,AutoDrillingCompleted,3835,0
304,EV17023113_7177,Event,17/02/2025,02:29:20,AdpeAbortedByOperator,8% ,AdpeAbortedByOperator,3836,0
361,EV17024613_7180,Event,17/02/2025,02:42:39,AdpePausedByOperator,9% ,AdpePausedByOperator,3839,0
247,EV17024613_7180,Event,17/02/2025,02:42:39,AutoDrillingAbortedAutonomousDrillingPaused,6% ,AutoDrillingAbortedAutonomousDrillingPaused,3839,2
2059,EV17025613_7182,Event,17/02/2025,02:52:22,AutoDrillingCompleted,53% ,AutoDrillingCompleted,3841,0
2059,EV17031114_7185,Event,17/02/2025,03:08:30,AutoDrillingCompleted,53% ,AutoDrillingCompleted,3844,0
83,EV17031114_7185,Event,17/02/2025,03:09:40,AutoTrammingBlockedTramInterlockActive,2% ,AutoTrammingBlockedTramInterlockActive,3844,1
2059,EV17033615_7190,Event,17/02/2025,03:34:22,AutoDrillingCompleted,53% ,AutoDrillingCompleted,3849,0
361,EV17034615_7192,Event,17/02/2025,03:43:31,AdpePausedByOperator,9% ,AdpePausedByOperator,3851,0
247,EV17034615_7192,Event,17/02/2025,03:43:31,AutoDrillingAbortedAutonomousDrillingPaused,6% ,AutoDrillingAbortedAutonomousDrillingPaused,3851,2
2059,EV17035615_7194,Event,17/02/2025,03:55:24,AutoDrillingCompleted,53% ,AutoDrillingCompleted,3853,0
2059,EV17041616_7198,Event,17/02/2025,04:14:34,AutoDrillingCompleted,53% ,AutoDrillingCompleted,3857,0
2059,EV17043616_7202,Event,17/02/2025,04:33:51,AutoDrillingCompleted,53% ,AutoDrillingCompleted,3861,0
71,EV17045617_7206,Event,17/02/2025,04:53:44,AutoDrillingAbortedNoRecoverFromLowPenetrationJam,2% ,AutoDrillingAbortedNoRecoverFromLowPenetrationJam,3865,1
71,EV17050117_7207,Event,17/02/2025,04:59:56,AutoDrillingAbortedNoRecoverFromLowPenetrationJam,2% ,AutoDrillingAbortedNoRecoverFromLowPenetrationJam,3866,1
304,EV17050117_7207,Event,17/02/2025,05:00:19,AdpeAbortedByOperator,8% ,AdpeAbortedByOperator,3866,0
126,EV17050618_7208,Event,17/02/2025,05:03:49,AutoDrillingAbortedDrillingAbortedByOperator,3% ,AutoDrillingAbortedDrillingAbortedByOperator,3867,0
361,EV17051118_7209,Event,17/02/2025,05:06:21,AdpePausedByOperator,9% ,AdpePausedByOperator,3868,0
247,EV17051118_7209,Event,17/02/2025,05:06:21,AutoDrillingAbortedAutonomousDrillingPaused,6% ,AutoDrillingAbortedAutonomousDrillingPaused,3868,2
71,EV17054619_7213,Event,17/02/2025,05:41:34,AutoDrillingAbortedNoRecoverFromLowPenetrationJam,2% ,AutoDrillingAbortedNoRecoverFromLowPenetrationJam,3872,1
2059,EV17055119_7214,Event,17/02/2025,05:49:29,AutoDrillingCompleted,53% ,AutoDrillingCompleted,3873,0
361,EV17055119_7214,Event,17/02/2025,05:50:42,AdpePausedByOperator,9% ,AdpePausedByOperator,3873,0
152,EV17060119_7216,Event,17/02/2025,05:58:22,AutoStanceShiftFailedPosInterlockActive,4% ,AutoStanceShiftFailedPosInterlockActive,3875,1
152,EV17060119_7216,Event,17/02/2025,05:58:52,AutoStanceShiftFailedPosInterlockActive,4% ,AutoStanceShiftFailedPosInterlockActive,3875,1
152,EV17060119_7216,Event,17/02/2025,05:58:56,AutoStanceShiftFailedPosInterlockActive,4% ,AutoStanceShiftFailedPosInterlockActive,3875,1
71,EV17061119_7218,Event,17/02/2025,06:10:58,AutoDrillingAbortedNoRecoverFromLowPenetrationJam,2% ,AutoDrillingAbortedNoRecoverFromLowPenetrationJam,3877,1
2059,EV17063620_7222,Event,17/02/2025,06:33:20,AutoDrillingCompleted,53% ,AutoDrillingCompleted,3881,0
71,EV17065121_7225,Event,17/02/2025,06:48:52,AutoDrillingAbortedNoRecoverFromLowPenetrationJam,2% ,AutoDrillingAbortedNoRecoverFromLowPenetrationJam,3884,1
2059,EV17070621_7228,Event,17/02/2025,07:02:51,AutoDrillingCompleted,53% ,AutoDrillingCompleted,3887,0
2059,EV17072622_7232,Event,17/02/2025,07:24:01,AutoDrillingCompleted,53% ,AutoDrillingCompleted,3891,0
247,EV17073622_7234,Event,17/02/2025,07:34:42,AutoDrillingAbortedAutonomousDrillingPaused,6% ,AutoDrillingAbortedAutonomousDrillingPaused,3893,2
247,EV17074623_7236,Event,17/02/2025,07:43:30,AutoDrillingAbortedAutonomousDrillingPaused,6% ,AutoDrillingAbortedAutonomousDrillingPaused,3895,2
247,EV17074623_7236,Event,17/02/2025,07:44:33,AutoDrillingAbortedAutonomousDrillingPaused,6% ,AutoDrillingAbortedAutonomousDrillingPaused,3895,2
2059,EV17075123_7237,Event,17/02/2025,07:46:47,AutoDrillingCompleted,53% ,AutoDrillingCompleted,3896,0
361,EV17080623_7240,Event,17/02/2025,08:05:59,AdpePausedByOperator,9% ,AdpePausedByOperator,3899,0
247,EV17080623_7240,Event,17/02/2025,08:05:59,AutoDrillingAbortedAutonomousDrillingPaused,6% ,AutoDrillingAbortedAutonomousDrillingPaused,3899,2
71,EV17101600_7260,Event,17/02/2025,10:15:25,AutoDrillingAbortedNoRecoverFromLowPenetrationJam,2% ,AutoDrillingAbortedNoRecoverFromLowPenetrationJam,3919,0
2059,EV17102601_7262,Event,17/02/2025,10:22:48,AutoDrillingCompleted,53% ,AutoDrillingCompleted,3921,0
2059,EV17103602_7264,Event,17/02/2025,10:31:08,AutoDrillingCompleted,53% ,AutoDrillingCompleted,3923,0
2059,EV17104101_7265,Event,17/02/2025,10:39:20,AutoDrillingCompleted,53% ,AutoDrillingCompleted,3924,0
2059,EV17105102_7267,Event,17/02/2025,10:47:02,AutoDrillingCompleted,53% ,AutoDrillingCompleted,3926,0
2059,EV17105602_7268,Event,17/02/2025,10:56:01,AutoDrillingCompleted,53% ,AutoDrillingCompleted,3927,0
2059,EV17110602_7270,Event,17/02/2025,11:03:40,AutoDrillingCompleted,53% ,AutoDrillingCompleted,3929,0
2059,EV17111103_7271,Event,17/02/2025,11:10:32,AutoDrillingCompleted,53% ,AutoDrillingCompleted,3930,0
2059,EV17112103_7273,Event,17/02/2025,11:19:07,AutoDrillingCompleted,53% ,AutoDrillingCompleted,3932,0
81,EV17112103_7273,Event,17/02/2025,11:19:48,AutoNoFeasiblePathFound,2% ,AutoNoFeasiblePathFound,3932,0
2059,EV17113103_7275,Event,17/02/2025,11:30:05,AutoDrillingCompleted,53% ,AutoDrillingCompleted,3934,0
304,EV17114105_7276,Event,17/02/2025,11:38:46,AdpeAbortedByOperator,8% ,AdpeAbortedByOperator,3935,0
2059,EV17115104_7278,Event,17/02/2025,11:48:37,AutoDrillingCompleted,53% ,AutoDrillingCompleted,3937,0
361,EV17115604_7279,Event,17/02/2025,11:53:01,AdpePausedByOperator,9% ,AdpePausedByOperator,3938,0
2059,EV17120104_7280,Event,17/02/2025,12:00:51,AutoDrillingCompleted,53% ,AutoDrillingCompleted,3939,0
2059,EV17121104_7282,Event,17/02/2025,12:08:01,AutoDrillingCompleted,53% ,AutoDrillingCompleted,3941,0
2059,EV17121605_7283,Event,17/02/2025,12:14:18,AutoDrillingCompleted,53% ,AutoDrillingCompleted,3942,0
2059,EV17122105_7284,Event,17/02/2025,12:20:27,AutoDrillingCompleted,53% ,AutoDrillingCompleted,3943,0
2059,EV17123105_7286,Event,17/02/2025,12:28:54,AutoDrillingCompleted,53% ,AutoDrillingCompleted,3945,0
2059,EV17124105_7288,Event,17/02/2025,12:36:31,AutoDrillingCompleted,53% ,AutoDrillingCompleted,3947,0
2059,EV17124605_7289,Event,17/02/2025,12:44:31,AutoDrillingCompleted,53% ,AutoDrillingCompleted,3948,0
2059,EV17125606_7291,Event,17/02/2025,12:51:27,AutoDrillingCompleted,53% ,AutoDrillingCompleted,3950,0
2059,EV17130106_7292,Event,17/02/2025,12:58:48,AutoDrillingCompleted,53% ,AutoDrillingCompleted,3951,0
126,EV17130606_7293,Event,17/02/2025,13:03:00,AutoDrillingAbortedDrillingAbortedByOperator,3% ,AutoDrillingAbortedDrillingAbortedByOperator,3952,0
2059,EV17131106_7294,Event,17/02/2025,13:06:16,AutoDrillingCompleted,53% ,AutoDrillingCompleted,3953,0
304,EV17131106_7294,Event,17/02/2025,13:06:25,AdpeAbortedByOperator,8% ,AdpeAbortedByOperator,3953,0
2059,EV17131606_7295,Event,17/02/2025,13:13:28,AutoDrillingCompleted,53% ,AutoDrillingCompleted,3954,0
2059,EV17132607_7297,Event,17/02/2025,13:23:38,AutoDrillingCompleted,53% ,AutoDrillingCompleted,3956,0
2059,EV17133607_7299,Event,17/02/2025,13:32:04,AutoDrillingCompleted,53% ,AutoDrillingCompleted,3958,0
2059,EV17134107_7300,Event,17/02/2025,13:40:01,AutoDrillingCompleted,53% ,AutoDrillingCompleted,3959,0
361,EV17134607_7301,Event,17/02/2025,13:45:41,AdpePausedByOperator,9% ,AdpePausedByOperator,3960,0
247,EV17134607_7301,Event,17/02/2025,13:45:41,AutoDrillingAbortedAutonomousDrillingPaused,6% ,AutoDrillingAbortedAutonomousDrillingPaused,3960,2
2059,EV17140108_7304,Event,17/02/2025,13:59:29,AutoDrillingCompleted,53% ,AutoDrillingCompleted,3963,0
2059,EV17141108_7306,Event,17/02/2025,14:06:51,AutoDrillingCompleted,53% ,AutoDrillingCompleted,3965,0
2059,EV17141608_7307,Event,17/02/2025,14:15:12,AutoDrillingCompleted,53% ,AutoDrillingCompleted,3966,0
2059,EV17142609_7309,Event,17/02/2025,14:21:56,AutoDrillingCompleted,53% ,AutoDrillingCompleted,3968,0
361,EV17142609_7309,Event,17/02/2025,14:23:50,AdpePausedByOperator,9% ,AdpePausedByOperator,3968,0
247,EV17142609_7309,Event,17/02/2025,14:23:50,AutoDrillingAbortedAutonomousDrillingPaused,6% ,AutoDrillingAbortedAutonomousDrillingPaused,3968,2
2059,EV17145109_7314,Event,17/02/2025,14:47:00,AutoDrillingCompleted,53% ,AutoDrillingCompleted,3973,0
2059,EV17145609_7315,Event,17/02/2025,14:54:23,AutoDrillingCompleted,53% ,AutoDrillingCompleted,3974,0
2059,EV17150610_7317,Event,17/02/2025,15:02:40,AutoDrillingCompleted,53% ,AutoDrillingCompleted,3976,0
2059,EV17151110_7318,Event,17/02/2025,15:10:56,AutoDrillingCompleted,53% ,AutoDrillingCompleted,3977,0
2059,EV17152110_7320,Event,17/02/2025,15:19:22,AutoDrillingCompleted,53% ,AutoDrillingCompleted,3979,0
2059,EV17153110_7322,Event,17/02/2025,15:27:28,AutoDrillingCompleted,53% ,AutoDrillingCompleted,3981,0
2059,EV17153610_7323,Event,17/02/2025,15:34:45,AutoDrillingCompleted,53% ,AutoDrillingCompleted,3982,0
2059,EV17154611_7325,Event,17/02/2025,15:44:09,AutoDrillingCompleted,53% ,AutoDrillingCompleted,3984,0
2059,EV17155611_7327,Event,17/02/2025,15:52:01,AutoDrillingCompleted,53% ,AutoDrillingCompleted,3986,0
2059,EV17160111_7328,Event,17/02/2025,16:01:11,AutoDrillingCompleted,53% ,AutoDrillingCompleted,3987,0
2059,EV17161112_7330,Event,17/02/2025,16:09:11,AutoDrillingCompleted,53% ,AutoDrillingCompleted,3989,0
2059,EV17162112_7332,Event,17/02/2025,16:19:37,AutoDrillingCompleted,53% ,AutoDrillingCompleted,3991,0
361,EV17162612_7333,Event,17/02/2025,16:25:10,AdpePausedByOperator,9% ,AdpePausedByOperator,3992,0
247,EV17162612_7333,Event,17/02/2025,16:25:10,AutoDrillingAbortedAutonomousDrillingPaused,6% ,AutoDrillingAbortedAutonomousDrillingPaused,3992,2
2059,EV17163612_7335,Event,17/02/2025,16:34:00,AutoDrillingCompleted,53% ,AutoDrillingCompleted,3994,0
2059,EV17164112_7336,Event,17/02/2025,16:41:05,AutoDrillingCompleted,53% ,AutoDrillingCompleted,3995,0
2059,EV17165113_7338,Event,17/02/2025,16:49:14,AutoDrillingCompleted,53% ,AutoDrillingCompleted,3997,0
2059,EV17170113_7340,Event,17/02/2025,16:57:11,AutoDrillingCompleted,53% ,AutoDrillingCompleted,3999,0
2059,EV17170614_7341,Event,17/02/2025,17:04:32,AutoDrillingCompleted,53% ,AutoDrillingCompleted,4000,0
361,EV17171114_7342,Event,17/02/2025,17:06:26,AdpePausedByOperator,9% ,AdpePausedByOperator,4001,0
247,EV17171114_7342,Event,17/02/2025,17:06:26,AutoDrillingAbortedAutonomousDrillingPaused,6% ,AutoDrillingAbortedAutonomousDrillingPaused,4001,2
2059,EV17173614_7345,Event,17/02/2025,17:32:25,AutoDrillingCompleted,53% ,AutoDrillingCompleted,4004,0
2059,EV17174115_7346,Event,17/02/2025,17:40:53,AutoDrillingCompleted,53% ,AutoDrillingCompleted,4005,0
2059,EV17175115_7348,Event,17/02/2025,17:48:02,AutoDrillingCompleted,53% ,AutoDrillingCompleted,4007,0
2059,EV17175615_7349,Event,17/02/2025,17:54:30,AutoDrillingCompleted,53% ,AutoDrillingCompleted,4008,0
2059,EV17180615_7351,Event,17/02/2025,18:02:48,AutoDrillingCompleted,53% ,AutoDrillingCompleted,4010,0
2059,EV17181116_7352,Event,17/02/2025,18:11:11,AutoDrillingCompleted,53% ,AutoDrillingCompleted,4011,0
2059,EV17182116_7354,Event,17/02/2025,18:20:17,AutoDrillingCompleted,53% ,AutoDrillingCompleted,4013,0
361,EV17182116_7354,Event,17/02/2025,18:20:58,AdpePausedByOperator,9% ,AdpePausedByOperator,4013,0
304,EV17182116_7354,Event,17/02/2025,18:21:00,AdpeAbortedByOperator,8% ,AdpeAbortedByOperator,4013,0
152,EV17183116_7356,Event,17/02/2025,18:28:50,AutoStanceShiftFailedPosInterlockActive,4% ,AutoStanceShiftFailedPosInterlockActive,4015,0
361,EV17183616_7357,Event,17/02/2025,18:33:09,AdpePausedByOperator,9% ,AdpePausedByOperator,4016,0
247,EV17183616_7357,Event,17/02/2025,18:33:09,AutoDrillingAbortedAutonomousDrillingPaused,6% ,AutoDrillingAbortedAutonomousDrillingPaused,4016,2
2059,EV17184117_7358,Event,17/02/2025,18:40:30,AutoDrillingCompleted,53% ,AutoDrillingCompleted,4017,0
2059,EV17185117_7360,Event,17/02/2025,18:49:51,AutoDrillingCompleted,53% ,AutoDrillingCompleted,4019,0
2059,EV17190117_7362,Event,17/02/2025,18:57:30,AutoDrillingCompleted,53% ,AutoDrillingCompleted,4021,0
361,EV17190117_7362,Event,17/02/2025,19:01:13,AdpePausedByOperator,9% ,AdpePausedByOperator,4021,0
247,EV17190117_7362,Event,17/02/2025,19:01:13,AutoDrillingAbortedAutonomousDrillingPaused,6% ,AutoDrillingAbortedAutonomousDrillingPaused,4021,2
2059,EV17191118_7364,Event,17/02/2025,19:06:36,AutoDrillingCompleted,53% ,AutoDrillingCompleted,4023,0
361,EV17191118_7364,Event,17/02/2025,19:07:37,AdpePausedByOperator,9% ,AdpePausedByOperator,4023,0
2059,EV17194840_7369,Event,17/02/2025,19:46:40,AutoDrillingCompleted,53% ,AutoDrillingCompleted,4028,0
2059,EV17195841_7371,Event,17/02/2025,19:55:04,AutoDrillingCompleted,53% ,AutoDrillingCompleted,4030,0
71,EV17202842_7375,Event,17/02/2025,20:27:55,AutoDrillingAbortedNoRecoverFromLowPenetrationJam,2% ,AutoDrillingAbortedNoRecoverFromLowPenetrationJam,4034,0
361,EV17203342_7376,Event,17/02/2025,20:31:35,AdpePausedByOperator,9% ,AdpePausedByOperator,4035,0
247,EV17203342_7376,Event,17/02/2025,20:31:35,AutoDrillingAbortedAutonomousDrillingPaused,6% ,AutoDrillingAbortedAutonomousDrillingPaused,4035,2
2059,EV17203842_7377,Event,17/02/2025,20:35:43,AutoDrillingCompleted,53% ,AutoDrillingCompleted,4036,0
2059,EV17204342_7378,Event,17/02/2025,20:42:17,AutoDrillingCompleted,53% ,AutoDrillingCompleted,4037,0
2059,EV17204842_7379,Event,17/02/2025,20:47:47,AutoDrillingCompleted,53% ,AutoDrillingCompleted,4038,0
2059,EV17205843_7381,Event,17/02/2025,20:54:01,AutoDrillingCompleted,53% ,AutoDrillingCompleted,4040,0
2059,EV17210343_7382,Event,17/02/2025,20:59:42,AutoDrillingCompleted,53% ,AutoDrillingCompleted,4041,0
2059,EV17210843_7383,Event,17/02/2025,21:07:06,AutoDrillingCompleted,53% ,AutoDrillingCompleted,4042,0
152,EV17211343_7384,Event,17/02/2025,21:09:01,AutoStanceShiftFailedPosInterlockActive,4% ,AutoStanceShiftFailedPosInterlockActive,4043,1
152,EV17211343_7384,Event,17/02/2025,21:13:23,AutoStanceShiftFailedPosInterlockActive,4% ,AutoStanceShiftFailedPosInterlockActive,4043,1
304,EV17211843_7385,Event,17/02/2025,21:14:34,AdpeAbortedByOperator,8% ,AdpeAbortedByOperator,4044,0
152,EV17211843_7385,Event,17/02/2025,21:15:44,AutoStanceShiftFailedPosInterlockActive,4% ,AutoStanceShiftFailedPosInterlockActive,4044,2
2059,EV17212344_7386,Event,17/02/2025,21:21:01,AutoDrillingCompleted,53% ,AutoDrillingCompleted,4045,0
152,EV17212344_7386,Event,17/02/2025,21:21:13,AutoStanceShiftFailedPosInterlockActive,4% ,AutoStanceShiftFailedPosInterlockActive,4045,1
304,EV17212344_7386,Event,17/02/2025,21:23:18,AdpeAbortedByOperator,8% ,AdpeAbortedByOperator,4045,0
152,EV17212844_7387,Event,17/02/2025,21:25:24,AutoStanceShiftFailedPosInterlockActive,4% ,AutoStanceShiftFailedPosInterlockActive,4046,1
304,EV17212844_7387,Event,17/02/2025,21:26:06,AdpeAbortedByOperator,8% ,AdpeAbortedByOperator,4046,0
2059,EV17214344_7390,Event,17/02/2025,21:41:26,AutoDrillingCompleted,53% ,AutoDrillingCompleted,4049,0
152,EV17214844_7391,Event,17/02/2025,21:43:48,AutoStanceShiftFailedPosInterlockActive,4% ,AutoStanceShiftFailedPosInterlockActive,4050,1
152,EV17214844_7391,Event,17/02/2025,21:44:03,AutoStanceShiftFailedPosInterlockActive,4% ,AutoStanceShiftFailedPosInterlockActive,4050,1
304,EV17214844_7391,Event,17/02/2025,21:44:07,AdpeAbortedByOperator,8% ,AdpeAbortedByOperator,4050,1
2059,EV17215344_7392,Event,17/02/2025,21:53:43,AutoDrillingCompleted,53% ,AutoDrillingCompleted,4051,0
152,EV17215845_7393,Event,17/02/2025,21:53:51,AutoStanceShiftFailedPosInterlockActive,4% ,AutoStanceShiftFailedPosInterlockActive,4052,1
304,EV17220845_7395,Event,17/02/2025,22:06:59,AdpeAbortedByOperator,8% ,AdpeAbortedByOperator,4054,0
152,EV17221345_7396,Event,17/02/2025,22:10:45,AutoStanceShiftFailedPosInterlockActive,4% ,AutoStanceShiftFailedPosInterlockActive,4055,1
152,EV17221345_7396,Event,17/02/2025,22:12:30,AutoStanceShiftFailedPosInterlockActive,4% ,AutoStanceShiftFailedPosInterlockActive,4055,1
152,EV17221345_7396,Event,17/02/2025,22:13:07,AutoStanceShiftFailedPosInterlockActive,4% ,AutoStanceShiftFailedPosInterlockActive,4055,1
304,EV17221345_7396,Event,17/02/2025,22:13:36,AdpeAbortedByOperator,8% ,AdpeAbortedByOperator,4055,0
2059,EV17222345_7398,Event,17/02/2025,22:19:41,AutoDrillingCompleted,53% ,AutoDrillingCompleted,4057,0
152,EV17222345_7398,Event,17/02/2025,22:19:49,AutoStanceShiftFailedPosInterlockActive,4% ,AutoStanceShiftFailedPosInterlockActive,4057,1
304,EV17222345_7398,Event,17/02/2025,22:22:07,AdpeAbortedByOperator,8% ,AdpeAbortedByOperator,4057,0
152,EV17222846_7399,Event,17/02/2025,22:23:50,AutoStanceShiftFailedPosInterlockActive,4% ,AutoStanceShiftFailedPosInterlockActive,4058,1
304,EV17222846_7399,Event,17/02/2025,22:24:50,AdpeAbortedByOperator,8% ,AdpeAbortedByOperator,4058,0
152,EV17223846_7400,Event,17/02/2025,22:35:31,AutoStanceShiftFailedPosInterlockActive,4% ,AutoStanceShiftFailedPosInterlockActive,4059,1
304,EV17223846_7400,Event,17/02/2025,22:36:44,AdpeAbortedByOperator,8% ,AdpeAbortedByOperator,4059,0
152,EV17223846_7400,Event,17/02/2025,22:37:43,AutoStanceShiftFailedPosInterlockActive,4% ,AutoStanceShiftFailedPosInterlockActive,4059,1
304,EV17224346_7401,Event,17/02/2025,22:40:49,AdpeAbortedByOperator,8% ,AdpeAbortedByOperator,4060,0
2059,EV17224846_7402,Event,17/02/2025,22:46:12,AutoDrillingCompleted,53% ,AutoDrillingCompleted,4061,0
2059,EV17225347_7403,Event,17/02/2025,22:52:55,AutoDrillingCompleted,53% ,AutoDrillingCompleted,4062,0
152,EV17225847_7404,Event,17/02/2025,22:54:12,AutoStanceShiftFailedPosInterlockActive,4% ,AutoStanceShiftFailedPosInterlockActive,4063,1
304,EV17225847_7404,Event,17/02/2025,22:56:58,AdpeAbortedByOperator,8% ,AdpeAbortedByOperator,4063,0
2059,EV17230847_7406,Event,17/02/2025,23:04:37,AutoDrillingCompleted,53% ,AutoDrillingCompleted,4065,0
152,EV17230847_7406,Event,17/02/2025,23:04:51,AutoStanceShiftFailedPosInterlockActive,4% ,AutoStanceShiftFailedPosInterlockActive,4065,1
304,EV17231347_7407,Event,17/02/2025,23:11:20,AdpeAbortedByOperator,8% ,AdpeAbortedByOperator,4066,0
152,EV17231347_7407,Event,17/02/2025,23:12:32,AutoStanceShiftFailedPosInterlockActive,4% ,AutoStanceShiftFailedPosInterlockActive,4066,1
304,EV17231847_7408,Event,17/02/2025,23:14:07,AdpeAbortedByOperator,8% ,AdpeAbortedByOperator,4067,0
2059,EV17232348_7409,Event,17/02/2025,23:19:03,AutoDrillingCompleted,53% ,AutoDrillingCompleted,4068,0
152,EV17232348_7409,Event,17/02/2025,23:19:11,AutoStanceShiftFailedPosInterlockActive,4% ,AutoStanceShiftFailedPosInterlockActive,4068,1
152,EV17232348_7409,Event,17/02/2025,23:20:34,AutoStanceShiftFailedPosInterlockActive,4% ,AutoStanceShiftFailedPosInterlockActive,4068,1
83,EV17232348_7409,Event,17/02/2025,23:21:03,AutoTrammingBlockedTramInterlockActive,2% ,AutoTrammingBlockedTramInterlockActive,4068,1
304,EV17232348_7409,Event,17/02/2025,23:21:11,AdpeAbortedByOperator,8% ,AdpeAbortedByOperator,4068,0
152,EV17232348_7409,Event,17/02/2025,23:22:20,AutoStanceShiftFailedPosInterlockActive,4% ,AutoStanceShiftFailedPosInterlockActive,4068,1
304,EV17232348_7409,Event,17/02/2025,23:22:34,AdpeAbortedByOperator,8% ,AdpeAbortedByOperator,4068,0
2059,EV17232848_7410,Event,17/02/2025,23:27:59,AutoDrillingCompleted,53% ,AutoDrillingCompleted,4069,0
152,EV17232848_7410,Event,17/02/2025,23:28:24,AutoStanceShiftFailedPosInterlockActive,4% ,AutoStanceShiftFailedPosInterlockActive,4069,1
304,EV17233848_7412,Event,17/02/2025,23:33:52,AdpeAbortedByOperator,8% ,AdpeAbortedByOperator,4071,0
2059,EV17234348_7413,Event,17/02/2025,23:39:35,AutoDrillingCompleted,53% ,AutoDrillingCompleted,4072,0
83,EV17234348_7413,Event,17/02/2025,23:40:37,AutoTrammingBlockedTramInterlockActive,2% ,AutoTrammingBlockedTramInterlockActive,4072,1
304,EV17234348_7413,Event,17/02/2025,23:42:31,AdpeAbortedByOperator,8% ,AdpeAbortedByOperator,4072,0
152,EV17235349_7415,Event,17/02/2025,23:52:31,AutoStanceShiftFailedPosInterlockActive,4% ,AutoStanceShiftFailedPosInterlockActive,4074,1
304,EV17235349_7415,Event,17/02/2025,23:52:44,AdpeAbortedByOperator,8% ,AdpeAbortedByOperator,4074,0
2059,EV17235849_7416,Event,17/02/2025,23:58:00,AutoDrillingCompleted,53% ,AutoDrillingCompleted,4075,0
83,EV17235849_7416,Event,17/02/2025,23:58:33,AutoTrammingBlockedTramInterlockActive,2% ,AutoTrammingBlockedTramInterlockActive,4075,1
304,EV18000349_7417,Event,18/02/2025,00:01:12,AdpeAbortedByOperator,8% ,AdpeAbortedByOperator,4076,0
2059,EV18000849_7418,Event,18/02/2025,00:08:30,AutoDrillingCompleted,53% ,AutoDrillingCompleted,4077,0
152,EV18000849_7418,Event,18/02/2025,00:08:41,AutoStanceShiftFailedPosInterlockActive,4% ,AutoStanceShiftFailedPosInterlockActive,4077,1
304,EV18001349_7419,Event,18/02/2025,00:08:51,AdpeAbortedByOperator,8% ,AdpeAbortedByOperator,4078,0
2059,EV18001849_7420,Event,18/02/2025,00:15:01,AutoDrillingCompleted,53% ,AutoDrillingCompleted,4079,0
152,EV18001849_7420,Event,18/02/2025,00:15:35,AutoStanceShiftFailedPosInterlockActive,4% ,AutoStanceShiftFailedPosInterlockActive,4079,1
304,EV18001849_7420,Event,18/02/2025,00:15:51,AdpeAbortedByOperator,8% ,AdpeAbortedByOperator,4079,0
2059,EV18002849_7422,Event,18/02/2025,00:23:56,AutoDrillingCompleted,53% ,AutoDrillingCompleted,4081,0
152,EV18002849_7422,Event,18/02/2025,00:24:10,AutoStanceShiftFailedPosInterlockActive,4% ,AutoStanceShiftFailedPosInterlockActive,4081,1
304,EV18002849_7422,Event,18/02/2025,00:24:19,AdpeAbortedByOperator,8% ,AdpeAbortedByOperator,4081,1
2059,EV18003350_7423,Event,18/02/2025,00:31:35,AutoDrillingCompleted,53% ,AutoDrillingCompleted,4082,0
361,EV18003350_7423,Event,18/02/2025,00:31:42,AdpePausedByOperator,9% ,AdpePausedByOperator,4082,0
304,EV18003350_7423,Event,18/02/2025,00:31:46,AdpeAbortedByOperator,8% ,AdpeAbortedByOperator,4082,0
2059,EV18005850_7427,Event,18/02/2025,00:55:37,AutoDrillingCompleted,53% ,AutoDrillingCompleted,4086,0
152,EV18005850_7427,Event,18/02/2025,00:55:45,AutoStanceShiftFailedPosInterlockActive,4% ,AutoStanceShiftFailedPosInterlockActive,4086,1
304,EV18010851_7429,Event,18/02/2025,01:07:16,AdpeAbortedByOperator,8% ,AdpeAbortedByOperator,4088,0
2059,EV18011851_7431,Event,18/02/2025,01:15:37,AutoDrillingCompleted,53% ,AutoDrillingCompleted,4090,0
152,EV18011851_7431,Event,18/02/2025,01:15:49,AutoStanceShiftFailedPosInterlockActive,4% ,AutoStanceShiftFailedPosInterlockActive,4090,1
304,EV18011851_7431,Event,18/02/2025,01:16:02,AdpeAbortedByOperator,8% ,AdpeAbortedByOperator,4090,0
2059,EV18013352_7434,Event,18/02/2025,01:31:02,AutoDrillingCompleted,53% ,AutoDrillingCompleted,4093,0
152,EV18013352_7434,Event,18/02/2025,01:31:11,AutoStanceShiftFailedPosInterlockActive,4% ,AutoStanceShiftFailedPosInterlockActive,4093,1
304,EV18013852_7435,Event,18/02/2025,01:37:53,AdpeAbortedByOperator,8% ,AdpeAbortedByOperator,4094,0
2059,EV18014852_7437,Event,18/02/2025,01:44:02,AutoDrillingCompleted,53% ,AutoDrillingCompleted,4096,0
152,EV18014852_7437,Event,18/02/2025,01:44:11,AutoStanceShiftFailedPosInterlockActive,4% ,AutoStanceShiftFailedPosInterlockActive,4096,1
304,EV18015352_7438,Event,18/02/2025,01:50:14,AdpeAbortedByOperator,8% ,AdpeAbortedByOperator,4097,0
2059,EV18015852_7439,Event,18/02/2025,01:57:02,AutoDrillingCompleted,53% ,AutoDrillingCompleted,4098,0
152,EV18015852_7439,Event,18/02/2025,01:57:11,AutoStanceShiftFailedPosInterlockActive,4% ,AutoStanceShiftFailedPosInterlockActive,4098,1
304,EV18015852_7439,Event,18/02/2025,01:57:28,AdpeAbortedByOperator,8% ,AdpeAbortedByOperator,4098,1
2059,EV18025618_7447,Event,18/02/2025,02:53:25,AutoDrillingCompleted,53% ,AutoDrillingCompleted,4106,0
2059,EV18030618_7449,Event,18/02/2025,03:01:25,AutoDrillingCompleted,53% ,AutoDrillingCompleted,4108,0
2059,EV18031118_7450,Event,18/02/2025,03:08:52,AutoDrillingCompleted,53% ,AutoDrillingCompleted,4109,0
2059,EV18031619_7451,Event,18/02/2025,03:16:10,AutoDrillingCompleted,53% ,AutoDrillingCompleted,4110,0
2059,EV18032619_7453,Event,18/02/2025,03:22:51,AutoDrillingCompleted,53% ,AutoDrillingCompleted,4112,0
2059,EV18033119_7454,Event,18/02/2025,03:29:48,AutoDrillingCompleted,53% ,AutoDrillingCompleted,4113,0
2059,EV18034119_7456,Event,18/02/2025,03:38:03,AutoDrillingCompleted,53% ,AutoDrillingCompleted,4115,0
2059,EV18034620_7457,Event,18/02/2025,03:45:42,AutoDrillingCompleted,53% ,AutoDrillingCompleted,4116,0
2059,EV18035620_7459,Event,18/02/2025,03:53:31,AutoDrillingCompleted,53% ,AutoDrillingCompleted,4118,0
2059,EV18040620_7461,Event,18/02/2025,04:02:44,AutoDrillingCompleted,53% ,AutoDrillingCompleted,4120,0
2059,EV18041121_7462,Event,18/02/2025,04:10:24,AutoDrillingCompleted,53% ,AutoDrillingCompleted,4121,0
361,EV18042121_7464,Event,18/02/2025,04:16:48,AdpePausedByOperator,9% ,AdpePausedByOperator,4123,0
247,EV18042121_7464,Event,18/02/2025,04:16:48,AutoDrillingAbortedAutonomousDrillingPaused,6% ,AutoDrillingAbortedAutonomousDrillingPaused,4123,1
2059,EV18042121_7464,Event,18/02/2025,04:17:19,AutoDrillingCompleted,53% ,AutoDrillingCompleted,4123,0
361,EV18042121_7464,Event,18/02/2025,04:17:23,AdpePausedByOperator,9% ,AdpePausedByOperator,4123,0
304,EV18042121_7464,Event,18/02/2025,04:17:24,AdpeAbortedByOperator,8% ,AdpeAbortedByOperator,4123,0
361,EV18042121_7464,Event,18/02/2025,04:20:07,AdpePausedByOperator,9% ,AdpePausedByOperator,4123,0
2059,EV18043121_7466,Event,18/02/2025,04:31:06,AutoDrillingCompleted,53% ,AutoDrillingCompleted,4125,0
361,EV18043622_7467,Event,18/02/2025,04:34:42,AdpePausedByOperator,9% ,AdpePausedByOperator,4126,0
247,EV18043622_7467,Event,18/02/2025,04:34:42,AutoDrillingAbortedAutonomousDrillingPaused,6% ,AutoDrillingAbortedAutonomousDrillingPaused,4126,2
2059,EV18044622_7469,Event,18/02/2025,04:44:47,AutoDrillingCompleted,53% ,AutoDrillingCompleted,4128,0
2059,EV18045622_7471,Event,18/02/2025,04:51:40,AutoDrillingCompleted,53% ,AutoDrillingCompleted,4130,0
2059,EV18050122_7472,Event,18/02/2025,04:59:04,AutoDrillingCompleted,53% ,AutoDrillingCompleted,4131,0
2059,EV18051123_7474,Event,18/02/2025,05:08:53,AutoDrillingCompleted,53% ,AutoDrillingCompleted,4133,0
361,EV18051623_7475,Event,18/02/2025,05:11:32,AdpePausedByOperator,9% ,AdpePausedByOperator,4134,0
247,EV18051623_7475,Event,18/02/2025,05:11:32,AutoDrillingAbortedAutonomousDrillingPaused,6% ,AutoDrillingAbortedAutonomousDrillingPaused,4134,2
2059,EV18052623_7477,Event,18/02/2025,05:23:25,AutoDrillingCompleted,53% ,AutoDrillingCompleted,4136,0
2059,EV18053123_7478,Event,18/02/2025,05:31:18,AutoDrillingCompleted,53% ,AutoDrillingCompleted,4137,0
2059,EV18054124_7480,Event,18/02/2025,05:38:55,AutoDrillingCompleted,53% ,AutoDrillingCompleted,4139,0
2059,EV18054624_7481,Event,18/02/2025,05:45:13,AutoDrillingCompleted,53% ,AutoDrillingCompleted,4140,0
2059,EV18055624_7483,Event,18/02/2025,05:53:15,AutoDrillingCompleted,53% ,AutoDrillingCompleted,4142,0
2059,EV18060124_7484,Event,18/02/2025,05:59:51,AutoDrillingCompleted,53% ,AutoDrillingCompleted,4143,0
2059,EV18061125_7486,Event,18/02/2025,06:07:56,AutoDrillingCompleted,53% ,AutoDrillingCompleted,4145,0
2059,EV18061625_7487,Event,18/02/2025,06:14:27,AutoDrillingCompleted,53% ,AutoDrillingCompleted,4146,0
2059,EV18062625_7489,Event,18/02/2025,06:21:56,AutoDrillingCompleted,53% ,AutoDrillingCompleted,4148,0
2059,EV18063125_7490,Event,18/02/2025,06:28:32,AutoDrillingCompleted,53% ,AutoDrillingCompleted,4149,0
2059,EV18063625_7491,Event,18/02/2025,06:36:14,AutoDrillingCompleted,53% ,AutoDrillingCompleted,4150,0
2059,EV18064626_7493,Event,18/02/2025,06:44:04,AutoDrillingCompleted,53% ,AutoDrillingCompleted,4152,0
361,EV18064626_7493,Event,18/02/2025,06:45:56,AdpePausedByOperator,9% ,AdpePausedByOperator,4152,0
247,EV18064626_7493,Event,18/02/2025,06:45:56,AutoDrillingAbortedAutonomousDrillingPaused,6% ,AutoDrillingAbortedAutonomousDrillingPaused,4152,2
2059,EV18070626_7497,Event,18/02/2025,07:01:27,AutoDrillingCompleted,53% ,AutoDrillingCompleted,4156,0
2059,EV18071126_7498,Event,18/02/2025,07:08:31,AutoDrillingCompleted,53% ,AutoDrillingCompleted,4157,0
2059,EV18071627_7499,Event,18/02/2025,07:14:31,AutoDrillingCompleted,53% ,AutoDrillingCompleted,4158,0
361,EV18072127_7500,Event,18/02/2025,07:16:36,AdpePausedByOperator,9% ,AdpePausedByOperator,4159,0
247,EV18072127_7500,Event,18/02/2025,07:16:36,AutoDrillingAbortedAutonomousDrillingPaused,6% ,AutoDrillingAbortedAutonomousDrillingPaused,4159,2
2059,EV18073127_7502,Event,18/02/2025,07:28:50,AutoDrillingCompleted,53% ,AutoDrillingCompleted,4161,0
2059,EV18074127_7504,Event,18/02/2025,07:36:45,AutoDrillingCompleted,53% ,AutoDrillingCompleted,4163,0
247,EV18074627_7505,Event,18/02/2025,07:44:51,AutoDrillingAbortedAutonomousDrillingPaused,6% ,AutoDrillingAbortedAutonomousDrillingPaused,4164,1
2059,EV18075128_7506,Event,18/02/2025,07:48:34,AutoDrillingCompleted,53% ,AutoDrillingCompleted,4165,0
2059,EV18080128_7508,Event,18/02/2025,07:56:58,AutoDrillingCompleted,53% ,AutoDrillingCompleted,4167,0
2059,EV18081128_7510,Event,18/02/2025,08:06:31,AutoDrillingCompleted,53% ,AutoDrillingCompleted,4169,0
2059,EV18081628_7511,Event,18/02/2025,08:16:17,AutoDrillingCompleted,53% ,AutoDrillingCompleted,4170,0
2059,EV18082629_7513,Event,18/02/2025,08:23:20,AutoDrillingCompleted,53% ,AutoDrillingCompleted,4172,0
2059,EV18083629_7515,Event,18/02/2025,08:32:16,AutoDrillingCompleted,53% ,AutoDrillingCompleted,4174,0
2059,EV18084630_7517,Event,18/02/2025,08:43:56,AutoDrillingCompleted,53% ,AutoDrillingCompleted,4176,0
152,EV18092631_7522,Event,18/02/2025,09:22:48,AutoStanceShiftFailedPosInterlockActive,4% ,AutoStanceShiftFailedPosInterlockActive,4181,0
2059,EV18093131_7523,Event,18/02/2025,09:30:29,AutoDrillingCompleted,53% ,AutoDrillingCompleted,4182,0
2059,EV18094131_7525,Event,18/02/2025,09:37:48,AutoDrillingCompleted,53% ,AutoDrillingCompleted,4184,0
2059,EV18095132_7527,Event,18/02/2025,09:48:16,AutoDrillingCompleted,53% ,AutoDrillingCompleted,4186,0
16,EV18100632_7530,Event,18/02/2025,10:02:46,AutoDrillingAbortedNoRecoverFromHighRotationPressureJam,0% ,AutoDrillingAbortedNoRecoverFromHighRotationPressureJam,4189,0
361,EV18101132_7531,Event,18/02/2025,10:09:55,AdpePausedByOperator,9% ,AdpePausedByOperator,4190,0
247,EV18101132_7531,Event,18/02/2025,10:09:55,AutoDrillingAbortedAutonomousDrillingPaused,6% ,AutoDrillingAbortedAutonomousDrillingPaused,4190,2
9,EV18113635_7547,Event,18/02/2025,11:32:02,AutoDrillingAbortedCradleCanNotBeReturned,0% ,AutoDrillingAbortedCradleCanNotBeReturned,4206,0
126,EV18114635_7549,Event,18/02/2025,11:46:27,AutoDrillingAbortedDrillingAbortedByOperator,3% ,AutoDrillingAbortedDrillingAbortedByOperator,4208,0
361,EV18125637_7562,Event,18/02/2025,12:54:18,AdpePausedByOperator,9% ,AdpePausedByOperator,4221,0
247,EV18125637_7562,Event,18/02/2025,12:54:18,AutoDrillingAbortedAutonomousDrillingPaused,6% ,AutoDrillingAbortedAutonomousDrillingPaused,4221,2
304,EV18125637_7562,Event,18/02/2025,12:54:28,AdpeAbortedByOperator,8% ,AdpeAbortedByOperator,4221,0
2059,EV18130637_7564,Event,18/02/2025,13:04:04,AutoDrillingCompleted,53% ,AutoDrillingCompleted,4223,0
2059,EV18131637_7566,Event,18/02/2025,13:13:08,AutoDrillingCompleted,53% ,AutoDrillingCompleted,4225,0
2059,EV18132138_7567,Event,18/02/2025,13:20:37,AutoDrillingCompleted,53% ,AutoDrillingCompleted,4226,0
2059,EV18132638_7568,Event,18/02/2025,13:26:24,AutoDrillingCompleted,53% ,AutoDrillingCompleted,4227,0
247,EV18133138_7569,Event,18/02/2025,13:30:06,AutoDrillingAbortedAutonomousDrillingPaused,6% ,AutoDrillingAbortedAutonomousDrillingPaused,4228,2
2059,EV18134638_7572,Event,18/02/2025,13:41:57,AutoDrillingCompleted,53% ,AutoDrillingCompleted,4231,0
12,EV18140139_7574,Event,18/02/2025,13:58:14,AutoDrillingAbortedCradlePositioningFailedMoveBackwardDuringExtraClean,0% ,AutoDrillingAbortedCradlePositioningFailedMoveBackwardDuringExtraClean,4233,0
2059,EV18141639_7577,Event,18/02/2025,14:12:38,AutoDrillingCompleted,53% ,AutoDrillingCompleted,4236,0
2059,EV18142139_7578,Event,18/02/2025,14:19:33,AutoDrillingCompleted,53% ,AutoDrillingCompleted,4237,0
2059,EV18142639_7579,Event,18/02/2025,14:26:04,AutoDrillingCompleted,53% ,AutoDrillingCompleted,4238,0
2059,EV18143640_7581,Event,18/02/2025,14:34:03,AutoDrillingCompleted,53% ,AutoDrillingCompleted,4240,0
2059,EV18144140_7582,Event,18/02/2025,14:40:47,AutoDrillingCompleted,53% ,AutoDrillingCompleted,4241,0
2059,EV18145140_7584,Event,18/02/2025,14:47:14,AutoDrillingCompleted,53% ,AutoDrillingCompleted,4243,0
2059,EV18145640_7585,Event,18/02/2025,14:54:22,AutoDrillingCompleted,53% ,AutoDrillingCompleted,4244,0
2059,EV18150641_7587,Event,18/02/2025,15:01:59,AutoDrillingCompleted,53% ,AutoDrillingCompleted,4246,0
2059,EV18151141_7588,Event,18/02/2025,15:10:42,AutoDrillingCompleted,53% ,AutoDrillingCompleted,4247,0
2059,EV18152141_7590,Event,18/02/2025,15:18:53,AutoDrillingCompleted,53% ,AutoDrillingCompleted,4249,0
2059,EV18153141_7592,Event,18/02/2025,15:28:36,AutoDrillingCompleted,53% ,AutoDrillingCompleted,4251,0
2059,EV18153642_7593,Event,18/02/2025,15:35:11,AutoDrillingCompleted,53% ,AutoDrillingCompleted,4252,0
2059,EV18154642_7595,Event,18/02/2025,15:42:46,AutoDrillingCompleted,53% ,AutoDrillingCompleted,4254,0
2059,EV18155142_7596,Event,18/02/2025,15:49:24,AutoDrillingCompleted,53% ,AutoDrillingCompleted,4255,0
2059,EV18160142_7598,Event,18/02/2025,15:58:12,AutoDrillingCompleted,53% ,AutoDrillingCompleted,4257,0
2059,EV18160643_7599,Event,18/02/2025,16:05:22,AutoDrillingCompleted,53% ,AutoDrillingCompleted,4258,0
2059,EV18161643_7601,Event,18/02/2025,16:13:22,AutoDrillingCompleted,53% ,AutoDrillingCompleted,4260,0
2059,EV18162143_7602,Event,18/02/2025,16:19:53,AutoDrillingCompleted,53% ,AutoDrillingCompleted,4261,0
2059,EV18163144_7604,Event,18/02/2025,16:26:54,AutoDrillingCompleted,53% ,AutoDrillingCompleted,4263,0
2059,EV18163644_7605,Event,18/02/2025,16:35:56,AutoDrillingCompleted,53% ,AutoDrillingCompleted,4264,0
2059,EV18164644_7607,Event,18/02/2025,16:43:57,AutoDrillingCompleted,53% ,AutoDrillingCompleted,4266,0
2059,EV18165144_7608,Event,18/02/2025,16:50:08,AutoDrillingCompleted,53% ,AutoDrillingCompleted,4267,0
2059,EV18170145_7610,Event,18/02/2025,16:57:07,AutoDrillingCompleted,53% ,AutoDrillingCompleted,4269,0
2059,EV18170645_7611,Event,18/02/2025,17:04:46,AutoDrillingCompleted,53% ,AutoDrillingCompleted,4270,0
71,EV18171145_7612,Event,18/02/2025,17:10:03,AutoDrillingAbortedNoRecoverFromLowPenetrationJam,2% ,AutoDrillingAbortedNoRecoverFromLowPenetrationJam,4271,1
2059,EV18173146_7614,Event,18/02/2025,17:28:41,AutoDrillingCompleted,53% ,AutoDrillingCompleted,4273,0
2059,EV18173646_7615,Event,18/02/2025,17:36:15,AutoDrillingCompleted,53% ,AutoDrillingCompleted,4274,0
2059,EV18174646_7617,Event,18/02/2025,17:46:36,AutoDrillingCompleted,53% ,AutoDrillingCompleted,4276,0
2059,EV18175646_7619,Event,18/02/2025,17:55:17,AutoDrillingCompleted,53% ,AutoDrillingCompleted,4278,0
2059,EV18180646_7621,Event,18/02/2025,18:05:12,AutoDrillingCompleted,53% ,AutoDrillingCompleted,4280,0
2059,EV18183647_7627,Event,18/02/2025,18:32:44,AutoDrillingCompleted,53% ,AutoDrillingCompleted,4286,0
71,EV18184647_7629,Event,18/02/2025,18:43:58,AutoDrillingAbortedNoRecoverFromLowPenetrationJam,2% ,AutoDrillingAbortedNoRecoverFromLowPenetrationJam,4288,1
361,EV18184647_7629,Event,18/02/2025,18:44:45,AdpePausedByOperator,9% ,AdpePausedByOperator,4288,0
247,EV18184647_7629,Event,18/02/2025,18:44:45,AutoDrillingAbortedAutonomousDrillingPaused,6% ,AutoDrillingAbortedAutonomousDrillingPaused,4288,2
2059,EV18185148_7630,Event,18/02/2025,18:49:44,AutoDrillingCompleted,53% ,AutoDrillingCompleted,4289,0
361,EV18185148_7630,Event,18/02/2025,18:50:33,AdpePausedByOperator,9% ,AdpePausedByOperator,4289,0
304,EV18192649_7635,Event,18/02/2025,19:26:19,AdpeAbortedByOperator,8% ,AdpeAbortedByOperator,4294,0
9,EV18203151_7644,Event,18/02/2025,20:31:22,AutoPathPlanningFailure,0% ,AutoPathPlanningFailure,4303,0
2059,EV18204151_7646,Event,18/02/2025,20:40:02,AutoDrillingCompleted,53% ,AutoDrillingCompleted,4305,0
71,EV18204651_7647,Event,18/02/2025,20:44:27,AutoDrillingAbortedNoRecoverFromLowPenetrationJam,2% ,AutoDrillingAbortedNoRecoverFromLowPenetrationJam,4306,0
2059,EV18205652_7649,Event,18/02/2025,20:55:42,AutoDrillingCompleted,53% ,AutoDrillingCompleted,4308,0
71,EV18210652_7651,Event,18/02/2025,21:05:30,AutoDrillingAbortedNoRecoverFromLowPenetrationJam,2% ,AutoDrillingAbortedNoRecoverFromLowPenetrationJam,4310,0
71,EV18211152_7652,Event,18/02/2025,21:07:44,AutoDrillingAbortedNoRecoverFromLowPenetrationJam,2% ,AutoDrillingAbortedNoRecoverFromLowPenetrationJam,4311,1
304,EV18211152_7652,Event,18/02/2025,21:09:12,AdpeAbortedByOperator,8% ,AdpeAbortedByOperator,4311,0
126,EV18211652_7653,Event,18/02/2025,21:13:18,AutoDrillingAbortedDrillingAbortedByOperator,3% ,AutoDrillingAbortedDrillingAbortedByOperator,4312,0
2059,EV18212653_7655,Event,18/02/2025,21:23:33,AutoDrillingCompleted,53% ,AutoDrillingCompleted,4314,0
2059,EV18213653_7657,Event,18/02/2025,21:32:49,AutoDrillingCompleted,53% ,AutoDrillingCompleted,4316,0
2059,EV18214153_7658,Event,18/02/2025,21:41:23,AutoDrillingCompleted,53% ,AutoDrillingCompleted,4317,0
2059,EV18215153_7660,Event,18/02/2025,21:50:52,AutoDrillingCompleted,53% ,AutoDrillingCompleted,4319,0
2059,EV18220154_7662,Event,18/02/2025,22:00:28,AutoDrillingCompleted,53% ,AutoDrillingCompleted,4321,0
2059,EV18221154_7664,Event,18/02/2025,22:09:07,AutoDrillingCompleted,53% ,AutoDrillingCompleted,4323,0
2059,EV18221654_7665,Event,18/02/2025,22:15:25,AutoDrillingCompleted,53% ,AutoDrillingCompleted,4324,0
2059,EV18222655_7667,Event,18/02/2025,22:22:19,AutoDrillingCompleted,53% ,AutoDrillingCompleted,4326,0
2059,EV18223155_7668,Event,18/02/2025,22:30:07,AutoDrillingCompleted,53% ,AutoDrillingCompleted,4327,0
2059,EV18224155_7670,Event,18/02/2025,22:38:46,AutoDrillingCompleted,53% ,AutoDrillingCompleted,4329,0
2059,EV18225155_7672,Event,18/02/2025,22:46:56,AutoDrillingCompleted,53% ,AutoDrillingCompleted,4331,0
2059,EV18225655_7673,Event,18/02/2025,22:56:18,AutoDrillingCompleted,53% ,AutoDrillingCompleted,4332,0
2059,EV18230656_7675,Event,18/02/2025,23:05:57,AutoDrillingCompleted,53% ,AutoDrillingCompleted,4334,0
81,EV18230656_7675,Event,18/02/2025,23:06:36,AutoNoFeasiblePathFound,2% ,AutoNoFeasiblePathFound,4334,0
304,EV18231656_7676,Event,18/02/2025,23:16:48,AdpeAbortedByOperator,8% ,AdpeAbortedByOperator,4335,0
81,EV18232156_7677,Event,18/02/2025,23:17:23,AutoNoFeasiblePathFound,2% ,AutoNoFeasiblePathFound,4336,0
304,EV18232156_7677,Event,18/02/2025,23:17:35,AdpeAbortedByOperator,8% ,AdpeAbortedByOperator,4336,0
71,EV18233157_7679,Event,18/02/2025,23:31:48,AutoDrillingAbortedNoRecoverFromLowPenetrationJam,2% ,AutoDrillingAbortedNoRecoverFromLowPenetrationJam,4338,1
71,EV18234657_7682,Event,18/02/2025,23:46:04,AutoDrillingAbortedNoRecoverFromLowPenetrationJam,2% ,AutoDrillingAbortedNoRecoverFromLowPenetrationJam,4341,1
71,EV18235157_7683,Event,18/02/2025,23:49:27,AutoDrillingAbortedNoRecoverFromLowPenetrationJam,2% ,AutoDrillingAbortedNoRecoverFromLowPenetrationJam,4342,1
2059,EV18235657_7684,Event,18/02/2025,23:55:43,AutoDrillingCompleted,53% ,AutoDrillingCompleted,4343,0
81,EV18235657_7684,Event,18/02/2025,23:56:27,AutoNoFeasiblePathFound,2% ,AutoNoFeasiblePathFound,4343,0
304,EV19000157_7685,Event,18/02/2025,23:59:33,AdpeAbortedByOperator,8% ,AdpeAbortedByOperator,4344,0
16,EV19001658_7687,Event,19/02/2025,00:16:23,AutoDrillingAbortedNoRecoverFromHighRotationPressureJam,0% ,AutoDrillingAbortedNoRecoverFromHighRotationPressureJam,4346,0
361,EV19002158_7688,Event,19/02/2025,00:20:11,AdpePausedByOperator,9% ,AdpePausedByOperator,4347,0
247,EV19002158_7688,Event,19/02/2025,00:20:11,AutoDrillingAbortedAutonomousDrillingPaused,6% ,AutoDrillingAbortedAutonomousDrillingPaused,4347,2
71,EV19002658_7689,Event,19/02/2025,00:24:05,AutoDrillingAbortedNoRecoverFromLowPenetrationJam,2% ,AutoDrillingAbortedNoRecoverFromLowPenetrationJam,4348,1
361,EV19003158_7690,Event,19/02/2025,00:28:41,AdpePausedByOperator,9% ,AdpePausedByOperator,4349,0
247,EV19003158_7690,Event,19/02/2025,00:28:41,AutoDrillingAbortedAutonomousDrillingPaused,6% ,AutoDrillingAbortedAutonomousDrillingPaused,4349,2
304,EV19003158_7690,Event,19/02/2025,00:29:07,AdpeAbortedByOperator,8% ,AdpeAbortedByOperator,4349,0
2059,EV19003658_7691,Event,19/02/2025,00:36:57,AutoDrillingCompleted,53% ,AutoDrillingCompleted,4350,0
2059,EV19005159_7694,Event,19/02/2025,00:48:11,AutoDrillingCompleted,53% ,AutoDrillingCompleted,4353,0
2059,EV19005659_7695,Event,19/02/2025,00:55:35,AutoDrillingCompleted,53% ,AutoDrillingCompleted,4354,0
2059,EV19010659_7697,Event,19/02/2025,01:03:48,AutoDrillingCompleted,53% ,AutoDrillingCompleted,4356,0
2059,EV19011200_7698,Event,19/02/2025,01:10:04,AutoDrillingCompleted,53% ,AutoDrillingCompleted,4357,0
2059,EV19012200_7700,Event,19/02/2025,01:18:42,AutoDrillingCompleted,53% ,AutoDrillingCompleted,4359,0
2059,EV19013200_7702,Event,19/02/2025,01:27:28,AutoDrillingCompleted,53% ,AutoDrillingCompleted,4361,0
2059,EV19014201_7704,Event,19/02/2025,01:37:30,AutoDrillingCompleted,53% ,AutoDrillingCompleted,4363,0
2059,EV19015201_7706,Event,19/02/2025,01:50:31,AutoDrillingCompleted,53% ,AutoDrillingCompleted,4365,0
2059,EV19015701_7707,Event,19/02/2025,01:56:51,AutoDrillingCompleted,53% ,AutoDrillingCompleted,4366,0
2059,EV19021201_7710,Event,19/02/2025,02:08:13,AutoDrillingCompleted,53% ,AutoDrillingCompleted,4369,0
71,EV19021702_7711,Event,19/02/2025,02:15:41,AutoDrillingAbortedNoRecoverFromLowPenetrationJam,2% ,AutoDrillingAbortedNoRecoverFromLowPenetrationJam,4370,0
2059,EV19022202_7712,Event,19/02/2025,02:19:45,AutoDrillingCompleted,53% ,AutoDrillingCompleted,4371,0
361,EV19022702_7713,Event,19/02/2025,02:22:18,AdpePausedByOperator,9% ,AdpePausedByOperator,4372,0
247,EV19022702_7713,Event,19/02/2025,02:22:18,AutoDrillingAbortedAutonomousDrillingPaused,6% ,AutoDrillingAbortedAutonomousDrillingPaused,4372,2
2059,EV19025703_7717,Event,19/02/2025,02:52:37,AutoDrillingCompleted,53% ,AutoDrillingCompleted,4376,0
2059,EV19030203_7718,Event,19/02/2025,03:00:57,AutoDrillingCompleted,53% ,AutoDrillingCompleted,4377,0
361,EV19030703_7719,Event,19/02/2025,03:02:48,AdpePausedByOperator,9% ,AdpePausedByOperator,4378,0
247,EV19030703_7719,Event,19/02/2025,03:02:48,AutoDrillingAbortedAutonomousDrillingPaused,6% ,AutoDrillingAbortedAutonomousDrillingPaused,4378,2
361,EV19032704_7723,Event,19/02/2025,03:23:31,AdpePausedByOperator,9% ,AdpePausedByOperator,4382,0
247,EV19032704_7723,Event,19/02/2025,03:23:31,AutoDrillingAbortedAutonomousDrillingPaused,6% ,AutoDrillingAbortedAutonomousDrillingPaused,4382,2
304,EV19033204_7724,Event,19/02/2025,03:27:22,AdpeAbortedByOperator,8% ,AdpeAbortedByOperator,4383,0
126,EV19033204_7724,Event,19/02/2025,03:30:32,AutoDrillingAbortedDrillingAbortedByOperator,3% ,AutoDrillingAbortedDrillingAbortedByOperator,4383,0
81,EV19033704_7725,Event,19/02/2025,03:37:00,AutoNoFeasiblePathFound,2% ,AutoNoFeasiblePathFound,4384,0
304,EV19034204_7726,Event,19/02/2025,03:37:39,AdpeAbortedByOperator,8% ,AdpeAbortedByOperator,4385,0
81,EV19034204_7726,Event,19/02/2025,03:38:13,AutoNoFeasiblePathFound,2% ,AutoNoFeasiblePathFound,4385,2
304,EV19034204_7726,Event,19/02/2025,03:38:17,AdpeAbortedByOperator,8% ,AdpeAbortedByOperator,4385,0
2059,EV19035205_7728,Event,19/02/2025,03:48:44,AutoDrillingCompleted,53% ,AutoDrillingCompleted,4387,0
81,EV19035205_7728,Event,19/02/2025,03:49:17,AutoNoFeasiblePathFound,2% ,AutoNoFeasiblePathFound,4387,1
304,EV19035205_7728,Event,19/02/2025,03:51:01,AdpeAbortedByOperator,8% ,AdpeAbortedByOperator,4387,0
2059,EV19040205_7730,Event,19/02/2025,04:00:35,AutoDrillingCompleted,53% ,AutoDrillingCompleted,4389,0
2059,EV19041205_7732,Event,19/02/2025,04:11:35,AutoDrillingCompleted,53% ,AutoDrillingCompleted,4391,0
2059,EV19042206_7734,Event,19/02/2025,04:18:32,AutoDrillingCompleted,53% ,AutoDrillingCompleted,4393,0
2059,EV19043206_7736,Event,19/02/2025,04:28:55,AutoDrillingCompleted,53% ,AutoDrillingCompleted,4395,0
361,EV19043206_7736,Event,19/02/2025,04:29:01,AdpePausedByOperator,9% ,AdpePausedByOperator,4395,0
304,EV19043206_7736,Event,19/02/2025,04:29:03,AdpeAbortedByOperator,8% ,AdpeAbortedByOperator,4395,0
71,EV19044706_7739,Event,19/02/2025,04:44:00,AutoDrillingAbortedNoRecoverFromLowPenetrationJam,2% ,AutoDrillingAbortedNoRecoverFromLowPenetrationJam,4398,0
361,EV19045207_7740,Event,19/02/2025,04:48:43,AdpePausedByOperator,9% ,AdpePausedByOperator,4399,0
247,EV19045207_7740,Event,19/02/2025,04:48:43,AutoDrillingAbortedAutonomousDrillingPaused,6% ,AutoDrillingAbortedAutonomousDrillingPaused,4399,2
71,EV19045207_7740,Event,19/02/2025,04:51:13,AutoDrillingAbortedNoRecoverFromLowPenetrationJam,2% ,AutoDrillingAbortedNoRecoverFromLowPenetrationJam,4399,0
2059,EV19045707_7741,Event,19/02/2025,04:55:47,AutoDrillingCompleted,53% ,AutoDrillingCompleted,4400,0
361,EV19050207_7742,Event,19/02/2025,04:58:04,AdpePausedByOperator,9% ,AdpePausedByOperator,4401,0
247,EV19050207_7742,Event,19/02/2025,04:58:04,AutoDrillingAbortedAutonomousDrillingPaused,6% ,AutoDrillingAbortedAutonomousDrillingPaused,4401,2
2059,EV19053208_7744,Event,19/02/2025,05:29:43,AutoDrillingCompleted,53% ,AutoDrillingCompleted,4403,0
2059,EV19054208_7746,Event,19/02/2025,05:37:13,AutoDrillingCompleted,53% ,AutoDrillingCompleted,4405,0
2059,EV19054708_7747,Event,19/02/2025,05:44:19,AutoDrillingCompleted,53% ,AutoDrillingCompleted,4406,0
2059,EV19055208_7748,Event,19/02/2025,05:51:22,AutoDrillingCompleted,53% ,AutoDrillingCompleted,4407,0
2059,EV19060209_7750,Event,19/02/2025,05:58:55,AutoDrillingCompleted,53% ,AutoDrillingCompleted,4409,0
361,EV19060209_7750,Event,19/02/2025,06:00:42,AdpePausedByOperator,9% ,AdpePausedByOperator,4409,0
304,EV19060209_7750,Event,19/02/2025,06:00:50,AdpeAbortedByOperator,8% ,AdpeAbortedByOperator,4409,0
2059,EV19061709_7753,Event,19/02/2025,06:12:21,AutoDrillingCompleted,53% ,AutoDrillingCompleted,4412,0
71,EV19062710_7755,Event,19/02/2025,06:24:59,AutoDrillingAbortedNoRecoverFromLowPenetrationJam,2% ,AutoDrillingAbortedNoRecoverFromLowPenetrationJam,4414,1
71,EV19063210_7756,Event,19/02/2025,06:27:59,AutoDrillingAbortedNoRecoverFromLowPenetrationJam,2% ,AutoDrillingAbortedNoRecoverFromLowPenetrationJam,4415,0
71,EV19063210_7756,Event,19/02/2025,06:30:36,AutoDrillingAbortedNoRecoverFromLowPenetrationJam,2% ,AutoDrillingAbortedNoRecoverFromLowPenetrationJam,4415,1
2059,EV19073712_7768,Event,19/02/2025,07:32:31,AutoDrillingCompleted,53% ,AutoDrillingCompleted,4427,0
361,EV19073712_7768,Event,19/02/2025,07:35:26,AdpePausedByOperator,9% ,AdpePausedByOperator,4427,0
361,EV19073712_7768,Event,19/02/2025,07:35:30,AdpePausedByOperator,9% ,AdpePausedByOperator,4427,0
361,EV19073712_7768,Event,19/02/2025,07:35:32,AdpePausedByOperator,9% ,AdpePausedByOperator,4427,0
361,EV19073712_7768,Event,19/02/2025,07:35:33,AdpePausedByOperator,9% ,AdpePausedByOperator,4427,0
361,EV19074212_7769,Event,19/02/2025,07:40:59,AdpePausedByOperator,9% ,AdpePausedByOperator,4428,0
361,EV19074212_7769,Event,19/02/2025,07:41:18,AdpePausedByOperator,9% ,AdpePausedByOperator,4428,0
361,EV19074212_7769,Event,19/02/2025,07:41:42,AdpePausedByOperator,9% ,AdpePausedByOperator,4428,0
361,EV19074712_7770,Event,19/02/2025,07:44:34,AdpePausedByOperator,9% ,AdpePausedByOperator,4429,0
361,EV19074712_7770,Event,19/02/2025,07:44:35,AdpePausedByOperator,9% ,AdpePausedByOperator,4429,0
71,EV19075212_7771,Event,19/02/2025,07:51:46,AutoDrillingAbortedNoRecoverFromLowPenetrationJam,2% ,AutoDrillingAbortedNoRecoverFromLowPenetrationJam,4430,0
126,EV19082213_7773,Event,19/02/2025,08:20:48,AutoDrillingAbortedDrillingAbortedByOperator,3% ,AutoDrillingAbortedDrillingAbortedByOperator,4432,0
126,EV19082713_7774,Event,19/02/2025,08:26:10,AutoDrillingAbortedDrillingAbortedByOperator,3% ,AutoDrillingAbortedDrillingAbortedByOperator,4433,0
361,EV19085714_7779,Event,19/02/2025,08:54:12,AdpePausedByOperator,9% ,AdpePausedByOperator,4438,0
2059,EV19091608_7782,Event,19/02/2025,09:15:08,AutoDrillingCompleted,53% ,AutoDrillingCompleted,4441,0
2059,EV19093108_7785,Event,19/02/2025,09:26:23,AutoDrillingCompleted,53% ,AutoDrillingCompleted,4444,0
2059,EV19094109_7787,Event,19/02/2025,09:37:48,AutoDrillingCompleted,53% ,AutoDrillingCompleted,4446,0
2059,EV19094609_7788,Event,19/02/2025,09:44:43,AutoDrillingCompleted,53% ,AutoDrillingCompleted,4447,0
2059,EV19100109_7791,Event,19/02/2025,09:57:38,AutoDrillingCompleted,53% ,AutoDrillingCompleted,4450,0
126,EV19100609_7792,Event,19/02/2025,10:02:08,AutoDrillingAbortedDrillingAbortedByOperator,3% ,AutoDrillingAbortedDrillingAbortedByOperator,4451,0
2059,EV19101109_7793,Event,19/02/2025,10:06:37,AutoDrillingCompleted,53% ,AutoDrillingCompleted,4452,0
2059,EV19101610_7794,Event,19/02/2025,10:14:39,AutoDrillingCompleted,53% ,AutoDrillingCompleted,4453,0
361,EV19102110_7795,Event,19/02/2025,10:16:28,AdpePausedByOperator,9% ,AdpePausedByOperator,4454,0
247,EV19102110_7795,Event,19/02/2025,10:16:28,AutoDrillingAbortedAutonomousDrillingPaused,6% ,AutoDrillingAbortedAutonomousDrillingPaused,4454,2
2059,EV19105611_7800,Event,19/02/2025,10:55:51,AutoDrillingCompleted,53% ,AutoDrillingCompleted,4459,0
2059,EV19110611_7802,Event,19/02/2025,11:02:45,AutoDrillingCompleted,53% ,AutoDrillingCompleted,4461,0
361,EV19110611_7802,Event,19/02/2025,11:04:27,AdpePausedByOperator,9% ,AdpePausedByOperator,4461,1
247,EV19110611_7802,Event,19/02/2025,11:04:27,AutoDrillingAbortedAutonomousDrillingPaused,6% ,AutoDrillingAbortedAutonomousDrillingPaused,4461,3
2059,EV19112112_7805,Event,19/02/2025,11:17:54,AutoDrillingCompleted,53% ,AutoDrillingCompleted,4464,0
2059,EV19112612_7806,Event,19/02/2025,11:24:50,AutoDrillingCompleted,53% ,AutoDrillingCompleted,4465,0
2059,EV19113612_7808,Event,19/02/2025,11:31:53,AutoDrillingCompleted,53% ,AutoDrillingCompleted,4467,0
2059,EV19114112_7809,Event,19/02/2025,11:39:03,AutoDrillingCompleted,53% ,AutoDrillingCompleted,4468,0
2059,EV19115113_7811,Event,19/02/2025,11:46:23,AutoDrillingCompleted,53% ,AutoDrillingCompleted,4470,0
2059,EV19115613_7812,Event,19/02/2025,11:54:47,AutoDrillingCompleted,53% ,AutoDrillingCompleted,4471,0
126,EV19120613_7813,Event,19/02/2025,12:05:42,AutoDrillingAbortedDrillingAbortedByOperator,3% ,AutoDrillingAbortedDrillingAbortedByOperator,4472,0
2059,EV19121113_7814,Event,19/02/2025,12:09:30,AutoDrillingCompleted,53% ,AutoDrillingCompleted,4473,0
2059,EV19122114_7816,Event,19/02/2025,12:17:18,AutoDrillingCompleted,53% ,AutoDrillingCompleted,4475,0
2059,EV19122614_7817,Event,19/02/2025,12:25:07,AutoDrillingCompleted,53% ,AutoDrillingCompleted,4476,0
2059,EV19123614_7819,Event,19/02/2025,12:33:02,AutoDrillingCompleted,53% ,AutoDrillingCompleted,4478,0
2059,EV19124114_7820,Event,19/02/2025,12:40:56,AutoDrillingCompleted,53% ,AutoDrillingCompleted,4479,0
2059,EV19125115_7822,Event,19/02/2025,12:48:10,AutoDrillingCompleted,53% ,AutoDrillingCompleted,4481,0
2059,EV19125615_7823,Event,19/02/2025,12:55:15,AutoDrillingCompleted,53% ,AutoDrillingCompleted,4482,0
2059,EV19130615_7825,Event,19/02/2025,13:02:23,AutoDrillingCompleted,53% ,AutoDrillingCompleted,4484,0
2059,EV19131115_7826,Event,19/02/2025,13:10:55,AutoDrillingCompleted,53% ,AutoDrillingCompleted,4485,0
2059,EV19132115_7828,Event,19/02/2025,13:19:25,AutoDrillingCompleted,53% ,AutoDrillingCompleted,4487,0
2059,EV19133115_7830,Event,19/02/2025,13:27:15,AutoDrillingCompleted,53% ,AutoDrillingCompleted,4489,0
2059,EV19133616_7831,Event,19/02/2025,13:34:59,AutoDrillingCompleted,53% ,AutoDrillingCompleted,4490,0
2059,EV19134616_7833,Event,19/02/2025,13:42:07,AutoDrillingCompleted,53% ,AutoDrillingCompleted,4492,0
2059,EV19135116_7834,Event,19/02/2025,13:49:17,AutoDrillingCompleted,53% ,AutoDrillingCompleted,4493,0
126,EV19140116_7836,Event,19/02/2025,13:59:36,AutoDrillingAbortedDrillingAbortedByOperator,3% ,AutoDrillingAbortedDrillingAbortedByOperator,4495,0
2059,EV19140616_7837,Event,19/02/2025,14:02:06,AutoDrillingCompleted,53% ,AutoDrillingCompleted,4496,0
304,EV19140616_7837,Event,19/02/2025,14:02:14,AdpeAbortedByOperator,8% ,AdpeAbortedByOperator,4496,1
2059,EV19141116_7838,Event,19/02/2025,14:10:20,AutoDrillingCompleted,53% ,AutoDrillingCompleted,4497,0
2059,EV19142117_7840,Event,19/02/2025,14:17:42,AutoDrillingCompleted,53% ,AutoDrillingCompleted,4499,0
2059,EV19142617_7841,Event,19/02/2025,14:25:13,AutoDrillingCompleted,53% ,AutoDrillingCompleted,4500,0
2059,EV19143617_7843,Event,19/02/2025,14:33:08,AutoDrillingCompleted,53% ,AutoDrillingCompleted,4502,0
2059,EV19144618_7845,Event,19/02/2025,14:42:00,AutoDrillingCompleted,53% ,AutoDrillingCompleted,4504,0
2059,EV19145118_7846,Event,19/02/2025,14:49:52,AutoDrillingCompleted,53% ,AutoDrillingCompleted,4505,0
361,EV19145618_7847,Event,19/02/2025,14:51:44,AdpePausedByOperator,9% ,AdpePausedByOperator,4506,0
247,EV19145618_7847,Event,19/02/2025,14:51:44,AutoDrillingAbortedAutonomousDrillingPaused,6% ,AutoDrillingAbortedAutonomousDrillingPaused,4506,2
2059,EV19150618_7849,Event,19/02/2025,15:03:22,AutoDrillingCompleted,53% ,AutoDrillingCompleted,4508,0
2059,EV19151118_7850,Event,19/02/2025,15:10:22,AutoDrillingCompleted,53% ,AutoDrillingCompleted,4509,0
2059,EV19152119_7852,Event,19/02/2025,15:17:38,AutoDrillingCompleted,53% ,AutoDrillingCompleted,4511,0
2059,EV19152619_7853,Event,19/02/2025,15:25:16,AutoDrillingCompleted,53% ,AutoDrillingCompleted,4512,0
2059,EV19153619_7855,Event,19/02/2025,15:31:59,AutoDrillingCompleted,53% ,AutoDrillingCompleted,4514,0
2059,EV19154119_7856,Event,19/02/2025,15:39:20,AutoDrillingCompleted,53% ,AutoDrillingCompleted,4515,0
361,EV19155620_7859,Event,19/02/2025,15:55:20,AdpePausedByOperator,9% ,AdpePausedByOperator,4518,0
304,EV19160120_7860,Event,19/02/2025,15:57:33,AdpeAbortedByOperator,8% ,AdpeAbortedByOperator,4519,0
2059,EV19161120_7862,Event,19/02/2025,16:07:16,AutoDrillingCompleted,53% ,AutoDrillingCompleted,4521,0
2059,EV19161620_7863,Event,19/02/2025,16:14:19,AutoDrillingCompleted,53% ,AutoDrillingCompleted,4522,0
2059,EV19162621_7865,Event,19/02/2025,16:21:43,AutoDrillingCompleted,53% ,AutoDrillingCompleted,4524,0
2059,EV19163121_7866,Event,19/02/2025,16:28:57,AutoDrillingCompleted,53% ,AutoDrillingCompleted,4525,0
2059,EV19163621_7867,Event,19/02/2025,16:36:19,AutoDrillingCompleted,53% ,AutoDrillingCompleted,4526,0
2059,EV19164622_7869,Event,19/02/2025,16:45:21,AutoDrillingCompleted,53% ,AutoDrillingCompleted,4528,0
126,EV19165622_7871,Event,19/02/2025,16:55:41,AutoDrillingAbortedDrillingAbortedByOperator,3% ,AutoDrillingAbortedDrillingAbortedByOperator,4530,0
2059,EV19170122_7872,Event,19/02/2025,16:59:01,AutoDrillingCompleted,53% ,AutoDrillingCompleted,4531,0
2059,EV19171122_7874,Event,19/02/2025,17:06:27,AutoDrillingCompleted,53% ,AutoDrillingCompleted,4533,0
361,EV19171122_7874,Event,19/02/2025,17:08:19,AdpePausedByOperator,9% ,AdpePausedByOperator,4533,0
247,EV19171122_7874,Event,19/02/2025,17:08:19,AutoDrillingAbortedAutonomousDrillingPaused,6% ,AutoDrillingAbortedAutonomousDrillingPaused,4533,2
2059,EV19173123_7876,Event,19/02/2025,17:28:15,AutoDrillingCompleted,53% ,AutoDrillingCompleted,4535,0
8,EV19173123_7876,Event,19/02/2025,17:29:17,AutoNavigationOutOfPath,0% ,AutoNavigationOutOfPath,4535,1
2059,EV19174123_7878,Event,19/02/2025,17:40:31,AutoDrillingCompleted,53% ,AutoDrillingCompleted,4537,0
2059,EV19175124_7880,Event,19/02/2025,17:47:53,AutoDrillingCompleted,53% ,AutoDrillingCompleted,4539,0
2059,EV19175624_7881,Event,19/02/2025,17:54:45,AutoDrillingCompleted,53% ,AutoDrillingCompleted,4540,0
361,EV19180624_7883,Event,19/02/2025,18:02:52,AdpePausedByOperator,9% ,AdpePausedByOperator,4542,0
304,EV19180624_7883,Event,19/02/2025,18:04:47,AdpeAbortedByOperator,8% ,AdpeAbortedByOperator,4542,0
2059,EV19181625_7885,Event,19/02/2025,18:12:27,AutoDrillingCompleted,53% ,AutoDrillingCompleted,4544,0
2059,EV19182625_7887,Event,19/02/2025,18:21:42,AutoDrillingCompleted,53% ,AutoDrillingCompleted,4546,0
2059,EV19183125_7888,Event,19/02/2025,18:29:34,AutoDrillingCompleted,53% ,AutoDrillingCompleted,4547,0
2059,EV19184125_7890,Event,19/02/2025,18:40:55,AutoDrillingCompleted,53% ,AutoDrillingCompleted,4549,0
361,EV19184125_7890,Event,19/02/2025,18:40:59,AdpePausedByOperator,9% ,AdpePausedByOperator,4549,0
152,EV19190126_7892,Event,19/02/2025,19:00:55,AutoStanceShiftFailedPosInterlockActive,4% ,AutoStanceShiftFailedPosInterlockActive,4551,1
2059,EV19191126_7894,Event,19/02/2025,19:08:57,AutoDrillingCompleted,53% ,AutoDrillingCompleted,4553,0
361,EV19191627_7895,Event,19/02/2025,19:12:14,AdpePausedByOperator,9% ,AdpePausedByOperator,4554,0
247,EV19191627_7895,Event,19/02/2025,19:12:14,AutoDrillingAbortedAutonomousDrillingPaused,6% ,AutoDrillingAbortedAutonomousDrillingPaused,4554,2
2059,EV19192627_7897,Event,19/02/2025,19:26:08,AutoDrillingCompleted,53% ,AutoDrillingCompleted,4556,0
2059,EV19193627_7899,Event,19/02/2025,19:35:13,AutoDrillingCompleted,53% ,AutoDrillingCompleted,4558,0
2059,EV19194628_7901,Event,19/02/2025,19:45:17,AutoDrillingCompleted,53% ,AutoDrillingCompleted,4560,0
2059,EV19195628_7903,Event,19/02/2025,19:53:39,AutoDrillingCompleted,53% ,AutoDrillingCompleted,4562,0
2059,EV19200628_7905,Event,19/02/2025,20:02:55,AutoDrillingCompleted,53% ,AutoDrillingCompleted,4564,0
83,EV19200628_7905,Event,19/02/2025,20:03:48,AutoTrammingBlockedTramInterlockActive,2% ,AutoTrammingBlockedTramInterlockActive,4564,1
2059,EV19201629_7907,Event,19/02/2025,20:12:35,AutoDrillingCompleted,53% ,AutoDrillingCompleted,4566,0
2059,EV19202129_7908,Event,19/02/2025,20:21:11,AutoDrillingCompleted,53% ,AutoDrillingCompleted,4567,0
2059,EV19203129_7910,Event,19/02/2025,20:29:28,AutoDrillingCompleted,53% ,AutoDrillingCompleted,4569,0
2059,EV19204130_7912,Event,19/02/2025,20:38:22,AutoDrillingCompleted,53% ,AutoDrillingCompleted,4571,0
361,EV19204630_7913,Event,19/02/2025,20:46:15,AdpePausedByOperator,9% ,AdpePausedByOperator,4572,0
247,EV19204630_7913,Event,19/02/2025,20:46:15,AutoDrillingAbortedAutonomousDrillingPaused,6% ,AutoDrillingAbortedAutonomousDrillingPaused,4572,2
2059,EV19205630_7915,Event,19/02/2025,20:55:27,AutoDrillingCompleted,53% ,AutoDrillingCompleted,4574,0
2059,EV19210630_7917,Event,19/02/2025,21:02:34,AutoDrillingCompleted,53% ,AutoDrillingCompleted,4576,0
2059,EV19211131_7918,Event,19/02/2025,21:10:01,AutoDrillingCompleted,53% ,AutoDrillingCompleted,4577,0
2059,EV19212131_7920,Event,19/02/2025,21:20:29,AutoDrillingCompleted,53% ,AutoDrillingCompleted,4579,0
2059,EV19213131_7922,Event,19/02/2025,21:27:32,AutoDrillingCompleted,53% ,AutoDrillingCompleted,4581,0
2059,EV19214132_7924,Event,19/02/2025,21:36:59,AutoDrillingCompleted,53% ,AutoDrillingCompleted,4583,0
12,EV19233157_7931,Event,19/02/2025,23:31:34,AutoStanceShiftFailedHoleOutOfReach,0% ,AutoStanceShiftFailedHoleOutOfReach,4590,0
304,EV19233157_7931,Event,19/02/2025,23:31:38,AdpeAbortedByOperator,8% ,AdpeAbortedByOperator,4590,0
2059,EV19234157_7933,Event,19/02/2025,23:37:06,AutoDrillingCompleted,53% ,AutoDrillingCompleted,4592,0
81,EV19234157_7933,Event,19/02/2025,23:37:42,AutoNoFeasiblePathFound,2% ,AutoNoFeasiblePathFound,4592,0
304,EV19234157_7933,Event,19/02/2025,23:38:19,AdpeAbortedByOperator,8% ,AdpeAbortedByOperator,4592,0
22,EV19234657_7934,Event,19/02/2025,23:42:23,AutoDrillingAbortedCavityDetected,1% ,AutoDrillingAbortedCavityDetected,4593,1
247,EV19234657_7934,Event,19/02/2025,23:42:23,AutoDrillingAbortedAutonomousDrillingPaused,6% ,AutoDrillingAbortedAutonomousDrillingPaused,4593,3
2059,EV19235157_7935,Event,19/02/2025,23:47:09,AutoDrillingCompleted,53% ,AutoDrillingCompleted,4594,0
7,EV19235157_7935,Event,19/02/2025,23:47:48,AutoTrammingBlockedAutoModeDeactivated,0% ,AutoTrammingBlockedAutoModeDeactivated,4594,1
304,EV19235157_7935,Event,19/02/2025,23:49:31,AdpeAbortedByOperator,8% ,AdpeAbortedByOperator,4594,0
2059,EV19235658_7936,Event,19/02/2025,23:54:12,AutoDrillingCompleted,53% ,AutoDrillingCompleted,4595,0
83,EV19235658_7936,Event,19/02/2025,23:56:10,AutoTrammingBlockedTramInterlockActive,2% ,AutoTrammingBlockedTramInterlockActive,4595,1
83,EV19235658_7936,Event,19/02/2025,23:56:19,AutoTrammingBlockedTramInterlockActive,2% ,AutoTrammingBlockedTramInterlockActive,4595,1
83,EV19235658_7936,Event,19/02/2025,23:56:35,AutoTrammingBlockedTramInterlockActive,2% ,AutoTrammingBlockedTramInterlockActive,4595,1
2059,EV20000158_7937,Event,20/02/2025,00:01:54,AutoDrillingCompleted,53% ,AutoDrillingCompleted,4596,0
83,EV20000658_7938,Event,20/02/2025,00:02:32,AutoTrammingBlockedTramInterlockActive,2% ,AutoTrammingBlockedTramInterlockActive,4597,1
304,EV20000658_7938,Event,20/02/2025,00:04:12,AdpeAbortedByOperator,8% ,AdpeAbortedByOperator,4597,0
152,EV20000658_7938,Event,20/02/2025,00:04:49,AutoStanceShiftFailedPosInterlockActive,4% ,AutoStanceShiftFailedPosInterlockActive,4597,1
304,EV20000658_7938,Event,20/02/2025,00:04:54,AdpeAbortedByOperator,8% ,AdpeAbortedByOperator,4597,0
2059,EV20001158_7939,Event,20/02/2025,00:09:55,AutoDrillingCompleted,53% ,AutoDrillingCompleted,4598,0
83,EV20001158_7939,Event,20/02/2025,00:10:31,AutoTrammingBlockedTramInterlockActive,2% ,AutoTrammingBlockedTramInterlockActive,4598,2
304,EV20002158_7941,Event,20/02/2025,00:21:56,AdpeAbortedByOperator,8% ,AdpeAbortedByOperator,4600,0
152,EV20002659_7942,Event,20/02/2025,00:21:59,AutoStanceShiftFailedPosInterlockActive,4% ,AutoStanceShiftFailedPosInterlockActive,4601,1
304,EV20002659_7942,Event,20/02/2025,00:22:05,AdpeAbortedByOperator,8% ,AdpeAbortedByOperator,4601,0
2059,EV20003159_7943,Event,20/02/2025,00:28:01,AutoDrillingCompleted,53% ,AutoDrillingCompleted,4602,0
152,EV20003159_7943,Event,20/02/2025,00:28:04,AutoStanceShiftFailedPosInterlockActive,4% ,AutoStanceShiftFailedPosInterlockActive,4602,2
304,EV20003659_7944,Event,20/02/2025,00:32:45,AdpeAbortedByOperator,8% ,AdpeAbortedByOperator,4603,0
2059,EV20004159_7945,Event,20/02/2025,00:38:18,AutoDrillingCompleted,53% ,AutoDrillingCompleted,4604,0
81,EV20004159_7945,Event,20/02/2025,00:38:52,AutoNoFeasiblePathFound,2% ,AutoNoFeasiblePathFound,4604,0
304,EV20004659_7946,Event,20/02/2025,00:45:06,AdpeAbortedByOperator,8% ,AdpeAbortedByOperator,4605,0
152,EV20004659_7946,Event,20/02/2025,00:45:09,AutoStanceShiftFailedPosInterlockActive,4% ,AutoStanceShiftFailedPosInterlockActive,4605,1
304,EV20004659_7946,Event,20/02/2025,00:45:13,AdpeAbortedByOperator,8% ,AdpeAbortedByOperator,4605,0
71,EV20005700_7948,Event,20/02/2025,00:52:17,AutoDrillingAbortedNoRecoverFromLowPenetrationJam,2% ,AutoDrillingAbortedNoRecoverFromLowPenetrationJam,4607,0
71,EV20010200_7949,Event,20/02/2025,00:58:05,AutoDrillingAbortedNoRecoverFromLowPenetrationJam,2% ,AutoDrillingAbortedNoRecoverFromLowPenetrationJam,4608,0
71,EV20010200_7949,Event,20/02/2025,01:00:18,AutoDrillingAbortedNoRecoverFromLowPenetrationJam,2% ,AutoDrillingAbortedNoRecoverFromLowPenetrationJam,4608,0
71,EV20010700_7950,Event,20/02/2025,01:02:56,AutoDrillingAbortedNoRecoverFromLowPenetrationJam,2% ,AutoDrillingAbortedNoRecoverFromLowPenetrationJam,4609,0
304,EV20015201_7956,Event,20/02/2025,01:50:34,AdpeAbortedByOperator,8% ,AdpeAbortedByOperator,4615,0
361,EV20015201_7956,Event,20/02/2025,01:50:43,AdpePausedByOperator,9% ,AdpePausedByOperator,4615,0
247,EV20015201_7956,Event,20/02/2025,01:50:43,AutoDrillingAbortedAutonomousDrillingPaused,6% ,AutoDrillingAbortedAutonomousDrillingPaused,4615,2
304,EV20015201_7956,Event,20/02/2025,01:50:50,AdpeAbortedByOperator,8% ,AdpeAbortedByOperator,4615,0
41,EV20015201_7956,Event,20/02/2025,01:51:27,AutoDrillingAbortedDrillingInterlocked,1% ,AutoDrillingAbortedDrillingInterlocked,4615,1
41,EV20015201_7956,Event,20/02/2025,01:51:42,AutoDrillingAbortedDrillingInterlocked,1% ,AutoDrillingAbortedDrillingInterlocked,4615,1
41,EV20015702_7957,Event,20/02/2025,01:52:44,AutoDrillingAbortedDrillingInterlocked,1% ,AutoDrillingAbortedDrillingInterlocked,4616,1
126,EV20015702_7957,Event,20/02/2025,01:56:38,AutoDrillingAbortedDrillingAbortedByOperator,3% ,AutoDrillingAbortedDrillingAbortedByOperator,4616,0
304,EV20020202_7958,Event,20/02/2025,02:01:31,AdpeAbortedByOperator,8% ,AdpeAbortedByOperator,4617,1
2059,EV20020702_7959,Event,20/02/2025,02:02:11,AutoDrillingCompleted,53% ,AutoDrillingCompleted,4618,0
361,EV20020702_7959,Event,20/02/2025,02:02:22,AdpePausedByOperator,9% ,AdpePausedByOperator,4618,0
304,EV20020702_7959,Event,20/02/2025,02:02:34,AdpeAbortedByOperator,8% ,AdpeAbortedByOperator,4618,0
2059,EV20020702_7959,Event,20/02/2025,02:04:53,AutoDrillingCompleted,53% ,AutoDrillingCompleted,4618,0
361,EV20020702_7959,Event,20/02/2025,02:05:04,AdpePausedByOperator,9% ,AdpePausedByOperator,4618,0
126,EV20020702_7959,Event,20/02/2025,02:06:37,AutoDrillingAbortedDrillingAbortedByOperator,3% ,AutoDrillingAbortedDrillingAbortedByOperator,4618,0
304,EV20020702_7959,Event,20/02/2025,02:06:48,AdpeAbortedByOperator,8% ,AdpeAbortedByOperator,4618,0
2059,EV20021202_7960,Event,20/02/2025,02:10:52,AutoDrillingCompleted,53% ,AutoDrillingCompleted,4619,0
361,EV20021202_7960,Event,20/02/2025,02:11:21,AdpePausedByOperator,9% ,AdpePausedByOperator,4619,0
304,EV20021202_7960,Event,20/02/2025,02:11:23,AdpeAbortedByOperator,8% ,AdpeAbortedByOperator,4619,0
361,EV20021202_7960,Event,20/02/2025,02:11:33,AdpePausedByOperator,9% ,AdpePausedByOperator,4619,0
304,EV20021202_7960,Event,20/02/2025,02:11:35,AdpeAbortedByOperator,8% ,AdpeAbortedByOperator,4619,0
2059,EV20022202_7962,Event,20/02/2025,02:20:14,AutoDrillingCompleted,53% ,AutoDrillingCompleted,4621,0
81,EV20022202_7962,Event,20/02/2025,02:21:09,AutoNoFeasiblePathFound,2% ,AutoNoFeasiblePathFound,4621,0
304,EV20022202_7962,Event,20/02/2025,02:21:52,AdpeAbortedByOperator,8% ,AdpeAbortedByOperator,4621,0
2059,EV20023203_7964,Event,20/02/2025,02:28:58,AutoDrillingCompleted,53% ,AutoDrillingCompleted,4623,0
81,EV20023203_7964,Event,20/02/2025,02:29:35,AutoNoFeasiblePathFound,2% ,AutoNoFeasiblePathFound,4623,0
304,EV20023203_7964,Event,20/02/2025,02:31:20,AdpeAbortedByOperator,8% ,AdpeAbortedByOperator,4623,0
2059,EV20024203_7966,Event,20/02/2025,02:38:10,AutoDrillingCompleted,53% ,AutoDrillingCompleted,4625,0
81,EV20024203_7966,Event,20/02/2025,02:38:50,AutoNoFeasiblePathFound,2% ,AutoNoFeasiblePathFound,4625,0
304,EV20024203_7966,Event,20/02/2025,02:41:13,AdpeAbortedByOperator,8% ,AdpeAbortedByOperator,4625,0
2059,EV20025203_7968,Event,20/02/2025,02:47:57,AutoDrillingCompleted,53% ,AutoDrillingCompleted,4627,0
2059,EV20031704_7970,Event,20/02/2025,03:15:56,AutoDrillingCompleted,53% ,AutoDrillingCompleted,4629,0
81,EV20031704_7970,Event,20/02/2025,03:16:33,AutoNoFeasiblePathFound,2% ,AutoNoFeasiblePathFound,4629,0
304,EV20031704_7970,Event,20/02/2025,03:16:54,AdpeAbortedByOperator,8% ,AdpeAbortedByOperator,4629,0
81,EV20032204_7971,Event,20/02/2025,03:17:45,AutoNoFeasiblePathFound,2% ,AutoNoFeasiblePathFound,4630,0
304,EV20032704_7972,Event,20/02/2025,03:22:13,AdpeAbortedByOperator,8% ,AdpeAbortedByOperator,4631,0
2059,EV20033204_7973,Event,20/02/2025,03:29:34,AutoDrillingCompleted,53% ,AutoDrillingCompleted,4632,0
2059,EV20033704_7974,Event,20/02/2025,03:35:58,AutoDrillingCompleted,53% ,AutoDrillingCompleted,4633,0
2059,EV20034705_7976,Event,20/02/2025,03:42:44,AutoDrillingCompleted,53% ,AutoDrillingCompleted,4635,0
2059,EV20035205_7977,Event,20/02/2025,03:49:36,AutoDrillingCompleted,53% ,AutoDrillingCompleted,4636,0
2059,EV20035705_7978,Event,20/02/2025,03:56:31,AutoDrillingCompleted,53% ,AutoDrillingCompleted,4637,0
2059,EV20040705_7980,Event,20/02/2025,04:04:57,AutoDrillingCompleted,53% ,AutoDrillingCompleted,4639,0
2059,EV20041705_7982,Event,20/02/2025,04:12:54,AutoDrillingCompleted,53% ,AutoDrillingCompleted,4641,0
2059,EV20042206_7983,Event,20/02/2025,04:20:12,AutoDrillingCompleted,53% ,AutoDrillingCompleted,4642,0
247,EV20042706_7984,Event,20/02/2025,04:22:40,AutoDrillingAbortedAutonomousDrillingPaused,6% ,AutoDrillingAbortedAutonomousDrillingPaused,4643,2
2059,EV20043706_7986,Event,20/02/2025,04:35:38,AutoDrillingCompleted,53% ,AutoDrillingCompleted,4645,0
81,EV20043706_7986,Event,20/02/2025,04:36:14,AutoNoFeasiblePathFound,2% ,AutoNoFeasiblePathFound,4645,0
81,EV20044707_7988,Event,20/02/2025,04:43:40,AutoNoFeasiblePathFound,2% ,AutoNoFeasiblePathFound,4647,0
304,EV20044707_7988,Event,20/02/2025,04:43:45,AdpeAbortedByOperator,8% ,AdpeAbortedByOperator,4647,0
2059,EV20045707_7990,Event,20/02/2025,04:52:19,AutoDrillingCompleted,53% ,AutoDrillingCompleted,4649,0
2059,EV20050207_7991,Event,20/02/2025,04:58:57,AutoDrillingCompleted,53% ,AutoDrillingCompleted,4650,0
2059,EV20050707_7992,Event,20/02/2025,05:05:29,AutoDrillingCompleted,53% ,AutoDrillingCompleted,4651,0
361,EV20051208_7993,Event,20/02/2025,05:07:19,AdpePausedByOperator,9% ,AdpePausedByOperator,4652,0
247,EV20051208_7993,Event,20/02/2025,05:07:19,AutoDrillingAbortedAutonomousDrillingPaused,6% ,AutoDrillingAbortedAutonomousDrillingPaused,4652,1
2059,EV20053708_7997,Event,20/02/2025,05:33:22,AutoDrillingCompleted,53% ,AutoDrillingCompleted,4656,0
2059,EV20054208_7998,Event,20/02/2025,05:39:58,AutoDrillingCompleted,53% ,AutoDrillingCompleted,4657,0
2059,EV20054709_7999,Event,20/02/2025,05:46:39,AutoDrillingCompleted,53% ,AutoDrillingCompleted,4658,0
2059,EV20055709_8001,Event,20/02/2025,05:52:52,AutoDrillingCompleted,53% ,AutoDrillingCompleted,4660,0
2059,EV20060209_8002,Event,20/02/2025,05:59:27,AutoDrillingCompleted,53% ,AutoDrillingCompleted,4661,0
2059,EV20060709_8003,Event,20/02/2025,06:05:44,AutoDrillingCompleted,53% ,AutoDrillingCompleted,4662,0
361,EV20061710_8005,Event,20/02/2025,06:15:44,AdpePausedByOperator,9% ,AdpePausedByOperator,4664,0
247,EV20061710_8005,Event,20/02/2025,06:15:45,AutoDrillingAbortedAutonomousDrillingPaused,6% ,AutoDrillingAbortedAutonomousDrillingPaused,4664,0
2059,EV20062710_8007,Event,20/02/2025,06:25:01,AutoDrillingCompleted,53% ,AutoDrillingCompleted,4666,0
2059,EV20063710_8009,Event,20/02/2025,06:32:13,AutoDrillingCompleted,53% ,AutoDrillingCompleted,4668,0
152,EV20063710_8009,Event,20/02/2025,06:32:22,AutoStanceShiftFailedPosInterlockActive,4% ,AutoStanceShiftFailedPosInterlockActive,4668,1
2059,EV20064711_8011,Event,20/02/2025,06:46:02,AutoDrillingCompleted,53% ,AutoDrillingCompleted,4670,0
2059,EV20065711_8013,Event,20/02/2025,06:52:35,AutoDrillingCompleted,53% ,AutoDrillingCompleted,4672,0
2059,EV20070211_8014,Event,20/02/2025,06:59:33,AutoDrillingCompleted,53% ,AutoDrillingCompleted,4673,0
2059,EV20070711_8015,Event,20/02/2025,07:06:28,AutoDrillingCompleted,53% ,AutoDrillingCompleted,4674,0
2059,EV20071712_8017,Event,20/02/2025,07:13:33,AutoDrillingCompleted,53% ,AutoDrillingCompleted,4676,0
2059,EV20072212_8018,Event,20/02/2025,07:20:05,AutoDrillingCompleted,53% ,AutoDrillingCompleted,4677,0
2059,EV20073212_8020,Event,20/02/2025,07:30:08,AutoDrillingCompleted,53% ,AutoDrillingCompleted,4679,0
2059,EV20073712_8021,Event,20/02/2025,07:37:06,AutoDrillingCompleted,53% ,AutoDrillingCompleted,4680,0
2059,EV20074712_8023,Event,20/02/2025,07:44:24,AutoDrillingCompleted,53% ,AutoDrillingCompleted,4682,0
2059,EV20075213_8024,Event,20/02/2025,07:51:36,AutoDrillingCompleted,53% ,AutoDrillingCompleted,4683,0
2059,EV20080213_8026,Event,20/02/2025,07:59:00,AutoDrillingCompleted,53% ,AutoDrillingCompleted,4685,0
361,EV20080213_8026,Event,20/02/2025,08:00:47,AdpePausedByOperator,9% ,AdpePausedByOperator,4685,1
247,EV20080213_8026,Event,20/02/2025,08:00:47,AutoDrillingAbortedAutonomousDrillingPaused,6% ,AutoDrillingAbortedAutonomousDrillingPaused,4685,3
2059,EV20084214_8029,Event,20/02/2025,08:41:16,AutoDrillingCompleted,53% ,AutoDrillingCompleted,4688,0
2059,EV20085214_8031,Event,20/02/2025,08:49:10,AutoDrillingCompleted,53% ,AutoDrillingCompleted,4690,0
2059,EV20090215_8033,Event,20/02/2025,08:58:04,AutoDrillingCompleted,53% ,AutoDrillingCompleted,4692,0
2059,EV20090715_8034,Event,20/02/2025,09:05:15,AutoDrillingCompleted,53% ,AutoDrillingCompleted,4693,0
2059,EV20091715_8036,Event,20/02/2025,09:12:24,AutoDrillingCompleted,53% ,AutoDrillingCompleted,4695,0
2059,EV20092215_8037,Event,20/02/2025,09:19:20,AutoDrillingCompleted,53% ,AutoDrillingCompleted,4696,0
2059,EV20092715_8038,Event,20/02/2025,09:26:51,AutoDrillingCompleted,53% ,AutoDrillingCompleted,4697,0
2059,EV20093716_8040,Event,20/02/2025,09:34:43,AutoDrillingCompleted,53% ,AutoDrillingCompleted,4699,0
2059,EV20094716_8042,Event,20/02/2025,09:44:05,AutoDrillingCompleted,53% ,AutoDrillingCompleted,4701,0
2059,EV20095716_8044,Event,20/02/2025,09:52:33,AutoDrillingCompleted,53% ,AutoDrillingCompleted,4703,0
2059,EV20100216_8045,Event,20/02/2025,10:00:39,AutoDrillingCompleted,53% ,AutoDrillingCompleted,4704,0
2059,EV20101217_8047,Event,20/02/2025,10:10:53,AutoDrillingCompleted,53% ,AutoDrillingCompleted,4706,0
2059,EV20102217_8049,Event,20/02/2025,10:21:53,AutoDrillingCompleted,53% ,AutoDrillingCompleted,4708,0
2059,EV20103217_8051,Event,20/02/2025,10:30:08,AutoDrillingCompleted,53% ,AutoDrillingCompleted,4710,0
361,EV20103717_8052,Event,20/02/2025,10:36:51,AdpePausedByOperator,9% ,AdpePausedByOperator,4711,0
247,EV20103717_8052,Event,20/02/2025,10:36:51,AutoDrillingAbortedAutonomousDrillingPaused,6% ,AutoDrillingAbortedAutonomousDrillingPaused,4711,2
2059,EV20104717_8054,Event,20/02/2025,10:46:34,AutoDrillingCompleted,53% ,AutoDrillingCompleted,4713,0
2059,EV20105717_8056,Event,20/02/2025,10:54:18,AutoDrillingCompleted,53% ,AutoDrillingCompleted,4715,0
2059,EV20110718_8058,Event,20/02/2025,11:02:18,AutoDrillingCompleted,53% ,AutoDrillingCompleted,4717,0
2059,EV20111218_8059,Event,20/02/2025,11:12:08,AutoDrillingCompleted,53% ,AutoDrillingCompleted,4718,0
2059,EV20112218_8061,Event,20/02/2025,11:19:37,AutoDrillingCompleted,53% ,AutoDrillingCompleted,4720,0
2059,EV20112719_8062,Event,20/02/2025,11:26:37,AutoDrillingCompleted,53% ,AutoDrillingCompleted,4721,0
2059,EV20113719_8064,Event,20/02/2025,11:33:57,AutoDrillingCompleted,53% ,AutoDrillingCompleted,4723,0
2059,EV20114219_8065,Event,20/02/2025,11:42:11,AutoDrillingCompleted,53% ,AutoDrillingCompleted,4724,0
2059,EV20115219_8067,Event,20/02/2025,11:49:44,AutoDrillingCompleted,53% ,AutoDrillingCompleted,4726,0
2059,EV20115719_8068,Event,20/02/2025,11:57:17,AutoDrillingCompleted,53% ,AutoDrillingCompleted,4727,0
2059,EV20120720_8070,Event,20/02/2025,12:05:47,AutoDrillingCompleted,53% ,AutoDrillingCompleted,4729,0
2059,EV20121720_8072,Event,20/02/2025,12:13:06,AutoDrillingCompleted,53% ,AutoDrillingCompleted,4731,0
2059,EV20122220_8073,Event,20/02/2025,12:20:53,AutoDrillingCompleted,53% ,AutoDrillingCompleted,4732,0
83,EV20122720_8074,Event,20/02/2025,12:22:57,AutoTrammingBlockedTramInterlockActive,2% ,AutoTrammingBlockedTramInterlockActive,4733,1
37,EV20123721_8076,Event,20/02/2025,12:32:34,AutoStanceShiftPreconditionNotMet,1% ,AutoStanceShiftPreconditionNotMet,4735,0
2059,EV20124221_8077,Event,20/02/2025,12:38:57,AutoDrillingCompleted,53% ,AutoDrillingCompleted,4736,0
304,EV20124721_8078,Event,20/02/2025,12:43:15,AdpeAbortedByOperator,8% ,AdpeAbortedByOperator,4737,0
115,EV20125221_8079,Event,20/02/2025,12:52:20,AutoDrillingAbortedTeleremoteCommunicationDelayIsTooBig,3% ,AutoDrillingAbortedTeleremoteCommunicationDelayIsTooBig,4738,0
115,EV20125721_8080,Event,20/02/2025,12:52:56,AutoDrillingAbortedTeleremoteCommunicationDelayIsTooBig,3% ,AutoDrillingAbortedTeleremoteCommunicationDelayIsTooBig,4739,0
2059,EV20125721_8080,Event,20/02/2025,12:56:34,AutoDrillingCompleted,53% ,AutoDrillingCompleted,4739,0
15,EV20130221_8081,Event,20/02/2025,12:57:53,AutoStanceShiftFailedAutoModeaDeactivated,0% ,AutoStanceShiftFailedAutoModeaDeactivated,4740,0
2059,EV20130722_8082,Event,20/02/2025,13:04:28,AutoDrillingCompleted,53% ,AutoDrillingCompleted,4741,0
12,EV20130722_8082,Event,20/02/2025,13:06:00,AutoStanceShiftFailedHoleOutOfReach,0% ,AutoStanceShiftFailedHoleOutOfReach,4741,0
304,EV20130722_8082,Event,20/02/2025,13:06:07,AdpeAbortedByOperator,8% ,AdpeAbortedByOperator,4741,0
2059,EV20131722_8084,Event,20/02/2025,13:12:59,AutoDrillingCompleted,53% ,AutoDrillingCompleted,4743,0
2059,EV20132222_8085,Event,20/02/2025,13:19:43,AutoDrillingCompleted,53% ,AutoDrillingCompleted,4744,0
2059,EV20132722_8086,Event,20/02/2025,13:27:03,AutoDrillingCompleted,53% ,AutoDrillingCompleted,4745,0
115,EV20133223_8087,Event,20/02/2025,13:30:40,AutoDrillingAbortedTeleremoteCommunicationDelayIsTooBig,3% ,AutoDrillingAbortedTeleremoteCommunicationDelayIsTooBig,4746,0
2059,EV20133723_8088,Event,20/02/2025,13:35:32,AutoDrillingCompleted,53% ,AutoDrillingCompleted,4747,0
2059,EV20134223_8089,Event,20/02/2025,13:42:07,AutoDrillingCompleted,53% ,AutoDrillingCompleted,4748,0
361,EV20134723_8090,Event,20/02/2025,13:42:34,AdpePausedByOperator,9% ,AdpePausedByOperator,4749,0
361,EV20134723_8090,Event,20/02/2025,13:42:35,AdpePausedByOperator,9% ,AdpePausedByOperator,4749,0
361,EV20134723_8090,Event,20/02/2025,13:42:37,AdpePausedByOperator,9% ,AdpePausedByOperator,4749,0
361,EV20134723_8090,Event,20/02/2025,13:44:05,AdpePausedByOperator,9% ,AdpePausedByOperator,4749,0
247,EV20134723_8090,Event,20/02/2025,13:44:05,AutoDrillingAbortedAutonomousDrillingPaused,6% ,AutoDrillingAbortedAutonomousDrillingPaused,4749,2
2059,EV20143401_8096,Event,20/02/2025,14:29:17,AutoDrillingCompleted,53% ,AutoDrillingCompleted,4755,0
126,EV20143901_8097,Event,20/02/2025,14:34:54,AutoDrillingAbortedDrillingAbortedByOperator,3% ,AutoDrillingAbortedDrillingAbortedByOperator,4756,0
2059,EV20144401_8098,Event,20/02/2025,14:39:13,AutoDrillingCompleted,53% ,AutoDrillingCompleted,4757,0
2059,EV20144901_8099,Event,20/02/2025,14:45:36,AutoDrillingCompleted,53% ,AutoDrillingCompleted,4758,0
361,EV20144901_8099,Event,20/02/2025,14:46:20,AdpePausedByOperator,9% ,AdpePausedByOperator,4758,0
115,EV20145401_8100,Event,20/02/2025,14:53:50,AutoDrillingAbortedTeleremoteCommunicationDelayIsTooBig,3% ,AutoDrillingAbortedTeleremoteCommunicationDelayIsTooBig,4759,0
2059,EV20145901_8101,Event,20/02/2025,14:57:54,AutoDrillingCompleted,53% ,AutoDrillingCompleted,4760,0
2059,EV20150902_8103,Event,20/02/2025,15:04:51,AutoDrillingCompleted,53% ,AutoDrillingCompleted,4762,0
126,EV20151402_8104,Event,20/02/2025,15:11:01,AutoDrillingAbortedDrillingAbortedByOperator,3% ,AutoDrillingAbortedDrillingAbortedByOperator,4763,0
2059,EV20151902_8105,Event,20/02/2025,15:16:09,AutoDrillingCompleted,53% ,AutoDrillingCompleted,4764,0
304,EV20151902_8105,Event,20/02/2025,15:16:25,AdpeAbortedByOperator,8% ,AdpeAbortedByOperator,4764,0
361,EV20152402_8106,Event,20/02/2025,15:20:15,AdpePausedByOperator,9% ,AdpePausedByOperator,4765,0
2059,EV20152903_8107,Event,20/02/2025,15:26:47,AutoDrillingCompleted,53% ,AutoDrillingCompleted,4766,0
37,EV20152903_8107,Event,20/02/2025,15:28:57,AutoStanceShiftPreconditionNotMet,1% ,AutoStanceShiftPreconditionNotMet,4766,0
37,EV20152903_8107,Event,20/02/2025,15:29:00,AutoStanceShiftPreconditionNotMet,1% ,AutoStanceShiftPreconditionNotMet,4766,0
37,EV20153403_8108,Event,20/02/2025,15:29:23,AutoStanceShiftPreconditionNotMet,1% ,AutoStanceShiftPreconditionNotMet,4767,0
37,EV20153403_8108,Event,20/02/2025,15:29:41,AutoStanceShiftPreconditionNotMet,1% ,AutoStanceShiftPreconditionNotMet,4767,0
37,EV20153403_8108,Event,20/02/2025,15:30:09,AutoStanceShiftPreconditionNotMet,1% ,AutoStanceShiftPreconditionNotMet,4767,0
304,EV20153403_8108,Event,20/02/2025,15:30:12,AdpeAbortedByOperator,8% ,AdpeAbortedByOperator,4767,0
9,EV20153403_8108,Event,20/02/2025,15:31:22,AutoPathPlanningFailure,0% ,AutoPathPlanningFailure,4767,0
2059,EV20153902_8109,Event,20/02/2025,15:37:38,AutoDrillingCompleted,53% ,AutoDrillingCompleted,4768,0
2059,EV20154403_8110,Event,20/02/2025,15:44:00,AutoDrillingCompleted,53% ,AutoDrillingCompleted,4769,0
2059,EV20155403_8112,Event,20/02/2025,15:51:06,AutoDrillingCompleted,53% ,AutoDrillingCompleted,4771,0
2059,EV20155903_8113,Event,20/02/2025,15:58:03,AutoDrillingCompleted,53% ,AutoDrillingCompleted,4772,0
2059,EV20160903_8115,Event,20/02/2025,16:06:18,AutoDrillingCompleted,53% ,AutoDrillingCompleted,4774,0
15,EV20160903_8115,Event,20/02/2025,16:06:51,AutoStanceShiftFailedAutoModeaDeactivated,0% ,AutoStanceShiftFailedAutoModeaDeactivated,4774,0
304,EV20160903_8115,Event,20/02/2025,16:06:56,AdpeAbortedByOperator,8% ,AdpeAbortedByOperator,4774,0
2059,EV20161904_8117,Event,20/02/2025,16:18:52,AutoDrillingCompleted,53% ,AutoDrillingCompleted,4776,0
126,EV20162404_8118,Event,20/02/2025,16:23:58,AutoDrillingAbortedDrillingAbortedByOperator,3% ,AutoDrillingAbortedDrillingAbortedByOperator,4777,0
2059,EV20162904_8119,Event,20/02/2025,16:28:32,AutoDrillingCompleted,53% ,AutoDrillingCompleted,4778,0
2059,EV20163905_8121,Event,20/02/2025,16:36:38,AutoDrillingCompleted,53% ,AutoDrillingCompleted,4780,0
14,EV20163905_8121,Event,20/02/2025,16:36:39,AdpeAbortedFromOpsLevers,0% ,AdpeAbortedFromOpsLevers,4780,0
2059,EV20164405_8122,Event,20/02/2025,16:43:59,AutoDrillingCompleted,53% ,AutoDrillingCompleted,4781,0
22,EV20165405_8124,Event,20/02/2025,16:49:07,AutoDrillingAbortedCavityDetected,1% ,AutoDrillingAbortedCavityDetected,4783,1
247,EV20165405_8124,Event,20/02/2025,16:49:07,AutoDrillingAbortedAutonomousDrillingPaused,6% ,AutoDrillingAbortedAutonomousDrillingPaused,4783,3
2059,EV20165405_8124,Event,20/02/2025,16:51:33,AutoDrillingCompleted,53% ,AutoDrillingCompleted,4783,0
247,EV20165905_8125,Event,20/02/2025,16:57:11,AutoDrillingAbortedAutonomousDrillingPaused,6% ,AutoDrillingAbortedAutonomousDrillingPaused,4784,2
126,EV20170905_8127,Event,20/02/2025,17:04:39,AutoDrillingAbortedDrillingAbortedByOperator,3% ,AutoDrillingAbortedDrillingAbortedByOperator,4786,0
304,EV20170905_8127,Event,20/02/2025,17:05:24,AdpeAbortedByOperator,8% ,AdpeAbortedByOperator,4786,0
81,EV20171906_8128,Event,20/02/2025,17:18:38,AutoNoFeasiblePathFound,2% ,AutoNoFeasiblePathFound,4787,0
81,EV20172406_8129,Event,20/02/2025,17:21:15,AutoNoFeasiblePathFound,2% ,AutoNoFeasiblePathFound,4788,0
304,EV20172906_8130,Event,20/02/2025,17:25:21,AdpeAbortedByOperator,8% ,AdpeAbortedByOperator,4789,0
41,EV20172906_8130,Event,20/02/2025,17:25:55,AutoDrillingAbortedDrillingInterlocked,1% ,AutoDrillingAbortedDrillingInterlocked,4789,1
2059,EV20173406_8131,Event,20/02/2025,17:30:45,AutoDrillingCompleted,53% ,AutoDrillingCompleted,4790,0
304,EV20173907_8132,Event,20/02/2025,17:35:25,AdpeAbortedByOperator,8% ,AdpeAbortedByOperator,4791,0
361,EV20173907_8132,Event,20/02/2025,17:36:19,AdpePausedByOperator,9% ,AdpePausedByOperator,4791,0
361,EV20173907_8132,Event,20/02/2025,17:36:20,AdpePausedByOperator,9% ,AdpePausedByOperator,4791,1
304,EV20173907_8132,Event,20/02/2025,17:36:26,AdpeAbortedByOperator,8% ,AdpeAbortedByOperator,4791,1
83,EV20173907_8132,Event,20/02/2025,17:37:18,AutoTrammingBlockedTramInterlockActive,2% ,AutoTrammingBlockedTramInterlockActive,4791,1
81,EV20173907_8132,Event,20/02/2025,17:37:26,AutoNoFeasiblePathFound,2% ,AutoNoFeasiblePathFound,4791,2
304,EV20173907_8132,Event,20/02/2025,17:38:02,AdpeAbortedByOperator,8% ,AdpeAbortedByOperator,4791,0
2059,EV20174406_8133,Event,20/02/2025,17:43:55,AutoDrillingCompleted,53% ,AutoDrillingCompleted,4792,0
2059,EV20175406_8135,Event,20/02/2025,17:50:12,AutoDrillingCompleted,53% ,AutoDrillingCompleted,4794,0
2059,EV20175906_8136,Event,20/02/2025,17:56:34,AutoDrillingCompleted,53% ,AutoDrillingCompleted,4795,0
2059,EV20180407_8137,Event,20/02/2025,18:03:17,AutoDrillingCompleted,53% ,AutoDrillingCompleted,4796,0
2059,EV20181407_8139,Event,20/02/2025,18:10:53,AutoDrillingCompleted,53% ,AutoDrillingCompleted,4798,0
12,EV20182907_8142,Event,20/02/2025,18:24:19,AutoDrillingAbortedCradlePositioningFailedMoveBackwardDuringExtraClean,0% ,AutoDrillingAbortedCradlePositioningFailedMoveBackwardDuringExtraClean,4801,0
2059,EV20183407_8143,Event,20/02/2025,18:29:19,AutoDrillingCompleted,53% ,AutoDrillingCompleted,4802,0
2059,EV20183908_8144,Event,20/02/2025,18:36:09,AutoDrillingCompleted,53% ,AutoDrillingCompleted,4803,0
2059,EV20184408_8145,Event,20/02/2025,18:43:08,AutoDrillingCompleted,53% ,AutoDrillingCompleted,4804,0
2059,EV20185408_8147,Event,20/02/2025,18:49:45,AutoDrillingCompleted,53% ,AutoDrillingCompleted,4806,0
2059,EV20185908_8148,Event,20/02/2025,18:56:40,AutoDrillingCompleted,53% ,AutoDrillingCompleted,4807,0
22,EV20190408_8149,Event,20/02/2025,19:00:50,AutoDrillingAbortedCavityDetected,1% ,AutoDrillingAbortedCavityDetected,4808,1
247,EV20190408_8149,Event,20/02/2025,19:00:50,AutoDrillingAbortedAutonomousDrillingPaused,6% ,AutoDrillingAbortedAutonomousDrillingPaused,4808,3
2059,EV20190408_8149,Event,20/02/2025,19:03:23,AutoDrillingCompleted,53% ,AutoDrillingCompleted,4808,0
81,EV20190908_8150,Event,20/02/2025,19:04:52,AutoNoFeasiblePathFound,2% ,AutoNoFeasiblePathFound,4809,0
2059,EV20191408_8151,Event,20/02/2025,19:11:39,AutoDrillingCompleted,53% ,AutoDrillingCompleted,4810,0
2059,EV20192909_8153,Event,20/02/2025,19:27:02,AutoDrillingCompleted,53% ,AutoDrillingCompleted,4812,0
2059,EV20193409_8154,Event,20/02/2025,19:34:03,AutoDrillingCompleted,53% ,AutoDrillingCompleted,4813,0
2059,EV20194910_8156,Event,20/02/2025,19:48:51,AutoDrillingCompleted,53% ,AutoDrillingCompleted,4815,0
2059,EV20195910_8158,Event,20/02/2025,19:58:03,AutoDrillingCompleted,53% ,AutoDrillingCompleted,4817,0
304,EV20200410_8159,Event,20/02/2025,20:00:10,AdpeAbortedByOperator,8% ,AdpeAbortedByOperator,4818,0
2059,EV20201410_8161,Event,20/02/2025,20:10:26,AutoDrillingCompleted,53% ,AutoDrillingCompleted,4820,0
2059,EV20201911_8162,Event,20/02/2025,20:16:36,AutoDrillingCompleted,53% ,AutoDrillingCompleted,4821,0
2059,EV20202411_8163,Event,20/02/2025,20:22:33,AutoDrillingCompleted,53% ,AutoDrillingCompleted,4822,0
361,EV20202911_8164,Event,20/02/2025,20:24:22,AdpePausedByOperator,9% ,AdpePausedByOperator,4823,0
247,EV20202911_8164,Event,20/02/2025,20:24:22,AutoDrillingAbortedAutonomousDrillingPaused,6% ,AutoDrillingAbortedAutonomousDrillingPaused,4823,2
2059,EV20203911_8166,Event,20/02/2025,20:38:18,AutoDrillingCompleted,53% ,AutoDrillingCompleted,4825,0
2059,EV20204911_8168,Event,20/02/2025,20:45:50,AutoDrillingCompleted,53% ,AutoDrillingCompleted,4827,0
361,EV20204911_8168,Event,20/02/2025,20:47:46,AdpePausedByOperator,9% ,AdpePausedByOperator,4827,0
247,EV20204911_8168,Event,20/02/2025,20:47:46,AutoDrillingAbortedAutonomousDrillingPaused,6% ,AutoDrillingAbortedAutonomousDrillingPaused,4827,1
2059,EV20214413_8171,Event,20/02/2025,21:41:55,AutoDrillingCompleted,53% ,AutoDrillingCompleted,4830,0
2059,EV20214913_8172,Event,20/02/2025,21:49:03,AutoDrillingCompleted,53% ,AutoDrillingCompleted,4831,0
2059,EV20215914_8174,Event,20/02/2025,21:56:38,AutoDrillingCompleted,53% ,AutoDrillingCompleted,4833,0
2059,EV20220413_8175,Event,20/02/2025,22:03:37,AutoDrillingCompleted,53% ,AutoDrillingCompleted,4834,0
2059,EV20221414_8177,Event,20/02/2025,22:12:23,AutoDrillingCompleted,53% ,AutoDrillingCompleted,4836,0
2059,EV20222414_8179,Event,20/02/2025,22:19:51,AutoDrillingCompleted,53% ,AutoDrillingCompleted,4838,0
2059,EV20222914_8180,Event,20/02/2025,22:27:30,AutoDrillingCompleted,53% ,AutoDrillingCompleted,4839,0
361,EV20222914_8180,Event,20/02/2025,22:27:31,AdpePausedByOperator,9% ,AdpePausedByOperator,4839,0
152,EV20223415_8181,Event,20/02/2025,22:33:33,AutoStanceShiftFailedPosInterlockActive,4% ,AutoStanceShiftFailedPosInterlockActive,4840,2
152,EV20223415_8181,Event,20/02/2025,22:33:41,AutoStanceShiftFailedPosInterlockActive,4% ,AutoStanceShiftFailedPosInterlockActive,4840,1
2059,EV20224415_8183,Event,20/02/2025,22:40:39,AutoDrillingCompleted,53% ,AutoDrillingCompleted,4842,0
2059,EV20225416_8185,Event,20/02/2025,22:49:59,AutoDrillingCompleted,53% ,AutoDrillingCompleted,4844,0
2059,EV20225916_8186,Event,20/02/2025,22:56:15,AutoDrillingCompleted,53% ,AutoDrillingCompleted,4845,0
2059,EV20230416_8187,Event,20/02/2025,23:02:04,AutoDrillingCompleted,53% ,AutoDrillingCompleted,4846,0
2059,EV20230916_8188,Event,20/02/2025,23:07:57,AutoDrillingCompleted,53% ,AutoDrillingCompleted,4847,0
2059,EV20231916_8190,Event,20/02/2025,23:14:23,AutoDrillingCompleted,53% ,AutoDrillingCompleted,4849,0
2059,EV20232416_8191,Event,20/02/2025,23:20:55,AutoDrillingCompleted,53% ,AutoDrillingCompleted,4850,0
2059,EV20232916_8192,Event,20/02/2025,23:27:54,AutoDrillingCompleted,53% ,AutoDrillingCompleted,4851,0
2059,EV20233917_8194,Event,20/02/2025,23:35:28,AutoDrillingCompleted,53% ,AutoDrillingCompleted,4853,0
2059,EV20234418_8195,Event,20/02/2025,23:43:43,AutoDrillingCompleted,53% ,AutoDrillingCompleted,4854,0
2059,EV20235417_8197,Event,20/02/2025,23:50:13,AutoDrillingCompleted,53% ,AutoDrillingCompleted,4856,0
2059,EV20235917_8198,Event,20/02/2025,23:56:44,AutoDrillingCompleted,53% ,AutoDrillingCompleted,4857,0
2059,EV21000417_8199,Event,21/02/2025,00:02:46,AutoDrillingCompleted,53% ,AutoDrillingCompleted,4858,0
2059,EV21000917_8200,Event,21/02/2025,00:09:16,AutoDrillingCompleted,53% ,AutoDrillingCompleted,4859,0
152,EV21001418_8201,Event,21/02/2025,00:10:48,AutoStanceShiftFailedPosInterlockActive,4% ,AutoStanceShiftFailedPosInterlockActive,4860,1
361,EV21001418_8201,Event,21/02/2025,00:12:44,AdpePausedByOperator,9% ,AdpePausedByOperator,4860,0
247,EV21001418_8201,Event,21/02/2025,00:12:44,AutoDrillingAbortedAutonomousDrillingPaused,6% ,AutoDrillingAbortedAutonomousDrillingPaused,4860,2
2059,EV21002418_8203,Event,21/02/2025,00:22:57,AutoDrillingCompleted,53% ,AutoDrillingCompleted,4862,0
2059,EV21003418_8205,Event,21/02/2025,00:29:21,AutoDrillingCompleted,53% ,AutoDrillingCompleted,4864,0
2059,EV21003918_8206,Event,21/02/2025,00:38:05,AutoDrillingCompleted,53% ,AutoDrillingCompleted,4865,0
2059,EV21004418_8207,Event,21/02/2025,00:44:14,AutoDrillingCompleted,53% ,AutoDrillingCompleted,4866,0
2059,EV21005419_8209,Event,21/02/2025,00:50:39,AutoDrillingCompleted,53% ,AutoDrillingCompleted,4868,0
2059,EV21005918_8210,Event,21/02/2025,00:56:59,AutoDrillingCompleted,53% ,AutoDrillingCompleted,4869,0
2059,EV21010419_8211,Event,21/02/2025,01:03:31,AutoDrillingCompleted,53% ,AutoDrillingCompleted,4870,0
2059,EV21011919_8214,Event,21/02/2025,01:16:56,AutoDrillingCompleted,53% ,AutoDrillingCompleted,4873,0
2059,EV21012919_8216,Event,21/02/2025,01:25:28,AutoDrillingCompleted,53% ,AutoDrillingCompleted,4875,0
2059,EV21013419_8217,Event,21/02/2025,01:31:52,AutoDrillingCompleted,53% ,AutoDrillingCompleted,4876,0
2059,EV21013919_8218,Event,21/02/2025,01:38:17,AutoDrillingCompleted,53% ,AutoDrillingCompleted,4877,0
2059,EV21014920_8220,Event,21/02/2025,01:44:20,AutoDrillingCompleted,53% ,AutoDrillingCompleted,4879,0
2059,EV21020420_8222,Event,21/02/2025,01:59:54,AutoDrillingCompleted,53% ,AutoDrillingCompleted,4881,0
83,EV21020420_8222,Event,21/02/2025,02:03:05,AutoTrammingBlockedTramInterlockActive,2% ,AutoTrammingBlockedTramInterlockActive,4881,1
304,EV21020920_8223,Event,21/02/2025,02:06:38,AdpeAbortedByOperator,8% ,AdpeAbortedByOperator,4882,0
2059,EV21021921_8225,Event,21/02/2025,02:14:58,AutoDrillingCompleted,53% ,AutoDrillingCompleted,4884,0
2059,EV21022421_8226,Event,21/02/2025,02:21:13,AutoDrillingCompleted,53% ,AutoDrillingCompleted,4885,0
2059,EV21022921_8227,Event,21/02/2025,02:27:36,AutoDrillingCompleted,53% ,AutoDrillingCompleted,4886,0
361,EV21023421_8228,Event,21/02/2025,02:29:30,AdpePausedByOperator,9% ,AdpePausedByOperator,4887,0
247,EV21023421_8228,Event,21/02/2025,02:29:30,AutoDrillingAbortedAutonomousDrillingPaused,6% ,AutoDrillingAbortedAutonomousDrillingPaused,4887,2
2059,EV21024422_8230,Event,21/02/2025,02:43:03,AutoDrillingCompleted,53% ,AutoDrillingCompleted,4889,0
2059,EV21024921_8231,Event,21/02/2025,02:49:08,AutoDrillingCompleted,53% ,AutoDrillingCompleted,4890,0
83,EV21025422_8232,Event,21/02/2025,02:51:18,AutoTrammingBlockedTramInterlockActive,2% ,AutoTrammingBlockedTramInterlockActive,4891,1
83,EV21025422_8232,Event,21/02/2025,02:52:03,AutoTrammingBlockedTramInterlockActive,2% ,AutoTrammingBlockedTramInterlockActive,4891,1
83,EV21025422_8232,Event,21/02/2025,02:52:20,AutoTrammingBlockedTramInterlockActive,2% ,AutoTrammingBlockedTramInterlockActive,4891,1
304,EV21025422_8232,Event,21/02/2025,02:53:05,AdpeAbortedByOperator,8% ,AdpeAbortedByOperator,4891,0
2059,EV21025922_8233,Event,21/02/2025,02:57:57,AutoDrillingCompleted,53% ,AutoDrillingCompleted,4892,0
2059,EV21030922_8235,Event,21/02/2025,03:04:39,AutoDrillingCompleted,53% ,AutoDrillingCompleted,4894,0
2059,EV21031422_8236,Event,21/02/2025,03:11:03,AutoDrillingCompleted,53% ,AutoDrillingCompleted,4895,0
22,EV21031922_8237,Event,21/02/2025,03:15:35,AutoDrillingAbortedCavityDetected,1% ,AutoDrillingAbortedCavityDetected,4896,1
247,EV21031922_8237,Event,21/02/2025,03:15:35,AutoDrillingAbortedAutonomousDrillingPaused,6% ,AutoDrillingAbortedAutonomousDrillingPaused,4896,3
2059,EV21031922_8237,Event,21/02/2025,03:17:53,AutoDrillingCompleted,53% ,AutoDrillingCompleted,4896,0
2059,EV21032922_8239,Event,21/02/2025,03:25:47,AutoDrillingCompleted,53% ,AutoDrillingCompleted,4898,0
2059,EV21033422_8240,Event,21/02/2025,03:32:15,AutoDrillingCompleted,53% ,AutoDrillingCompleted,4899,0
2059,EV21033923_8241,Event,21/02/2025,03:38:23,AutoDrillingCompleted,53% ,AutoDrillingCompleted,4900,0
361,EV21033923_8241,Event,21/02/2025,03:38:33,AdpePausedByOperator,9% ,AdpePausedByOperator,4900,0
2059,EV21040923_8246,Event,21/02/2025,04:05:51,AutoDrillingCompleted,53% ,AutoDrillingCompleted,4905,0
2059,EV21041424_8247,Event,21/02/2025,04:13:23,AutoDrillingCompleted,53% ,AutoDrillingCompleted,4906,0
115,EV21041924_8248,Event,21/02/2025,04:17:55,AutoDrillingAbortedTeleremoteCommunicationDelayIsTooBig,3% ,AutoDrillingAbortedTeleremoteCommunicationDelayIsTooBig,4907,0
2059,EV21042424_8249,Event,21/02/2025,04:20:36,AutoDrillingCompleted,53% ,AutoDrillingCompleted,4908,0
2059,EV21042924_8250,Event,21/02/2025,04:26:29,AutoDrillingCompleted,53% ,AutoDrillingCompleted,4909,0
2059,EV21043424_8251,Event,21/02/2025,04:34:10,AutoDrillingCompleted,53% ,AutoDrillingCompleted,4910,0
361,EV21043424_8251,Event,21/02/2025,04:34:14,AdpePausedByOperator,9% ,AdpePausedByOperator,4910,0
115,EV21044425_8253,Event,21/02/2025,04:42:55,AutoDrillingAbortedTeleremoteCommunicationDelayIsTooBig,3% ,AutoDrillingAbortedTeleremoteCommunicationDelayIsTooBig,4912,0
2059,EV21044925_8254,Event,21/02/2025,04:48:23,AutoDrillingCompleted,53% ,AutoDrillingCompleted,4913,0
2059,EV21045925_8256,Event,21/02/2025,04:55:20,AutoDrillingCompleted,53% ,AutoDrillingCompleted,4915,0
83,EV21045925_8256,Event,21/02/2025,04:57:36,AutoTrammingBlockedTramInterlockActive,2% ,AutoTrammingBlockedTramInterlockActive,4915,1
2059,EV21050925_8258,Event,21/02/2025,05:05:41,AutoDrillingCompleted,53% ,AutoDrillingCompleted,4917,0
361,EV21050925_8258,Event,21/02/2025,05:06:46,AdpePausedByOperator,9% ,AdpePausedByOperator,4917,0
304,EV21050925_8258,Event,21/02/2025,05:06:48,AdpeAbortedByOperator,8% ,AdpeAbortedByOperator,4917,0
2059,EV21051426_8259,Event,21/02/2025,05:14:21,AutoDrillingCompleted,53% ,AutoDrillingCompleted,4918,0
2059,EV21052426_8261,Event,21/02/2025,05:21:15,AutoDrillingCompleted,53% ,AutoDrillingCompleted,4920,0
2059,EV21052926_8262,Event,21/02/2025,05:29:11,AutoDrillingCompleted,53% ,AutoDrillingCompleted,4921,0
2059,EV21053926_8264,Event,21/02/2025,05:37:38,AutoDrillingCompleted,53% ,AutoDrillingCompleted,4923,0
2059,EV21054927_8266,Event,21/02/2025,05:46:33,AutoDrillingCompleted,53% ,AutoDrillingCompleted,4925,0
2059,EV21055927_8268,Event,21/02/2025,05:54:51,AutoDrillingCompleted,53% ,AutoDrillingCompleted,4927,0
2059,EV21060427_8269,Event,21/02/2025,06:01:39,AutoDrillingCompleted,53% ,AutoDrillingCompleted,4928,0
2059,EV21061427_8271,Event,21/02/2025,06:09:30,AutoDrillingCompleted,53% ,AutoDrillingCompleted,4930,0
2059,EV21061927_8272,Event,21/02/2025,06:18:17,AutoDrillingCompleted,53% ,AutoDrillingCompleted,4931,0
2059,EV21062928_8274,Event,21/02/2025,06:27:58,AutoDrillingCompleted,53% ,AutoDrillingCompleted,4933,0
2059,EV21063928_8276,Event,21/02/2025,06:37:40,AutoDrillingCompleted,53% ,AutoDrillingCompleted,4935,0
41,EV21064428_8277,Event,21/02/2025,06:43:37,AutoDrillingAbortedDrillingInterlocked,1% ,AutoDrillingAbortedDrillingInterlocked,4936,1
2059,EV21070428_8280,Event,21/02/2025,07:00:21,AutoDrillingCompleted,53% ,AutoDrillingCompleted,4939,0
2059,EV21070928_8281,Event,21/02/2025,07:06:43,AutoDrillingCompleted,53% ,AutoDrillingCompleted,4940,0
2059,EV21071429_8282,Event,21/02/2025,07:13:17,AutoDrillingCompleted,53% ,AutoDrillingCompleted,4941,0
2059,EV21072429_8284,Event,21/02/2025,07:19:56,AutoDrillingCompleted,53% ,AutoDrillingCompleted,4943,0
2059,EV21072929_8285,Event,21/02/2025,07:26:48,AutoDrillingCompleted,53% ,AutoDrillingCompleted,4944,0
83,EV21072929_8285,Event,21/02/2025,07:28:21,AutoTrammingBlockedTramInterlockActive,2% ,AutoTrammingBlockedTramInterlockActive,4944,1
9,EV21073429_8286,Event,21/02/2025,07:29:46,OdEmergencyModeActive,0% ,OdEmergencyModeActive,4945,0
83,EV21073429_8286,Event,21/02/2025,07:30:14,AutoTrammingBlockedTramInterlockActive,2% ,AutoTrammingBlockedTramInterlockActive,4945,0
304,EV21073429_8286,Event,21/02/2025,07:30:26,AdpeAbortedByOperator,8% ,AdpeAbortedByOperator,4945,0
9,EV21073429_8286,Event,21/02/2025,07:31:10,OdEmergencyModeActive,0% ,OdEmergencyModeActive,4945,0
304,EV21073429_8286,Event,21/02/2025,07:32:27,AdpeAbortedByOperator,8% ,AdpeAbortedByOperator,4945,0
2059,EV21074429_8288,Event,21/02/2025,07:40:36,AutoDrillingCompleted,53% ,AutoDrillingCompleted,4947,0
2059,EV21074929_8289,Event,21/02/2025,07:47:24,AutoDrillingCompleted,53% ,AutoDrillingCompleted,4948,0
304,EV21084931_8297,Event,21/02/2025,08:45:47,AdpeAbortedByOperator,8% ,AdpeAbortedByOperator,4956,0
2059,EV21091432_8301,Event,21/02/2025,09:10:56,AutoDrillingCompleted,53% ,AutoDrillingCompleted,4960,0
2059,EV21091932_8302,Event,21/02/2025,09:19:19,AutoDrillingCompleted,53% ,AutoDrillingCompleted,4961,0
81,EV21092432_8303,Event,21/02/2025,09:19:53,AutoNoFeasiblePathFound,2% ,AutoNoFeasiblePathFound,4962,0
304,EV21092432_8303,Event,21/02/2025,09:20:10,AdpeAbortedByOperator,8% ,AdpeAbortedByOperator,4962,0
2059,EV21092932_8304,Event,21/02/2025,09:28:43,AutoDrillingCompleted,53% ,AutoDrillingCompleted,4963,0
2059,EV21093932_8306,Event,21/02/2025,09:35:32,AutoDrillingCompleted,53% ,AutoDrillingCompleted,4965,0
2059,EV21094432_8307,Event,21/02/2025,09:44:08,AutoDrillingCompleted,53% ,AutoDrillingCompleted,4966,0
83,EV21094932_8308,Event,21/02/2025,09:48:48,AutoTrammingBlockedTramInterlockActive,2% ,AutoTrammingBlockedTramInterlockActive,4967,1
304,EV21095433_8309,Event,21/02/2025,09:51:19,AdpeAbortedByOperator,8% ,AdpeAbortedByOperator,4968,0
2059,EV21095933_8310,Event,21/02/2025,09:57:45,AutoDrillingCompleted,53% ,AutoDrillingCompleted,4969,0
9,EV21095933_8310,Event,21/02/2025,09:58:30,OdEmergencyModeActive,0% ,OdEmergencyModeActive,4969,0
361,EV21095933_8310,Event,21/02/2025,09:59:23,AdpePausedByOperator,9% ,AdpePausedByOperator,4969,0
361,EV21095933_8310,Event,21/02/2025,09:59:29,AdpePausedByOperator,9% ,AdpePausedByOperator,4969,0
361,EV21095933_8310,Event,21/02/2025,09:59:30,AdpePausedByOperator,9% ,AdpePausedByOperator,4969,0
361,EV21095933_8310,Event,21/02/2025,09:59:30,AdpePausedByOperator,9% ,AdpePausedByOperator,4969,2
7,EV21095933_8310,Event,21/02/2025,09:59:31,AutoTrammingBlockedAutoModeDeactivated,0% ,AutoTrammingBlockedAutoModeDeactivated,4969,2
361,EV21100433_8311,Event,21/02/2025,10:00:33,AdpePausedByOperator,9% ,AdpePausedByOperator,4970,0
7,EV21100433_8311,Event,21/02/2025,10:00:43,AutoTrammingBlockedAutoModeDeactivated,0% ,AutoTrammingBlockedAutoModeDeactivated,4970,1
361,EV21100433_8311,Event,21/02/2025,10:01:56,AdpePausedByOperator,9% ,AdpePausedByOperator,4970,0
304,EV21100433_8311,Event,21/02/2025,10:02:12,AdpeAbortedByOperator,8% ,AdpeAbortedByOperator,4970,0
361,EV21100433_8311,Event,21/02/2025,10:02:33,AdpePausedByOperator,9% ,AdpePausedByOperator,4970,1
304,EV21100433_8311,Event,21/02/2025,10:02:36,AdpeAbortedByOperator,8% ,AdpeAbortedByOperator,4970,0
361,EV21100433_8311,Event,21/02/2025,10:03:31,AdpePausedByOperator,9% ,AdpePausedByOperator,4970,0
304,EV21100433_8311,Event,21/02/2025,10:03:33,AdpeAbortedByOperator,8% ,AdpeAbortedByOperator,4970,0
2059,EV21101933_8314,Event,21/02/2025,10:18:15,AutoDrillingCompleted,53% ,AutoDrillingCompleted,4973,0
1,EV21102433_8315,Event,21/02/2025,10:23:18,AutoStanceShiftFailedAutoposFailed,0% ,AutoStanceShiftFailedAutoposFailed,4974,0
361,EV21102433_8315,Event,21/02/2025,10:23:33,AdpePausedByOperator,9% ,AdpePausedByOperator,4974,0
304,EV21102433_8315,Event,21/02/2025,10:23:34,AdpeAbortedByOperator,8% ,AdpeAbortedByOperator,4974,0
2059,EV21103434_8317,Event,21/02/2025,10:30:07,AutoDrillingCompleted,53% ,AutoDrillingCompleted,4976,0
2059,EV21103934_8318,Event,21/02/2025,10:37:07,AutoDrillingCompleted,53% ,AutoDrillingCompleted,4977,0
2059,EV21104934_8320,Event,21/02/2025,10:46:26,AutoDrillingCompleted,53% ,AutoDrillingCompleted,4979,0
2059,EV21105434_8321,Event,21/02/2025,10:53:13,AutoDrillingCompleted,53% ,AutoDrillingCompleted,4980,0
2059,EV21110435_8323,Event,21/02/2025,10:59:40,AutoDrillingCompleted,53% ,AutoDrillingCompleted,4982,0
2059,EV21110935_8324,Event,21/02/2025,11:06:52,AutoDrillingCompleted,53% ,AutoDrillingCompleted,4983,0
2059,EV21111435_8325,Event,21/02/2025,11:13:29,AutoDrillingCompleted,53% ,AutoDrillingCompleted,4984,0
2059,EV21112435_8327,Event,21/02/2025,11:21:39,AutoDrillingCompleted,53% ,AutoDrillingCompleted,4986,0
2059,EV21112935_8328,Event,21/02/2025,11:28:34,AutoDrillingCompleted,53% ,AutoDrillingCompleted,4987,0
2059,EV21113936_8330,Event,21/02/2025,11:35:22,AutoDrillingCompleted,53% ,AutoDrillingCompleted,4989,0
2059,EV21114936_8332,Event,21/02/2025,11:44:54,AutoDrillingCompleted,53% ,AutoDrillingCompleted,4991,0
2059,EV21115436_8333,Event,21/02/2025,11:52:50,AutoDrillingCompleted,53% ,AutoDrillingCompleted,4992,0
2059,EV21120436_8335,Event,21/02/2025,12:00:56,AutoDrillingCompleted,53% ,AutoDrillingCompleted,4994,0
2059,EV21121437_8337,Event,21/02/2025,12:10:00,AutoDrillingCompleted,53% ,AutoDrillingCompleted,4996,0
2059,EV21121937_8338,Event,21/02/2025,12:17:20,AutoDrillingCompleted,53% ,AutoDrillingCompleted,4997,0
83,EV21131439_8345,Event,21/02/2025,13:11:55,AutoTrammingBlockedTramInterlockActive,2% ,AutoTrammingBlockedTramInterlockActive,5004,1
2059,EV21131939_8346,Event,21/02/2025,13:18:13,AutoDrillingCompleted,53% ,AutoDrillingCompleted,5005,0
2059,EV21132939_8348,Event,21/02/2025,13:25:13,AutoDrillingCompleted,53% ,AutoDrillingCompleted,5007,0
2059,EV21133439_8349,Event,21/02/2025,13:31:46,AutoDrillingCompleted,53% ,AutoDrillingCompleted,5008,0
2059,EV21133939_8350,Event,21/02/2025,13:39:09,AutoDrillingCompleted,53% ,AutoDrillingCompleted,5009,0
304,EV21134439_8351,Event,21/02/2025,13:41:17,AdpeAbortedByOperator,8% ,AdpeAbortedByOperator,5010,0
2059,EV21135440_8353,Event,21/02/2025,13:54:19,AutoDrillingCompleted,53% ,AutoDrillingCompleted,5012,0
361,EV21135440_8353,Event,21/02/2025,13:54:21,AdpePausedByOperator,9% ,AdpePausedByOperator,5012,0
2059,EV22193145_8407,Event,22/02/2025,19:27:40,AutoDrillingCompleted,53% ,AutoDrillingCompleted,5066,0
2059,EV22193646_8408,Event,22/02/2025,19:35:37,AutoDrillingCompleted,53% ,AutoDrillingCompleted,5067,0
2059,EV22194146_8409,Event,22/02/2025,19:41:38,AutoDrillingCompleted,53% ,AutoDrillingCompleted,5068,0
2059,EV22195146_8411,Event,22/02/2025,19:48:31,AutoDrillingCompleted,53% ,AutoDrillingCompleted,5070,0
2059,EV22195646_8412,Event,22/02/2025,19:54:53,AutoDrillingCompleted,53% ,AutoDrillingCompleted,5071,0
2059,EV22200147_8413,Event,22/02/2025,20:01:41,AutoDrillingCompleted,53% ,AutoDrillingCompleted,5072,0
2059,EV22201147_8415,Event,22/02/2025,20:07:45,AutoDrillingCompleted,53% ,AutoDrillingCompleted,5074,0
2059,EV22201647_8416,Event,22/02/2025,20:14:35,AutoDrillingCompleted,53% ,AutoDrillingCompleted,5075,0
2059,EV22202147_8417,Event,22/02/2025,20:21:34,AutoDrillingCompleted,53% ,AutoDrillingCompleted,5076,0
2059,EV22203149_8419,Event,22/02/2025,20:29:27,AutoDrillingCompleted,53% ,AutoDrillingCompleted,5078,0
2059,EV22203648_8420,Event,22/02/2025,20:35:49,AutoDrillingCompleted,53% ,AutoDrillingCompleted,5079,0
2059,EV22204648_8422,Event,22/02/2025,20:42:30,AutoDrillingCompleted,53% ,AutoDrillingCompleted,5081,0
2059,EV22205148_8423,Event,22/02/2025,20:49:11,AutoDrillingCompleted,53% ,AutoDrillingCompleted,5082,0
2059,EV22210149_8425,Event,22/02/2025,20:57:16,AutoDrillingCompleted,53% ,AutoDrillingCompleted,5084,0
2059,EV22210649_8426,Event,22/02/2025,21:04:49,AutoDrillingCompleted,53% ,AutoDrillingCompleted,5085,0
2059,EV22212150_8429,Event,22/02/2025,21:18:54,AutoDrillingCompleted,53% ,AutoDrillingCompleted,5088,0
126,EV22212650_8430,Event,22/02/2025,21:26:21,AutoDrillingAbortedDrillingAbortedByOperator,3% ,AutoDrillingAbortedDrillingAbortedByOperator,5089,0
126,EV22213150_8431,Event,22/02/2025,21:28:09,AutoDrillingAbortedDrillingAbortedByOperator,3% ,AutoDrillingAbortedDrillingAbortedByOperator,5090,0
2059,EV22213150_8431,Event,22/02/2025,21:30:33,AutoDrillingCompleted,53% ,AutoDrillingCompleted,5090,0
126,EV22214650_8434,Event,22/02/2025,21:46:50,AutoDrillingAbortedDrillingAbortedByOperator,3% ,AutoDrillingAbortedDrillingAbortedByOperator,5093,0
126,EV22215151_8435,Event,22/02/2025,21:49:20,AutoDrillingAbortedDrillingAbortedByOperator,3% ,AutoDrillingAbortedDrillingAbortedByOperator,5094,0
126,EV22220151_8437,Event,22/02/2025,21:57:29,AutoDrillingAbortedDrillingAbortedByOperator,3% ,AutoDrillingAbortedDrillingAbortedByOperator,5096,0
126,EV22221151_8439,Event,22/02/2025,22:09:25,AutoDrillingAbortedDrillingAbortedByOperator,3% ,AutoDrillingAbortedDrillingAbortedByOperator,5098,0
2059,EV22221651_8440,Event,22/02/2025,22:13:01,AutoDrillingCompleted,53% ,AutoDrillingCompleted,5099,0
126,EV22224152_8445,Event,22/02/2025,22:38:35,AutoDrillingAbortedDrillingAbortedByOperator,3% ,AutoDrillingAbortedDrillingAbortedByOperator,5104,0
126,EV22225152_8447,Event,22/02/2025,22:47:53,AutoDrillingAbortedDrillingAbortedByOperator,3% ,AutoDrillingAbortedDrillingAbortedByOperator,5106,0
126,EV22225152_8447,Event,22/02/2025,22:48:56,AutoDrillingAbortedDrillingAbortedByOperator,3% ,AutoDrillingAbortedDrillingAbortedByOperator,5106,0
126,EV22225152_8447,Event,22/02/2025,22:48:58,AutoDrillingAbortedDrillingAbortedByOperator,3% ,AutoDrillingAbortedDrillingAbortedByOperator,5106,0
126,EV22225152_8447,Event,22/02/2025,22:49:06,AutoDrillingAbortedDrillingAbortedByOperator,3% ,AutoDrillingAbortedDrillingAbortedByOperator,5106,0
126,EV22225152_8447,Event,22/02/2025,22:49:39,AutoDrillingAbortedDrillingAbortedByOperator,3% ,AutoDrillingAbortedDrillingAbortedByOperator,5106,0
2059,EV22231153_8451,Event,22/02/2025,23:08:43,AutoDrillingCompleted,53% ,AutoDrillingCompleted,5110,0
2059,EV22231653_8452,Event,22/02/2025,23:16:00,AutoDrillingCompleted,53% ,AutoDrillingCompleted,5111,0
2059,EV22232653_8454,Event,22/02/2025,23:23:15,AutoDrillingCompleted,53% ,AutoDrillingCompleted,5113,0
2059,EV22233153_8455,Event,22/02/2025,23:30:29,AutoDrillingCompleted,53% ,AutoDrillingCompleted,5114,0
2059,EV22233653_8456,Event,22/02/2025,23:36:36,AutoDrillingCompleted,53% ,AutoDrillingCompleted,5115,0
361,EV22234654_8458,Event,22/02/2025,23:46:40,AdpePausedByOperator,9% ,AdpePausedByOperator,5117,0
247,EV22234654_8458,Event,22/02/2025,23:46:40,AutoDrillingAbortedAutonomousDrillingPaused,6% ,AutoDrillingAbortedAutonomousDrillingPaused,5117,1
126,EV22235654_8460,Event,22/02/2025,23:55:02,AutoDrillingAbortedDrillingAbortedByOperator,3% ,AutoDrillingAbortedDrillingAbortedByOperator,5119,0
2059,EV23000654_8461,Event,23/02/2025,00:05:49,AutoDrillingCompleted,53% ,AutoDrillingCompleted,5120,0
2059,EV23001654_8463,Event,23/02/2025,00:13:08,AutoDrillingCompleted,53% ,AutoDrillingCompleted,5122,0
2059,EV23002155_8464,Event,23/02/2025,00:20:55,AutoDrillingCompleted,53% ,AutoDrillingCompleted,5123,0
2059,EV23003155_8466,Event,23/02/2025,00:29:53,AutoDrillingCompleted,53% ,AutoDrillingCompleted,5125,0
2059,EV23004156_8468,Event,23/02/2025,00:39:18,AutoDrillingCompleted,53% ,AutoDrillingCompleted,5127,0
2059,EV23005156_8470,Event,23/02/2025,00:46:57,AutoDrillingCompleted,53% ,AutoDrillingCompleted,5129,0
2059,EV23005656_8471,Event,23/02/2025,00:54:02,AutoDrillingCompleted,53% ,AutoDrillingCompleted,5130,0
2059,EV23010156_8472,Event,23/02/2025,01:00:50,AutoDrillingCompleted,53% ,AutoDrillingCompleted,5131,0
2059,EV23011157_8474,Event,23/02/2025,01:08:57,AutoDrillingCompleted,53% ,AutoDrillingCompleted,5133,0
2059,EV23011657_8475,Event,23/02/2025,01:15:42,AutoDrillingCompleted,53% ,AutoDrillingCompleted,5134,0
2059,EV23013157_8478,Event,23/02/2025,01:27:53,AutoDrillingCompleted,53% ,AutoDrillingCompleted,5137,0
14,EV23013658_8479,Event,23/02/2025,01:33:44,AdpeAbortedFromOpsLevers,0% ,AdpeAbortedFromOpsLevers,5138,0
247,EV23013658_8479,Event,23/02/2025,01:33:44,AutoDrillingAbortedAutonomousDrillingPaused,6% ,AutoDrillingAbortedAutonomousDrillingPaused,5138,2
2059,EV23013658_8479,Event,23/02/2025,01:34:07,AutoDrillingCompleted,53% ,AutoDrillingCompleted,5138,0
2059,EV23014158_8480,Event,23/02/2025,01:40:50,AutoDrillingCompleted,53% ,AutoDrillingCompleted,5139,0
2059,EV23015158_8482,Event,23/02/2025,01:47:48,AutoDrillingCompleted,53% ,AutoDrillingCompleted,5141,0
2059,EV23015658_8483,Event,23/02/2025,01:54:28,AutoDrillingCompleted,53% ,AutoDrillingCompleted,5142,0
12,EV23021159_8485,Event,23/02/2025,02:11:16,AutoDrillingAbortedCradlePositioningFailedMoveBackwardDuringExtraClean,0% ,AutoDrillingAbortedCradlePositioningFailedMoveBackwardDuringExtraClean,5144,0
2059,EV23022159_8487,Event,23/02/2025,02:17:35,AutoDrillingCompleted,53% ,AutoDrillingCompleted,5146,0
361,EV23022159_8487,Event,23/02/2025,02:19:36,AdpePausedByOperator,9% ,AdpePausedByOperator,5146,0
247,EV23022159_8487,Event,23/02/2025,02:19:36,AutoDrillingAbortedAutonomousDrillingPaused,6% ,AutoDrillingAbortedAutonomousDrillingPaused,5146,2
2059,EV23023700_8490,Event,23/02/2025,02:36:14,AutoDrillingCompleted,53% ,AutoDrillingCompleted,5149,0
2059,EV23024701_8492,Event,23/02/2025,02:43:52,AutoDrillingCompleted,53% ,AutoDrillingCompleted,5151,0
2059,EV23025200_8493,Event,23/02/2025,02:51:48,AutoDrillingCompleted,53% ,AutoDrillingCompleted,5152,0
2059,EV23030201_8495,Event,23/02/2025,02:59:27,AutoDrillingCompleted,53% ,AutoDrillingCompleted,5154,0
2059,EV23031201_8497,Event,23/02/2025,03:07:06,AutoDrillingCompleted,53% ,AutoDrillingCompleted,5156,0
2059,EV23031701_8498,Event,23/02/2025,03:14:47,AutoDrillingCompleted,53% ,AutoDrillingCompleted,5157,0
2059,EV23032702_8500,Event,23/02/2025,03:22:19,AutoDrillingCompleted,53% ,AutoDrillingCompleted,5159,0
126,EV23032702_8500,Event,23/02/2025,03:26:03,AutoDrillingAbortedDrillingAbortedByOperator,3% ,AutoDrillingAbortedDrillingAbortedByOperator,5159,0
2059,EV23033702_8502,Event,23/02/2025,03:33:10,AutoDrillingCompleted,53% ,AutoDrillingCompleted,5161,0
361,EV23034621_8503,Event,23/02/2025,03:37:08,AdpePausedByOperator,9% ,AdpePausedByOperator,5162,0
247,EV23034621_8503,Event,23/02/2025,03:37:08,AutoDrillingAbortedAutonomousDrillingPaused,6% ,AutoDrillingAbortedAutonomousDrillingPaused,5162,2
30,EV23034621_8503,Event,23/02/2025,03:45:25,StanceShiftBlockedBitInHole,1% ,StanceShiftBlockedBitInHole,5162,1
304,EV23034621_8503,Event,23/02/2025,03:45:32,AdpeAbortedByOperator,8% ,AdpeAbortedByOperator,5162,0
126,EV23035621_8505,Event,23/02/2025,03:53:22,AutoDrillingAbortedDrillingAbortedByOperator,3% ,AutoDrillingAbortedDrillingAbortedByOperator,5164,0
361,EV23051123_8514,Event,23/02/2025,05:10:19,AdpePausedByOperator,9% ,AdpePausedByOperator,5173,0
115,EV23053625_8517,Event,23/02/2025,05:34:19,AutoDrillingAbortedTeleremoteCommunicationDelayIsTooBig,3% ,AutoDrillingAbortedTeleremoteCommunicationDelayIsTooBig,5176,0
361,EV23054625_8519,Event,23/02/2025,05:43:45,AdpePausedByOperator,9% ,AdpePausedByOperator,5178,0
247,EV23054625_8519,Event,23/02/2025,05:43:45,AutoDrillingAbortedAutonomousDrillingPaused,6% ,AutoDrillingAbortedAutonomousDrillingPaused,5178,2
2059,EV23055125_8520,Event,23/02/2025,05:50:39,AutoDrillingCompleted,53% ,AutoDrillingCompleted,5179,0
2059,EV23060125_8522,Event,23/02/2025,06:00:12,AutoDrillingCompleted,53% ,AutoDrillingCompleted,5181,0
2059,EV23061125_8524,Event,23/02/2025,06:07:53,AutoDrillingCompleted,53% ,AutoDrillingCompleted,5183,0
2059,EV23061625_8525,Event,23/02/2025,06:15:20,AutoDrillingCompleted,53% ,AutoDrillingCompleted,5184,0
2059,EV23062625_8527,Event,23/02/2025,06:22:21,AutoDrillingCompleted,53% ,AutoDrillingCompleted,5186,0
2059,EV23063126_8528,Event,23/02/2025,06:29:42,AutoDrillingCompleted,53% ,AutoDrillingCompleted,5187,0
2059,EV23064126_8530,Event,23/02/2025,06:36:47,AutoDrillingCompleted,53% ,AutoDrillingCompleted,5189,0
2059,EV23065126_8532,Event,23/02/2025,06:47:19,AutoDrillingCompleted,53% ,AutoDrillingCompleted,5191,0
2059,EV23065626_8533,Event,23/02/2025,06:55:19,AutoDrillingCompleted,53% ,AutoDrillingCompleted,5192,0
361,EV23070626_8535,Event,23/02/2025,07:02:50,AdpePausedByOperator,9% ,AdpePausedByOperator,5194,0
247,EV23070626_8535,Event,23/02/2025,07:02:51,AutoDrillingAbortedAutonomousDrillingPaused,6% ,AutoDrillingAbortedAutonomousDrillingPaused,5194,0
2059,EV23071126_8536,Event,23/02/2025,07:08:33,AutoDrillingCompleted,53% ,AutoDrillingCompleted,5195,0
2059,EV23072126_8538,Event,23/02/2025,07:19:09,AutoDrillingCompleted,53% ,AutoDrillingCompleted,5197,0
361,EV23072627_8539,Event,23/02/2025,07:21:38,AdpePausedByOperator,9% ,AdpePausedByOperator,5198,0
247,EV23072627_8539,Event,23/02/2025,07:21:38,AutoDrillingAbortedAutonomousDrillingPaused,6% ,AutoDrillingAbortedAutonomousDrillingPaused,5198,2
2059,EV23073627_8541,Event,23/02/2025,07:34:46,AutoDrillingCompleted,53% ,AutoDrillingCompleted,5200,0
2059,EV23074627_8543,Event,23/02/2025,07:42:10,AutoDrillingCompleted,53% ,AutoDrillingCompleted,5202,0
2059,EV23075127_8544,Event,23/02/2025,07:49:08,AutoDrillingCompleted,53% ,AutoDrillingCompleted,5203,0
2059,EV23080128_8546,Event,23/02/2025,07:56:30,AutoDrillingCompleted,53% ,AutoDrillingCompleted,5205,0
41,EV23080628_8547,Event,23/02/2025,08:02:21,AutoDrillingAbortedDrillingInterlocked,1% ,AutoDrillingAbortedDrillingInterlocked,5206,0
2059,EV23080628_8547,Event,23/02/2025,08:04:02,AutoDrillingCompleted,53% ,AutoDrillingCompleted,5206,0
2059,EV23081128_8548,Event,23/02/2025,08:11:10,AutoDrillingCompleted,53% ,AutoDrillingCompleted,5207,0
2059,EV23082629_8551,Event,23/02/2025,08:24:05,AutoDrillingCompleted,53% ,AutoDrillingCompleted,5210,0
361,EV23083629_8553,Event,23/02/2025,08:33:11,AdpePausedByOperator,9% ,AdpePausedByOperator,5212,0
30,EV23083629_8553,Event,23/02/2025,08:34:40,StanceShiftBlockedBitInHole,1% ,StanceShiftBlockedBitInHole,5212,1
304,EV23083629_8553,Event,23/02/2025,08:34:59,AdpeAbortedByOperator,8% ,AdpeAbortedByOperator,5212,0
2059,EV23084629_8555,Event,23/02/2025,08:41:34,AutoDrillingCompleted,53% ,AutoDrillingCompleted,5214,0
81,EV23084629_8555,Event,23/02/2025,08:42:19,AutoNoFeasiblePathFound,2% ,AutoNoFeasiblePathFound,5214,0
304,EV23085130_8556,Event,23/02/2025,08:49:18,AdpeAbortedByOperator,8% ,AdpeAbortedByOperator,5215,0
81,EV23085130_8556,Event,23/02/2025,08:49:46,AutoNoFeasiblePathFound,2% ,AutoNoFeasiblePathFound,5215,0
304,EV23085130_8556,Event,23/02/2025,08:50:47,AdpeAbortedByOperator,8% ,AdpeAbortedByOperator,5215,0
361,EV23085629_8557,Event,23/02/2025,08:52:22,AdpePausedByOperator,9% ,AdpePausedByOperator,5216,0
304,EV23085629_8557,Event,23/02/2025,08:52:24,AdpeAbortedByOperator,8% ,AdpeAbortedByOperator,5216,0
361,EV23085629_8557,Event,23/02/2025,08:52:41,AdpePausedByOperator,9% ,AdpePausedByOperator,5216,0
304,EV23085629_8557,Event,23/02/2025,08:52:42,AdpeAbortedByOperator,8% ,AdpeAbortedByOperator,5216,0
361,EV23085629_8557,Event,23/02/2025,08:54:56,AdpePausedByOperator,9% ,AdpePausedByOperator,5216,0
247,EV23085629_8557,Event,23/02/2025,08:54:56,AutoDrillingAbortedAutonomousDrillingPaused,6% ,AutoDrillingAbortedAutonomousDrillingPaused,5216,2
304,EV23085629_8557,Event,23/02/2025,08:54:57,AdpeAbortedByOperator,8% ,AdpeAbortedByOperator,5216,0
30,EV23085629_8557,Event,23/02/2025,08:55:11,StanceShiftBlockedBitInHole,1% ,StanceShiftBlockedBitInHole,5216,0
304,EV23085629_8557,Event,23/02/2025,08:55:16,AdpeAbortedByOperator,8% ,AdpeAbortedByOperator,5216,0
361,EV23085629_8557,Event,23/02/2025,08:55:39,AdpePausedByOperator,9% ,AdpePausedByOperator,5216,0
247,EV23085629_8557,Event,23/02/2025,08:55:39,AutoDrillingAbortedAutonomousDrillingPaused,6% ,AutoDrillingAbortedAutonomousDrillingPaused,5216,2
304,EV23085629_8557,Event,23/02/2025,08:55:40,AdpeAbortedByOperator,8% ,AdpeAbortedByOperator,5216,0
2059,EV23090630_8559,Event,23/02/2025,09:01:34,AutoDrillingCompleted,53% ,AutoDrillingCompleted,5218,0
15,EV23091130_8560,Event,23/02/2025,09:08:02,AutoStanceShiftFailedAutoModeaDeactivated,0% ,AutoStanceShiftFailedAutoModeaDeactivated,5219,0
304,EV23091130_8560,Event,23/02/2025,09:08:06,AdpeAbortedByOperator,8% ,AdpeAbortedByOperator,5219,0
361,EV23091130_8560,Event,23/02/2025,09:08:21,AdpePausedByOperator,9% ,AdpePausedByOperator,5219,0
304,EV23091130_8560,Event,23/02/2025,09:08:58,AdpeAbortedByOperator,8% ,AdpeAbortedByOperator,5219,0
2059,EV23091630_8561,Event,23/02/2025,09:16:26,AutoDrillingCompleted,53% ,AutoDrillingCompleted,5220,0
2059,EV23092630_8563,Event,23/02/2025,09:24:00,AutoDrillingCompleted,53% ,AutoDrillingCompleted,5222,0
2059,EV23093630_8565,Event,23/02/2025,09:31:34,AutoDrillingCompleted,53% ,AutoDrillingCompleted,5224,0
361,EV23093630_8565,Event,23/02/2025,09:31:38,AdpePausedByOperator,9% ,AdpePausedByOperator,5224,0
361,EV23093630_8565,Event,23/02/2025,09:31:43,AdpePausedByOperator,9% ,AdpePausedByOperator,5224,0
304,EV23093630_8565,Event,23/02/2025,09:31:45,AdpeAbortedByOperator,8% ,AdpeAbortedByOperator,5224,0
2059,EV23094631_8567,Event,23/02/2025,09:46:12,AutoDrillingCompleted,53% ,AutoDrillingCompleted,5226,0
361,EV23095131_8568,Event,23/02/2025,09:49:52,AdpePausedByOperator,9% ,AdpePausedByOperator,5227,0
247,EV23095131_8568,Event,23/02/2025,09:49:52,AutoDrillingAbortedAutonomousDrillingPaused,6% ,AutoDrillingAbortedAutonomousDrillingPaused,5227,2
2059,EV23100131_8570,Event,23/02/2025,10:00:12,AutoDrillingCompleted,53% ,AutoDrillingCompleted,5229,0
2059,EV23101132_8572,Event,23/02/2025,10:07:21,AutoDrillingCompleted,53% ,AutoDrillingCompleted,5231,0
2059,EV23101632_8573,Event,23/02/2025,10:14:46,AutoDrillingCompleted,53% ,AutoDrillingCompleted,5232,0
2059,EV23102633_8575,Event,23/02/2025,10:22:37,AutoDrillingCompleted,53% ,AutoDrillingCompleted,5234,0
2059,EV23103132_8576,Event,23/02/2025,10:29:39,AutoDrillingCompleted,53% ,AutoDrillingCompleted,5235,0
361,EV23103132_8576,Event,23/02/2025,10:30:22,AdpePausedByOperator,9% ,AdpePausedByOperator,5235,0
83,EV23103632_8577,Event,23/02/2025,10:31:45,AutoTrammingBlockedTramInterlockActive,2% ,AutoTrammingBlockedTramInterlockActive,5236,1
2059,EV23104132_8578,Event,23/02/2025,10:38:04,AutoDrillingCompleted,53% ,AutoDrillingCompleted,5237,0
2059,EV23104633_8579,Event,23/02/2025,10:46:00,AutoDrillingCompleted,53% ,AutoDrillingCompleted,5238,0
2059,EV23105633_8581,Event,23/02/2025,10:53:28,AutoDrillingCompleted,53% ,AutoDrillingCompleted,5240,0
2059,EV23110133_8582,Event,23/02/2025,11:01:20,AutoDrillingCompleted,53% ,AutoDrillingCompleted,5241,0
81,EV23110633_8583,Event,23/02/2025,11:01:57,AutoNoFeasiblePathFound,2% ,AutoNoFeasiblePathFound,5242,0
304,EV23111134_8584,Event,23/02/2025,11:08:12,AdpeAbortedByOperator,8% ,AdpeAbortedByOperator,5243,0
2059,EV23111633_8585,Event,23/02/2025,11:13:58,AutoDrillingCompleted,53% ,AutoDrillingCompleted,5244,0
81,EV23111633_8585,Event,23/02/2025,11:14:32,AutoNoFeasiblePathFound,2% ,AutoNoFeasiblePathFound,5244,0
2059,EV23112634_8587,Event,23/02/2025,11:24:46,AutoDrillingCompleted,53% ,AutoDrillingCompleted,5246,0
2059,EV23113634_8589,Event,23/02/2025,11:31:46,AutoDrillingCompleted,53% ,AutoDrillingCompleted,5248,0
2059,EV23114134_8590,Event,23/02/2025,11:39:46,AutoDrillingCompleted,53% ,AutoDrillingCompleted,5249,0
361,EV23114134_8590,Event,23/02/2025,11:39:49,AdpePausedByOperator,9% ,AdpePausedByOperator,5249,1
152,EV23123136_8599,Event,23/02/2025,12:30:14,AutoStanceShiftFailedPosInterlockActive,4% ,AutoStanceShiftFailedPosInterlockActive,5258,1
2059,EV23124136_8601,Event,23/02/2025,12:37:59,AutoDrillingCompleted,53% ,AutoDrillingCompleted,5260,0
81,EV23124136_8601,Event,23/02/2025,12:38:37,AutoNoFeasiblePathFound,2% ,AutoNoFeasiblePathFound,5260,0
81,EV23124136_8601,Event,23/02/2025,12:40:00,AutoNoFeasiblePathFound,2% ,AutoNoFeasiblePathFound,5260,0
304,EV23124636_8602,Event,23/02/2025,12:41:53,AdpeAbortedByOperator,8% ,AdpeAbortedByOperator,5261,0
2059,EV23125136_8603,Event,23/02/2025,12:47:44,AutoDrillingCompleted,53% ,AutoDrillingCompleted,5262,0
81,EV23125136_8603,Event,23/02/2025,12:48:19,AutoNoFeasiblePathFound,2% ,AutoNoFeasiblePathFound,5262,0
304,EV23125636_8604,Event,23/02/2025,12:51:41,AdpeAbortedByOperator,8% ,AdpeAbortedByOperator,5263,0
2059,EV23130137_8605,Event,23/02/2025,12:57:23,AutoDrillingCompleted,53% ,AutoDrillingCompleted,5264,0
81,EV23130137_8605,Event,23/02/2025,12:58:02,AutoNoFeasiblePathFound,2% ,AutoNoFeasiblePathFound,5264,0
304,EV23130137_8605,Event,23/02/2025,12:58:32,AdpeAbortedByOperator,8% ,AdpeAbortedByOperator,5264,0
12,EV23130637_8606,Event,23/02/2025,13:02:13,AutoStanceShiftFailedHoleOutOfReach,0% ,AutoStanceShiftFailedHoleOutOfReach,5265,0
2059,EV23131137_8607,Event,23/02/2025,13:08:55,AutoDrillingCompleted,53% ,AutoDrillingCompleted,5266,0
81,EV23131137_8607,Event,23/02/2025,13:09:26,AutoNoFeasiblePathFound,2% ,AutoNoFeasiblePathFound,5266,0
81,EV23132137_8608,Event,23/02/2025,13:19:04,AutoNoFeasiblePathFound,2% ,AutoNoFeasiblePathFound,5267,2
304,EV23132137_8608,Event,23/02/2025,13:19:30,AdpeAbortedByOperator,8% ,AdpeAbortedByOperator,5267,0
2059,EV23132638_8609,Event,23/02/2025,13:25:48,AutoDrillingCompleted,53% ,AutoDrillingCompleted,5268,0
2059,EV23133638_8611,Event,23/02/2025,13:32:35,AutoDrillingCompleted,53% ,AutoDrillingCompleted,5270,0
81,EV23133638_8611,Event,23/02/2025,13:33:09,AutoNoFeasiblePathFound,2% ,AutoNoFeasiblePathFound,5270,0
81,EV23133638_8611,Event,23/02/2025,13:35:14,AutoNoFeasiblePathFound,2% ,AutoNoFeasiblePathFound,5270,1
304,EV23133638_8611,Event,23/02/2025,13:35:18,AdpeAbortedByOperator,8% ,AdpeAbortedByOperator,5270,0
2059,EV23134138_8612,Event,23/02/2025,13:40:58,AutoDrillingCompleted,53% ,AutoDrillingCompleted,5271,0
81,EV23134138_8612,Event,23/02/2025,13:41:35,AutoNoFeasiblePathFound,2% ,AutoNoFeasiblePathFound,5271,0
304,EV23134638_8613,Event,23/02/2025,13:44:46,AdpeAbortedByOperator,8% ,AdpeAbortedByOperator,5272,1
2059,EV23135138_8614,Event,23/02/2025,13:50:36,AutoDrillingCompleted,53% ,AutoDrillingCompleted,5273,0
2059,EV23140138_8616,Event,23/02/2025,13:57:33,AutoDrillingCompleted,53% ,AutoDrillingCompleted,5275,0
2059,EV23140639_8617,Event,23/02/2025,14:05:19,AutoDrillingCompleted,53% ,AutoDrillingCompleted,5276,0
2059,EV23141639_8619,Event,23/02/2025,14:11:58,AutoDrillingCompleted,53% ,AutoDrillingCompleted,5278,0
2059,EV23142139_8620,Event,23/02/2025,14:18:53,AutoDrillingCompleted,53% ,AutoDrillingCompleted,5279,0
2059,EV23143139_8622,Event,23/02/2025,14:26:59,AutoDrillingCompleted,53% ,AutoDrillingCompleted,5281,0
2059,EV23143639_8623,Event,23/02/2025,14:34:55,AutoDrillingCompleted,53% ,AutoDrillingCompleted,5282,0
361,EV23144140_8624,Event,23/02/2025,14:37:46,AdpePausedByOperator,9% ,AdpePausedByOperator,5283,0
247,EV23144140_8624,Event,23/02/2025,14:37:46,AutoDrillingAbortedAutonomousDrillingPaused,6% ,AutoDrillingAbortedAutonomousDrillingPaused,5283,2
304,EV23144640_8625,Event,23/02/2025,14:46:31,AdpeAbortedByOperator,8% ,AdpeAbortedByOperator,5284,0
2059,EV23145640_8627,Event,23/02/2025,14:52:46,AutoDrillingCompleted,53% ,AutoDrillingCompleted,5286,0
2059,EV23150140_8628,Event,23/02/2025,15:00:13,AutoDrillingCompleted,53% ,AutoDrillingCompleted,5287,0
115,EV23150640_8629,Event,23/02/2025,15:04:38,AutoDrillingAbortedTeleremoteCommunicationDelayIsTooBig,3% ,AutoDrillingAbortedTeleremoteCommunicationDelayIsTooBig,5288,0
361,EV23151641_8631,Event,23/02/2025,15:13:10,AdpePausedByOperator,9% ,AdpePausedByOperator,5290,0
247,EV23151641_8631,Event,23/02/2025,15:13:10,AutoDrillingAbortedAutonomousDrillingPaused,6% ,AutoDrillingAbortedAutonomousDrillingPaused,5290,2
115,EV23152141_8632,Event,23/02/2025,15:18:59,AutoDrillingAbortedTeleremoteCommunicationDelayIsTooBig,3% ,AutoDrillingAbortedTeleremoteCommunicationDelayIsTooBig,5291,0
2059,EV23152141_8632,Event,23/02/2025,15:19:41,AutoDrillingCompleted,53% ,AutoDrillingCompleted,5291,0
2059,EV23153141_8634,Event,23/02/2025,15:27:51,AutoDrillingCompleted,53% ,AutoDrillingCompleted,5293,0
2059,EV23153641_8635,Event,23/02/2025,15:35:16,AutoDrillingCompleted,53% ,AutoDrillingCompleted,5294,0
2059,EV23154642_8637,Event,23/02/2025,15:41:43,AutoDrillingCompleted,53% ,AutoDrillingCompleted,5296,0
2059,EV23155142_8638,Event,23/02/2025,15:50:31,AutoDrillingCompleted,53% ,AutoDrillingCompleted,5297,0
2059,EV23160142_8640,Event,23/02/2025,15:57:34,AutoDrillingCompleted,53% ,AutoDrillingCompleted,5299,0
2059,EV23160642_8641,Event,23/02/2025,16:04:25,AutoDrillingCompleted,53% ,AutoDrillingCompleted,5300,0
2059,EV23161643_8643,Event,23/02/2025,16:12:40,AutoDrillingCompleted,53% ,AutoDrillingCompleted,5302,0
2059,EV23162142_8644,Event,23/02/2025,16:19:47,AutoDrillingCompleted,53% ,AutoDrillingCompleted,5303,0
2059,EV23163143_8646,Event,23/02/2025,16:26:53,AutoDrillingCompleted,53% ,AutoDrillingCompleted,5305,0
361,EV23164143_8648,Event,23/02/2025,16:40:55,AdpePausedByOperator,9% ,AdpePausedByOperator,5307,0
247,EV23164143_8648,Event,23/02/2025,16:40:55,AutoDrillingAbortedAutonomousDrillingPaused,6% ,AutoDrillingAbortedAutonomousDrillingPaused,5307,2
2059,EV23170144_8651,Event,23/02/2025,17:01:15,AutoDrillingCompleted,53% ,AutoDrillingCompleted,5310,0
2059,EV23171144_8653,Event,23/02/2025,17:08:23,AutoDrillingCompleted,53% ,AutoDrillingCompleted,5312,0
2059,EV23173645_8658,Event,23/02/2025,17:32:44,AutoDrillingCompleted,53% ,AutoDrillingCompleted,5317,0
2059,EV23174145_8659,Event,23/02/2025,17:39:47,AutoDrillingCompleted,53% ,AutoDrillingCompleted,5318,0
2059,EV23175146_8661,Event,23/02/2025,17:46:46,AutoDrillingCompleted,53% ,AutoDrillingCompleted,5320,0
2059,EV23175646_8662,Event,23/02/2025,17:53:48,AutoDrillingCompleted,53% ,AutoDrillingCompleted,5321,0
2059,EV23180146_8663,Event,23/02/2025,18:00:32,AutoDrillingCompleted,53% ,AutoDrillingCompleted,5322,0
2059,EV23181146_8665,Event,23/02/2025,18:07:50,AutoDrillingCompleted,53% ,AutoDrillingCompleted,5324,0
361,EV23181146_8665,Event,23/02/2025,18:08:23,AdpePausedByOperator,9% ,AdpePausedByOperator,5324,0
304,EV23181146_8665,Event,23/02/2025,18:08:26,AdpeAbortedByOperator,8% ,AdpeAbortedByOperator,5324,0
2059,EV23183147_8669,Event,23/02/2025,18:31:05,AutoDrillingCompleted,53% ,AutoDrillingCompleted,5328,0
2059,EV23184148_8671,Event,23/02/2025,18:38:39,AutoDrillingCompleted,53% ,AutoDrillingCompleted,5330,0
2059,EV23184647_8672,Event,23/02/2025,18:45:42,AutoDrillingCompleted,53% ,AutoDrillingCompleted,5331,0
2059,EV23185647_8674,Event,23/02/2025,18:52:05,AutoDrillingCompleted,53% ,AutoDrillingCompleted,5333,0
2059,EV23190148_8675,Event,23/02/2025,18:58:23,AutoDrillingCompleted,53% ,AutoDrillingCompleted,5334,0
2059,EV23190648_8676,Event,23/02/2025,19:04:31,AutoDrillingCompleted,53% ,AutoDrillingCompleted,5335,0
2059,EV23191148_8677,Event,23/02/2025,19:11:07,AutoDrillingCompleted,53% ,AutoDrillingCompleted,5336,0
2059,EV23192148_8679,Event,23/02/2025,19:18:46,AutoDrillingCompleted,53% ,AutoDrillingCompleted,5338,0
2059,EV23192648_8680,Event,23/02/2025,19:25:39,AutoDrillingCompleted,53% ,AutoDrillingCompleted,5339,0
2059,EV23193649_8682,Event,23/02/2025,19:33:07,AutoDrillingCompleted,53% ,AutoDrillingCompleted,5341,0
2059,EV23194149_8683,Event,23/02/2025,19:39:55,AutoDrillingCompleted,53% ,AutoDrillingCompleted,5342,0
2059,EV23194649_8684,Event,23/02/2025,19:46:36,AutoDrillingCompleted,53% ,AutoDrillingCompleted,5343,0
2059,EV23195649_8686,Event,23/02/2025,19:54:07,AutoDrillingCompleted,53% ,AutoDrillingCompleted,5345,0
2059,EV23200149_8687,Event,23/02/2025,20:01:06,AutoDrillingCompleted,53% ,AutoDrillingCompleted,5346,0
361,EV23200650_8688,Event,23/02/2025,20:03:32,AdpePausedByOperator,9% ,AdpePausedByOperator,5347,0
37,EV23201150_8689,Event,23/02/2025,20:08:08,AutoStanceShiftPreconditionNotMet,1% ,AutoStanceShiftPreconditionNotMet,5348,0
304,EV23201150_8689,Event,23/02/2025,20:08:15,AdpeAbortedByOperator,8% ,AdpeAbortedByOperator,5348,0
2059,EV23202150_8691,Event,23/02/2025,20:18:40,AutoDrillingCompleted,53% ,AutoDrillingCompleted,5350,0
2059,EV23203150_8693,Event,23/02/2025,20:28:58,AutoDrillingCompleted,53% ,AutoDrillingCompleted,5352,0
2059,EV23203651_8694,Event,23/02/2025,20:36:07,AutoDrillingCompleted,53% ,AutoDrillingCompleted,5353,0
2059,EV23204651_8696,Event,23/02/2025,20:42:36,AutoDrillingCompleted,53% ,AutoDrillingCompleted,5355,0
361,EV23204651_8696,Event,23/02/2025,20:44:14,AdpePausedByOperator,9% ,AdpePausedByOperator,5355,0
152,EV23205151_8697,Event,23/02/2025,20:50:35,AutoStanceShiftFailedPosInterlockActive,4% ,AutoStanceShiftFailedPosInterlockActive,5356,1
2059,EV23210151_8699,Event,23/02/2025,20:57:13,AutoDrillingCompleted,53% ,AutoDrillingCompleted,5358,0
2059,EV23210652_8700,Event,23/02/2025,21:04:00,AutoDrillingCompleted,53% ,AutoDrillingCompleted,5359,0
2059,EV23211652_8702,Event,23/02/2025,21:12:21,AutoDrillingCompleted,53% ,AutoDrillingCompleted,5361,0
2059,EV23212152_8703,Event,23/02/2025,21:19:46,AutoDrillingCompleted,53% ,AutoDrillingCompleted,5362,0
2059,EV23213153_8705,Event,23/02/2025,21:27:03,AutoDrillingCompleted,53% ,AutoDrillingCompleted,5364,0
2059,EV23213653_8706,Event,23/02/2025,21:34:24,AutoDrillingCompleted,53% ,AutoDrillingCompleted,5365,0
2059,EV23214153_8707,Event,23/02/2025,21:41:27,AutoDrillingCompleted,53% ,AutoDrillingCompleted,5366,0
2059,EV23215153_8709,Event,23/02/2025,21:48:29,AutoDrillingCompleted,53% ,AutoDrillingCompleted,5368,0
2059,EV23215653_8710,Event,23/02/2025,21:56:02,AutoDrillingCompleted,53% ,AutoDrillingCompleted,5369,0
2059,EV23220654_8712,Event,23/02/2025,22:05:52,AutoDrillingCompleted,53% ,AutoDrillingCompleted,5371,0
361,EV23221154_8713,Event,23/02/2025,22:11:00,AdpePausedByOperator,9% ,AdpePausedByOperator,5372,0
247,EV23221154_8713,Event,23/02/2025,22:11:01,AutoDrillingAbortedAutonomousDrillingPaused,6% ,AutoDrillingAbortedAutonomousDrillingPaused,5372,0
2059,EV23222654_8716,Event,23/02/2025,22:23:57,AutoDrillingCompleted,53% ,AutoDrillingCompleted,5375,0
2059,EV23223154_8717,Event,23/02/2025,22:31:03,AutoDrillingCompleted,53% ,AutoDrillingCompleted,5376,0
2059,EV23224155_8719,Event,23/02/2025,22:38:03,AutoDrillingCompleted,53% ,AutoDrillingCompleted,5378,0
2059,EV23224655_8720,Event,23/02/2025,22:46:20,AutoDrillingCompleted,53% ,AutoDrillingCompleted,5379,0
2059,EV23225655_8722,Event,23/02/2025,22:53:26,AutoDrillingCompleted,53% ,AutoDrillingCompleted,5381,0
2059,EV23230155_8723,Event,23/02/2025,23:00:31,AutoDrillingCompleted,53% ,AutoDrillingCompleted,5382,0
2059,EV23231156_8725,Event,23/02/2025,23:07:41,AutoDrillingCompleted,53% ,AutoDrillingCompleted,5384,0
2059,EV23231655_8726,Event,23/02/2025,23:15:07,AutoDrillingCompleted,53% ,AutoDrillingCompleted,5385,0
2059,EV23232155_8727,Event,23/02/2025,23:21:41,AutoDrillingCompleted,53% ,AutoDrillingCompleted,5386,0
2059,EV23233156_8729,Event,23/02/2025,23:29:11,AutoDrillingCompleted,53% ,AutoDrillingCompleted,5388,0
2059,EV23234156_8731,Event,23/02/2025,23:37:16,AutoDrillingCompleted,53% ,AutoDrillingCompleted,5390,0
361,EV23235656_8734,Event,23/02/2025,23:56:26,AdpePausedByOperator,9% ,AdpePausedByOperator,5393,0
247,EV23235656_8734,Event,23/02/2025,23:56:26,AutoDrillingAbortedAutonomousDrillingPaused,6% ,AutoDrillingAbortedAutonomousDrillingPaused,5393,2
2059,EV24002657_8739,Event,24/02/2025,00:22:37,AutoDrillingCompleted,53% ,AutoDrillingCompleted,5398,0
2059,EV24003158_8740,Event,24/02/2025,00:29:39,AutoDrillingCompleted,53% ,AutoDrillingCompleted,5399,0
361,EV24003158_8740,Event,24/02/2025,00:29:53,AdpePausedByOperator,9% ,AdpePausedByOperator,5399,0
2059,EV24004158_8742,Event,24/02/2025,00:37:49,AutoDrillingCompleted,53% ,AutoDrillingCompleted,5401,0
304,EV24004158_8742,Event,24/02/2025,00:41:13,AdpeAbortedByOperator,8% ,AdpeAbortedByOperator,5401,0
126,EV24010158_8746,Event,24/02/2025,00:58:28,AutoDrillingAbortedDrillingAbortedByOperator,3% ,AutoDrillingAbortedDrillingAbortedByOperator,5405,0
247,EV24010158_8746,Event,24/02/2025,01:00:59,AutoDrillingAbortedAutonomousDrillingPaused,6% ,AutoDrillingAbortedAutonomousDrillingPaused,5405,2
126,EV24010659_8747,Event,24/02/2025,01:04:52,AutoDrillingAbortedDrillingAbortedByOperator,3% ,AutoDrillingAbortedDrillingAbortedByOperator,5406,0
2059,EV24011159_8748,Event,24/02/2025,01:07:21,AutoDrillingCompleted,53% ,AutoDrillingCompleted,5407,0
304,EV24011159_8748,Event,24/02/2025,01:07:37,AdpeAbortedByOperator,8% ,AdpeAbortedByOperator,5407,0
152,EV24011159_8748,Event,24/02/2025,01:08:00,AutoStanceShiftFailedPosInterlockActive,4% ,AutoStanceShiftFailedPosInterlockActive,5407,1
152,EV24011159_8748,Event,24/02/2025,01:10:06,AutoStanceShiftFailedPosInterlockActive,4% ,AutoStanceShiftFailedPosInterlockActive,5407,1
152,EV24011659_8749,Event,24/02/2025,01:15:08,AutoStanceShiftFailedPosInterlockActive,4% ,AutoStanceShiftFailedPosInterlockActive,5408,1
152,EV24011659_8749,Event,24/02/2025,01:15:54,AutoStanceShiftFailedPosInterlockActive,4% ,AutoStanceShiftFailedPosInterlockActive,5408,1
2059,EV24012659_8751,Event,24/02/2025,01:22:40,AutoDrillingCompleted,53% ,AutoDrillingCompleted,5410,0
304,EV24012659_8751,Event,24/02/2025,01:22:55,AdpeAbortedByOperator,8% ,AdpeAbortedByOperator,5410,0
83,EV24012659_8751,Event,24/02/2025,01:23:35,AutoTrammingBlockedTramInterlockActive,2% ,AutoTrammingBlockedTramInterlockActive,5410,1
152,EV24012659_8751,Event,24/02/2025,01:24:31,AutoStanceShiftFailedPosInterlockActive,4% ,AutoStanceShiftFailedPosInterlockActive,5410,1
126,EV24012659_8751,Event,24/02/2025,01:26:53,AutoDrillingAbortedDrillingAbortedByOperator,3% ,AutoDrillingAbortedDrillingAbortedByOperator,5410,0
126,EV24013159_8752,Event,24/02/2025,01:28:12,AutoDrillingAbortedDrillingAbortedByOperator,3% ,AutoDrillingAbortedDrillingAbortedByOperator,5411,0
2059,EV24013700_8753,Event,24/02/2025,01:33:45,AutoDrillingCompleted,53% ,AutoDrillingCompleted,5412,0
304,EV24013700_8753,Event,24/02/2025,01:34:00,AdpeAbortedByOperator,8% ,AdpeAbortedByOperator,5412,0
2059,EV24014200_8754,Event,24/02/2025,01:40:51,AutoDrillingCompleted,53% ,AutoDrillingCompleted,5413,0
2059,EV24015200_8756,Event,24/02/2025,01:48:06,AutoDrillingCompleted,53% ,AutoDrillingCompleted,5415,0
2059,EV24015700_8757,Event,24/02/2025,01:54:42,AutoDrillingCompleted,53% ,AutoDrillingCompleted,5416,0
2059,EV24020201_8758,Event,24/02/2025,02:01:10,AutoDrillingCompleted,53% ,AutoDrillingCompleted,5417,0
152,EV24020701_8759,Event,24/02/2025,02:02:17,AutoStanceShiftFailedPosInterlockActive,4% ,AutoStanceShiftFailedPosInterlockActive,5418,1
2059,EV24021202_8760,Event,24/02/2025,02:08:13,AutoDrillingCompleted,53% ,AutoDrillingCompleted,5419,0
2059,EV24021701_8761,Event,24/02/2025,02:15:21,AutoDrillingCompleted,53% ,AutoDrillingCompleted,5420,0
2059,EV24022702_8763,Event,24/02/2025,02:22:14,AutoDrillingCompleted,53% ,AutoDrillingCompleted,5422,0
2059,EV24023202_8764,Event,24/02/2025,02:29:12,AutoDrillingCompleted,53% ,AutoDrillingCompleted,5423,0
361,EV24023702_8765,Event,24/02/2025,02:34:53,AdpePausedByOperator,9% ,AdpePausedByOperator,5424,0
247,EV24023702_8765,Event,24/02/2025,02:34:53,AutoDrillingAbortedAutonomousDrillingPaused,6% ,AutoDrillingAbortedAutonomousDrillingPaused,5424,2
2059,EV24024702_8767,Event,24/02/2025,02:42:41,AutoDrillingCompleted,53% ,AutoDrillingCompleted,5426,0
2059,EV24025202_8768,Event,24/02/2025,02:49:46,AutoDrillingCompleted,53% ,AutoDrillingCompleted,5427,0
2059,EV24030203_8770,Event,24/02/2025,02:57:07,AutoDrillingCompleted,53% ,AutoDrillingCompleted,5429,0
2059,EV24031203_8772,Event,24/02/2025,03:09:07,AutoDrillingCompleted,53% ,AutoDrillingCompleted,5431,0
2059,EV24031703_8773,Event,24/02/2025,03:17:02,AutoDrillingCompleted,53% ,AutoDrillingCompleted,5432,0
361,EV24032203_8774,Event,24/02/2025,03:19:21,AdpePausedByOperator,9% ,AdpePausedByOperator,5433,0
247,EV24032203_8774,Event,24/02/2025,03:19:21,AutoDrillingAbortedAutonomousDrillingPaused,6% ,AutoDrillingAbortedAutonomousDrillingPaused,5433,2
2059,EV24032703_8775,Event,24/02/2025,03:24:37,AutoDrillingCompleted,53% ,AutoDrillingCompleted,5434,0
15,EV24032703_8775,Event,24/02/2025,03:25:01,AutoStanceShiftFailedAutoModeaDeactivated,0% ,AutoStanceShiftFailedAutoModeaDeactivated,5434,0
304,EV24032703_8775,Event,24/02/2025,03:25:13,AdpeAbortedByOperator,8% ,AdpeAbortedByOperator,5434,0
2059,EV24042205_8786,Event,24/02/2025,04:18:27,AutoDrillingCompleted,53% ,AutoDrillingCompleted,5445,0
2059,EV24042705_8787,Event,24/02/2025,04:22:11,AutoDrillingCompleted,53% ,AutoDrillingCompleted,5446,0
361,EV24042705_8787,Event,24/02/2025,04:24:09,AdpePausedByOperator,9% ,AdpePausedByOperator,5446,0
247,EV24042705_8787,Event,24/02/2025,04:24:10,AutoDrillingAbortedAutonomousDrillingPaused,6% ,AutoDrillingAbortedAutonomousDrillingPaused,5446,1
304,EV24042705_8787,Event,24/02/2025,04:24:13,AdpeAbortedByOperator,8% ,AdpeAbortedByOperator,5446,0
2059,EV24045206_8791,Event,24/02/2025,04:49:43,AutoDrillingCompleted,53% ,AutoDrillingCompleted,5450,0
2059,EV24050206_8793,Event,24/02/2025,04:57:08,AutoDrillingCompleted,53% ,AutoDrillingCompleted,5452,0
2059,EV24050707_8794,Event,24/02/2025,05:05:10,AutoDrillingCompleted,53% ,AutoDrillingCompleted,5453,0
361,EV24051207_8795,Event,24/02/2025,05:11:10,AdpePausedByOperator,9% ,AdpePausedByOperator,5454,0
247,EV24051207_8795,Event,24/02/2025,05:11:10,AutoDrillingAbortedAutonomousDrillingPaused,6% ,AutoDrillingAbortedAutonomousDrillingPaused,5454,2
2059,EV24052207_8796,Event,24/02/2025,05:19:28,AutoDrillingCompleted,53% ,AutoDrillingCompleted,5455,0
2059,EV24052707_8797,Event,24/02/2025,05:26:19,AutoDrillingCompleted,53% ,AutoDrillingCompleted,5456,0
2059,EV24053707_8799,Event,24/02/2025,05:34:06,AutoDrillingCompleted,53% ,AutoDrillingCompleted,5458,0
2059,EV24054207_8800,Event,24/02/2025,05:41:30,AutoDrillingCompleted,53% ,AutoDrillingCompleted,5459,0
2059,EV24055208_8802,Event,24/02/2025,05:50:28,AutoDrillingCompleted,53% ,AutoDrillingCompleted,5461,0
2059,EV24060208_8804,Event,24/02/2025,05:58:05,AutoDrillingCompleted,53% ,AutoDrillingCompleted,5463,0
2059,EV24060708_8805,Event,24/02/2025,06:05:18,AutoDrillingCompleted,53% ,AutoDrillingCompleted,5464,0
2059,EV24061208_8806,Event,24/02/2025,06:11:55,AutoDrillingCompleted,53% ,AutoDrillingCompleted,5465,0
2059,EV24062209_8808,Event,24/02/2025,06:19:56,AutoDrillingCompleted,53% ,AutoDrillingCompleted,5467,0
2059,EV24065710_8812,Event,24/02/2025,06:52:34,AutoDrillingCompleted,53% ,AutoDrillingCompleted,5471,0
361,EV24070210_8813,Event,24/02/2025,06:59:50,AdpePausedByOperator,9% ,AdpePausedByOperator,5472,0
247,EV24070210_8813,Event,24/02/2025,06:59:51,AutoDrillingAbortedAutonomousDrillingPaused,6% ,AutoDrillingAbortedAutonomousDrillingPaused,5472,0
2059,EV24071710_8816,Event,24/02/2025,07:15:04,AutoDrillingCompleted,53% ,AutoDrillingCompleted,5475,0
2059,EV24072210_8817,Event,24/02/2025,07:21:58,AutoDrillingCompleted,53% ,AutoDrillingCompleted,5476,0
2059,EV24073211_8819,Event,24/02/2025,07:28:57,AutoDrillingCompleted,53% ,AutoDrillingCompleted,5478,0
7,EV24073211_8819,Event,24/02/2025,07:29:46,AutoTrammingBlockedAutoModeDeactivated,0% ,AutoTrammingBlockedAutoModeDeactivated,5478,1
2059,EV24074711_8821,Event,24/02/2025,07:45:19,AutoDrillingCompleted,53% ,AutoDrillingCompleted,5480,0
2059,EV24075712_8823,Event,24/02/2025,07:52:43,AutoDrillingCompleted,53% ,AutoDrillingCompleted,5482,0
12,EV24081712_8825,Event,24/02/2025,08:16:31,AutoDrillingAbortedCradlePositioningFailedMoveBackwardDuringExtraClean,0% ,AutoDrillingAbortedCradlePositioningFailedMoveBackwardDuringExtraClean,5484,0
9,EV24082713_8826,Event,24/02/2025,08:26:45,AutoDrillingAbortedCradleCanNotBeReturned,0% ,AutoDrillingAbortedCradleCanNotBeReturned,5485,0
9,EV24083713_8827,Event,24/02/2025,08:36:56,AutoDrillingAbortedCradleCanNotBeReturned,0% ,AutoDrillingAbortedCradleCanNotBeReturned,5486,0
41,EV24084713_8828,Event,24/02/2025,08:44:08,AutoDrillingAbortedDrillingInterlocked,1% ,AutoDrillingAbortedDrillingInterlocked,5487,0
9,EV24085714_8829,Event,24/02/2025,08:54:59,AutoDrillingAbortedCradleCanNotBeReturned,0% ,AutoDrillingAbortedCradleCanNotBeReturned,5488,0
361,EV24090214_8830,Event,24/02/2025,08:59:24,AdpePausedByOperator,9% ,AdpePausedByOperator,5489,0
247,EV24090214_8830,Event,24/02/2025,08:59:24,AutoDrillingAbortedAutonomousDrillingPaused,6% ,AutoDrillingAbortedAutonomousDrillingPaused,5489,2
361,EV24091214_8832,Event,24/02/2025,09:11:23,AdpePausedByOperator,9% ,AdpePausedByOperator,5491,0
247,EV24091214_8832,Event,24/02/2025,09:11:23,AutoDrillingAbortedAutonomousDrillingPaused,6% ,AutoDrillingAbortedAutonomousDrillingPaused,5491,2
304,EV24091214_8832,Event,24/02/2025,09:11:49,AdpeAbortedByOperator,8% ,AdpeAbortedByOperator,5491,0
2059,EV24093715_8837,Event,24/02/2025,09:36:21,AutoDrillingCompleted,53% ,AutoDrillingCompleted,5496,0
2059,EV24094715_8839,Event,24/02/2025,09:43:53,AutoDrillingCompleted,53% ,AutoDrillingCompleted,5498,0
2059,EV24095216_8840,Event,24/02/2025,09:52:14,AutoDrillingCompleted,53% ,AutoDrillingCompleted,5499,0
2059,EV24100216_8842,Event,24/02/2025,09:59:32,AutoDrillingCompleted,53% ,AutoDrillingCompleted,5501,0
2059,EV24100716_8843,Event,24/02/2025,10:06:29,AutoDrillingCompleted,53% ,AutoDrillingCompleted,5502,0
2059,EV24101716_8845,Event,24/02/2025,10:14:47,AutoDrillingCompleted,53% ,AutoDrillingCompleted,5504,0
2059,EV24102716_8847,Event,24/02/2025,10:22:41,AutoDrillingCompleted,53% ,AutoDrillingCompleted,5506,0
41,EV24103217_8848,Event,24/02/2025,10:30:20,AutoDrillingAbortedDrillingInterlocked,1% ,AutoDrillingAbortedDrillingInterlocked,5507,1
2059,EV24103717_8849,Event,24/02/2025,10:34:14,AutoDrillingCompleted,53% ,AutoDrillingCompleted,5508,0
2059,EV24104217_8850,Event,24/02/2025,10:41:57,AutoDrillingCompleted,53% ,AutoDrillingCompleted,5509,0
2059,EV24105217_8852,Event,24/02/2025,10:49:40,AutoDrillingCompleted,53% ,AutoDrillingCompleted,5511,0
41,EV24105717_8853,Event,24/02/2025,10:54:20,AutoDrillingAbortedDrillingInterlocked,1% ,AutoDrillingAbortedDrillingInterlocked,5512,1
2059,EV24110718_8854,Event,24/02/2025,11:06:07,AutoDrillingCompleted,53% ,AutoDrillingCompleted,5513,0
2059,EV24111718_8856,Event,24/02/2025,11:13:05,AutoDrillingCompleted,53% ,AutoDrillingCompleted,5515,0
41,EV24111718_8856,Event,24/02/2025,11:17:11,AutoDrillingAbortedDrillingInterlocked,1% ,AutoDrillingAbortedDrillingInterlocked,5515,1
41,EV24112218_8857,Event,24/02/2025,11:20:57,AutoDrillingAbortedDrillingInterlocked,1% ,AutoDrillingAbortedDrillingInterlocked,5516,1
2059,EV24113218_8859,Event,24/02/2025,11:28:59,AutoDrillingCompleted,53% ,AutoDrillingCompleted,5518,0
2059,EV24113719_8860,Event,24/02/2025,11:37:05,AutoDrillingCompleted,53% ,AutoDrillingCompleted,5519,0
361,EV24114219_8861,Event,24/02/2025,11:38:51,AdpePausedByOperator,9% ,AdpePausedByOperator,5520,0
152,EV24115719_8862,Event,24/02/2025,11:55:15,AutoStanceShiftFailedPosInterlockActive,4% ,AutoStanceShiftFailedPosInterlockActive,5521,1
2059,EV24120219_8863,Event,24/02/2025,12:02:15,AutoDrillingCompleted,53% ,AutoDrillingCompleted,5522,0
2059,EV24121220_8865,Event,24/02/2025,12:12:03,AutoDrillingCompleted,53% ,AutoDrillingCompleted,5524,0
2059,EV24122220_8867,Event,24/02/2025,12:18:21,AutoDrillingCompleted,53% ,AutoDrillingCompleted,5526,0
2059,EV24122720_8868,Event,24/02/2025,12:26:17,AutoDrillingCompleted,53% ,AutoDrillingCompleted,5527,0
2059,EV24123720_8870,Event,24/02/2025,12:32:50,AutoDrillingCompleted,53% ,AutoDrillingCompleted,5529,0
81,EV24123720_8870,Event,24/02/2025,12:33:25,AutoNoFeasiblePathFound,2% ,AutoNoFeasiblePathFound,5529,0
304,EV24123720_8870,Event,24/02/2025,12:34:08,AdpeAbortedByOperator,8% ,AdpeAbortedByOperator,5529,0
2059,EV24130221_8873,Event,24/02/2025,13:00:34,AutoDrillingCompleted,53% ,AutoDrillingCompleted,5532,0
2059,EV24131222_8875,Event,24/02/2025,13:09:13,AutoDrillingCompleted,53% ,AutoDrillingCompleted,5534,0
2059,EV24131722_8876,Event,24/02/2025,13:16:27,AutoDrillingCompleted,53% ,AutoDrillingCompleted,5535,0
2059,EV24132722_8878,Event,24/02/2025,13:22:57,AutoDrillingCompleted,53% ,AutoDrillingCompleted,5537,0
2059,EV24133222_8879,Event,24/02/2025,13:28:53,AutoDrillingCompleted,53% ,AutoDrillingCompleted,5538,0
2059,EV24133722_8880,Event,24/02/2025,13:34:37,AutoDrillingCompleted,53% ,AutoDrillingCompleted,5539,0
2059,EV24134223_8881,Event,24/02/2025,13:41:00,AutoDrillingCompleted,53% ,AutoDrillingCompleted,5540,0
361,EV24134223_8881,Event,24/02/2025,13:41:31,AdpePausedByOperator,9% ,AdpePausedByOperator,5540,0
304,EV24134723_8882,Event,24/02/2025,13:43:51,AdpeAbortedByOperator,8% ,AdpeAbortedByOperator,5541,0
2059,EV24135223_8883,Event,24/02/2025,13:51:36,AutoDrillingCompleted,53% ,AutoDrillingCompleted,5542,0
2059,EV24140223_8885,Event,24/02/2025,13:57:54,AutoDrillingCompleted,53% ,AutoDrillingCompleted,5544,0
361,EV24140723_8886,Event,24/02/2025,14:02:30,AdpePausedByOperator,9% ,AdpePausedByOperator,5545,0
247,EV24140723_8886,Event,24/02/2025,14:02:30,AutoDrillingAbortedAutonomousDrillingPaused,6% ,AutoDrillingAbortedAutonomousDrillingPaused,5545,2
2059,EV24141223_8887,Event,24/02/2025,14:12:02,AutoDrillingCompleted,53% ,AutoDrillingCompleted,5546,0
2059,EV24142224_8889,Event,24/02/2025,14:18:06,AutoDrillingCompleted,53% ,AutoDrillingCompleted,5548,0
2059,EV24142724_8890,Event,24/02/2025,14:24:23,AutoDrillingCompleted,53% ,AutoDrillingCompleted,5549,0
361,EV24142724_8890,Event,24/02/2025,14:25:31,AdpePausedByOperator,9% ,AdpePausedByOperator,5549,0
304,EV24142724_8890,Event,24/02/2025,14:25:32,AdpeAbortedByOperator,8% ,AdpeAbortedByOperator,5549,0
2059,EV24143724_8892,Event,24/02/2025,14:32:47,AutoDrillingCompleted,53% ,AutoDrillingCompleted,5551,0
2059,EV24144224_8893,Event,24/02/2025,14:39:17,AutoDrillingCompleted,53% ,AutoDrillingCompleted,5552,0
81,EV24144224_8893,Event,24/02/2025,14:39:51,AutoNoFeasiblePathFound,2% ,AutoNoFeasiblePathFound,5552,0
304,EV24144724_8894,Event,24/02/2025,14:42:51,AdpeAbortedByOperator,8% ,AdpeAbortedByOperator,5553,0
2059,EV24145224_8895,Event,24/02/2025,14:48:19,AutoDrillingCompleted,53% ,AutoDrillingCompleted,5554,0
81,EV24145224_8895,Event,24/02/2025,14:48:51,AutoNoFeasiblePathFound,2% ,AutoNoFeasiblePathFound,5554,0
2059,EV24145725_8896,Event,24/02/2025,14:55:02,AutoDrillingCompleted,53% ,AutoDrillingCompleted,5555,0
361,EV24145725_8896,Event,24/02/2025,14:55:25,AdpePausedByOperator,9% ,AdpePausedByOperator,5555,0
152,EV24161930_8909,Event,24/02/2025,16:14:50,AutoStanceShiftFailedPosInterlockActive,4% ,AutoStanceShiftFailedPosInterlockActive,5568,1
2059,EV24162430_8910,Event,24/02/2025,16:21:33,AutoDrillingCompleted,53% ,AutoDrillingCompleted,5569,0
2059,EV24162931_8911,Event,24/02/2025,16:27:42,AutoDrillingCompleted,53% ,AutoDrillingCompleted,5570,0
361,EV24163431_8912,Event,24/02/2025,16:29:38,AdpePausedByOperator,9% ,AdpePausedByOperator,5571,0
247,EV24163431_8912,Event,24/02/2025,16:29:38,AutoDrillingAbortedAutonomousDrillingPaused,6% ,AutoDrillingAbortedAutonomousDrillingPaused,5571,2
22,EV24163931_8913,Event,24/02/2025,16:36:36,AutoDrillingAbortedCavityDetected,1% ,AutoDrillingAbortedCavityDetected,5572,1
247,EV24163931_8913,Event,24/02/2025,16:36:36,AutoDrillingAbortedAutonomousDrillingPaused,6% ,AutoDrillingAbortedAutonomousDrillingPaused,5572,3
2059,EV24164431_8914,Event,24/02/2025,16:43:40,AutoDrillingCompleted,53% ,AutoDrillingCompleted,5573,0
22,EV24165431_8916,Event,24/02/2025,16:52:11,AutoDrillingAbortedCavityDetected,1% ,AutoDrillingAbortedCavityDetected,5575,1
247,EV24165431_8916,Event,24/02/2025,16:52:11,AutoDrillingAbortedAutonomousDrillingPaused,6% ,AutoDrillingAbortedAutonomousDrillingPaused,5575,3
2059,EV24165932_8917,Event,24/02/2025,16:57:31,AutoDrillingCompleted,53% ,AutoDrillingCompleted,5576,0
2059,EV24170432_8918,Event,24/02/2025,17:03:57,AutoDrillingCompleted,53% ,AutoDrillingCompleted,5577,0
2059,EV24171432_8920,Event,24/02/2025,17:13:34,AutoDrillingCompleted,53% ,AutoDrillingCompleted,5579,0
2059,EV24172433_8922,Event,24/02/2025,17:20:13,AutoDrillingCompleted,53% ,AutoDrillingCompleted,5581,0
2059,EV24172933_8923,Event,24/02/2025,17:26:44,AutoDrillingCompleted,53% ,AutoDrillingCompleted,5582,0
2059,EV24173433_8924,Event,24/02/2025,17:32:46,AutoDrillingCompleted,53% ,AutoDrillingCompleted,5583,0
16,EV24174933_8926,Event,24/02/2025,17:47:25,AutoDrillingAbortedNoRecoverFromHighRotationPressureJam,0% ,AutoDrillingAbortedNoRecoverFromHighRotationPressureJam,5585,0
247,EV24175433_8927,Event,24/02/2025,17:52:08,AutoDrillingAbortedAutonomousDrillingPaused,6% ,AutoDrillingAbortedAutonomousDrillingPaused,5586,2
126,EV24175934_8928,Event,24/02/2025,17:59:32,AutoDrillingAbortedDrillingAbortedByOperator,3% ,AutoDrillingAbortedDrillingAbortedByOperator,5587,0
2059,EV24180434_8929,Event,24/02/2025,18:02:19,AutoDrillingCompleted,53% ,AutoDrillingCompleted,5588,0
304,EV24180434_8929,Event,24/02/2025,18:02:25,AdpeAbortedByOperator,8% ,AdpeAbortedByOperator,5588,0
22,EV24180934_8930,Event,24/02/2025,18:06:27,AutoDrillingAbortedCavityDetected,1% ,AutoDrillingAbortedCavityDetected,5589,1
247,EV24180934_8930,Event,24/02/2025,18:06:27,AutoDrillingAbortedAutonomousDrillingPaused,6% ,AutoDrillingAbortedAutonomousDrillingPaused,5589,3
126,EV24180934_8930,Event,24/02/2025,18:08:55,AutoDrillingAbortedDrillingAbortedByOperator,3% ,AutoDrillingAbortedDrillingAbortedByOperator,5589,0
2059,EV24181434_8931,Event,24/02/2025,18:09:49,AutoDrillingCompleted,53% ,AutoDrillingCompleted,5590,0
2059,EV24181934_8932,Event,24/02/2025,18:15:46,AutoDrillingCompleted,53% ,AutoDrillingCompleted,5591,0
2059,EV24182435_8933,Event,24/02/2025,18:21:53,AutoDrillingCompleted,53% ,AutoDrillingCompleted,5592,0
2059,EV24183435_8935,Event,24/02/2025,18:30:10,AutoDrillingCompleted,53% ,AutoDrillingCompleted,5594,0
2059,EV24183935_8936,Event,24/02/2025,18:36:39,AutoDrillingCompleted,53% ,AutoDrillingCompleted,5595,0
2059,EV24185436_8938,Event,24/02/2025,18:54:23,AutoDrillingCompleted,53% ,AutoDrillingCompleted,5597,0
361,EV24191436_8941,Event,24/02/2025,19:09:58,AdpePausedByOperator,9% ,AdpePausedByOperator,5600,0
247,EV24191436_8941,Event,24/02/2025,19:09:58,AutoDrillingAbortedAutonomousDrillingPaused,6% ,AutoDrillingAbortedAutonomousDrillingPaused,5600,2
2059,EV24195936_8946,Event,24/02/2025,19:57:24,AutoDrillingCompleted,53% ,AutoDrillingCompleted,5605,0
126,EV24200936_8948,Event,24/02/2025,20:05:31,AutoDrillingAbortedDrillingAbortedByOperator,3% ,AutoDrillingAbortedDrillingAbortedByOperator,5607,0
304,EV24200936_8948,Event,24/02/2025,20:06:13,AdpeAbortedByOperator,8% ,AdpeAbortedByOperator,5607,0
30,EV24200936_8948,Event,24/02/2025,20:06:15,StanceShiftBlockedBitInHole,1% ,StanceShiftBlockedBitInHole,5607,0
361,EV24200936_8948,Event,24/02/2025,20:08:26,AdpePausedByOperator,9% ,AdpePausedByOperator,5607,0
247,EV24200936_8948,Event,24/02/2025,20:08:26,AutoDrillingAbortedAutonomousDrillingPaused,6% ,AutoDrillingAbortedAutonomousDrillingPaused,5607,1
361,EV24201437_8949,Event,24/02/2025,20:13:56,AdpePausedByOperator,9% ,AdpePausedByOperator,5608,1
2059,EV24202937_8952,Event,24/02/2025,20:29:12,AutoDrillingCompleted,53% ,AutoDrillingCompleted,5611,0
2059,EV24203938_8954,Event,24/02/2025,20:35:25,AutoDrillingCompleted,53% ,AutoDrillingCompleted,5613,0
2059,EV24204438_8955,Event,24/02/2025,20:41:56,AutoDrillingCompleted,53% ,AutoDrillingCompleted,5614,0
2059,EV24204938_8956,Event,24/02/2025,20:48:29,AutoDrillingCompleted,53% ,AutoDrillingCompleted,5615,0
2059,EV24205938_8958,Event,24/02/2025,20:55:00,AutoDrillingCompleted,53% ,AutoDrillingCompleted,5617,0
2059,EV24210438_8959,Event,24/02/2025,21:01:45,AutoDrillingCompleted,53% ,AutoDrillingCompleted,5618,0
2059,EV24210938_8960,Event,24/02/2025,21:07:50,AutoDrillingCompleted,53% ,AutoDrillingCompleted,5619,0
2059,EV24211939_8962,Event,24/02/2025,21:15:00,AutoDrillingCompleted,53% ,AutoDrillingCompleted,5621,0
361,EV24211939_8962,Event,24/02/2025,21:18:05,AdpePausedByOperator,9% ,AdpePausedByOperator,5621,0
247,EV24211939_8962,Event,24/02/2025,21:18:05,AutoDrillingAbortedAutonomousDrillingPaused,6% ,AutoDrillingAbortedAutonomousDrillingPaused,5621,2
2059,EV24213439_8965,Event,24/02/2025,21:33:40,AutoDrillingCompleted,53% ,AutoDrillingCompleted,5624,0
81,EV24213439_8965,Event,24/02/2025,21:34:16,AutoNoFeasiblePathFound,2% ,AutoNoFeasiblePathFound,5624,0
126,EV24214439_8967,Event,24/02/2025,21:42:49,AutoDrillingAbortedDrillingAbortedByOperator,3% ,AutoDrillingAbortedDrillingAbortedByOperator,5626,0
37,EV24214439_8967,Event,24/02/2025,21:43:34,AutoStanceShiftPreconditionNotMet,1% ,AutoStanceShiftPreconditionNotMet,5626,0
2059,EV24214940_8968,Event,24/02/2025,21:48:17,AutoDrillingCompleted,53% ,AutoDrillingCompleted,5627,0
304,EV24214940_8968,Event,24/02/2025,21:48:36,AdpeAbortedByOperator,8% ,AdpeAbortedByOperator,5627,0
2059,EV24215440_8969,Event,24/02/2025,21:53:46,AutoDrillingCompleted,53% ,AutoDrillingCompleted,5628,0
37,EV24215940_8970,Event,24/02/2025,21:55:56,AutoStanceShiftPreconditionNotMet,1% ,AutoStanceShiftPreconditionNotMet,5629,1
2059,EV24220440_8971,Event,24/02/2025,22:02:17,AutoDrillingCompleted,53% ,AutoDrillingCompleted,5630,0
2059,EV24220940_8972,Event,24/02/2025,22:08:13,AutoDrillingCompleted,53% ,AutoDrillingCompleted,5631,0
2059,EV24221941_8974,Event,24/02/2025,22:15:03,AutoDrillingCompleted,53% ,AutoDrillingCompleted,5633,0
2059,EV24222441_8975,Event,24/02/2025,22:22:13,AutoDrillingCompleted,53% ,AutoDrillingCompleted,5634,0
2059,EV24222941_8976,Event,24/02/2025,22:28:50,AutoDrillingCompleted,53% ,AutoDrillingCompleted,5635,0
2059,EV24223941_8978,Event,24/02/2025,22:35:36,AutoDrillingCompleted,53% ,AutoDrillingCompleted,5637,0
2059,EV24224442_8979,Event,24/02/2025,22:42:23,AutoDrillingCompleted,53% ,AutoDrillingCompleted,5638,0
2059,EV24224942_8980,Event,24/02/2025,22:48:52,AutoDrillingCompleted,53% ,AutoDrillingCompleted,5639,0
2059,EV24225942_8982,Event,24/02/2025,22:57:57,AutoDrillingCompleted,53% ,AutoDrillingCompleted,5641,0
361,EV24230942_8984,Event,24/02/2025,23:06:50,AdpePausedByOperator,9% ,AdpePausedByOperator,5643,0
247,EV24230942_8984,Event,24/02/2025,23:06:50,AutoDrillingAbortedAutonomousDrillingPaused,6% ,AutoDrillingAbortedAutonomousDrillingPaused,5643,2
2059,EV24231443_8985,Event,24/02/2025,23:14:41,AutoDrillingCompleted,53% ,AutoDrillingCompleted,5644,0
152,EV24231943_8986,Event,24/02/2025,23:17:18,AutoStanceShiftFailedPosInterlockActive,4% ,AutoStanceShiftFailedPosInterlockActive,5645,1
126,EV24232443_8987,Event,24/02/2025,23:24:18,AutoDrillingAbortedDrillingAbortedByOperator,3% ,AutoDrillingAbortedDrillingAbortedByOperator,5646,0
2059,EV24232943_8988,Event,24/02/2025,23:29:38,AutoDrillingCompleted,53% ,AutoDrillingCompleted,5647,0
2059,EV24234443_8991,Event,24/02/2025,23:39:44,AutoDrillingCompleted,53% ,AutoDrillingCompleted,5650,0
2059,EV24234943_8992,Event,24/02/2025,23:46:39,AutoDrillingCompleted,53% ,AutoDrillingCompleted,5651,0
2059,EV24235443_8993,Event,24/02/2025,23:53:29,AutoDrillingCompleted,53% ,AutoDrillingCompleted,5652,0
2059,EV25000444_8995,Event,25/02/2025,00:00:08,AutoDrillingCompleted,53% ,AutoDrillingCompleted,5654,0
2059,EV25000944_8996,Event,25/02/2025,00:08:40,AutoDrillingCompleted,53% ,AutoDrillingCompleted,5655,0
2059,EV25001944_8998,Event,25/02/2025,00:15:20,AutoDrillingCompleted,53% ,AutoDrillingCompleted,5657,0
361,EV25001944_8998,Event,25/02/2025,00:15:53,AdpePausedByOperator,9% ,AdpePausedByOperator,5657,0
14,EV25001944_8998,Event,25/02/2025,00:18:39,AdpeAbortedFromOpsLevers,0% ,AdpeAbortedFromOpsLevers,5657,1
126,EV25002945_9000,Event,25/02/2025,00:25:33,AutoDrillingAbortedDrillingAbortedByOperator,3% ,AutoDrillingAbortedDrillingAbortedByOperator,5659,0
2059,EV25003945_9002,Event,25/02/2025,00:36:53,AutoDrillingCompleted,53% ,AutoDrillingCompleted,5661,0
304,EV25003945_9002,Event,25/02/2025,00:37:18,AdpeAbortedByOperator,8% ,AdpeAbortedByOperator,5661,0
2059,EV25004946_9004,Event,25/02/2025,00:45:21,AutoDrillingCompleted,53% ,AutoDrillingCompleted,5663,0
2059,EV25005446_9005,Event,25/02/2025,00:54:23,AutoDrillingCompleted,53% ,AutoDrillingCompleted,5664,0
126,EV25010446_9007,Event,25/02/2025,01:00:13,AutoDrillingAbortedDrillingAbortedByOperator,3% ,AutoDrillingAbortedDrillingAbortedByOperator,5666,0
2059,EV25010446_9007,Event,25/02/2025,01:01:47,AutoDrillingCompleted,53% ,AutoDrillingCompleted,5666,0
126,EV25010946_9008,Event,25/02/2025,01:07:04,AutoDrillingAbortedDrillingAbortedByOperator,3% ,AutoDrillingAbortedDrillingAbortedByOperator,5667,0
2059,EV25011446_9009,Event,25/02/2025,01:12:42,AutoDrillingCompleted,53% ,AutoDrillingCompleted,5668,0
126,EV25012447_9011,Event,25/02/2025,01:22:15,AutoDrillingAbortedDrillingAbortedByOperator,3% ,AutoDrillingAbortedDrillingAbortedByOperator,5670,0
2059,EV25013947_9014,Event,25/02/2025,01:35:23,AutoDrillingCompleted,53% ,AutoDrillingCompleted,5673,0
304,EV25013947_9014,Event,25/02/2025,01:35:26,AdpeAbortedByOperator,8% ,AdpeAbortedByOperator,5673,1
2059,EV25015448_9017,Event,25/02/2025,01:51:20,AutoDrillingCompleted,53% ,AutoDrillingCompleted,5676,0
126,EV25015948_9018,Event,25/02/2025,01:59:00,AutoDrillingAbortedDrillingAbortedByOperator,3% ,AutoDrillingAbortedDrillingAbortedByOperator,5677,0
2059,EV25020448_9019,Event,25/02/2025,02:02:38,AutoDrillingCompleted,53% ,AutoDrillingCompleted,5678,0
126,EV25020948_9020,Event,25/02/2025,02:09:29,AutoDrillingAbortedDrillingAbortedByOperator,3% ,AutoDrillingAbortedDrillingAbortedByOperator,5679,0
2059,EV25022449_9022,Event,25/02/2025,02:20:10,AutoDrillingCompleted,53% ,AutoDrillingCompleted,5681,0
2059,EV25023449_9024,Event,25/02/2025,02:32:02,AutoDrillingCompleted,53% ,AutoDrillingCompleted,5683,0
2059,EV25024449_9026,Event,25/02/2025,02:40:30,AutoDrillingCompleted,53% ,AutoDrillingCompleted,5685,0
361,EV25024449_9026,Event,25/02/2025,02:42:21,AdpePausedByOperator,9% ,AdpePausedByOperator,5685,0
247,EV25024449_9026,Event,25/02/2025,02:42:21,AutoDrillingAbortedAutonomousDrillingPaused,6% ,AutoDrillingAbortedAutonomousDrillingPaused,5685,2
2059,EV25025949_9029,Event,25/02/2025,02:55:56,AutoDrillingCompleted,53% ,AutoDrillingCompleted,5688,0
2059,EV25030449_9030,Event,25/02/2025,03:03:50,AutoDrillingCompleted,53% ,AutoDrillingCompleted,5689,0
2059,EV25031450_9032,Event,25/02/2025,03:12:22,AutoDrillingCompleted,53% ,AutoDrillingCompleted,5691,0
2059,EV25032450_9034,Event,25/02/2025,03:20:19,AutoDrillingCompleted,53% ,AutoDrillingCompleted,5693,0
2059,EV25032950_9035,Event,25/02/2025,03:28:00,AutoDrillingCompleted,53% ,AutoDrillingCompleted,5694,0
2059,EV25033950_9037,Event,25/02/2025,03:35:56,AutoDrillingCompleted,53% ,AutoDrillingCompleted,5696,0
2059,EV25034450_9038,Event,25/02/2025,03:44:13,AutoDrillingCompleted,53% ,AutoDrillingCompleted,5697,0
2059,EV25035451_9040,Event,25/02/2025,03:52:15,AutoDrillingCompleted,53% ,AutoDrillingCompleted,5699,0
2059,EV25040451_9042,Event,25/02/2025,03:59:51,AutoDrillingCompleted,53% ,AutoDrillingCompleted,5701,0
2059,EV25040951_9043,Event,25/02/2025,04:07:27,AutoDrillingCompleted,53% ,AutoDrillingCompleted,5702,0
2059,EV25041952_9045,Event,25/02/2025,04:15:33,AutoDrillingCompleted,53% ,AutoDrillingCompleted,5704,0
2059,EV25042452_9046,Event,25/02/2025,04:23:15,AutoDrillingCompleted,53% ,AutoDrillingCompleted,5705,0
361,EV25042952_9047,Event,25/02/2025,04:25:08,AdpePausedByOperator,9% ,AdpePausedByOperator,5706,1
247,EV25042952_9047,Event,25/02/2025,04:25:08,AutoDrillingAbortedAutonomousDrillingPaused,6% ,AutoDrillingAbortedAutonomousDrillingPaused,5706,3
2059,EV25043952_9049,Event,25/02/2025,04:35:54,AutoDrillingCompleted,53% ,AutoDrillingCompleted,5708,0
2059,EV25044452_9050,Event,25/02/2025,04:43:50,AutoDrillingCompleted,53% ,AutoDrillingCompleted,5709,0
2059,EV25045453_9052,Event,25/02/2025,04:52:11,AutoDrillingCompleted,53% ,AutoDrillingCompleted,5711,0
2059,EV25050453_9054,Event,25/02/2025,05:00:02,AutoDrillingCompleted,53% ,AutoDrillingCompleted,5713,0
2059,EV25050953_9055,Event,25/02/2025,05:08:05,AutoDrillingCompleted,53% ,AutoDrillingCompleted,5714,0
361,EV25051453_9056,Event,25/02/2025,05:09:59,AdpePausedByOperator,9% ,AdpePausedByOperator,5715,0
247,EV25051453_9056,Event,25/02/2025,05:09:59,AutoDrillingAbortedAutonomousDrillingPaused,6% ,AutoDrillingAbortedAutonomousDrillingPaused,5715,3
2059,EV25052954_9059,Event,25/02/2025,05:25:48,AutoDrillingCompleted,53% ,AutoDrillingCompleted,5718,0
2059,EV25053454_9060,Event,25/02/2025,05:33:30,AutoDrillingCompleted,53% ,AutoDrillingCompleted,5719,0
2059,EV25054454_9062,Event,25/02/2025,05:42:04,AutoDrillingCompleted,53% ,AutoDrillingCompleted,5721,0
2059,EV25055454_9064,Event,25/02/2025,05:50:27,AutoDrillingCompleted,53% ,AutoDrillingCompleted,5723,0
2059,EV25055954_9065,Event,25/02/2025,05:59:51,AutoDrillingCompleted,53% ,AutoDrillingCompleted,5724,0
2059,EV25060955_9067,Event,25/02/2025,06:08:49,AutoDrillingCompleted,53% ,AutoDrillingCompleted,5726,0
2059,EV25061955_9069,Event,25/02/2025,06:17:13,AutoDrillingCompleted,53% ,AutoDrillingCompleted,5728,0
2059,EV25062955_9071,Event,25/02/2025,06:25:11,AutoDrillingCompleted,53% ,AutoDrillingCompleted,5730,0
2059,EV25063456_9072,Event,25/02/2025,06:33:28,AutoDrillingCompleted,53% ,AutoDrillingCompleted,5731,0
2059,EV25063956_9073,Event,25/02/2025,06:39:23,AutoDrillingCompleted,53% ,AutoDrillingCompleted,5732,0
16,EV25064956_9075,Event,25/02/2025,06:47:57,AutoDrillingAbortedNoRecoverFromHighRotationPressureJam,0% ,AutoDrillingAbortedNoRecoverFromHighRotationPressureJam,5734,0
16,EV25071457_9079,Event,25/02/2025,07:09:58,AutoDrillingAbortedNoRecoverFromHighRotationPressureJam,0% ,AutoDrillingAbortedNoRecoverFromHighRotationPressureJam,5738,0
16,EV25071457_9079,Event,25/02/2025,07:12:01,AutoDrillingAbortedNoRecoverFromHighRotationPressureJam,0% ,AutoDrillingAbortedNoRecoverFromHighRotationPressureJam,5738,0
16,EV25071457_9079,Event,25/02/2025,07:14:08,AutoDrillingAbortedNoRecoverFromHighRotationPressureJam,0% ,AutoDrillingAbortedNoRecoverFromHighRotationPressureJam,5738,0
2059,EV25072457_9081,Event,25/02/2025,07:20:32,AutoDrillingCompleted,53% ,AutoDrillingCompleted,5740,0
361,EV25072457_9081,Event,25/02/2025,07:21:31,AdpePausedByOperator,9% ,AdpePausedByOperator,5740,1
304,EV25072958_9082,Event,25/02/2025,07:25:05,AdpeAbortedByOperator,8% ,AdpeAbortedByOperator,5741,0
2059,EV25074958_9086,Event,25/02/2025,07:47:14,AutoDrillingCompleted,53% ,AutoDrillingCompleted,5745,0
81,EV25074958_9086,Event,25/02/2025,07:47:48,AutoNoFeasiblePathFound,2% ,AutoNoFeasiblePathFound,5745,0
304,EV25074958_9086,Event,25/02/2025,07:48:45,AdpeAbortedByOperator,8% ,AdpeAbortedByOperator,5745,0
2059,EV25075959_9088,Event,25/02/2025,07:55:43,AutoDrillingCompleted,53% ,AutoDrillingCompleted,5747,0
115,EV25075959_9088,Event,25/02/2025,07:57:42,AutoDrillingAbortedTeleremoteCommunicationDelayIsTooBig,3% ,AutoDrillingAbortedTeleremoteCommunicationDelayIsTooBig,5747,0
2059,EV25080459_9089,Event,25/02/2025,08:04:45,AutoDrillingCompleted,53% ,AutoDrillingCompleted,5748,0
2059,EV25081459_9091,Event,25/02/2025,08:13:32,AutoDrillingCompleted,53% ,AutoDrillingCompleted,5750,0
2059,EV25082459_9093,Event,25/02/2025,08:22:31,AutoDrillingCompleted,53% ,AutoDrillingCompleted,5752,0
361,EV25094035_9104,Event,25/02/2025,09:36:53,AdpePausedByOperator,9% ,AdpePausedByOperator,5763,0
247,EV25094035_9104,Event,25/02/2025,09:36:53,AutoDrillingAbortedAutonomousDrillingPaused,6% ,AutoDrillingAbortedAutonomousDrillingPaused,5763,1
2059,EV25095035_9106,Event,25/02/2025,09:46:33,AutoDrillingCompleted,53% ,AutoDrillingCompleted,5765,0
2059,EV25095536_9107,Event,25/02/2025,09:54:31,AutoDrillingCompleted,53% ,AutoDrillingCompleted,5766,0
2059,EV25100536_9109,Event,25/02/2025,10:02:12,AutoDrillingCompleted,53% ,AutoDrillingCompleted,5768,0
2059,EV25101036_9110,Event,25/02/2025,10:10:17,AutoDrillingCompleted,53% ,AutoDrillingCompleted,5769,0
41,EV25102036_9112,Event,25/02/2025,10:18:29,AutoDrillingAbortedDrillingInterlocked,1% ,AutoDrillingAbortedDrillingInterlocked,5771,0
2059,EV25103036_9114,Event,25/02/2025,10:26:24,AutoDrillingCompleted,53% ,AutoDrillingCompleted,5773,0
361,EV25103036_9114,Event,25/02/2025,10:29:56,AdpePausedByOperator,9% ,AdpePausedByOperator,5773,0
247,EV25103036_9114,Event,25/02/2025,10:29:56,AutoDrillingAbortedAutonomousDrillingPaused,6% ,AutoDrillingAbortedAutonomousDrillingPaused,5773,2
304,EV25105037_9118,Event,25/02/2025,10:46:28,AdpeAbortedByOperator,8% ,AdpeAbortedByOperator,5777,0
81,EV25105537_9119,Event,25/02/2025,10:54:12,AutoNoFeasiblePathFound,2% ,AutoNoFeasiblePathFound,5778,0
304,EV25105537_9119,Event,25/02/2025,10:54:27,AdpeAbortedByOperator,8% ,AdpeAbortedByOperator,5778,0
81,EV25110538_9121,Event,25/02/2025,11:04:02,AutoNoFeasiblePathFound,2% ,AutoNoFeasiblePathFound,5780,0
304,EV25110538_9121,Event,25/02/2025,11:04:07,AdpeAbortedByOperator,8% ,AdpeAbortedByOperator,5780,0
2059,EV25112038_9124,Event,25/02/2025,11:15:54,AutoDrillingCompleted,53% ,AutoDrillingCompleted,5783,0
81,EV25112038_9124,Event,25/02/2025,11:16:24,AutoNoFeasiblePathFound,2% ,AutoNoFeasiblePathFound,5783,0
304,EV25112038_9124,Event,25/02/2025,11:16:28,AdpeAbortedByOperator,8% ,AdpeAbortedByOperator,5783,0
41,EV25112538_9125,Event,25/02/2025,11:24:25,AutoDrillingAbortedDrillingInterlocked,1% ,AutoDrillingAbortedDrillingInterlocked,5784,1
4,EV25112538_9125,Event,25/02/2025,11:24:34,AutoRigOutsideGeofence,0% ,AutoRigOutsideGeofence,5784,1
4,EV25112538_9125,Event,25/02/2025,11:24:39,AutoRigOutsideGeofence,0% ,AutoRigOutsideGeofence,5784,1
361,EV25113038_9126,Event,25/02/2025,11:29:31,AdpePausedByOperator,9% ,AdpePausedByOperator,5785,0
247,EV25113038_9126,Event,25/02/2025,11:29:31,AutoDrillingAbortedAutonomousDrillingPaused,6% ,AutoDrillingAbortedAutonomousDrillingPaused,5785,2
2059,EV25113538_9127,Event,25/02/2025,11:34:27,AutoDrillingCompleted,53% ,AutoDrillingCompleted,5786,0
2059,EV25114539_9129,Event,25/02/2025,11:44:36,AutoDrillingCompleted,53% ,AutoDrillingCompleted,5788,0
361,EV25115039_9130,Event,25/02/2025,11:49:12,AdpePausedByOperator,9% ,AdpePausedByOperator,5789,0
247,EV25115039_9130,Event,25/02/2025,11:49:12,AutoDrillingAbortedAutonomousDrillingPaused,6% ,AutoDrillingAbortedAutonomousDrillingPaused,5789,2
12,EV25122040_9136,Event,25/02/2025,12:17:41,AutoDrillingAbortedCradlePositioningFailedMoveBackwardDuringExtraClean,0% ,AutoDrillingAbortedCradlePositioningFailedMoveBackwardDuringExtraClean,5795,0
361,EV25131541_9142,Event,25/02/2025,13:13:59,AdpePausedByOperator,9% ,AdpePausedByOperator,5801,0
247,EV25131541_9142,Event,25/02/2025,13:13:59,AutoDrillingAbortedAutonomousDrillingPaused,6% ,AutoDrillingAbortedAutonomousDrillingPaused,5801,2
361,EV25151045_9148,Event,25/02/2025,15:07:54,AdpePausedByOperator,9% ,AdpePausedByOperator,5807,0
247,EV25151045_9148,Event,25/02/2025,15:07:54,AutoDrillingAbortedAutonomousDrillingPaused,6% ,AutoDrillingAbortedAutonomousDrillingPaused,5807,2
2059,EV25151545_9149,Event,25/02/2025,15:14:21,AutoDrillingCompleted,53% ,AutoDrillingCompleted,5808,0
361,EV25153546_9151,Event,25/02/2025,15:34:38,AdpePausedByOperator,9% ,AdpePausedByOperator,5810,0
247,EV25153546_9151,Event,25/02/2025,15:34:38,AutoDrillingAbortedAutonomousDrillingPaused,6% ,AutoDrillingAbortedAutonomousDrillingPaused,5810,1
126,EV25155546_9155,Event,25/02/2025,15:55:22,AutoDrillingAbortedDrillingAbortedByOperator,3% ,AutoDrillingAbortedDrillingAbortedByOperator,5814,0
126,EV25160546_9157,Event,25/02/2025,16:02:09,AutoDrillingAbortedDrillingAbortedByOperator,3% ,AutoDrillingAbortedDrillingAbortedByOperator,5816,0
304,EV25161047_9158,Event,25/02/2025,16:08:11,AdpeAbortedByOperator,8% ,AdpeAbortedByOperator,5817,0
41,EV25161547_9159,Event,25/02/2025,16:10:56,AutoDrillingAbortedDrillingInterlocked,1% ,AutoDrillingAbortedDrillingInterlocked,5818,1
1,EV25162547_9161,Event,25/02/2025,16:24:04,AutoDrillingAbortedCradlePositioningFailedMoveBackwardDuringHoleBuild,0% ,AutoDrillingAbortedCradlePositioningFailedMoveBackwardDuringHoleBuild,5820,0
361,EV25165048_9166,Event,25/02/2025,16:46:43,AdpePausedByOperator,9% ,AdpePausedByOperator,5825,0
247,EV25165048_9166,Event,25/02/2025,16:46:43,AutoDrillingAbortedAutonomousDrillingPaused,6% ,AutoDrillingAbortedAutonomousDrillingPaused,5825,2
2059,EV25165548_9167,Event,25/02/2025,16:51:58,AutoDrillingCompleted,53% ,AutoDrillingCompleted,5826,0
2059,EV25170048_9168,Event,25/02/2025,17:00:09,AutoDrillingCompleted,53% ,AutoDrillingCompleted,5827,0
71,EV25171048_9170,Event,25/02/2025,17:08:22,AutoDrillingAbortedNoRecoverFromLowPenetrationJam,2% ,AutoDrillingAbortedNoRecoverFromLowPenetrationJam,5829,0
71,EV25173049_9172,Event,25/02/2025,17:27:32,AutoDrillingAbortedNoRecoverFromLowPenetrationJam,2% ,AutoDrillingAbortedNoRecoverFromLowPenetrationJam,5831,0
126,EV25173049_9172,Event,25/02/2025,17:29:20,AutoDrillingAbortedDrillingAbortedByOperator,3% ,AutoDrillingAbortedDrillingAbortedByOperator,5831,0
2059,EV25175050_9176,Event,25/02/2025,17:50:18,AutoDrillingCompleted,53% ,AutoDrillingCompleted,5835,0
304,EV25175550_9177,Event,25/02/2025,17:53:41,AdpeAbortedByOperator,8% ,AdpeAbortedByOperator,5836,0
37,EV25175550_9177,Event,25/02/2025,17:54:14,AutoStanceShiftPreconditionNotMet,1% ,AutoStanceShiftPreconditionNotMet,5836,0
37,EV25175550_9177,Event,25/02/2025,17:54:18,AutoStanceShiftPreconditionNotMet,1% ,AutoStanceShiftPreconditionNotMet,5836,0
37,EV25175550_9177,Event,25/02/2025,17:54:21,AutoStanceShiftPreconditionNotMet,1% ,AutoStanceShiftPreconditionNotMet,5836,0
2059,EV25180550_9179,Event,25/02/2025,18:02:18,AutoDrillingCompleted,53% ,AutoDrillingCompleted,5838,0
2059,EV25181550_9181,Event,25/02/2025,18:11:00,AutoDrillingCompleted,53% ,AutoDrillingCompleted,5840,0
2059,EV25182050_9182,Event,25/02/2025,18:18:46,AutoDrillingCompleted,53% ,AutoDrillingCompleted,5841,0
152,EV25182050_9182,Event,25/02/2025,18:20:27,AutoStanceShiftFailedPosInterlockActive,4% ,AutoStanceShiftFailedPosInterlockActive,5841,1
2059,EV25184051_9186,Event,25/02/2025,18:38:48,AutoDrillingCompleted,53% ,AutoDrillingCompleted,5845,0
2059,EV25185051_9188,Event,25/02/2025,18:47:08,AutoDrillingCompleted,53% ,AutoDrillingCompleted,5847,0
2059,EV25190052_9190,Event,25/02/2025,18:58:24,AutoDrillingCompleted,53% ,AutoDrillingCompleted,5849,0
2059,EV25191052_9192,Event,25/02/2025,19:07:19,AutoDrillingCompleted,53% ,AutoDrillingCompleted,5851,0
2059,EV25191552_9193,Event,25/02/2025,19:15:29,AutoDrillingCompleted,53% ,AutoDrillingCompleted,5852,0
2059,EV25192552_9195,Event,25/02/2025,19:22:58,AutoDrillingCompleted,53% ,AutoDrillingCompleted,5854,0
2059,EV25193053_9196,Event,25/02/2025,19:30:48,AutoDrillingCompleted,53% ,AutoDrillingCompleted,5855,0
2059,EV25194053_9198,Event,25/02/2025,19:38:43,AutoDrillingCompleted,53% ,AutoDrillingCompleted,5857,0
2059,EV25195053_9200,Event,25/02/2025,19:46:02,AutoDrillingCompleted,53% ,AutoDrillingCompleted,5859,0
12,EV25201054_9202,Event,25/02/2025,20:07:16,AutoDrillingAbortedCradlePositioningFailedMoveBackwardDuringExtraClean,0% ,AutoDrillingAbortedCradlePositioningFailedMoveBackwardDuringExtraClean,5861,0
2059,EV25202054_9204,Event,25/02/2025,20:17:47,AutoDrillingCompleted,53% ,AutoDrillingCompleted,5863,0
361,EV25202054_9204,Event,25/02/2025,20:19:32,AdpePausedByOperator,9% ,AdpePausedByOperator,5863,0
247,EV25202054_9204,Event,25/02/2025,20:19:32,AutoDrillingAbortedAutonomousDrillingPaused,6% ,AutoDrillingAbortedAutonomousDrillingPaused,5863,2
2059,EV25203555_9207,Event,25/02/2025,20:32:01,AutoDrillingCompleted,53% ,AutoDrillingCompleted,5866,0
12,EV25205055_9209,Event,25/02/2025,20:47:17,AutoDrillingAbortedCradlePositioningFailedMoveBackwardDuringExtraClean,0% ,AutoDrillingAbortedCradlePositioningFailedMoveBackwardDuringExtraClean,5868,0
126,EV25205055_9209,Event,25/02/2025,20:49:22,AutoDrillingAbortedDrillingAbortedByOperator,3% ,AutoDrillingAbortedDrillingAbortedByOperator,5868,0
2059,EV25205556_9210,Event,25/02/2025,20:53:22,AutoDrillingCompleted,53% ,AutoDrillingCompleted,5869,0
2059,EV25210056_9211,Event,25/02/2025,21:00:49,AutoDrillingCompleted,53% ,AutoDrillingCompleted,5870,0
2059,EV25211056_9213,Event,25/02/2025,21:08:34,AutoDrillingCompleted,53% ,AutoDrillingCompleted,5872,0
2059,EV25212557_9216,Event,25/02/2025,21:23:26,AutoDrillingCompleted,53% ,AutoDrillingCompleted,5875,0
126,EV25213557_9218,Event,25/02/2025,21:35:46,AutoDrillingAbortedDrillingAbortedByOperator,3% ,AutoDrillingAbortedDrillingAbortedByOperator,5877,0
2059,EV25214558_9220,Event,25/02/2025,21:44:12,AutoDrillingCompleted,53% ,AutoDrillingCompleted,5879,0
2059,EV25215558_9222,Event,25/02/2025,21:52:03,AutoDrillingCompleted,53% ,AutoDrillingCompleted,5881,0
2059,EV25220558_9223,Event,25/02/2025,22:01:11,AutoDrillingCompleted,53% ,AutoDrillingCompleted,5882,0
2059,EV25221058_9224,Event,25/02/2025,22:09:31,AutoDrillingCompleted,53% ,AutoDrillingCompleted,5883,0
2059,EV25222058_9226,Event,25/02/2025,22:17:33,AutoDrillingCompleted,53% ,AutoDrillingCompleted,5885,0
2059,EV25223059_9227,Event,25/02/2025,22:26:27,AutoDrillingCompleted,53% ,AutoDrillingCompleted,5886,0
2059,EV25224059_9229,Event,25/02/2025,22:39:02,AutoDrillingCompleted,53% ,AutoDrillingCompleted,5888,0
2059,EV25225059_9231,Event,25/02/2025,22:47:19,AutoDrillingCompleted,53% ,AutoDrillingCompleted,5890,0
2059,EV25225600_9232,Event,25/02/2025,22:54:58,AutoDrillingCompleted,53% ,AutoDrillingCompleted,5891,0
2059,EV25230600_9234,Event,25/02/2025,23:03:53,AutoDrillingCompleted,53% ,AutoDrillingCompleted,5893,0
2059,EV25231600_9236,Event,25/02/2025,23:13:41,AutoDrillingCompleted,53% ,AutoDrillingCompleted,5895,0
126,EV25232601_9238,Event,25/02/2025,23:23:45,AutoDrillingAbortedDrillingAbortedByOperator,3% ,AutoDrillingAbortedDrillingAbortedByOperator,5897,0
2059,EV25233101_9239,Event,25/02/2025,23:29:34,AutoDrillingCompleted,53% ,AutoDrillingCompleted,5898,0
2059,EV25234101_9241,Event,25/02/2025,23:40:45,AutoDrillingCompleted,53% ,AutoDrillingCompleted,5900,0
2059,EV25235101_9243,Event,25/02/2025,23:48:57,AutoDrillingCompleted,53% ,AutoDrillingCompleted,5902,0
12,EV25235601_9244,Event,25/02/2025,23:55:46,AutoDrillingAbortedCradlePositioningFailedMoveBackwardDuringExtraClean,0% ,AutoDrillingAbortedCradlePositioningFailedMoveBackwardDuringExtraClean,5903,0
2059,EV26001102_9246,Event,26/02/2025,00:09:02,AutoDrillingCompleted,53% ,AutoDrillingCompleted,5905,0
2059,EV26002102_9248,Event,26/02/2025,00:17:47,AutoDrillingCompleted,53% ,AutoDrillingCompleted,5907,0
2059,EV26002603_9249,Event,26/02/2025,00:25:31,AutoDrillingCompleted,53% ,AutoDrillingCompleted,5908,0
8,EV26003103_9250,Event,26/02/2025,00:26:28,AutoNavigationOutOfPath,0% ,AutoNavigationOutOfPath,5909,1
2059,EV26003603_9251,Event,26/02/2025,00:34:26,AutoDrillingCompleted,53% ,AutoDrillingCompleted,5910,0
361,EV26004603_9253,Event,26/02/2025,00:42:06,AdpePausedByOperator,9% ,AdpePausedByOperator,5912,0
247,EV26004603_9253,Event,26/02/2025,00:42:06,AutoDrillingAbortedAutonomousDrillingPaused,6% ,AutoDrillingAbortedAutonomousDrillingPaused,5912,2
2059,EV26005103_9254,Event,26/02/2025,00:47:45,AutoDrillingCompleted,53% ,AutoDrillingCompleted,5913,0
361,EV26005604_9255,Event,26/02/2025,00:53:34,AdpePausedByOperator,9% ,AdpePausedByOperator,5914,0
247,EV26005604_9255,Event,26/02/2025,00:53:34,AutoDrillingAbortedAutonomousDrillingPaused,6% ,AutoDrillingAbortedAutonomousDrillingPaused,5914,2
2059,EV26011104_9258,Event,26/02/2025,01:06:48,AutoDrillingCompleted,53% ,AutoDrillingCompleted,5917,0
2059,EV26011604_9259,Event,26/02/2025,01:15:46,AutoDrillingCompleted,53% ,AutoDrillingCompleted,5918,0
2059,EV26012605_9261,Event,26/02/2025,01:25:58,AutoDrillingCompleted,53% ,AutoDrillingCompleted,5920,0
126,EV26013605_9263,Event,26/02/2025,01:31:15,AutoDrillingAbortedDrillingAbortedByOperator,3% ,AutoDrillingAbortedDrillingAbortedByOperator,5922,0
2059,EV26014105_9264,Event,26/02/2025,01:36:21,AutoDrillingCompleted,53% ,AutoDrillingCompleted,5923,0
2059,EV26014605_9265,Event,26/02/2025,01:43:59,AutoDrillingCompleted,53% ,AutoDrillingCompleted,5924,0
2059,EV26015605_9267,Event,26/02/2025,01:51:58,AutoDrillingCompleted,53% ,AutoDrillingCompleted,5926,0
2059,EV26020606_9269,Event,26/02/2025,02:02:10,AutoDrillingCompleted,53% ,AutoDrillingCompleted,5928,0
2059,EV26021106_9270,Event,26/02/2025,02:10:32,AutoDrillingCompleted,53% ,AutoDrillingCompleted,5929,0
2059,EV26022106_9272,Event,26/02/2025,02:18:24,AutoDrillingCompleted,53% ,AutoDrillingCompleted,5931,0
2059,EV26023107_9274,Event,26/02/2025,02:26:22,AutoDrillingCompleted,53% ,AutoDrillingCompleted,5933,0
81,EV26023107_9274,Event,26/02/2025,02:26:58,AutoNoFeasiblePathFound,2% ,AutoNoFeasiblePathFound,5933,0
304,EV26023107_9274,Event,26/02/2025,02:28:15,AdpeAbortedByOperator,8% ,AdpeAbortedByOperator,5933,0
2059,EV26023607_9275,Event,26/02/2025,02:34:30,AutoDrillingCompleted,53% ,AutoDrillingCompleted,5934,0
115,EV26024607_9277,Event,26/02/2025,02:42:12,AutoDrillingAbortedTeleremoteCommunicationDelayIsTooBig,3% ,AutoDrillingAbortedTeleremoteCommunicationDelayIsTooBig,5936,0
126,EV26032106_9283,Event,26/02/2025,03:18:21,AutoDrillingAbortedDrillingAbortedByOperator,3% ,AutoDrillingAbortedDrillingAbortedByOperator,5942,0
126,EV26033106_9285,Event,26/02/2025,03:30:18,AutoDrillingAbortedDrillingAbortedByOperator,3% ,AutoDrillingAbortedDrillingAbortedByOperator,5944,0
22,EV26040107_9291,Event,26/02/2025,03:56:36,AutoDrillingAbortedCavityDetected,1% ,AutoDrillingAbortedCavityDetected,5950,0
304,EV26044109_9299,Event,26/02/2025,04:37:52,AdpeAbortedByOperator,8% ,AdpeAbortedByOperator,5958,0
30,EV26050610_9304,Event,26/02/2025,05:03:17,StanceShiftBlockedBitInHole,1% ,StanceShiftBlockedBitInHole,5963,0
30,EV26050610_9304,Event,26/02/2025,05:03:51,StanceShiftBlockedBitInHole,1% ,StanceShiftBlockedBitInHole,5963,0
361,EV26051110_9305,Event,26/02/2025,05:09:45,AdpePausedByOperator,9% ,AdpePausedByOperator,5964,0
247,EV26051110_9305,Event,26/02/2025,05:09:45,AutoDrillingAbortedAutonomousDrillingPaused,6% ,AutoDrillingAbortedAutonomousDrillingPaused,5964,2
2059,EV26052610_9307,Event,26/02/2025,05:23:35,AutoDrillingCompleted,53% ,AutoDrillingCompleted,5966,0
71,EV26053611_9309,Event,26/02/2025,05:32:28,AutoDrillingAbortedNoRecoverFromLowPenetrationJam,2% ,AutoDrillingAbortedNoRecoverFromLowPenetrationJam,5968,0
71,EV26054611_9310,Event,26/02/2025,05:44:04,AutoDrillingAbortedNoRecoverFromLowPenetrationJam,2% ,AutoDrillingAbortedNoRecoverFromLowPenetrationJam,5969,0
71,EV26055611_9311,Event,26/02/2025,05:55:07,AutoDrillingAbortedNoRecoverFromLowPenetrationJam,2% ,AutoDrillingAbortedNoRecoverFromLowPenetrationJam,5970,0
71,EV26060111_9312,Event,26/02/2025,05:58:37,AutoDrillingAbortedNoRecoverFromLowPenetrationJam,2% ,AutoDrillingAbortedNoRecoverFromLowPenetrationJam,5971,0
71,EV26060611_9313,Event,26/02/2025,06:01:47,AutoDrillingAbortedNoRecoverFromLowPenetrationJam,2% ,AutoDrillingAbortedNoRecoverFromLowPenetrationJam,5972,0
71,EV26060611_9313,Event,26/02/2025,06:04:58,AutoDrillingAbortedNoRecoverFromLowPenetrationJam,2% ,AutoDrillingAbortedNoRecoverFromLowPenetrationJam,5972,0
361,EV26061612_9315,Event,26/02/2025,06:11:57,AdpePausedByOperator,9% ,AdpePausedByOperator,5974,0
247,EV26061612_9315,Event,26/02/2025,06:11:57,AutoDrillingAbortedAutonomousDrillingPaused,6% ,AutoDrillingAbortedAutonomousDrillingPaused,5974,2
71,EV26062112_9316,Event,26/02/2025,06:16:31,AutoDrillingAbortedNoRecoverFromLowPenetrationJam,2% ,AutoDrillingAbortedNoRecoverFromLowPenetrationJam,5975,0
126,EV26062112_9316,Event,26/02/2025,06:18:34,AutoDrillingAbortedDrillingAbortedByOperator,3% ,AutoDrillingAbortedDrillingAbortedByOperator,5975,0
2059,EV26072614_9323,Event,26/02/2025,07:21:20,AutoDrillingCompleted,53% ,AutoDrillingCompleted,5982,0
304,EV26072614_9323,Event,26/02/2025,07:24:22,AdpeAbortedByOperator,8% ,AdpeAbortedByOperator,5982,0
12,EV26072614_9323,Event,26/02/2025,07:25:14,AutoStanceShiftFailedHoleOutOfReach,0% ,AutoStanceShiftFailedHoleOutOfReach,5982,0
304,EV26072614_9323,Event,26/02/2025,07:25:20,AdpeAbortedByOperator,8% ,AdpeAbortedByOperator,5982,0
71,EV26074615_9327,Event,26/02/2025,07:43:33,AutoDrillingAbortedNoRecoverFromLowPenetrationJam,2% ,AutoDrillingAbortedNoRecoverFromLowPenetrationJam,5986,0
2059,EV26074615_9327,Event,26/02/2025,07:44:28,AutoDrillingCompleted,53% ,AutoDrillingCompleted,5986,0
361,EV26080115_9330,Event,26/02/2025,07:57:29,AdpePausedByOperator,9% ,AdpePausedByOperator,5988,0
247,EV26080115_9330,Event,26/02/2025,07:57:29,AutoDrillingAbortedAutonomousDrillingPaused,6% ,AutoDrillingAbortedAutonomousDrillingPaused,5988,2
361,EV26080615_9331,Event,26/02/2025,08:04:11,AdpePausedByOperator,9% ,AdpePausedByOperator,5989,0
247,EV26080615_9331,Event,26/02/2025,08:04:11,AutoDrillingAbortedAutonomousDrillingPaused,6% ,AutoDrillingAbortedAutonomousDrillingPaused,5989,2
2059,EV26081115_9332,Event,26/02/2025,08:08:35,AutoDrillingCompleted,53% ,AutoDrillingCompleted,5990,0
115,EV26081616_9333,Event,26/02/2025,08:15:52,AutoDrillingAbortedTeleremoteCommunicationDelayIsTooBig,3% ,AutoDrillingAbortedTeleremoteCommunicationDelayIsTooBig,5991,0
361,EV26082116_9334,Event,26/02/2025,08:16:23,AdpePausedByOperator,9% ,AdpePausedByOperator,5992,0
247,EV26082116_9334,Event,26/02/2025,08:16:23,AutoDrillingAbortedAutonomousDrillingPaused,6% ,AutoDrillingAbortedAutonomousDrillingPaused,5992,2
2059,EV26082616_9335,Event,26/02/2025,08:24:13,AutoDrillingCompleted,53% ,AutoDrillingCompleted,5993,0
41,EV26083116_9336,Event,26/02/2025,08:27:55,AutoDrillingAbortedDrillingInterlocked,1% ,AutoDrillingAbortedDrillingInterlocked,5994,1
361,EV26084117_9338,Event,26/02/2025,08:37:21,AdpePausedByOperator,9% ,AdpePausedByOperator,5996,0
247,EV26084117_9338,Event,26/02/2025,08:37:21,AutoDrillingAbortedAutonomousDrillingPaused,6% ,AutoDrillingAbortedAutonomousDrillingPaused,5996,2
361,EV26084617_9339,Event,26/02/2025,08:42:55,AdpePausedByOperator,9% ,AdpePausedByOperator,5997,0
247,EV26084617_9339,Event,26/02/2025,08:42:55,AutoDrillingAbortedAutonomousDrillingPaused,6% ,AutoDrillingAbortedAutonomousDrillingPaused,5997,2
2059,EV26085617_9341,Event,26/02/2025,08:52:01,AutoDrillingCompleted,53% ,AutoDrillingCompleted,5999,0
2059,EV26090117_9342,Event,26/02/2025,09:00:41,AutoDrillingCompleted,53% ,AutoDrillingCompleted,6000,0
2059,EV26091618_9345,Event,26/02/2025,09:11:24,AutoDrillingCompleted,53% ,AutoDrillingCompleted,6003,0
361,EV26091618_9345,Event,26/02/2025,09:13:15,AdpePausedByOperator,9% ,AdpePausedByOperator,6003,0
247,EV26091618_9345,Event,26/02/2025,09:13:15,AutoDrillingAbortedAutonomousDrillingPaused,6% ,AutoDrillingAbortedAutonomousDrillingPaused,6003,3
2059,EV26100409_9352,Event,26/02/2025,10:02:57,AutoDrillingCompleted,53% ,AutoDrillingCompleted,6010,0
2059,EV26101409_9354,Event,26/02/2025,10:11:18,AutoDrillingCompleted,53% ,AutoDrillingCompleted,6012,0
2059,EV26102409_9356,Event,26/02/2025,10:22:55,AutoDrillingCompleted,53% ,AutoDrillingCompleted,6014,0
15,EV26102909_9357,Event,26/02/2025,10:24:23,AutoStanceShiftFailedAutoModeaDeactivated,0% ,AutoStanceShiftFailedAutoModeaDeactivated,6015,0
12,EV26104410_9359,Event,26/02/2025,10:41:24,AutoDrillingAbortedCradlePositioningFailedMoveBackwardDuringExtraClean,0% ,AutoDrillingAbortedCradlePositioningFailedMoveBackwardDuringExtraClean,6017,0
2059,EV26105910_9361,Event,26/02/2025,10:54:21,AutoDrillingCompleted,53% ,AutoDrillingCompleted,6019,0
2059,EV26110410_9362,Event,26/02/2025,11:01:34,AutoDrillingCompleted,53% ,AutoDrillingCompleted,6020,0
126,EV26114920_9363,Event,26/02/2025,11:48:19,AutoDrillingAbortedDrillingAbortedByOperator,3% ,AutoDrillingAbortedDrillingAbortedByOperator,6021,0
41,EV26114920_9363,Event,26/02/2025,11:49:18,AutoDrillingAbortedDrillingInterlocked,1% ,AutoDrillingAbortedDrillingInterlocked,6021,0
41,EV26115420_9364,Event,26/02/2025,11:49:47,AutoDrillingAbortedDrillingInterlocked,1% ,AutoDrillingAbortedDrillingInterlocked,6022,0
22,EV26115420_9364,Event,26/02/2025,11:50:18,AutoDrillingAbortedCavityDetected,1% ,AutoDrillingAbortedCavityDetected,6022,0
126,EV26115420_9364,Event,26/02/2025,11:51:19,AutoDrillingAbortedDrillingAbortedByOperator,3% ,AutoDrillingAbortedDrillingAbortedByOperator,6022,0
2059,EV26121420_9368,Event,26/02/2025,12:09:23,AutoDrillingCompleted,53% ,AutoDrillingCompleted,6026,0
2059,EV26121921_9369,Event,26/02/2025,12:17:54,AutoDrillingCompleted,53% ,AutoDrillingCompleted,6027,0
2059,EV26122921_9371,Event,26/02/2025,12:25:17,AutoDrillingCompleted,53% ,AutoDrillingCompleted,6029,0
2059,EV26123421_9372,Event,26/02/2025,12:33:51,AutoDrillingCompleted,53% ,AutoDrillingCompleted,6030,0
2059,EV26124421_9374,Event,26/02/2025,12:42:20,AutoDrillingCompleted,53% ,AutoDrillingCompleted,6032,0
2059,EV26125422_9376,Event,26/02/2025,12:52:03,AutoDrillingCompleted,53% ,AutoDrillingCompleted,6034,0
2059,EV26130422_9378,Event,26/02/2025,13:00:40,AutoDrillingCompleted,53% ,AutoDrillingCompleted,6036,0
361,EV26130422_9378,Event,26/02/2025,13:00:41,AdpePausedByOperator,9% ,AdpePausedByOperator,6036,0
9,EV26133915_9382,Event,26/02/2025,13:39:13,OdEmergencyModeActive,0% ,OdEmergencyModeActive,6040,1
247,EV26135916_9386,Event,26/02/2025,13:55:25,AutoDrillingAbortedAutonomousDrillingPaused,6% ,AutoDrillingAbortedAutonomousDrillingPaused,6044,2
2059,EV26140416_9387,Event,26/02/2025,14:03:40,AutoDrillingCompleted,53% ,AutoDrillingCompleted,6045,0
361,EV26140916_9388,Event,26/02/2025,14:07:42,AdpePausedByOperator,9% ,AdpePausedByOperator,6046,0
247,EV26140916_9388,Event,26/02/2025,14:07:42,AutoDrillingAbortedAutonomousDrillingPaused,6% ,AutoDrillingAbortedAutonomousDrillingPaused,6046,2
2059,EV26141917_9390,Event,26/02/2025,14:17:58,AutoDrillingCompleted,53% ,AutoDrillingCompleted,6048,0
2059,EV26142917_9392,Event,26/02/2025,14:28:38,AutoDrillingCompleted,53% ,AutoDrillingCompleted,6050,0
2059,EV26144917_9395,Event,26/02/2025,14:44:51,AutoDrillingCompleted,53% ,AutoDrillingCompleted,6053,0
2059,EV26145417_9396,Event,26/02/2025,14:52:03,AutoDrillingCompleted,53% ,AutoDrillingCompleted,6054,0
83,EV26145918_9397,Event,26/02/2025,14:59:14,AutoTrammingBlockedTramInterlockActive,2% ,AutoTrammingBlockedTramInterlockActive,6055,1
2059,EV26151418_9400,Event,26/02/2025,15:13:00,AutoDrillingCompleted,53% ,AutoDrillingCompleted,6058,0
361,EV26153419_9404,Event,26/02/2025,15:33:09,AdpePausedByOperator,9% ,AdpePausedByOperator,6062,0
247,EV26153419_9404,Event,26/02/2025,15:33:09,AutoDrillingAbortedAutonomousDrillingPaused,6% ,AutoDrillingAbortedAutonomousDrillingPaused,6062,2
247,EV26153919_9405,Event,26/02/2025,15:36:32,AutoDrillingAbortedAutonomousDrillingPaused,6% ,AutoDrillingAbortedAutonomousDrillingPaused,6063,2
304,EV26153919_9405,Event,26/02/2025,15:36:40,AdpeAbortedByOperator,8% ,AdpeAbortedByOperator,6063,0
30,EV26153919_9405,Event,26/02/2025,15:36:43,StanceShiftBlockedBitInHole,1% ,StanceShiftBlockedBitInHole,6063,0
304,EV26153919_9405,Event,26/02/2025,15:36:47,AdpeAbortedByOperator,8% ,AdpeAbortedByOperator,6063,0
2059,EV26154419_9406,Event,26/02/2025,15:41:34,AutoDrillingCompleted,53% ,AutoDrillingCompleted,6064,0
2059,EV26155419_9408,Event,26/02/2025,15:51:31,AutoDrillingCompleted,53% ,AutoDrillingCompleted,6066,0
2059,EV26155919_9409,Event,26/02/2025,15:59:15,AutoDrillingCompleted,53% ,AutoDrillingCompleted,6067,0
2059,EV26160920_9411,Event,26/02/2025,16:09:05,AutoDrillingCompleted,53% ,AutoDrillingCompleted,6069,0
16,EV26162420_9414,Event,26/02/2025,16:23:00,AutoDrillingAbortedNoRecoverFromHighRotationPressureJam,0% ,AutoDrillingAbortedNoRecoverFromHighRotationPressureJam,6072,1
361,EV26162920_9415,Event,26/02/2025,16:25:45,AdpePausedByOperator,9% ,AdpePausedByOperator,6073,0
247,EV26162920_9415,Event,26/02/2025,16:25:45,AutoDrillingAbortedAutonomousDrillingPaused,6% ,AutoDrillingAbortedAutonomousDrillingPaused,6073,2
2059,EV26162920_9415,Event,26/02/2025,16:28:49,AutoDrillingCompleted,53% ,AutoDrillingCompleted,6073,0
361,EV26162920_9415,Event,26/02/2025,16:28:54,AdpePausedByOperator,9% ,AdpePausedByOperator,6073,0
361,EV26162920_9415,Event,26/02/2025,16:28:54,AdpePausedByOperator,9% ,AdpePausedByOperator,6073,2
152,EV26163921_9417,Event,26/02/2025,16:35:40,AutoStanceShiftFailedPosInterlockActive,4% ,AutoStanceShiftFailedPosInterlockActive,6075,1
2059,EV26164921_9419,Event,26/02/2025,16:44:58,AutoDrillingCompleted,53% ,AutoDrillingCompleted,6077,0
2059,EV26165922_9421,Event,26/02/2025,16:54:37,AutoDrillingCompleted,53% ,AutoDrillingCompleted,6079,0
16,EV26170922_9423,Event,26/02/2025,17:08:44,AutoDrillingAbortedNoRecoverFromHighRotationPressureJam,0% ,AutoDrillingAbortedNoRecoverFromHighRotationPressureJam,6081,1
126,EV26171922_9424,Event,26/02/2025,17:19:12,AutoDrillingAbortedDrillingAbortedByOperator,3% ,AutoDrillingAbortedDrillingAbortedByOperator,6082,0
126,EV26172423_9425,Event,26/02/2025,17:22:32,AutoDrillingAbortedDrillingAbortedByOperator,3% ,AutoDrillingAbortedDrillingAbortedByOperator,6083,0
126,EV26172423_9425,Event,26/02/2025,17:22:57,AutoDrillingAbortedDrillingAbortedByOperator,3% ,AutoDrillingAbortedDrillingAbortedByOperator,6083,0
2059,EV26172923_9426,Event,26/02/2025,17:26:21,AutoDrillingCompleted,53% ,AutoDrillingCompleted,6084,0
304,EV26172923_9426,Event,26/02/2025,17:27:01,AdpeAbortedByOperator,8% ,AdpeAbortedByOperator,6084,0
2059,EV26173923_9428,Event,26/02/2025,17:34:51,AutoDrillingCompleted,53% ,AutoDrillingCompleted,6086,0
2059,EV26174423_9429,Event,26/02/2025,17:43:04,AutoDrillingCompleted,53% ,AutoDrillingCompleted,6087,0
2059,EV26175423_9431,Event,26/02/2025,17:50:45,AutoDrillingCompleted,53% ,AutoDrillingCompleted,6089,0
2059,EV26175923_9432,Event,26/02/2025,17:58:38,AutoDrillingCompleted,53% ,AutoDrillingCompleted,6090,0
2059,EV26180924_9434,Event,26/02/2025,18:06:31,AutoDrillingCompleted,53% ,AutoDrillingCompleted,6092,0
115,EV26181424_9435,Event,26/02/2025,18:12:05,AutoDrillingAbortedTeleremoteCommunicationDelayIsTooBig,3% ,AutoDrillingAbortedTeleremoteCommunicationDelayIsTooBig,6093,0
2059,EV26181924_9436,Event,26/02/2025,18:14:59,AutoDrillingCompleted,53% ,AutoDrillingCompleted,6094,0
2059,EV26182424_9437,Event,26/02/2025,18:22:58,AutoDrillingCompleted,53% ,AutoDrillingCompleted,6095,0
2059,EV26183425_9439,Event,26/02/2025,18:30:58,AutoDrillingCompleted,53% ,AutoDrillingCompleted,6097,0
2059,EV26184425_9441,Event,26/02/2025,18:39:33,AutoDrillingCompleted,53% ,AutoDrillingCompleted,6099,0
2059,EV26184925_9442,Event,26/02/2025,18:49:14,AutoDrillingCompleted,53% ,AutoDrillingCompleted,6100,0
2059,EV26185925_9444,Event,26/02/2025,18:57:00,AutoDrillingCompleted,53% ,AutoDrillingCompleted,6102,0
361,EV26185925_9444,Event,26/02/2025,18:58:55,AdpePausedByOperator,9% ,AdpePausedByOperator,6102,0
247,EV26185925_9444,Event,26/02/2025,18:58:55,AutoDrillingAbortedAutonomousDrillingPaused,6% ,AutoDrillingAbortedAutonomousDrillingPaused,6102,2
2059,EV26191926_9448,Event,26/02/2025,19:17:20,AutoDrillingCompleted,53% ,AutoDrillingCompleted,6106,0
2059,EV26192926_9450,Event,26/02/2025,19:28:22,AutoDrillingCompleted,53% ,AutoDrillingCompleted,6108,0
2059,EV26193927_9452,Event,26/02/2025,19:36:13,AutoDrillingCompleted,53% ,AutoDrillingCompleted,6110,0
2059,EV26194427_9453,Event,26/02/2025,19:44:06,AutoDrillingCompleted,53% ,AutoDrillingCompleted,6111,0
83,EV26194927_9454,Event,26/02/2025,19:45:23,AutoTrammingBlockedTramInterlockActive,2% ,AutoTrammingBlockedTramInterlockActive,6112,1
2059,EV26195427_9455,Event,26/02/2025,19:54:07,AutoDrillingCompleted,53% ,AutoDrillingCompleted,6113,0
83,EV26195927_9456,Event,26/02/2025,19:54:45,AutoTrammingBlockedTramInterlockActive,2% ,AutoTrammingBlockedTramInterlockActive,6114,0
83,EV26195927_9456,Event,26/02/2025,19:55:31,AutoTrammingBlockedTramInterlockActive,2% ,AutoTrammingBlockedTramInterlockActive,6114,1
2059,EV26200928_9458,Event,26/02/2025,20:06:27,AutoDrillingCompleted,53% ,AutoDrillingCompleted,6116,0
2059,EV26202428_9459,Event,26/02/2025,20:24:14,AutoDrillingCompleted,53% ,AutoDrillingCompleted,6117,0
2059,EV26203928_9462,Event,26/02/2025,20:39:07,AutoDrillingCompleted,53% ,AutoDrillingCompleted,6120,0
361,EV26204429_9463,Event,26/02/2025,20:41:39,AdpePausedByOperator,9% ,AdpePausedByOperator,6121,0
247,EV26204429_9463,Event,26/02/2025,20:41:39,AutoDrillingAbortedAutonomousDrillingPaused,6% ,AutoDrillingAbortedAutonomousDrillingPaused,6121,2
304,EV26204929_9464,Event,26/02/2025,20:48:34,AdpeAbortedByOperator,8% ,AdpeAbortedByOperator,6122,0
126,EV26205929_9466,Event,26/02/2025,20:57:23,AutoDrillingAbortedDrillingAbortedByOperator,3% ,AutoDrillingAbortedDrillingAbortedByOperator,6124,0
2059,EV26210429_9467,Event,26/02/2025,21:00:36,AutoDrillingCompleted,53% ,AutoDrillingCompleted,6125,0
126,EV26211430_9469,Event,26/02/2025,21:10:54,AutoDrillingAbortedDrillingAbortedByOperator,3% ,AutoDrillingAbortedDrillingAbortedByOperator,6126,0
2059,EV26211930_9470,Event,26/02/2025,21:15:54,AutoDrillingCompleted,53% ,AutoDrillingCompleted,6127,0
126,EV26212930_9472,Event,26/02/2025,21:28:26,AutoDrillingAbortedDrillingAbortedByOperator,3% ,AutoDrillingAbortedDrillingAbortedByOperator,6129,0
71,EV26213431_9473,Event,26/02/2025,21:34:04,AutoDrillingAbortedNoRecoverFromLowPenetrationJam,2% ,AutoDrillingAbortedNoRecoverFromLowPenetrationJam,6130,0
304,EV26213931_9474,Event,26/02/2025,21:38:34,AdpeAbortedByOperator,8% ,AdpeAbortedByOperator,6131,0
2059,EV26214931_9476,Event,26/02/2025,21:46:18,AutoDrillingCompleted,53% ,AutoDrillingCompleted,6133,0
2059,EV26215931_9478,Event,26/02/2025,21:56:35,AutoDrillingCompleted,53% ,AutoDrillingCompleted,6135,0
2059,EV26220931_9480,Event,26/02/2025,22:05:24,AutoDrillingCompleted,53% ,AutoDrillingCompleted,6137,0
2059,EV26221431_9481,Event,26/02/2025,22:14:08,AutoDrillingCompleted,53% ,AutoDrillingCompleted,6138,0
2059,EV26222432_9483,Event,26/02/2025,22:22:32,AutoDrillingCompleted,53% ,AutoDrillingCompleted,6140,0
115,EV26222932_9484,Event,26/02/2025,22:28:26,AutoDrillingAbortedTeleremoteCommunicationDelayIsTooBig,3% ,AutoDrillingAbortedTeleremoteCommunicationDelayIsTooBig,6141,0
115,EV26222932_9484,Event,26/02/2025,22:28:43,AutoDrillingAbortedTeleremoteCommunicationDelayIsTooBig,3% ,AutoDrillingAbortedTeleremoteCommunicationDelayIsTooBig,6141,0
2059,EV26223432_9485,Event,26/02/2025,22:33:03,AutoDrillingCompleted,53% ,AutoDrillingCompleted,6142,0
361,EV26223932_9486,Event,26/02/2025,22:34:50,AdpePausedByOperator,9% ,AdpePausedByOperator,6143,0
247,EV26223932_9486,Event,26/02/2025,22:34:50,AutoDrillingAbortedAutonomousDrillingPaused,6% ,AutoDrillingAbortedAutonomousDrillingPaused,6143,2
2059,EV26231433_9492,Event,26/02/2025,23:10:18,AutoDrillingCompleted,53% ,AutoDrillingCompleted,6149,0
15,EV26231433_9492,Event,26/02/2025,23:10:24,AutoStanceShiftFailedAutoModeaDeactivated,0% ,AutoStanceShiftFailedAutoModeaDeactivated,6149,0
2059,EV26232433_9494,Event,26/02/2025,23:19:43,AutoDrillingCompleted,53% ,AutoDrillingCompleted,6151,0
2059,EV26232934_9495,Event,26/02/2025,23:28:25,AutoDrillingCompleted,53% ,AutoDrillingCompleted,6152,0
2059,EV26233934_9497,Event,26/02/2025,23:36:27,AutoDrillingCompleted,53% ,AutoDrillingCompleted,6154,0
2059,EV26234434_9498,Event,26/02/2025,23:44:24,AutoDrillingCompleted,53% ,AutoDrillingCompleted,6155,0
2059,EV26235434_9500,Event,26/02/2025,23:52:42,AutoDrillingCompleted,53% ,AutoDrillingCompleted,6157,0
2059,EV27000435_9502,Event,27/02/2025,00:00:33,AutoDrillingCompleted,53% ,AutoDrillingCompleted,6159,0
2059,EV27000935_9503,Event,27/02/2025,00:08:34,AutoDrillingCompleted,53% ,AutoDrillingCompleted,6160,0
2059,EV27001935_9505,Event,27/02/2025,00:16:49,AutoDrillingCompleted,53% ,AutoDrillingCompleted,6162,0
361,EV27002436_9506,Event,27/02/2025,00:20:33,AdpePausedByOperator,9% ,AdpePausedByOperator,6163,0
247,EV27002436_9506,Event,27/02/2025,00:20:33,AutoDrillingAbortedAutonomousDrillingPaused,6% ,AutoDrillingAbortedAutonomousDrillingPaused,6163,2
126,EV27002936_9507,Event,27/02/2025,00:27:42,AutoDrillingAbortedDrillingAbortedByOperator,3% ,AutoDrillingAbortedDrillingAbortedByOperator,6164,0
2059,EV27003936_9509,Event,27/02/2025,00:34:42,AutoDrillingCompleted,53% ,AutoDrillingCompleted,6166,0
2059,EV27004436_9510,Event,27/02/2025,00:42:59,AutoDrillingCompleted,53% ,AutoDrillingCompleted,6167,0
2059,EV27005436_9512,Event,27/02/2025,00:51:13,AutoDrillingCompleted,53% ,AutoDrillingCompleted,6169,0
2059,EV27005936_9513,Event,27/02/2025,00:59:24,AutoDrillingCompleted,53% ,AutoDrillingCompleted,6170,0
2059,EV27010937_9515,Event,27/02/2025,01:08:23,AutoDrillingCompleted,53% ,AutoDrillingCompleted,6172,0
83,EV27011437_9516,Event,27/02/2025,01:09:44,AutoTrammingBlockedTramInterlockActive,2% ,AutoTrammingBlockedTramInterlockActive,6173,1
37,EV27011437_9516,Event,27/02/2025,01:12:00,AutoStanceShiftPreconditionNotMet,1% ,AutoStanceShiftPreconditionNotMet,6173,1
2059,EV27012437_9518,Event,27/02/2025,01:21:00,AutoDrillingCompleted,53% ,AutoDrillingCompleted,6175,0
304,EV27012437_9518,Event,27/02/2025,01:21:08,AdpeAbortedByOperator,8% ,AdpeAbortedByOperator,6175,0
2059,EV27013438_9520,Event,27/02/2025,01:32:55,AutoDrillingCompleted,53% ,AutoDrillingCompleted,6177,0
2059,EV27014438_9522,Event,27/02/2025,01:41:26,AutoDrillingCompleted,53% ,AutoDrillingCompleted,6179,0
2059,EV27015438_9524,Event,27/02/2025,01:49:49,AutoDrillingCompleted,53% ,AutoDrillingCompleted,6181,0
2059,EV27015938_9525,Event,27/02/2025,01:58:03,AutoDrillingCompleted,53% ,AutoDrillingCompleted,6182,0
2059,EV27020938_9527,Event,27/02/2025,02:07:11,AutoDrillingCompleted,53% ,AutoDrillingCompleted,6184,0
2059,EV27021439_9528,Event,27/02/2025,02:13:27,AutoDrillingCompleted,53% ,AutoDrillingCompleted,6185,0
115,EV27021939_9529,Event,27/02/2025,02:19:33,AutoDrillingAbortedTeleremoteCommunicationDelayIsTooBig,3% ,AutoDrillingAbortedTeleremoteCommunicationDelayIsTooBig,6186,0
2059,EV27022439_9530,Event,27/02/2025,02:20:17,AutoDrillingCompleted,53% ,AutoDrillingCompleted,6187,0
2059,EV27022939_9531,Event,27/02/2025,02:26:20,AutoDrillingCompleted,53% ,AutoDrillingCompleted,6188,0
126,EV27023939_9533,Event,27/02/2025,02:38:17,AutoDrillingAbortedDrillingAbortedByOperator,3% ,AutoDrillingAbortedDrillingAbortedByOperator,6190,0
304,EV27024940_9535,Event,27/02/2025,02:46:53,AdpeAbortedByOperator,8% ,AdpeAbortedByOperator,6192,0
30,EV27024940_9535,Event,27/02/2025,02:46:54,StanceShiftBlockedBitInHole,1% ,StanceShiftBlockedBitInHole,6192,0
30,EV27024940_9535,Event,27/02/2025,02:46:58,StanceShiftBlockedBitInHole,1% ,StanceShiftBlockedBitInHole,6192,0
2059,EV27025940_9537,Event,27/02/2025,02:55:48,AutoDrillingCompleted,53% ,AutoDrillingCompleted,6194,0
2059,EV27030440_9538,Event,27/02/2025,03:02:37,AutoDrillingCompleted,53% ,AutoDrillingCompleted,6195,0
361,EV27031440_9540,Event,27/02/2025,03:12:22,AdpePausedByOperator,9% ,AdpePausedByOperator,6197,0
247,EV27031440_9540,Event,27/02/2025,03:12:22,AutoDrillingAbortedAutonomousDrillingPaused,6% ,AutoDrillingAbortedAutonomousDrillingPaused,6197,2
304,EV27031440_9540,Event,27/02/2025,03:12:23,AdpeAbortedByOperator,8% ,AdpeAbortedByOperator,6197,0
2059,EV27032441_9542,Event,27/02/2025,03:22:06,AutoDrillingCompleted,53% ,AutoDrillingCompleted,6199,0
126,EV27033441_9544,Event,27/02/2025,03:31:11,AutoDrillingAbortedDrillingAbortedByOperator,3% ,AutoDrillingAbortedDrillingAbortedByOperator,6201,0
2059,EV27033941_9545,Event,27/02/2025,03:36:51,AutoDrillingCompleted,53% ,AutoDrillingCompleted,6202,0
2059,EV27034942_9547,Event,27/02/2025,03:46:27,AutoDrillingCompleted,53% ,AutoDrillingCompleted,6204,0
2059,EV27035942_9549,Event,27/02/2025,03:54:52,AutoDrillingCompleted,53% ,AutoDrillingCompleted,6206,0
71,EV27040942_9551,Event,27/02/2025,04:06:24,AutoDrillingAbortedNoRecoverFromLowPenetrationJam,2% ,AutoDrillingAbortedNoRecoverFromLowPenetrationJam,6208,0
126,EV27041442_9552,Event,27/02/2025,04:12:39,AutoDrillingAbortedDrillingAbortedByOperator,3% ,AutoDrillingAbortedDrillingAbortedByOperator,6209,0
126,EV27041442_9552,Event,27/02/2025,04:14:26,AutoDrillingAbortedDrillingAbortedByOperator,3% ,AutoDrillingAbortedDrillingAbortedByOperator,6209,0
2059,EV27041943_9553,Event,27/02/2025,04:17:58,AutoDrillingCompleted,53% ,AutoDrillingCompleted,6210,0
304,EV27042443_9554,Event,27/02/2025,04:22:39,AdpeAbortedByOperator,8% ,AdpeAbortedByOperator,6211,0
2059,EV27043443_9556,Event,27/02/2025,04:31:14,AutoDrillingCompleted,53% ,AutoDrillingCompleted,6213,0
71,EV27043943_9557,Event,27/02/2025,04:38:30,AutoDrillingAbortedNoRecoverFromLowPenetrationJam,2% ,AutoDrillingAbortedNoRecoverFromLowPenetrationJam,6214,0
126,EV27044443_9558,Event,27/02/2025,04:41:19,AutoDrillingAbortedDrillingAbortedByOperator,3% ,AutoDrillingAbortedDrillingAbortedByOperator,6215,0
2059,EV27044443_9558,Event,27/02/2025,04:44:33,AutoDrillingCompleted,53% ,AutoDrillingCompleted,6215,0
304,EV27044443_9558,Event,27/02/2025,04:44:40,AdpeAbortedByOperator,8% ,AdpeAbortedByOperator,6215,0
126,EV27045443_9560,Event,27/02/2025,04:51:59,AutoDrillingAbortedDrillingAbortedByOperator,3% ,AutoDrillingAbortedDrillingAbortedByOperator,6217,0
126,EV27045443_9560,Event,27/02/2025,04:53:06,AutoDrillingAbortedDrillingAbortedByOperator,3% ,AutoDrillingAbortedDrillingAbortedByOperator,6217,0
2059,EV27045944_9561,Event,27/02/2025,04:56:49,AutoDrillingCompleted,53% ,AutoDrillingCompleted,6218,0
304,EV27045944_9561,Event,27/02/2025,04:57:10,AdpeAbortedByOperator,8% ,AdpeAbortedByOperator,6218,0
126,EV27050444_9562,Event,27/02/2025,05:03:36,AutoDrillingAbortedDrillingAbortedByOperator,3% ,AutoDrillingAbortedDrillingAbortedByOperator,6219,0
2059,EV27052445_9566,Event,27/02/2025,05:21:10,AutoDrillingCompleted,53% ,AutoDrillingCompleted,6223,0
14,EV27053445_9568,Event,27/02/2025,05:34:39,AdpeAbortedFromOpsLevers,0% ,AdpeAbortedFromOpsLevers,6225,0
247,EV27053445_9568,Event,27/02/2025,05:34:39,AutoDrillingAbortedAutonomousDrillingPaused,6% ,AutoDrillingAbortedAutonomousDrillingPaused,6225,2
2059,EV27053945_9569,Event,27/02/2025,05:35:13,AutoDrillingCompleted,53% ,AutoDrillingCompleted,6226,0
2059,EV27055446_9572,Event,27/02/2025,05:50:30,AutoDrillingCompleted,53% ,AutoDrillingCompleted,6229,0
2059,EV27060946_9574,Event,27/02/2025,06:09:04,AutoDrillingCompleted,53% ,AutoDrillingCompleted,6231,0
71,EV27062947_9578,Event,27/02/2025,06:29:45,AutoDrillingAbortedNoRecoverFromLowPenetrationJam,2% ,AutoDrillingAbortedNoRecoverFromLowPenetrationJam,6235,0
2059,EV27064447_9581,Event,27/02/2025,06:42:28,AutoDrillingCompleted,53% ,AutoDrillingCompleted,6238,0
2059,EV27065447_9583,Event,27/02/2025,06:51:43,AutoDrillingCompleted,53% ,AutoDrillingCompleted,6240,0
41,EV27065948_9584,Event,27/02/2025,06:56:00,AutoDrillingAbortedDrillingInterlocked,1% ,AutoDrillingAbortedDrillingInterlocked,6241,1
2059,EV27071448_9587,Event,27/02/2025,07:10:47,AutoDrillingCompleted,53% ,AutoDrillingCompleted,6244,0
2059,EV27072449_9589,Event,27/02/2025,07:21:32,AutoDrillingCompleted,53% ,AutoDrillingCompleted,6246,0
2059,EV27073449_9591,Event,27/02/2025,07:33:01,AutoDrillingCompleted,53% ,AutoDrillingCompleted,6248,0
2059,EV27074449_9593,Event,27/02/2025,07:44:34,AutoDrillingCompleted,53% ,AutoDrillingCompleted,6250,0
2059,EV27075949_9596,Event,27/02/2025,07:56:16,AutoDrillingCompleted,53% ,AutoDrillingCompleted,6253,0
2059,EV27080950_9597,Event,27/02/2025,08:09:44,AutoDrillingCompleted,53% ,AutoDrillingCompleted,6254,0
2059,EV27082451_9600,Event,27/02/2025,08:20:00,AutoDrillingCompleted,53% ,AutoDrillingCompleted,6257,0
2059,EV27083451_9602,Event,27/02/2025,08:30:16,AutoDrillingCompleted,53% ,AutoDrillingCompleted,6259,0
16,EV27084451_9604,Event,27/02/2025,08:42:17,AutoDrillingAbortedNoRecoverFromHighRotationPressureJam,0% ,AutoDrillingAbortedNoRecoverFromHighRotationPressureJam,6261,1
2059,EV27084951_9605,Event,27/02/2025,08:46:55,AutoDrillingCompleted,53% ,AutoDrillingCompleted,6262,0
71,EV27085952_9607,Event,27/02/2025,08:57:55,AutoDrillingAbortedNoRecoverFromLowPenetrationJam,2% ,AutoDrillingAbortedNoRecoverFromLowPenetrationJam,6264,0
361,EV27090452_9608,Event,27/02/2025,09:03:12,AdpePausedByOperator,9% ,AdpePausedByOperator,6265,0
247,EV27090452_9608,Event,27/02/2025,09:03:12,AutoDrillingAbortedAutonomousDrillingPaused,6% ,AutoDrillingAbortedAutonomousDrillingPaused,6265,2
361,EV27090452_9608,Event,27/02/2025,09:04:09,AdpePausedByOperator,9% ,AdpePausedByOperator,6265,0
247,EV27090452_9608,Event,27/02/2025,09:04:09,AutoDrillingAbortedAutonomousDrillingPaused,6% ,AutoDrillingAbortedAutonomousDrillingPaused,6265,2
2059,EV27111456_9615,Event,27/02/2025,11:10:05,AutoDrillingCompleted,53% ,AutoDrillingCompleted,6270,0
126,EV27111956_9616,Event,27/02/2025,11:17:39,AutoDrillingAbortedDrillingAbortedByOperator,3% ,AutoDrillingAbortedDrillingAbortedByOperator,6271,0
2059,EV27112456_9617,Event,27/02/2025,11:23:45,AutoDrillingCompleted,53% ,AutoDrillingCompleted,6272,0
16,EV27113957_9620,Event,27/02/2025,11:36:56,AutoDrillingAbortedNoRecoverFromHighRotationPressureJam,0% ,AutoDrillingAbortedNoRecoverFromHighRotationPressureJam,6275,1
126,EV27114957_9622,Event,27/02/2025,11:46:55,AutoDrillingAbortedDrillingAbortedByOperator,3% ,AutoDrillingAbortedDrillingAbortedByOperator,6277,0
126,EV27122458_9628,Event,27/02/2025,12:20:24,AutoDrillingAbortedDrillingAbortedByOperator,3% ,AutoDrillingAbortedDrillingAbortedByOperator,6282,0
126,EV27143716_9633,Event,27/02/2025,14:33:31,AutoDrillingAbortedDrillingAbortedByOperator,3% ,AutoDrillingAbortedDrillingAbortedByOperator,6287,0
361,EV27145216_9636,Event,27/02/2025,14:51:53,AdpePausedByOperator,9% ,AdpePausedByOperator,6290,0
247,EV27145216_9636,Event,27/02/2025,14:51:53,AutoDrillingAbortedAutonomousDrillingPaused,6% ,AutoDrillingAbortedAutonomousDrillingPaused,6290,1
16,EV27150216_9638,Event,27/02/2025,14:59:37,AutoDrillingAbortedNoRecoverFromHighRotationPressureJam,0% ,AutoDrillingAbortedNoRecoverFromHighRotationPressureJam,6292,1
2059,EV27151216_9640,Event,27/02/2025,15:09:40,AutoDrillingCompleted,53% ,AutoDrillingCompleted,6294,0
115,EV27152217_9642,Event,27/02/2025,15:20:13,AutoDrillingAbortedTeleremoteCommunicationDelayIsTooBig,3% ,AutoDrillingAbortedTeleremoteCommunicationDelayIsTooBig,6296,0
247,EV27153717_9645,Event,27/02/2025,15:32:21,AutoDrillingAbortedAutonomousDrillingPaused,6% ,AutoDrillingAbortedAutonomousDrillingPaused,6299,2
2059,EV27155718_9649,Event,27/02/2025,15:55:17,AutoDrillingCompleted,53% ,AutoDrillingCompleted,6303,0
14,EV27160218_9650,Event,27/02/2025,16:01:12,AdpeAbortedFromOpsLevers,0% ,AdpeAbortedFromOpsLevers,6304,0
247,EV27160218_9650,Event,27/02/2025,16:01:12,AutoDrillingAbortedAutonomousDrillingPaused,6% ,AutoDrillingAbortedAutonomousDrillingPaused,6304,2
2059,EV27161218_9652,Event,27/02/2025,16:10:46,AutoDrillingCompleted,53% ,AutoDrillingCompleted,6306,0
2059,EV27162719_9655,Event,27/02/2025,16:26:31,AutoDrillingCompleted,53% ,AutoDrillingCompleted,6309,0
41,EV27163219_9656,Event,27/02/2025,16:30:04,AutoDrillingAbortedDrillingInterlocked,1% ,AutoDrillingAbortedDrillingInterlocked,6310,1
304,EV27163719_9657,Event,27/02/2025,16:34:27,AdpeAbortedByOperator,8% ,AdpeAbortedByOperator,6311,0
30,EV27163719_9657,Event,27/02/2025,16:34:29,StanceShiftBlockedBitInHole,1% ,StanceShiftBlockedBitInHole,6311,0
304,EV27163719_9657,Event,27/02/2025,16:34:36,AdpeAbortedByOperator,8% ,AdpeAbortedByOperator,6311,0
30,EV27163719_9657,Event,27/02/2025,16:34:39,StanceShiftBlockedBitInHole,1% ,StanceShiftBlockedBitInHole,6311,2
304,EV27163719_9657,Event,27/02/2025,16:34:41,AdpeAbortedByOperator,8% ,AdpeAbortedByOperator,6311,0
361,EV27163719_9657,Event,27/02/2025,16:34:48,AdpePausedByOperator,9% ,AdpePausedByOperator,6311,0
247,EV27163719_9657,Event,27/02/2025,16:34:48,AutoDrillingAbortedAutonomousDrillingPaused,6% ,AutoDrillingAbortedAutonomousDrillingPaused,6311,2
304,EV27163719_9657,Event,27/02/2025,16:34:48,AdpeAbortedByOperator,8% ,AdpeAbortedByOperator,6311,4
30,EV27163719_9657,Event,27/02/2025,16:35:50,StanceShiftBlockedBitInHole,1% ,StanceShiftBlockedBitInHole,6311,0
304,EV27163719_9657,Event,27/02/2025,16:35:53,AdpeAbortedByOperator,8% ,AdpeAbortedByOperator,6311,0
30,EV27163719_9657,Event,27/02/2025,16:35:55,StanceShiftBlockedBitInHole,1% ,StanceShiftBlockedBitInHole,6311,0
304,EV27164219_9658,Event,27/02/2025,16:39:37,AdpeAbortedByOperator,8% ,AdpeAbortedByOperator,6312,0
30,EV27164219_9658,Event,27/02/2025,16:39:39,StanceShiftBlockedBitInHole,1% ,StanceShiftBlockedBitInHole,6312,0
30,EV27164219_9658,Event,27/02/2025,16:39:42,StanceShiftBlockedBitInHole,1% ,StanceShiftBlockedBitInHole,6312,0
30,EV27164219_9658,Event,27/02/2025,16:41:12,StanceShiftBlockedBitInHole,1% ,StanceShiftBlockedBitInHole,6312,0
304,EV27164219_9658,Event,27/02/2025,16:42:04,AdpeAbortedByOperator,8% ,AdpeAbortedByOperator,6312,0
2059,EV27165720_9660,Event,27/02/2025,16:56:12,AutoDrillingCompleted,53% ,AutoDrillingCompleted,6314,0
361,EV27165720_9660,Event,27/02/2025,16:57:17,AdpePausedByOperator,9% ,AdpePausedByOperator,6314,0
2059,EV27170720_9662,Event,27/02/2025,17:03:59,AutoDrillingCompleted,53% ,AutoDrillingCompleted,6316,0
37,EV27170720_9662,Event,27/02/2025,17:04:20,AutoStanceShiftPreconditionNotMet,1% ,AutoStanceShiftPreconditionNotMet,6316,1
304,EV27170720_9662,Event,27/02/2025,17:04:32,AdpeAbortedByOperator,8% ,AdpeAbortedByOperator,6316,0
71,EV27171220_9663,Event,27/02/2025,17:11:22,AutoDrillingAbortedNoRecoverFromLowPenetrationJam,2% ,AutoDrillingAbortedNoRecoverFromLowPenetrationJam,6317,0
2059,EV27172220_9665,Event,27/02/2025,17:19:18,AutoDrillingCompleted,53% ,AutoDrillingCompleted,6319,0
2059,EV27173721_9668,Event,27/02/2025,17:35:24,AutoDrillingCompleted,53% ,AutoDrillingCompleted,6322,0
2059,EV27175221_9671,Event,27/02/2025,17:49:54,AutoDrillingCompleted,53% ,AutoDrillingCompleted,6325,0
2059,EV27180722_9673,Event,27/02/2025,18:04:29,AutoDrillingCompleted,53% ,AutoDrillingCompleted,6327,0
2059,EV27182222_9675,Event,27/02/2025,18:17:47,AutoDrillingCompleted,53% ,AutoDrillingCompleted,6329,0
2059,EV27183222_9677,Event,27/02/2025,18:30:37,AutoDrillingCompleted,53% ,AutoDrillingCompleted,6331,0
361,EV27183222_9677,Event,27/02/2025,18:30:47,AdpePausedByOperator,9% ,AdpePausedByOperator,6331,0
304,EV27183222_9677,Event,27/02/2025,18:31:06,AdpeAbortedByOperator,8% ,AdpeAbortedByOperator,6331,0
81,EV27184223_9678,Event,27/02/2025,18:40:26,AutoNoFeasiblePathFound,2% ,AutoNoFeasiblePathFound,6332,0
304,EV27185223_9680,Event,27/02/2025,18:48:38,AdpeAbortedByOperator,8% ,AdpeAbortedByOperator,6334,0
71,EV27185723_9681,Event,27/02/2025,18:56:33,AutoDrillingAbortedNoRecoverFromLowPenetrationJam,2% ,AutoDrillingAbortedNoRecoverFromLowPenetrationJam,6335,0
2059,EV27191724_9684,Event,27/02/2025,19:15:48,AutoDrillingCompleted,53% ,AutoDrillingCompleted,6338,0
41,EV27192724_9686,Event,27/02/2025,19:22:37,AutoDrillingAbortedDrillingInterlocked,1% ,AutoDrillingAbortedDrillingInterlocked,6340,1
2059,EV27194225_9688,Event,27/02/2025,19:40:09,AutoDrillingCompleted,53% ,AutoDrillingCompleted,6342,0
2059,EV27195725_9691,Event,27/02/2025,19:53:09,AutoDrillingCompleted,53% ,AutoDrillingCompleted,6345,0
2059,EV27200725_9692,Event,27/02/2025,20:05:58,AutoDrillingCompleted,53% ,AutoDrillingCompleted,6346,0
2059,EV27202226_9695,Event,27/02/2025,20:18:30,AutoDrillingCompleted,53% ,AutoDrillingCompleted,6349,0
2059,EV27203726_9698,Event,27/02/2025,20:34:12,AutoDrillingCompleted,53% ,AutoDrillingCompleted,6352,0
41,EV27204227_9699,Event,27/02/2025,20:39:55,AutoDrillingAbortedDrillingInterlocked,1% ,AutoDrillingAbortedDrillingInterlocked,6353,1
304,EV27205227_9701,Event,27/02/2025,20:47:28,AdpeAbortedByOperator,8% ,AdpeAbortedByOperator,6355,0
30,EV27205227_9701,Event,27/02/2025,20:47:53,StanceShiftBlockedBitInHole,1% ,StanceShiftBlockedBitInHole,6355,0
30,EV27205227_9701,Event,27/02/2025,20:48:03,StanceShiftBlockedBitInHole,1% ,StanceShiftBlockedBitInHole,6355,0
30,EV27205227_9701,Event,27/02/2025,20:48:26,StanceShiftBlockedBitInHole,1% ,StanceShiftBlockedBitInHole,6355,0
304,EV27205227_9701,Event,27/02/2025,20:48:30,AdpeAbortedByOperator,8% ,AdpeAbortedByOperator,6355,0
71,EV27210227_9702,Event,27/02/2025,21:01:56,AutoDrillingAbortedNoRecoverFromLowPenetrationJam,2% ,AutoDrillingAbortedNoRecoverFromLowPenetrationJam,6356,0
2059,EV27211227_9704,Event,27/02/2025,21:10:59,AutoDrillingCompleted,53% ,AutoDrillingCompleted,6358,0
2059,EV27212728_9707,Event,27/02/2025,21:24:14,AutoDrillingCompleted,53% ,AutoDrillingCompleted,6361,0
247,EV27213729_9709,Event,27/02/2025,21:37:14,AutoDrillingAbortedAutonomousDrillingPaused,6% ,AutoDrillingAbortedAutonomousDrillingPaused,6363,2
71,EV27215229_9712,Event,27/02/2025,21:48:21,AutoDrillingAbortedNoRecoverFromLowPenetrationJam,2% ,AutoDrillingAbortedNoRecoverFromLowPenetrationJam,6366,0
115,EV27215229_9712,Event,27/02/2025,21:52:05,AutoDrillingAbortedTeleremoteCommunicationDelayIsTooBig,3% ,AutoDrillingAbortedTeleremoteCommunicationDelayIsTooBig,6366,0
71,EV27220229_9714,Event,27/02/2025,22:00:45,AutoDrillingAbortedNoRecoverFromLowPenetrationJam,2% ,AutoDrillingAbortedNoRecoverFromLowPenetrationJam,6368,0
2059,EV27221229_9716,Event,27/02/2025,22:08:56,AutoDrillingCompleted,53% ,AutoDrillingCompleted,6370,0
2059,EV27222730_9718,Event,27/02/2025,22:23:35,AutoDrillingCompleted,53% ,AutoDrillingCompleted,6372,0
361,EV27223230_9719,Event,27/02/2025,22:31:18,AdpePausedByOperator,9% ,AdpePausedByOperator,6373,0
247,EV27223230_9719,Event,27/02/2025,22:31:18,AutoDrillingAbortedAutonomousDrillingPaused,6% ,AutoDrillingAbortedAutonomousDrillingPaused,6373,2
2059,EV27224731_9722,Event,27/02/2025,22:46:01,AutoDrillingCompleted,53% ,AutoDrillingCompleted,6376,0
71,EV27225231_9723,Event,27/02/2025,22:51:43,AutoDrillingAbortedNoRecoverFromLowPenetrationJam,2% ,AutoDrillingAbortedNoRecoverFromLowPenetrationJam,6377,0
361,EV27231732_9728,Event,27/02/2025,23:13:05,AdpePausedByOperator,9% ,AdpePausedByOperator,6382,0
247,EV27231732_9728,Event,27/02/2025,23:13:05,AutoDrillingAbortedAutonomousDrillingPaused,6% ,AutoDrillingAbortedAutonomousDrillingPaused,6382,2
115,EV27232232_9729,Event,27/02/2025,23:17:38,AutoDrillingAbortedTeleremoteCommunicationDelayIsTooBig,3% ,AutoDrillingAbortedTeleremoteCommunicationDelayIsTooBig,6383,0
115,EV27232732_9730,Event,27/02/2025,23:22:57,AutoDrillingAbortedTeleremoteCommunicationDelayIsTooBig,3% ,AutoDrillingAbortedTeleremoteCommunicationDelayIsTooBig,6384,0
2059,EV27232732_9730,Event,27/02/2025,23:25:02,AutoDrillingCompleted,53% ,AutoDrillingCompleted,6384,0
2059,EV27234732_9734,Event,27/02/2025,23:43:37,AutoDrillingCompleted,53% ,AutoDrillingCompleted,6388,0
81,EV27234732_9734,Event,27/02/2025,23:44:11,AutoNoFeasiblePathFound,2% ,AutoNoFeasiblePathFound,6388,0
81,EV27235232_9735,Event,27/02/2025,23:50:34,AutoNoFeasiblePathFound,2% ,AutoNoFeasiblePathFound,6389,0
304,EV27235232_9735,Event,27/02/2025,23:51:01,AdpeAbortedByOperator,8% ,AdpeAbortedByOperator,6389,0
115,EV28000233_9737,Event,27/02/2025,23:59:58,AutoDrillingAbortedTeleremoteCommunicationDelayIsTooBig,3% ,AutoDrillingAbortedTeleremoteCommunicationDelayIsTooBig,6391,0
2059,EV28000733_9738,Event,28/02/2025,00:04:57,AutoDrillingCompleted,53% ,AutoDrillingCompleted,6392,0
81,EV28000733_9738,Event,28/02/2025,00:05:31,AutoNoFeasiblePathFound,2% ,AutoNoFeasiblePathFound,6392,0
304,EV28000733_9738,Event,28/02/2025,00:06:35,AdpeAbortedByOperator,8% ,AdpeAbortedByOperator,6392,0
361,EV28000733_9738,Event,28/02/2025,00:06:54,AdpePausedByOperator,9% ,AdpePausedByOperator,6392,0
304,EV28000733_9738,Event,28/02/2025,00:07:25,AdpeAbortedByOperator,8% ,AdpeAbortedByOperator,6392,0
115,EV28001233_9739,Event,28/02/2025,00:08:48,AutoDrillingAbortedTeleremoteCommunicationDelayIsTooBig,3% ,AutoDrillingAbortedTeleremoteCommunicationDelayIsTooBig,6393,0
115,EV28001233_9739,Event,28/02/2025,00:11:07,AutoDrillingAbortedTeleremoteCommunicationDelayIsTooBig,3% ,AutoDrillingAbortedTeleremoteCommunicationDelayIsTooBig,6393,0
115,EV28001733_9740,Event,28/02/2025,00:13:30,AutoDrillingAbortedTeleremoteCommunicationDelayIsTooBig,3% ,AutoDrillingAbortedTeleremoteCommunicationDelayIsTooBig,6394,0
2059,EV28003734_9744,Event,28/02/2025,00:32:37,AutoDrillingCompleted,53% ,AutoDrillingCompleted,6398,0
9,EV28003734_9744,Event,28/02/2025,00:33:37,AutoPathPlanningFailure,0% ,AutoPathPlanningFailure,6398,0
41,EV28004734_9746,Event,28/02/2025,00:43:38,AutoDrillingAbortedDrillingInterlocked,1% ,AutoDrillingAbortedDrillingInterlocked,6400,1
2059,EV28005734_9748,Event,28/02/2025,00:52:40,AutoDrillingCompleted,53% ,AutoDrillingCompleted,6402,0
2059,EV28010735_9750,Event,28/02/2025,01:04:11,AutoDrillingCompleted,53% ,AutoDrillingCompleted,6404,0
2059,EV28011735_9751,Event,28/02/2025,01:16:58,AutoDrillingCompleted,53% ,AutoDrillingCompleted,6405,0
2059,EV28013235_9754,Event,28/02/2025,01:32:27,AutoDrillingCompleted,53% ,AutoDrillingCompleted,6408,0
2059,EV28014736_9757,Event,28/02/2025,01:46:50,AutoDrillingCompleted,53% ,AutoDrillingCompleted,6411,0
2059,EV28020237_9760,Event,28/02/2025,01:59:47,AutoDrillingCompleted,53% ,AutoDrillingCompleted,6414,0
304,EV28021737_9762,Event,28/02/2025,02:13:03,AdpeAbortedByOperator,8% ,AdpeAbortedByOperator,6416,0
71,EV28022237_9763,Event,28/02/2025,02:22:28,AutoDrillingAbortedNoRecoverFromLowPenetrationJam,2% ,AutoDrillingAbortedNoRecoverFromLowPenetrationJam,6417,0
16,EV28023237_9765,Event,28/02/2025,02:32:37,AutoDrillingAbortedNoRecoverFromHighRotationPressureJam,0% ,AutoDrillingAbortedNoRecoverFromHighRotationPressureJam,6419,0
304,EV28023737_9766,Event,28/02/2025,02:36:17,AdpeAbortedByOperator,8% ,AdpeAbortedByOperator,6420,0
30,EV28023737_9766,Event,28/02/2025,02:36:31,StanceShiftBlockedBitInHole,1% ,StanceShiftBlockedBitInHole,6420,0
304,EV28023737_9766,Event,28/02/2025,02:36:34,AdpeAbortedByOperator,8% ,AdpeAbortedByOperator,6420,0
71,EV28024237_9767,Event,28/02/2025,02:39:57,AutoDrillingAbortedNoRecoverFromLowPenetrationJam,2% ,AutoDrillingAbortedNoRecoverFromLowPenetrationJam,6421,0
304,EV28024738_9768,Event,28/02/2025,02:44:32,AdpeAbortedByOperator,8% ,AdpeAbortedByOperator,6422,0
361,EV28024738_9768,Event,28/02/2025,02:44:46,AdpePausedByOperator,9% ,AdpePausedByOperator,6422,0
247,EV28024738_9768,Event,28/02/2025,02:44:46,AutoDrillingAbortedAutonomousDrillingPaused,6% ,AutoDrillingAbortedAutonomousDrillingPaused,6422,2
126,EV28025238_9769,Event,28/02/2025,02:49:25,AutoDrillingAbortedDrillingAbortedByOperator,3% ,AutoDrillingAbortedDrillingAbortedByOperator,6423,0
126,EV28025238_9769,Event,28/02/2025,02:50:01,AutoDrillingAbortedDrillingAbortedByOperator,3% ,AutoDrillingAbortedDrillingAbortedByOperator,6423,0
126,EV28025238_9769,Event,28/02/2025,02:51:11,AutoDrillingAbortedDrillingAbortedByOperator,3% ,AutoDrillingAbortedDrillingAbortedByOperator,6423,0
2059,EV28034239_9776,Event,28/02/2025,03:38:59,AutoDrillingCompleted,53% ,AutoDrillingCompleted,6430,0
304,EV28035240_9778,Event,28/02/2025,03:49:00,AdpeAbortedByOperator,8% ,AdpeAbortedByOperator,6432,0
152,EV28035240_9778,Event,28/02/2025,03:49:03,AutoStanceShiftFailedPosInterlockActive,4% ,AutoStanceShiftFailedPosInterlockActive,6432,1
304,EV28035240_9778,Event,28/02/2025,03:49:39,AdpeAbortedByOperator,8% ,AdpeAbortedByOperator,6432,0
361,EV28035740_9779,Event,28/02/2025,03:57:24,AdpePausedByOperator,9% ,AdpePausedByOperator,6433,0
304,EV28040240_9780,Event,28/02/2025,03:58:29,AdpeAbortedByOperator,8% ,AdpeAbortedByOperator,6434,0
12,EV28040240_9780,Event,28/02/2025,03:59:08,AutoStanceShiftFailedHoleOutOfReach,0% ,AutoStanceShiftFailedHoleOutOfReach,6434,0
304,EV28040240_9780,Event,28/02/2025,03:59:59,AdpeAbortedByOperator,8% ,AdpeAbortedByOperator,6434,0
2059,EV28041240_9782,Event,28/02/2025,04:09:39,AutoDrillingCompleted,53% ,AutoDrillingCompleted,6436,0
361,EV28041240_9782,Event,28/02/2025,04:10:14,AdpePausedByOperator,9% ,AdpePausedByOperator,6436,0
304,EV28041240_9782,Event,28/02/2025,04:10:30,AdpeAbortedByOperator,8% ,AdpeAbortedByOperator,6436,0
361,EV28041740_9783,Event,28/02/2025,04:13:48,AdpePausedByOperator,9% ,AdpePausedByOperator,6437,0
304,EV28041740_9783,Event,28/02/2025,04:15:16,AdpeAbortedByOperator,8% ,AdpeAbortedByOperator,6437,0
2059,EV28042740_9784,Event,28/02/2025,04:27:30,AutoDrillingCompleted,53% ,AutoDrillingCompleted,6438,0
361,EV28043241_9785,Event,28/02/2025,04:27:53,AdpePausedByOperator,9% ,AdpePausedByOperator,6439,0
304,EV28043241_9785,Event,28/02/2025,04:29:18,AdpeAbortedByOperator,8% ,AdpeAbortedByOperator,6439,0
41,EV28043241_9785,Event,28/02/2025,04:32:02,AutoDrillingAbortedDrillingInterlocked,1% ,AutoDrillingAbortedDrillingInterlocked,6439,1
2059,EV28045241_9789,Event,28/02/2025,04:52:09,AutoDrillingCompleted,53% ,AutoDrillingCompleted,6443,0
361,EV28045241_9789,Event,28/02/2025,04:52:12,AdpePausedByOperator,9% ,AdpePausedByOperator,6443,1
304,EV28050242_9791,Event,28/02/2025,04:58:31,AdpeAbortedByOperator,8% ,AdpeAbortedByOperator,6445,0
361,EV28050242_9791,Event,28/02/2025,05:02:17,AdpePausedByOperator,9% ,AdpePausedByOperator,6445,0
247,EV28050242_9791,Event,28/02/2025,05:02:17,AutoDrillingAbortedAutonomousDrillingPaused,6% ,AutoDrillingAbortedAutonomousDrillingPaused,6445,2
16,EV28052242_9793,Event,28/02/2025,05:21:08,AutoDrillingAbortedNoRecoverFromHighRotationPressureJam,0% ,AutoDrillingAbortedNoRecoverFromHighRotationPressureJam,6447,0
2059,EV28053742_9796,Event,28/02/2025,05:33:30,AutoDrillingCompleted,53% ,AutoDrillingCompleted,6450,0
2059,EV28054243_9797,Event,28/02/2025,05:40:09,AutoDrillingCompleted,53% ,AutoDrillingCompleted,6451,0
2059,EV28054743_9798,Event,28/02/2025,05:46:34,AutoDrillingCompleted,53% ,AutoDrillingCompleted,6452,0
2059,EV28055743_9800,Event,28/02/2025,05:54:50,AutoDrillingCompleted,53% ,AutoDrillingCompleted,6454,0
304,EV28055743_9800,Event,28/02/2025,05:56:11,AdpeAbortedByOperator,8% ,AdpeAbortedByOperator,6454,0
14,EV28060243_9801,Event,28/02/2025,05:59:31,AdpeAbortedFromOpsLevers,0% ,AdpeAbortedFromOpsLevers,6455,0
247,EV28060243_9801,Event,28/02/2025,05:59:31,AutoDrillingAbortedAutonomousDrillingPaused,6% ,AutoDrillingAbortedAutonomousDrillingPaused,6455,2
2059,EV28060744_9802,Event,28/02/2025,06:05:54,AutoDrillingCompleted,53% ,AutoDrillingCompleted,6456,0
2059,EV28061744_9804,Event,28/02/2025,06:17:15,AutoDrillingCompleted,53% ,AutoDrillingCompleted,6458,0
2059,EV28062744_9806,Event,28/02/2025,06:27:42,AutoDrillingCompleted,53% ,AutoDrillingCompleted,6460,0
2059,EV28064245_9809,Event,28/02/2025,06:38:07,AutoDrillingCompleted,53% ,AutoDrillingCompleted,6463,0
126,EV28064745_9810,Event,28/02/2025,06:42:53,AutoDrillingAbortedDrillingAbortedByOperator,3% ,AutoDrillingAbortedDrillingAbortedByOperator,6464,0
115,EV28065745_9812,Event,28/02/2025,06:53:51,AutoDrillingAbortedTeleremoteCommunicationDelayIsTooBig,3% ,AutoDrillingAbortedTeleremoteCommunicationDelayIsTooBig,6466,0
115,EV28065745_9812,Event,28/02/2025,06:55:03,AutoDrillingAbortedTeleremoteCommunicationDelayIsTooBig,3% ,AutoDrillingAbortedTeleremoteCommunicationDelayIsTooBig,6466,0
115,EV28065745_9812,Event,28/02/2025,06:56:37,AutoDrillingAbortedTeleremoteCommunicationDelayIsTooBig,3% ,AutoDrillingAbortedTeleremoteCommunicationDelayIsTooBig,6466,0
2059,EV28070245_9813,Event,28/02/2025,07:00:56,AutoDrillingCompleted,53% ,AutoDrillingCompleted,6467,0
2059,EV28071245_9815,Event,28/02/2025,07:11:52,AutoDrillingCompleted,53% ,AutoDrillingCompleted,6469,0
361,EV28071746_9816,Event,28/02/2025,07:13:43,AdpePausedByOperator,9% ,AdpePausedByOperator,6470,0
247,EV28071746_9816,Event,28/02/2025,07:13:43,AutoDrillingAbortedAutonomousDrillingPaused,6% ,AutoDrillingAbortedAutonomousDrillingPaused,6470,2
2059,EV28113420_9838,Event,28/02/2025,11:31:01,AutoDrillingCompleted,53% ,AutoDrillingCompleted,6492,0
2059,EV28114420_9840,Event,28/02/2025,11:40:48,AutoDrillingCompleted,53% ,AutoDrillingCompleted,6494,0
2059,EV28115420_9842,Event,28/02/2025,11:49:43,AutoDrillingCompleted,53% ,AutoDrillingCompleted,6496,0
2059,EV28120421_9844,Event,28/02/2025,12:00:23,AutoDrillingCompleted,53% ,AutoDrillingCompleted,6498,0
15,EV28120421_9844,Event,28/02/2025,12:00:54,AutoStanceShiftFailedAutoModeaDeactivated,0% ,AutoStanceShiftFailedAutoModeaDeactivated,6498,0
2059,EV28121421_9846,Event,28/02/2025,12:12:18,AutoDrillingCompleted,53% ,AutoDrillingCompleted,6500,0
115,EV28121921_9847,Event,28/02/2025,12:18:00,AutoDrillingAbortedTeleremoteCommunicationDelayIsTooBig,3% ,AutoDrillingAbortedTeleremoteCommunicationDelayIsTooBig,6501,0
2059,EV28123422_9849,Event,28/02/2025,12:32:13,AutoDrillingCompleted,53% ,AutoDrillingCompleted,6503,0
2059,EV28124422_9851,Event,28/02/2025,12:44:15,AutoDrillingCompleted,53% ,AutoDrillingCompleted,6505,0
361,EV28125423_9853,Event,28/02/2025,12:49:42,AdpePausedByOperator,9% ,AdpePausedByOperator,6507,0
247,EV28125423_9853,Event,28/02/2025,12:49:42,AutoDrillingAbortedAutonomousDrillingPaused,6% ,AutoDrillingAbortedAutonomousDrillingPaused,6507,1
2059,EV28131424_9857,Event,28/02/2025,13:11:02,AutoDrillingCompleted,53% ,AutoDrillingCompleted,6511,0
2059,EV28132424_9859,Event,28/02/2025,13:22:20,AutoDrillingCompleted,53% ,AutoDrillingCompleted,6513,0
2059,EV28133424_9861,Event,28/02/2025,13:32:27,AutoDrillingCompleted,53% ,AutoDrillingCompleted,6515,0
2059,EV28135425_9865,Event,28/02/2025,13:51:27,AutoDrillingCompleted,53% ,AutoDrillingCompleted,6519,0
2059,EV28140426_9867,Event,28/02/2025,14:02:28,AutoDrillingCompleted,53% ,AutoDrillingCompleted,6521,0
361,EV28140426_9867,Event,28/02/2025,14:03:51,AdpePausedByOperator,9% ,AdpePausedByOperator,6521,0
152,EV28141926_9870,Event,28/02/2025,14:15:49,AutoStanceShiftFailedPosInterlockActive,4% ,AutoStanceShiftFailedPosInterlockActive,6524,1
152,EV28141926_9870,Event,28/02/2025,14:15:53,AutoStanceShiftFailedPosInterlockActive,4% ,AutoStanceShiftFailedPosInterlockActive,6524,1
152,EV28141926_9870,Event,28/02/2025,14:16:26,AutoStanceShiftFailedPosInterlockActive,4% ,AutoStanceShiftFailedPosInterlockActive,6524,1
115,EV28142426_9871,Event,28/02/2025,14:19:32,AutoDrillingAbortedTeleremoteCommunicationDelayIsTooBig,3% ,AutoDrillingAbortedTeleremoteCommunicationDelayIsTooBig,6525,0
115,EV28143426_9873,Event,28/02/2025,14:30:14,AutoDrillingAbortedTeleremoteCommunicationDelayIsTooBig,3% ,AutoDrillingAbortedTeleremoteCommunicationDelayIsTooBig,6527,0
2059,EV28143926_9874,Event,28/02/2025,14:38:57,AutoDrillingCompleted,53% ,AutoDrillingCompleted,6528,0
41,EV28144927_9876,Event,28/02/2025,14:44:46,AutoDrillingAbortedDrillingInterlocked,1% ,AutoDrillingAbortedDrillingInterlocked,6530,1
2059,EV28145927_9878,Event,28/02/2025,14:55:49,AutoDrillingCompleted,53% ,AutoDrillingCompleted,6532,0
2059,EV28150927_9880,Event,28/02/2025,15:06:56,AutoDrillingCompleted,53% ,AutoDrillingCompleted,6534,0
2059,EV28152428_9883,Event,28/02/2025,15:21:31,AutoDrillingCompleted,53% ,AutoDrillingCompleted,6537,0
2059,EV28153928_9886,Event,28/02/2025,15:35:34,AutoDrillingCompleted,53% ,AutoDrillingCompleted,6540,0
71,EV28154928_9888,Event,28/02/2025,15:46:24,AutoDrillingAbortedNoRecoverFromLowPenetrationJam,2% ,AutoDrillingAbortedNoRecoverFromLowPenetrationJam,6542,0
2059,EV28155429_9889,Event,28/02/2025,15:53:09,AutoDrillingCompleted,53% ,AutoDrillingCompleted,6543,0
2059,EV28160429_9891,Event,28/02/2025,16:03:56,AutoDrillingCompleted,53% ,AutoDrillingCompleted,6545,0
2059,EV28161429_9893,Event,28/02/2025,16:14:20,AutoDrillingCompleted,53% ,AutoDrillingCompleted,6547,0
2059,EV28162930_9896,Event,28/02/2025,16:26:11,AutoDrillingCompleted,53% ,AutoDrillingCompleted,6550,0
361,EV28163930_9898,Event,28/02/2025,16:39:01,AdpePausedByOperator,9% ,AdpePausedByOperator,6552,0
247,EV28163930_9898,Event,28/02/2025,16:39:01,AutoDrillingAbortedAutonomousDrillingPaused,6% ,AutoDrillingAbortedAutonomousDrillingPaused,6552,2
2059,EV28164930_9900,Event,28/02/2025,16:47:31,AutoDrillingCompleted,53% ,AutoDrillingCompleted,6554,0
2059,EV28165931_9901,Event,28/02/2025,16:57:55,AutoDrillingCompleted,53% ,AutoDrillingCompleted,6555,0
2059,EV28170931_9903,Event,28/02/2025,17:08:52,AutoDrillingCompleted,53% ,AutoDrillingCompleted,6557,0
2059,EV28171931_9905,Event,28/02/2025,17:19:18,AutoDrillingCompleted,53% ,AutoDrillingCompleted,6559,0
2059,EV28173432_9908,Event,28/02/2025,17:29:42,AutoDrillingCompleted,53% ,AutoDrillingCompleted,6562,0
2059,EV28174432_9910,Event,28/02/2025,17:40:21,AutoDrillingCompleted,53% ,AutoDrillingCompleted,6564,0
2059,EV28175433_9912,Event,28/02/2025,17:51:05,AutoDrillingCompleted,53% ,AutoDrillingCompleted,6566,0
2059,EV28180433_9914,Event,28/02/2025,18:01:30,AutoDrillingCompleted,53% ,AutoDrillingCompleted,6568,0
361,EV28181933_9917,Event,28/02/2025,18:18:57,AdpePausedByOperator,9% ,AdpePausedByOperator,6571,0
247,EV28181933_9917,Event,28/02/2025,18:18:57,AutoDrillingAbortedAutonomousDrillingPaused,6% ,AutoDrillingAbortedAutonomousDrillingPaused,6571,2
361,EV28181933_9917,Event,28/02/2025,18:19:18,AdpePausedByOperator,9% ,AdpePausedByOperator,6571,0
247,EV28181933_9917,Event,28/02/2025,18:19:18,AutoDrillingAbortedAutonomousDrillingPaused,6% ,AutoDrillingAbortedAutonomousDrillingPaused,6571,2
126,EV28182433_9918,Event,28/02/2025,18:23:51,AutoDrillingAbortedDrillingAbortedByOperator,3% ,AutoDrillingAbortedDrillingAbortedByOperator,6572,0
126,EV28182933_9919,Event,28/02/2025,18:28:03,AutoDrillingAbortedDrillingAbortedByOperator,3% ,AutoDrillingAbortedDrillingAbortedByOperator,6573,0
304,EV28183434_9920,Event,28/02/2025,18:30:39,AdpeAbortedByOperator,8% ,AdpeAbortedByOperator,6574,0
30,EV28195837_9924,Event,28/02/2025,19:05:50,StanceShiftBlockedBitInHole,1% ,StanceShiftBlockedBitInHole,6578,0
304,EV28195837_9924,Event,28/02/2025,19:05:55,AdpeAbortedByOperator,8% ,AdpeAbortedByOperator,6578,0
30,EV28211416_9931,Event,28/02/2025,21:09:34,StanceShiftBlockedBitInHole,1% ,StanceShiftBlockedBitInHole,6585,1
304,EV28211416_9931,Event,28/02/2025,21:09:40,AdpeAbortedByOperator,8% ,AdpeAbortedByOperator,6585,0
2059,EV28211416_9931,Event,28/02/2025,21:12:30,AutoDrillingCompleted,53% ,AutoDrillingCompleted,6585,0
81,EV28211416_9931,Event,28/02/2025,21:13:02,AutoNoFeasiblePathFound,2% ,AutoNoFeasiblePathFound,6585,0
304,EV28211916_9932,Event,28/02/2025,21:16:57,AdpeAbortedByOperator,8% ,AdpeAbortedByOperator,6586,0
12,EV28211916_9932,Event,28/02/2025,21:17:35,AutoStanceShiftFailedHoleOutOfReach,0% ,AutoStanceShiftFailedHoleOutOfReach,6586,0
304,EV28212417_9933,Event,28/02/2025,21:19:22,AdpeAbortedByOperator,8% ,AdpeAbortedByOperator,6587,0
2059,EV28213417_9935,Event,28/02/2025,21:32:14,AutoDrillingCompleted,53% ,AutoDrillingCompleted,6589,0
81,EV28213417_9935,Event,28/02/2025,21:32:52,AutoNoFeasiblePathFound,2% ,AutoNoFeasiblePathFound,6589,0
304,EV28213917_9936,Event,28/02/2025,21:35:46,AdpeAbortedByOperator,8% ,AdpeAbortedByOperator,6590,0
361,EV28220812_9941,Event,28/02/2025,22:03:16,AdpePausedByOperator,9% ,AdpePausedByOperator,6595,0
247,EV28220812_9941,Event,28/02/2025,22:03:16,AutoDrillingAbortedAutonomousDrillingPaused,6% ,AutoDrillingAbortedAutonomousDrillingPaused,6595,2
126,EV28221312_9942,Event,28/02/2025,22:08:47,AutoDrillingAbortedDrillingAbortedByOperator,3% ,AutoDrillingAbortedDrillingAbortedByOperator,6596,0
126,EV28221312_9942,Event,28/02/2025,22:10:53,AutoDrillingAbortedDrillingAbortedByOperator,3% ,AutoDrillingAbortedDrillingAbortedByOperator,6596,0
22,EV28221812_9943,Event,28/02/2025,22:14:05,AutoDrillingAbortedCavityDetected,1% ,AutoDrillingAbortedCavityDetected,6597,0
2059,EV28222812_9945,Event,28/02/2025,22:24:01,AutoDrillingCompleted,53% ,AutoDrillingCompleted,6599,0
22,EV28222812_9945,Event,28/02/2025,22:26:06,AutoDrillingAbortedCavityDetected,1% ,AutoDrillingAbortedCavityDetected,6599,0
126,EV28224813_9948,Event,28/02/2025,22:47:52,AutoDrillingAbortedDrillingAbortedByOperator,3% ,AutoDrillingAbortedDrillingAbortedByOperator,6602,0
361,EV28225813_9950,Event,28/02/2025,22:55:33,AdpePausedByOperator,9% ,AdpePausedByOperator,6604,0
247,EV28225813_9950,Event,28/02/2025,22:55:33,AutoDrillingAbortedAutonomousDrillingPaused,6% ,AutoDrillingAbortedAutonomousDrillingPaused,6604,2
304,EV28225813_9950,Event,28/02/2025,22:55:41,AdpeAbortedByOperator,8% ,AdpeAbortedByOperator,6604,0
22,EV28230313_9951,Event,28/02/2025,22:59:03,AutoDrillingAbortedCavityDetected,1% ,AutoDrillingAbortedCavityDetected,6605,0
2059,EV28231313_9953,Event,28/02/2025,23:08:38,AutoDrillingCompleted,53% ,AutoDrillingCompleted,6607,0
22,EV28231313_9953,Event,28/02/2025,23:10:26,AutoDrillingAbortedCavityDetected,1% ,AutoDrillingAbortedCavityDetected,6607,0
2059,EV28231814_9954,Event,28/02/2025,23:15:53,AutoDrillingCompleted,53% ,AutoDrillingCompleted,6608,0
22,EV28233314_9957,Event,28/02/2025,23:28:58,AutoDrillingAbortedCavityDetected,1% ,AutoDrillingAbortedCavityDetected,6611,0
2059,EV28233814_9958,Event,28/02/2025,23:35:24,AutoDrillingCompleted,53% ,AutoDrillingCompleted,6612,0
22,EV28233814_9958,Event,28/02/2025,23:38:02,AutoDrillingAbortedCavityDetected,1% ,AutoDrillingAbortedCavityDetected,6612,0
22,EV28234314_9959,Event,28/02/2025,23:38:19,AutoDrillingAbortedCavityDetected,1% ,AutoDrillingAbortedCavityDetected,6613,0
2059,EV28234815_9960,Event,28/02/2025,23:45:12,AutoDrillingCompleted,53% ,AutoDrillingCompleted,6614,0
