startHoleTime,AveRotPressure,drilledMeters,rigSerial,endHoleTime,AvePenetrRate,status,AveDampPressure,AveFlushPressure,reDrillStatus,holeID,Software,currentShift,AvePercPressure,AveFeedPressure
31/01/2025 23:55,38.83632432432432,3.897,0,01/02/2025 00:00,1.914,Success,0,13.865675675675675,0,35,6.28.1,2025-01-31 N,13.865675675675675,39.45254054054054
01/02/2025 00:03,39.29154054054054,3.919,0,01/02/2025 00:08,1.6433513513513514,Success,0,15.30081081081081,0,36,6.28.1,2025-01-31 N,15.30081081081081,39.931378378378376
01/02/2025 00:11,37.94565789473684,3.999,0,01/02/2025 00:16,1.599578947368421,Success,0,15.119605263157894,0,37,6.28.1,2025-01-31 N,15.119605263157894,39.893605263157895
01/02/2025 00:19,40.12127027027027,3.989,0,01/02/2025 00:24,1.8443783783783785,Success,0,15.370135135135133,0,38,6.28.1,2025-01-31 N,15.370135135135133,40.19610810810811
01/02/2025 00:39,36.5395,3.975,0,01/02/2025 01:02,1.5013157894736842,Success,0,14.348684210526315,0,39,6.28.1,2025-01-31 N,14.348684210526315,39.47323684210526
01/02/2025 01:05,38.60710526315789,3.973,0,01/02/2025 01:10,1.6106052631578949,Success,0,15.189868421052632,0,40,6.28.1,2025-01-31 N,15.189868421052632,40.23968421052631
01/02/2025 01:13,40.04063157894737,3.963,0,01/02/2025 01:19,1.7599210526315787,Success,0,13.891184210526315,0,41,6.28.1,2025-01-31 N,13.891184210526315,39.868184210526316
01/02/2025 01:22,41.052473684210526,4.007,0,01/02/2025 01:31,1.9007894736842106,Success,0,15.406578947368422,0,42,6.28.1,2025-01-31 N,15.406578947368422,39.575526315789475
01/02/2025 01:34,39.32320512820513,4.093,0,01/02/2025 01:41,1.6715897435897438,Success,0,15.387692307692308,0,43,6.28.1,2025-01-31 N,15.387692307692308,40.278179487179486
01/02/2025 01:56,37.036162162162164,3.953,0,01/02/2025 02:00,1.8852702702702702,Success,0,15.118783783783783,0,45,6.28.1,2025-01-31 N,15.118783783783783,39.52445945945946
01/02/2025 02:04,39.761717948717944,4.073,0,01/02/2025 02:11,1.6132820512820512,Success,0,14.865384615384615,0,46,6.28.1,2025-01-31 N,14.865384615384615,40.90135897435898
01/02/2025 02:14,38.98595,4.177,0,01/02/2025 02:19,1.5465,Success,0,15.34575,0,47,6.28.1,2025-01-31 N,15.34575,39.785225
01/02/2025 02:22,38.367536585365855,4.321,0,01/02/2025 02:28,1.9372682926829268,Success,0,15.455853658536585,0,48,6.28.1,2025-01-31 N,15.455853658536585,39.808902439024386
01/02/2025 02:31,38.99529268292683,4.365,0,01/02/2025 02:36,1.6678780487804876,Success,0,15.246585365853658,0,49,6.28.1,2025-01-31 N,15.246585365853658,39.92590243902439
01/02/2025 02:42,43.791404761904765,4.436,0,01/02/2025 02:54,1.976047619047619,Success,0,12.72,0,50,6.28.1,2025-01-31 N,12.72,39.52128571428572
01/02/2025 03:02,40.89664285714286,4.22,0,01/02/2025 03:04,1.9426428571428571,Success,0,12.649285714285714,0,51,6.28.1,2025-01-31 N,12.649285714285714,40.070571428571434
01/02/2025 03:11,40.736975609756094,4.273,0,01/02/2025 03:17,1.4844390243902439,Success,0,15.406463414634146,0,52,6.28.1,2025-01-31 N,15.406463414634146,40.68160975609756
01/02/2025 03:27,41.55025581395349,4.445,0,01/02/2025 03:38,1.581720930232558,Success,0,14.707674418604652,0,53,6.28.1,2025-01-31 N,14.707674418604652,38.419000000000004
01/02/2025 03:52,41.14315909090909,4.631,0,01/02/2025 04:00,1.5641818181818181,Success,0,15.178977272727273,0,55,6.28.1,2025-01-31 N,15.178977272727273,42.531727272727274
01/02/2025 04:04,41.465636363636364,4.569,0,01/02/2025 04:09,1.7836818181818181,Success,0,15.007840909090909,0,56,6.28.1,2025-01-31 N,15.007840909090909,39.64675
01/02/2025 04:14,41.336687500000004,4.982,0,01/02/2025 04:21,1.2519791666666666,Success,0,16.8121875,0,57,6.28.1,2025-01-31 N,16.8121875,40.5066875
01/02/2025 04:32,41.60061702,4.914,0,01/02/2025 04:43,1.2362765957446809,Success,0,15.604787234042552,0,59,6.28.1,2025-01-31 N,15.604787234042552,40.928659574468085
01/02/2025 04:47,36.47920408163265,5.12,0,01/02/2025 04:52,1.9315714285714287,Success,0,15.568775510204082,0,60,6.28.1,2025-01-31 N,15.568775510204082,39.61540816326531
01/02/2025 04:55,42.55151020408163,5.206,0,01/02/2025 05:05,2.029081632653061,Success,0,15.445408163265308,0,61,6.28.1,2025-01-31 N,15.445408163265308,40.58740816326531
01/02/2025 05:09,38.51964705882353,5.296,0,01/02/2025 05:14,1.8158039215686272,Success,0,16.594117647058823,0,62,6.28.1,2025-01-31 N,16.594117647058823,41.23249019607843
01/02/2025 05:20,38.90551219512195,5.023,0,01/02/2025 05:48,1.506170731707317,Fail,0,14.32939024390244,0,63,6.28.1,2025-01-31 N,14.32939024390244,39.41439024390244
01/02/2025 06:00,38.35,5.004,0,01/02/2025 06:06,1.5065416666666664,Success,0,15.9553125,0,65,6.28.1,2025-02-01 D,15.9553125,40.78997916666667
01/02/2025 06:19,39.39554166666667,5.049,0,01/02/2025 06:25,1.3444583333333335,Success,0,16.323125,0,66,6.28.1,2025-02-01 D,16.323125,40.783541666666665
01/02/2025 06:28,40.22720454545455,5.138,0,01/02/2025 06:32,4.391272727272727,Success,0,12.379090909090907,0,67,6.28.1,2025-02-01 D,12.379090909090907,38.25209090909091
01/02/2025 06:35,38.24166,5.203,0,01/02/2025 06:41,1.75856,Success,0,16.8918,0,68,6.28.1,2025-02-01 D,16.8918,40.993339999999996
01/02/2025 06:46,39.564499999999995,5.129,0,01/02/2025 06:53,1.18442,Success,0,16.2546,0,69,6.28.1,2025-02-01 D,16.2546,41.11794
01/02/2025 06:56,39.93441666666667,5.023,0,01/02/2025 07:02,1.4231458333333336,Success,0,16.5153125,0,70,6.28.1,2025-02-01 D,16.5153125,41.150875
01/02/2025 07:05,40.83875,4.92,0,01/02/2025 07:08,1.2708125,Success,0,13.8984375,0,71,6.28.1,2025-02-01 D,13.8984375,40.71375
01/02/2025 07:30,39.570851063829785,5.064,0,01/02/2025 08:00,1.4190851063829788,Success,0,15.472659574468086,0,72,6.28.1,2025-02-01 D,15.472659574468086,40.49465957446809
01/02/2025 08:04,40.210408163265306,5.195,0,01/02/2025 08:10,1.833469387755102,Success,0,15.973163265306122,0,73,6.28.1,2025-02-01 D,15.973163265306122,40.91704081632653
01/02/2025 08:37,38.74801960784314,5.264,0,01/02/2025 08:44,1.0724901960784314,Success,0,16.20294117647059,0,75,6.28.1,2025-02-01 D,16.20294117647059,41.711960784313725
01/02/2025 08:47,39.10236,5.172,0,01/02/2025 08:53,1.49226,Success,0,16.1958,0,76,6.28.1,2025-02-01 D,16.1958,41.3274
01/02/2025 09:07,38.46317647058824,5.004,0,01/02/2025 09:11,1.5763235294117646,Success,0,14.90470588235294,0,78,6.28.1,2025-02-01 D,14.90470588235294,39.36185294117647
01/02/2025 09:25,38.03706122,5.079,0,01/02/2025 09:31,1.4303061224489795,Success,0,16.286632653061222,0,79,6.28.1,2025-02-01 D,16.286632653061222,41.403
01/02/2025 09:35,38.59619149,5.191,0,01/02/2025 09:40,1.6894255319148936,Success,0,15.770744680851065,0,80,6.28.1,2025-02-01 D,15.770744680851065,41.25291489361702
01/02/2025 09:47,39.90058,5.256,0,01/02/2025 09:54,2.11028,Success,0,16.476,0,81,6.28.1,2025-02-01 D,16.476,41.095299999999995
01/02/2025 10:15,36.6145,1.038,0,01/02/2025 10:16,1.5390000000000001,Fail,0,13.3305,0,83,6.28.1,2025-02-01 D,13.3305,40.6438
01/02/2025 18:23,39.82038461538461,4.092,0,01/02/2025 18:29,1.3587179487179488,Success,0,14.808461538461538,0,84,6.28.1,2025-02-01 N,14.808461538461538,39.77946153846153
01/02/2025 18:34,38.316291666666665,4.997,0,01/02/2025 18:40,1.2999166666666666,Success,0,16.0240625,0,85,6.28.1,2025-02-01 N,16.0240625,41.58483333333333
01/02/2025 18:50,35.069229166666666,5.073,0,01/02/2025 18:56,1.4095625,Success,0,16.232499999999998,0,86,6.28.1,2025-02-01 N,16.232499999999998,41.14083333333333
01/02/2025 19:01,36.54142857142857,5.086,0,01/02/2025 19:06,1.8046530612244898,Success,0,16.615102040816325,0,87,6.28.1,2025-02-01 N,16.615102040816325,40.86228571428571
01/02/2025 19:10,35.89066,5.169,0,01/02/2025 19:17,1.4973400000000001,Success,0,16.7277,0,88,6.28.1,2025-02-01 N,16.7277,40.87824
01/02/2025 20:03,36.94747368421052,3.989,0,01/02/2025 20:08,1.3069736842105264,Success,0,15.133815789473685,0,90,6.28.1,2025-02-01 N,15.133815789473685,40.32015789473684
01/02/2025 20:14,36.87287179487179,3.998,0,01/02/2025 20:20,1.048,Success,0,15.433076923076923,0,91,6.28.1,2025-02-01 N,15.433076923076923,40.50553846153846
01/02/2025 20:29,37.231658536585364,4.312,0,01/02/2025 20:34,1.3733658536585365,Success,0,15.294512195121952,0,92,6.28.1,2025-02-01 N,15.294512195121952,42.25639024390244
01/02/2025 21:29,38.42958139534883,4.471,0,01/02/2025 21:34,1.6011162790697675,Success,0,15.716511627906979,0,94,6.28.1,2025-02-01 N,15.716511627906979,40.55795348837209
01/02/2025 21:46,37.662608695652175,4.763,0,01/02/2025 21:51,1.9974782608695651,Success,0,16.74326086956522,0,96,6.28.1,2025-02-01 N,16.74326086956522,40.707869565217386
01/02/2025 21:54,38.34762790697675,4.819,0,01/02/2025 22:00,1.5711627906976744,Success,0,15.856046511627905,0,97,6.28.1,2025-02-01 N,15.856046511627905,42.318604651162794
01/02/2025 22:10,38.977000000000004,4.914,0,01/02/2025 22:15,2.489468085106383,Success,0,15.637021276595743,0,98,6.28.1,2025-02-01 N,15.637021276595743,39.58363829787234
01/02/2025 22:29,41.185522727272726,4.667,0,01/02/2025 22:34,1.6211363636363636,Success,0,15.701590909090909,0,100,6.28.1,2025-02-01 N,15.701590909090909,40.31004545454545
01/02/2025 22:37,38.273577777777774,4.683,0,01/02/2025 22:43,1.4792,Success,0,16.06566666666667,0,101,6.28.1,2025-02-01 N,16.06566666666667,40.07988888888889
01/02/2025 22:46,39.370063829787235,4.837,0,01/02/2025 22:51,1.4248085106382977,Success,0,15.578297872340425,0,102,6.28.1,2025-02-01 N,15.578297872340425,40.41740425531915
01/02/2025 23:03,38.03108163265306,5.141,0,01/02/2025 23:13,1.21,Success,0,15.964285714285714,0,104,6.28.1,2025-02-01 N,15.964285714285714,48.173204081632655
01/02/2025 23:27,39.69068085106383,4.837,0,01/02/2025 23:34,1.2745531914893615,Success,0,15.710744680851063,0,106,6.28.1,2025-02-01 N,15.710744680851063,40.65674468085106
01/02/2025 23:36,38.717999999999996,4.812,0,01/02/2025 23:37,1.5867777777777778,Success,0,13.166666666666666,0,107,6.28.1,2025-02-01 N,13.166666666666666,38.19888888888889
01/02/2025 23:58,40.71710869565218,4.859,0,02/02/2025 00:04,1.712913043478261,Success,0,16.324891304347826,0,108,6.28.1,2025-02-01 N,16.324891304347826,40.48
02/02/2025 00:07,42.20742553191489,4.929,0,02/02/2025 00:14,1.7751702127659577,Success,0,14.364574468085106,0,109,6.28.1,2025-02-01 N,14.364574468085106,45.30368085106383
02/02/2025 00:17,40.15173469387755,5.088,0,02/02/2025 00:22,1.5102857142857145,Success,0,16.096530612244898,0,110,6.28.1,2025-02-01 N,16.096530612244898,41.08008163265306
02/02/2025 00:26,39.0486875,5.351,0,02/02/2025 00:33,2.142583333333333,Success,0,15.301250000000001,0,111,6.28.1,2025-02-01 N,15.301250000000001,39.30133333333333
02/02/2025 01:33,42.911840000000005,5.271,0,02/02/2025 01:45,1.79704,Success,0,15.829500000000001,0,112,6.28.1,2025-02-01 N,15.829500000000001,41.07822
02/02/2025 01:56,43.16324074074074,5.592,0,02/02/2025 02:02,1.3237407407407407,Success,0,16.336666666666666,0,113,6.28.1,2025-02-01 N,16.336666666666666,40.95261111111111
02/02/2025 02:23,41.02371153846154,5.374,0,02/02/2025 02:29,1.2313653846153847,Success,0,16.544711538461538,0,115,6.28.1,2025-02-01 N,16.544711538461538,41.57844230769231
02/02/2025 02:42,41.51098039215686,5.305,0,02/02/2025 02:48,1.4621764705882352,Success,0,16.31970588235294,0,117,6.28.1,2025-02-01 N,16.31970588235294,41.39911764705882
02/02/2025 02:51,40.7546,5.317,0,02/02/2025 02:57,1.37098,Success,0,17.2344,0,118,6.28.1,2025-02-01 N,17.2344,41.023500000000006
02/02/2025 03:00,40.71498076923077,5.411,0,02/02/2025 03:06,1.38725,Success,0,16.658076923076923,0,119,6.28.1,2025-02-01 N,16.658076923076923,41.23057692307692
02/02/2025 03:10,39.86513461538462,5.355,0,02/02/2025 03:16,1.3507692307692307,Success,0,16.01221153846154,0,120,6.28.1,2025-02-01 N,16.01221153846154,40.179826923076924
02/02/2025 03:20,42.048634615384614,5.404,0,02/02/2025 03:27,1.5981346153846152,Success,0,15.827884615384615,0,121,6.28.1,2025-02-01 N,15.827884615384615,40.866807692307695
02/02/2025 03:29,41.48278431372549,5.276,0,02/02/2025 03:36,1.3291960784313726,Success,0,16.82676470588235,0,122,6.28.1,2025-02-01 N,16.82676470588235,41.542313725490196
02/02/2025 03:39,40.053836734693874,5.151,0,02/02/2025 03:45,1.4256530612244898,Success,0,16.58204081632653,0,123,6.28.1,2025-02-01 N,16.58204081632653,40.89983673469388
02/02/2025 03:48,41.89214285714286,5.064,0,02/02/2025 03:59,1.448,Success,0,15.702857142857145,0,124,6.28.1,2025-02-01 N,15.702857142857145,41.340163265306124
02/02/2025 04:02,40.26842,5.159,0,02/02/2025 04:09,1.3847399999999999,Success,0,16.0224,0,125,6.28.1,2025-02-01 N,16.0224,40.97424
02/02/2025 04:11,41.36866,5.205,0,02/02/2025 04:18,1.47426,Success,0,16.0356,0,126,6.28.1,2025-02-01 N,16.0356,40.327220000000004
02/02/2025 04:23,40.801833333333335,5.325,0,02/02/2025 04:26,1.2371666666666667,Success,0,14.0675,0,127,6.28.1,2025-02-01 N,14.0675,38.39370833333333
02/02/2025 04:43,42.610692307692304,5.415,0,02/02/2025 04:49,1.4095961538461539,Success,0,16.65576923076923,0,128,6.28.1,2025-02-01 N,16.65576923076923,41.66225
02/02/2025 04:52,40.6353,5.217,0,02/02/2025 04:58,1.26512,Success,0,16.3494,0,129,6.28.1,2025-02-01 N,16.3494,41.399480000000004
02/02/2025 05:04,40.570673469387756,5.14,0,02/02/2025 05:10,1.4801428571428572,Success,0,16.381836734693877,0,130,6.28.1,2025-02-01 N,16.381836734693877,41.15724489795918
02/02/2025 05:13,40.299734693877554,5.101,0,02/02/2025 05:18,1.4761020408163263,Success,0,16.01816326530612,0,131,6.28.1,2025-02-01 N,16.01816326530612,40.78475510204082
02/02/2025 05:22,41.72377551020408,5.145,0,02/02/2025 05:27,1.4776326530612245,Success,0,16.381836734693877,0,132,6.28.1,2025-02-01 N,16.381836734693877,41.65726530612245
02/02/2025 05:30,39.11321276595744,5.231,0,02/02/2025 05:35,3.189468085106383,Success,0,15.604468085106383,0,133,6.28.1,2025-02-01 N,15.604468085106383,39.18531914893617
02/02/2025 05:41,39.94850980392157,5.362,0,02/02/2025 05:46,1.5430588235294118,Success,0,16.545882352941177,0,134,6.28.1,2025-02-01 N,16.545882352941177,40.65649019607844
02/02/2025 05:53,40.022411764705886,5.411,0,02/02/2025 05:59,2.0998823529411763,Success,0,15.393235294117646,0,135,6.28.1,2025-02-01 N,15.393235294117646,40.77621568627451
02/02/2025 06:02,39.83506,5.217,0,02/02/2025 06:08,1.27762,Success,0,16.602899999999998,0,136,6.28.1,2025-02-02 D,16.602899999999998,41.476940000000006
02/02/2025 06:12,40.82044897959184,5.126,0,02/02/2025 06:17,1.3794489795918368,Success,0,15.907346938775511,0,137,6.28.1,2025-02-02 D,15.907346938775511,40.89404081632653
02/02/2025 06:23,41.981367346938775,5.053,0,02/02/2025 06:28,1.404204081632653,Success,0,16.451326530612246,0,138,6.28.1,2025-02-02 D,16.451326530612246,40.48948979591837
02/02/2025 06:32,40.87059184,5.046,0,02/02/2025 06:37,1.5037551020408162,Success,0,16.731428571428573,0,139,6.28.1,2025-02-02 D,16.731428571428573,41.14475510204082
02/02/2025 06:40,33.041000000000004,5.146,0,02/02/2025 06:40,2.6306666666666665,Success,0,7.665,0,140,6.28.1,2025-02-02 D,7.665,36.519666666666666
02/02/2025 06:59,40.913428571428575,5.18,0,02/02/2025 07:04,1.7804285714285715,Success,0,15.796224489795918,0,141,6.28.1,2025-02-02 D,15.796224489795918,40.91083673469388
02/02/2025 07:45,42.017300000000006,5.155,0,02/02/2025 07:51,1.5452000000000001,Success,0,16.1478,0,143,6.28.1,2025-02-02 D,16.1478,40.967479999999995
02/02/2025 07:54,41.29561224489796,5.058,0,02/02/2025 08:00,1.2999795918367347,Success,0,16.370816326530612,0,144,6.28.1,2025-02-02 D,16.370816326530612,41.16216326530612
02/02/2025 08:04,40.57804166666667,5.05,0,02/02/2025 08:09,1.5305208333333333,Success,0,16.290937500000002,0,145,6.28.1,2025-02-02 D,16.290937500000002,41.07329166666667
02/02/2025 08:13,42.74140816326531,5.099,0,02/02/2025 08:18,1.5409387755102042,Success,0,16.03346939,0,146,6.28.1,2025-02-02 D,16.03346939,41.334714285714284
02/02/2025 10:34,41.678459999999994,5.238,0,02/02/2025 10:40,1.52558,Success,0,16.3104,0,148,6.28.1,2025-02-02 D,16.3104,41.58244
02/02/2025 10:45,42.05892307692307,5.329,0,02/02/2025 10:51,1.2578653846153847,Success,0,16.228557692307692,0,149,6.28.1,2025-02-02 D,16.228557692307692,41.32501923076923
02/02/2025 11:16,40.85864,5.169,0,02/02/2025 11:22,1.2949000000000002,Success,0,15.5754,0,150,6.28.1,2025-02-02 D,15.5754,41.1601
02/02/2025 11:25,40.992416666666664,5.015,0,02/02/2025 11:31,1.3711041666666668,Success,0,16.1846875,0,151,6.28.1,2025-02-02 D,16.1846875,41.406708333333334
02/02/2025 11:35,41.79802040816327,5.044,0,02/02/2025 11:41,1.3901224489795918,Success,0,15.781530612244897,0,152,6.28.1,2025-02-02 D,15.781530612244897,41.007346938775505
02/02/2025 11:44,38.39725,5.06,0,02/02/2025 11:47,1.6283333333333332,Success,0,15.156875,0,153,6.28.1,2025-02-02 D,15.156875,39.5695
02/02/2025 12:18,41.26726530612245,5.081,0,02/02/2025 12:24,1.4964081632653061,Success,0,16.28112244897959,0,154,6.28.1,2025-02-02 D,16.28112244897959,41.475367346938775
02/02/2025 12:27,42.002939999999995,5.143,0,02/02/2025 12:33,1.55014,Success,0,16.3068,0,155,6.28.1,2025-02-02 D,16.3068,40.30418
02/02/2025 12:46,40.929315789473684,4.013,0,02/02/2025 12:51,2.054157894736842,Success,0,15.301973684210527,0,156,6.28.1,2025-02-02 D,15.301973684210527,39.447210526315786
02/02/2025 13:05,40.827564102564104,4.028,0,02/02/2025 13:10,1.8069743589743588,Success,0,15.614615384615385,0,158,6.28.1,2025-02-02 D,15.614615384615385,38.612051282051276
02/02/2025 13:23,40.61244736842105,4.049,0,02/02/2025 13:27,2.128078947368421,Success,0,15.590526315789475,0,159,6.28.1,2025-02-02 D,15.590526315789475,39.70747368421053
02/02/2025 13:41,39.429225,4.172,0,02/02/2025 13:46,1.832525,Success,0,15.906375,0,160,6.28.1,2025-02-02 D,15.906375,38.293975
02/02/2025 16:11,45.230891891891886,11.722,0,02/02/2025 16:19,2.799783783783784,Fail,0,18.009932432432432,0,161,6.28.1,2025-02-02 D,18.009932432432432,42.21340541
02/02/2025 18:44,49.05196,13.265,0,02/02/2025 19:08,2.3740799999999997,Success,0,17.375880000000002,0,162,6.28.1,2025-02-02 N,17.375880000000002,43.250552000000006
02/02/2025 19:24,47.11069105691057,13.133,0,02/02/2025 19:40,2.6094471544715447,Success,0,17.838658536585367,0,163,6.28.1,2025-02-02 N,17.838658536585367,43.98782926829268
02/02/2025 19:49,45.664731707317074,13.107,0,02/02/2025 20:02,2.7667967479674793,Success,0,18.012926829268295,0,164,6.28.1,2025-02-02 N,18.012926829268295,43.35372357723577
02/02/2025 20:08,42.39396,13.254,0,02/02/2025 20:17,2.8021866666666666,Success,0,17.156000000000002,0,165,6.28.1,2025-02-02 N,17.156000000000002,41.13872
02/02/2025 20:47,42.51332,13.083,0,02/02/2025 21:02,2.9170666666666665,Success,0,16.7392,0,166,6.28.1,2025-02-02 N,16.7392,41.816226666666665
02/02/2025 21:41,38.59963157894737,13.002,0,02/02/2025 21:43,3.119263157894737,Success,0,12.138157894736842,0,167,6.28.1,2025-02-02 N,12.138157894736842,38.57968421052632
02/02/2025 22:06,45.08968032786885,13.027,0,02/02/2025 22:18,2.9063360655737704,Success,0,18.209877049180328,0,168,6.28.1,2025-02-02 N,18.209877049180328,43.62604918032787
02/02/2025 22:29,46.85191935483871,13.158,0,02/02/2025 22:43,2.7420887096774194,Success,0,17.579274193548386,0,169,6.28.1,2025-02-02 N,17.579274193548386,43.27195161290322
02/02/2025 22:48,47.644752,13.157,0,02/02/2025 23:03,2.789192,Success,0,18.018720000000002,0,170,6.28.1,2025-02-02 N,18.018720000000002,43.67832
02/02/2025 23:24,50.94241666666667,12.972,0,02/02/2025 23:53,3.1543916666666667,Fail,0,17.434625,0,171,6.28.1,2025-02-02 N,17.434625,41.71240833333333
03/02/2025 00:27,46.00197321428571,13.342,0,03/02/2025 00:50,2.8765,Success,0,18.176651785714288,0,173,6.28.1,2025-02-02 N,18.176651785714288,43.289187500000004
03/02/2025 02:42,41.967642857142856,13.289,0,03/02/2025 02:45,2.8698214285714285,Success,0,12.745714285714286,0,174,6.28.1,2025-02-02 N,12.745714285714286,37.30853571428571
03/02/2025 03:23,48.602392,13.255,0,03/02/2025 03:46,2.9622640000000002,Success,0,17.73384,0,175,6.28.1,2025-02-02 N,17.73384,43.270455999999996
03/02/2025 03:50,49.806395161290325,13.185,0,03/02/2025 04:06,2.6621774193548386,Success,0,17.349314516129034,0,176,6.28.1,2025-02-02 N,17.349314516129034,44.02492741935484
03/02/2025 04:17,49.324203252032525,13.084,0,03/02/2025 04:29,2.7001463414634146,Success,0,18.05060975609756,0,177,6.28.1,2025-02-02 N,18.05060975609756,44.273837398373985
03/02/2025 04:36,47.19406796116505,10.944,0,03/02/2025 04:49,2.851466019417476,Fail,0,17.528009708737866,0,178,6.28.1,2025-02-02 N,17.528009708737866,42.39617475728155
03/02/2025 08:06,60.522808,13.243,0,03/02/2025 08:21,2.522904,Success,0,16.22784,0,179,6.28.1,2025-02-03 D,16.22784,41.665856
03/02/2025 08:26,57.023559999999996,13.316,0,03/02/2025 08:38,2.684624,Success,0,16.61832,0,180,6.28.1,2025-02-03 D,16.61832,42.266048000000005
03/02/2025 08:43,50.65943835616439,13.355,0,03/02/2025 08:51,3.335136986,Success,0,16.503698630136984,0,181,6.28.1,2025-02-03 D,16.503698630136984,40.80601369863014
03/02/2025 10:45,50.486298507462685,14.905,0,03/02/2025 11:12,2.772,Success,0,15.233955223880596,0,183,6.28.1,2025-02-03 D,15.233955223880596,34.30798507462686
03/02/2025 19:47,47.79410294117647,7.216,0,03/02/2025 19:59,2.7098088235294115,Fail,0,15.450661764705883,0,185,6.28.1,2025-02-03 N,15.450661764705883,34.709676470588235
03/02/2025 21:17,45.943799999999996,13.387,0,03/02/2025 21:27,3.1633333333333336,Success,0,15.860600000000002,0,186,6.28.1,2025-02-03 N,15.860600000000002,35.417480000000005
05/02/2025 07:50,43.40823214285714,5.801,0,05/02/2025 07:59,1.687357142857143,Success,0,16.844732142857143,0,187,6.28.1,2025-02-05 D,16.844732142857143,48.32317857142857
05/02/2025 08:02,41.74198214285714,5.818,0,05/02/2025 08:08,1.4606607142857142,Success,0,17.424107142857142,0,188,6.28.1,2025-02-05 D,17.424107142857142,42.28601785714285
05/02/2025 08:12,40.97330357142857,5.83,0,05/02/2025 08:18,1.9842142857142857,Success,0,18.333214285714288,0,189,6.28.1,2025-02-05 D,18.333214285714288,41.761714285714284
05/02/2025 08:21,41.7675,5.827,0,05/02/2025 08:25,1.8209107142857144,Success,0,17.68794642857143,0,190,6.28.1,2025-02-05 D,17.68794642857143,42.050267857142856
05/02/2025 08:29,40.33680357142857,5.872,0,05/02/2025 08:33,2.1160535714285715,Success,0,17.507142857142856,0,191,6.28.1,2025-02-05 D,17.507142857142856,42.26398214285714
05/02/2025 08:56,40.99670175438596,5.904,0,05/02/2025 09:02,1.847140350877193,Success,0,18.073157894736845,0,194,6.28.1,2025-02-05 D,18.073157894736845,41.325947368421055
05/02/2025 09:04,44.04775,5.846,0,05/02/2025 09:17,1.6835357142857144,Success,0,17.079375000000002,0,195,6.28.1,2025-02-05 D,17.079375000000002,47.30955357142857
05/02/2025 09:20,38.61414545454545,5.863,0,05/02/2025 09:24,1.9712181818181818,Success,0,17.507454545454546,0,196,6.28.1,2025-02-05 D,17.507454545454546,41.72067272727273
05/02/2025 09:28,38.07751785714286,5.921,0,05/02/2025 09:32,1.8093214285714285,Success,0,17.559375,0,197,6.28.1,2025-02-05 D,17.559375,41.98121428571428
05/02/2025 09:36,39.33701785714286,5.911,0,05/02/2025 09:40,1.7579464285714284,Success,0,18.10098214285714,0,198,6.28.1,2025-02-05 D,18.10098214285714,41.94805357142857
05/02/2025 09:52,37.57010344827586,6.024,0,05/02/2025 09:57,1.6080172413793103,Success,0,17.835775862068964,0,200,6.28.1,2025-02-05 D,17.835775862068964,42.32843103448276
05/02/2025 10:01,37.439,6.089,0,05/02/2025 10:07,1.5888983050847458,Success,0,17.778305084745764,0,201,6.28.1,2025-02-05 D,17.778305084745764,41.919254237288136
05/02/2025 10:09,37.81350847457627,6.112,0,05/02/2025 10:15,1.392406779661017,Success,0,18.042457627118647,0,202,6.28.1,2025-02-05 D,18.042457627118647,42.42364406779661
05/02/2025 10:18,37.33065517241379,6.049,0,05/02/2025 10:24,1.3289655172413792,Success,0,17.967672413793103,0,203,6.28.1,2025-02-05 D,17.967672413793103,42.381948275862065
05/02/2025 10:27,33.407125,6.063,0,05/02/2025 10:28,2.663625,Success,0,16.074375,0,204,6.28.1,2025-02-05 D,16.074375,40.054875
05/02/2025 10:44,37.422122807017544,5.937,0,05/02/2025 10:50,1.4669473684210526,Success,0,17.922631578947367,0,205,6.28.1,2025-02-05 D,17.922631578947367,42.45733333333334
05/02/2025 10:53,38.23491228070175,5.938,0,05/02/2025 10:59,1.4433157894736843,Success,0,17.53,0,206,6.28.1,2025-02-05 D,17.53,42.534894736842105
05/02/2025 11:02,38.75473684210526,5.942,0,05/02/2025 11:08,1.3748771929824561,Success,0,17.396315789473686,0,207,6.28.1,2025-02-05 D,17.396315789473686,42.46142105263158
05/02/2025 11:12,38.183912280701755,5.946,0,05/02/2025 11:17,1.4141403508771928,Success,0,17.816315789473684,0,208,6.28.1,2025-02-05 D,17.816315789473684,42.29357894736842
05/02/2025 11:20,37.489456140350875,5.915,0,05/02/2025 11:26,1.4019824561403509,Success,0,17.77421052631579,0,209,6.28.1,2025-02-05 D,17.77421052631579,42.31528070175439
05/02/2025 12:17,38.78928571428571,5.746,0,05/02/2025 12:24,1.4983392857142857,Success,0,17.72625,0,210,6.28.1,2025-02-05 D,17.72625,41.93882142857143
05/02/2025 12:26,39.98235714285715,5.819,0,05/02/2025 12:32,1.5849464285714288,Success,0,17.672410714285714,0,211,6.28.1,2025-02-05 D,17.672410714285714,42.315267857142864
05/02/2025 12:35,38.37321818181818,5.784,0,05/02/2025 12:40,1.787909090909091,Success,0,17.470636363636363,0,212,6.28.1,2025-02-05 D,17.470636363636363,42.067218181818184
05/02/2025 12:44,38.595290909090906,5.814,0,05/02/2025 12:48,1.8959272727272727,Success,0,17.18672727272727,0,213,6.28.1,2025-02-05 D,17.18672727272727,42.12678181818182
05/02/2025 12:51,38.82689474,5.885,0,05/02/2025 12:57,1.5505087719298247,Success,0,17.366842105263157,0,214,6.28.1,2025-02-05 D,17.366842105263157,41.352438596491226
05/02/2025 13:00,39.28951785714286,5.909,0,05/02/2025 13:05,1.7379642857142859,Success,0,16.999285714285715,0,215,6.28.1,2025-02-05 D,16.999285714285715,41.87216071428571
05/02/2025 13:08,39.04323214285714,5.882,0,05/02/2025 13:13,1.7064821428571428,Success,0,17.567946428571428,0,216,6.28.1,2025-02-05 D,17.567946428571428,42.02630357142857
05/02/2025 13:16,38.74851785714286,5.843,0,05/02/2025 13:20,1.913142857142857,Success,0,17.440982142857145,0,217,6.28.1,2025-02-05 D,17.440982142857145,42.18451785714286
05/02/2025 13:32,38.09914285714286,5.855,0,05/02/2025 13:37,1.6449642857142857,Success,0,17.486517857142857,0,218,6.28.1,2025-02-05 D,17.486517857142857,42.13094642857143
05/02/2025 13:40,37.48072727272727,5.8,0,05/02/2025 13:44,1.8724545454545454,Success,0,17.352,0,219,6.28.1,2025-02-05 D,17.352,41.77476363636364
05/02/2025 13:47,37.99953571428572,5.848,0,05/02/2025 13:52,1.8576428571428572,Success,0,17.334375,0,220,6.28.1,2025-02-05 D,17.334375,42.089214285714284
05/02/2025 13:55,36.690105263157896,5.926,0,05/02/2025 14:00,1.7961578947368422,Success,0,18.103157894736842,0,221,6.28.1,2025-02-05 D,18.103157894736842,42.274087719298244
05/02/2025 14:13,36.16801724137931,6.032,0,05/02/2025 14:19,1.5043448275862068,Success,0,18.328706896551726,0,223,6.28.1,2025-02-05 D,18.328706896551726,42.13943103448276
05/02/2025 14:22,37.44320689655173,5.997,0,05/02/2025 14:28,1.4087068965517242,Success,0,18.423362068965517,0,224,6.28.1,2025-02-05 D,18.423362068965517,42.287241379310345
05/02/2025 14:32,37.879,6.045,0,05/02/2025 14:37,1.3535172413793104,Success,0,17.517931034482757,0,225,6.28.1,2025-02-05 D,17.517931034482757,42.118362068965524
05/02/2025 14:41,38.31751724137931,5.995,0,05/02/2025 14:46,1.378741379310345,Success,0,17.713448275862067,0,226,6.28.1,2025-02-05 D,17.713448275862067,42.54791379310345
05/02/2025 14:49,37.28891228070175,5.955,0,05/02/2025 14:55,1.4182105263157894,Success,0,17.558684210526316,0,227,6.28.1,2025-02-05 D,17.558684210526316,42.09135087719298
05/02/2025 15:07,37.58375862068966,6.01,0,05/02/2025 15:12,1.4553793103448276,Success,0,17.773189655172413,0,229,6.28.1,2025-02-05 D,17.773189655172413,42.31413793103448
05/02/2025 15:15,36.88914035087719,5.928,0,05/02/2025 15:21,1.4472456140350876,Success,0,17.51736842105263,0,230,6.28.1,2025-02-05 D,17.51736842105263,42.41219298245614
05/02/2025 15:24,37.43387719298246,5.905,0,05/02/2025 15:29,1.4744912280701756,Success,0,17.61605263157895,0,231,6.28.1,2025-02-05 D,17.61605263157895,42.463070175438595
05/02/2025 15:33,37.23647368421052,5.922,0,05/02/2025 15:39,1.4876666666666667,Success,0,17.232894736842105,0,232,6.28.1,2025-02-05 D,17.232894736842105,41.80659649122807
05/02/2025 15:46,39.237607142857144,5.832,0,05/02/2025 15:52,1.3362678571428572,Success,0,17.521339285714287,0,233,6.28.1,2025-02-05 D,17.521339285714287,42.31985714285714
05/02/2025 16:05,38.104173076923075,5.736,0,05/02/2025 16:10,2.8482307692307693,Success,0,16.59346153846154,0,235,6.28.1,2025-02-05 D,16.59346153846154,41.17584615384616
05/02/2025 16:13,38.06916363636364,5.801,0,05/02/2025 16:19,1.5790727272727274,Success,0,17.424,0,236,6.28.1,2025-02-05 D,17.424,42.18105454545455
05/02/2025 16:22,43.01783928571429,5.831,0,05/02/2025 16:46,1.710857142857143,Success,0,16.549017857142857,0,237,6.28.1,2025-02-05 D,16.549017857142857,41.42314285714286
05/02/2025 16:49,38.711754385964916,5.925,0,05/02/2025 16:55,1.366859649122807,Success,0,18.001052631578947,0,238,6.28.1,2025-02-05 D,18.001052631578947,41.93080701754386
05/02/2025 17:07,38.39464912280702,5.897,0,05/02/2025 17:12,1.6271754385964912,Success,0,17.28184210526316,0,239,6.28.1,2025-02-05 D,17.28184210526316,41.37607018
05/02/2025 17:15,37.80282142857143,5.814,0,05/02/2025 17:20,1.739875,Success,0,17.641607142857143,0,240,6.28.1,2025-02-05 D,17.641607142857143,42.01005357142857
05/02/2025 17:30,39.52676363636364,5.784,0,05/02/2025 17:35,1.6805272727272729,Success,0,17.421,0,241,6.28.1,2025-02-05 D,17.421,41.946436363636366
05/02/2025 17:39,39.49046428571428,5.859,0,05/02/2025 17:44,1.704392857142857,Success,0,16.889196428571427,0,242,6.28.1,2025-02-05 D,16.889196428571427,40.71325
05/02/2025 18:08,41.44894736842105,5.971,0,05/02/2025 18:13,1.4749473684210528,Success,0,17.09842105263158,0,245,6.28.1,2025-02-05 N,17.09842105263158,42.18517543859649
05/02/2025 18:16,40.791547169811324,5.618,0,05/02/2025 18:21,1.5038490566037734,Success,0,16.800849056603774,0,246,6.28.1,2025-02-05 N,16.800849056603774,42.04041509433962
05/02/2025 18:25,40.480924528301884,5.539,0,05/02/2025 18:30,1.5026415094339622,Success,0,17.077358490566038,0,247,6.28.1,2025-02-05 N,17.077358490566038,42.04135849056604
05/02/2025 18:39,40.693698113207546,5.495,0,05/02/2025 18:44,1.4206981132075471,Success,0,16.927924528301887,0,248,6.28.1,2025-02-05 N,16.927924528301887,42.137113207547166
05/02/2025 18:47,39.968192307692306,5.502,0,05/02/2025 18:52,1.545326923076923,Success,0,16.78932692307692,0,249,6.28.1,2025-02-05 N,16.78932692307692,41.72005769230769
05/02/2025 18:55,40.013423076923075,5.431,0,05/02/2025 19:00,1.477153846153846,Success,0,16.994423076923077,0,250,6.28.1,2025-02-05 N,16.994423076923077,42.11667307692308
05/02/2025 19:33,40.7245,5.393,0,05/02/2025 19:38,1.4340576923076922,Success,0,16.763076923076923,0,253,6.28.1,2025-02-05 N,16.763076923076923,42.105423076923074
05/02/2025 19:41,40.25719607843138,5.412,0,05/02/2025 19:45,1.856686274509804,Success,0,16.55323529411765,0,254,6.28.1,2025-02-05 N,16.55323529411765,41.597156862745095
05/02/2025 20:02,42.93063461538462,5.36,0,05/02/2025 20:08,1.4699807692307691,Success,0,16.73019230769231,0,255,6.28.1,2025-02-05 N,16.73019230769231,42.501384615384616
05/02/2025 20:15,42.80626923076923,5.377,0,05/02/2025 20:22,1.5310384615384616,Success,0,16.973365384615384,0,256,6.28.1,2025-02-05 N,16.973365384615384,41.00507692307693
05/02/2025 20:24,43.14328846153846,5.348,0,05/02/2025 20:31,1.2997692307692306,Success,0,16.823653846153846,0,257,6.28.1,2025-02-05 N,16.823653846153846,41.78776923076923
05/02/2025 20:40,42.37084314,5.341,0,05/02/2025 20:46,1.3563529411764708,Success,0,16.695588235294117,0,258,6.28.1,2025-02-05 N,16.695588235294117,41.784627450980395
05/02/2025 20:50,41.959634615384616,5.396,0,05/02/2025 20:55,1.3602884615384616,Success,0,16.923173076923078,0,259,6.28.1,2025-02-05 N,16.923173076923078,41.66509615384616
05/02/2025 20:58,41.24594230769231,5.4,0,05/02/2025 21:05,1.3034999999999999,Success,0,16.613365384615385,0,260,6.28.1,2025-02-05 N,16.613365384615385,41.39763461538462
05/02/2025 21:07,41.73096078431372,5.353,0,05/02/2025 21:12,1.4464313725490197,Success,0,16.74264705882353,0,261,6.28.1,2025-02-05 N,16.74264705882353,41.942882352941176
05/02/2025 21:23,40.70469230769231,5.356,0,05/02/2025 21:29,1.700673076923077,Success,0,16.67451923076923,0,263,6.28.1,2025-02-05 N,16.67451923076923,41.49238461538461
05/02/2025 21:31,40.571745098039216,5.375,0,05/02/2025 21:36,1.7470588235294116,Success,0,16.509117647058826,0,264,6.28.1,2025-02-05 N,16.509117647058826,41.65698039215686
05/02/2025 21:39,40.42673076923077,5.429,0,05/02/2025 21:44,1.7758076923076922,Success,0,16.84096153846154,0,265,6.28.1,2025-02-05 N,16.84096153846154,41.810884615384616
05/02/2025 21:47,40.76239623,5.486,0,05/02/2025 21:52,1.8347169811320754,Success,0,16.87811320754717,0,266,6.28.1,2025-02-05 N,16.87811320754717,41.347433962264155
05/02/2025 21:55,41.479547169811326,5.531,0,05/02/2025 22:00,1.5044716981132074,Success,0,17.27433962264151,0,267,6.28.1,2025-02-05 N,17.27433962264151,41.99769811320755
05/02/2025 22:03,40.24471698113207,5.518,0,05/02/2025 22:13,1.4480943396226413,Success,0,16.56254716981132,0,268,6.28.1,2025-02-05 N,16.56254716981132,47.85816981132076
05/02/2025 22:16,40.77850943396226,5.524,0,05/02/2025 22:21,2.0749811320754716,Success,0,17.24490566037736,0,269,6.28.1,2025-02-05 N,17.24490566037736,41.47907547169812
05/02/2025 22:24,41.197480769230765,5.472,0,05/02/2025 22:29,1.5030961538461538,Success,0,17.069423076923076,0,270,6.28.1,2025-02-05 N,17.069423076923076,41.71217307692307
05/02/2025 22:32,40.40346153846154,5.445,0,05/02/2025 22:37,1.5935,Success,0,17.14903846153846,0,271,6.28.1,2025-02-05 N,17.14903846153846,42.08415384615385
05/02/2025 22:40,41.10601923076923,5.443,0,05/02/2025 22:44,1.5905576923076923,Success,0,17.481346153846154,0,272,6.28.1,2025-02-05 N,17.481346153846154,42.915653846153845
05/02/2025 23:44,42.57823529411764,5.266,0,05/02/2025 23:49,1.4399215686274511,Success,0,17.436764705882354,0,275,6.28.1,2025-02-05 N,17.436764705882354,42.484156862745095
05/02/2025 23:52,41.574098039215684,5.344,0,05/02/2025 23:56,1.4010980392156864,Success,0,17.624411764705883,0,276,6.28.1,2025-02-05 N,17.624411764705883,42.85568627
06/02/2025 00:00,42.565380000000005,5.288,0,06/02/2025 00:04,1.5183600000000002,Success,0,17.604300000000002,0,277,6.28.1,2025-02-05 N,17.604300000000002,42.9118
06/02/2025 00:21,44.55644230769231,5.377,0,06/02/2025 00:27,1.0772307692307692,Success,0,17.365961538461537,0,279,6.28.1,2025-02-05 N,17.365961538461537,43.01071153846154
06/02/2025 00:30,44.100509803921575,5.325,0,06/02/2025 00:36,1.2470980392156863,Success,0,17.563235294117646,0,280,6.28.1,2025-02-05 N,17.563235294117646,43.54772549019607
06/02/2025 00:39,43.62996078431373,5.348,0,06/02/2025 00:44,1.326686274509804,Success,0,17.493529411764705,0,281,6.28.1,2025-02-05 N,17.493529411764705,43.993607843137255
06/02/2025 00:47,43.40213725490196,5.341,0,06/02/2025 00:52,1.311686274509804,Success,0,17.329117647058823,0,282,6.28.1,2025-02-05 N,17.329117647058823,44.20649019607843
06/02/2025 01:02,43.111254901960784,5.323,0,06/02/2025 01:06,1.5387450980392157,Success,0,17.168235294117647,0,283,6.28.1,2025-02-05 N,17.168235294117647,43.90660784313726
06/02/2025 01:10,44.39227450980392,5.338,0,06/02/2025 01:14,1.3979803921568628,Success,0,17.392941176470586,0,284,6.28.1,2025-02-05 N,17.392941176470586,44.15382352941176
06/02/2025 01:18,42.66269230769231,5.373,0,06/02/2025 01:23,1.4547500000000002,Success,0,17.18019230769231,0,285,6.28.1,2025-02-05 N,17.18019230769231,43.587096153846154
06/02/2025 01:26,41.50311764705882,5.399,0,06/02/2025 01:29,1.9233333333333333,Success,0,17.470882352941175,0,286,6.28.1,2025-02-05 N,17.470882352941175,43.775
06/02/2025 01:33,41.936519230769235,5.456,0,06/02/2025 01:37,1.7120576923076922,Success,0,17.569903846153846,0,287,6.28.1,2025-02-05 N,17.569903846153846,43.619076923076925
06/02/2025 01:48,42.642500000000005,5.61,0,06/02/2025 01:52,1.596259259259259,Success,0,17.70861111111111,0,289,6.28.1,2025-02-05 N,17.70861111111111,43.73961111111111
06/02/2025 01:55,42.26603703703704,5.601,0,06/02/2025 02:00,1.4674074074074073,Success,0,17.669999999999998,0,290,6.28.1,2025-02-05 N,17.669999999999998,44.37035185185185
06/02/2025 02:03,41.08177777777778,5.554,0,06/02/2025 02:08,1.5545555555555555,Success,0,17.54527777777778,0,291,6.28.1,2025-02-05 N,17.54527777777778,43.74827777777778
06/02/2025 02:11,43.09735849056604,5.517,0,06/02/2025 02:15,1.5422075471698111,Success,0,17.728867924528302,0,292,6.28.1,2025-02-05 N,17.728867924528302,44.20896226415094
06/02/2025 02:18,44.97538461538461,5.428,0,06/02/2025 02:24,1.4777500000000001,Success,0,18.314423076923077,0,293,6.28.1,2025-02-05 N,18.314423076923077,44.021884615384614
06/02/2025 02:27,41.74630188679245,5.462,0,06/02/2025 02:31,1.6699056603773583,Success,0,17.47811320754717,0,294,6.28.1,2025-02-05 N,17.47811320754717,44.05535849056604
06/02/2025 02:34,41.845615384615385,5.473,0,06/02/2025 02:39,1.5253269230769229,Success,0,17.443557692307692,0,295,6.28.1,2025-02-05 N,17.443557692307692,44.065711538461535
06/02/2025 02:42,41.54828846153846,5.436,0,06/02/2025 02:46,1.5782115384615383,Success,0,17.69855769230769,0,296,6.28.1,2025-02-05 N,17.69855769230769,44.29271153846154
06/02/2025 02:49,41.852096153846155,5.398,0,06/02/2025 02:54,1.531173076923077,Success,0,17.58778846153846,0,297,6.28.1,2025-02-05 N,17.58778846153846,44.22653846153847
06/02/2025 02:57,42.102117647058826,5.347,0,06/02/2025 03:01,1.961941176470588,Success,0,17.323529411764707,0,298,6.28.1,2025-02-05 N,17.323529411764707,43.89437254901961
06/02/2025 03:04,42.55868627,5.34,0,06/02/2025 03:09,1.5441176470588236,Success,0,17.55676470588235,0,299,6.28.1,2025-02-05 N,17.55676470588235,43.95658823529412
06/02/2025 03:17,38.704368421052635,5.502,0,06/02/2025 03:18,3.255,Success,0,14.71342105263158,0,300,6.28.1,2025-02-05 N,14.71342105263158,38.34110526315789
06/02/2025 03:32,45.942113207547166,5.419,0,06/02/2025 03:39,1.0375283018867925,Success,0,17.384716981132076,0,301,6.28.1,2025-02-05 N,17.384716981132076,43.87466037735849
06/02/2025 03:50,43.940769230769234,5.374,0,06/02/2025 03:56,1.3035576923076921,Success,0,17.24105769230769,0,303,6.28.1,2025-02-05 N,17.24105769230769,43.34780769230769
06/02/2025 03:59,43.738326923076926,5.45,0,06/02/2025 04:03,1.49375,Success,0,17.539615384615384,0,304,6.28.1,2025-02-05 N,17.539615384615384,44.21459615384616
06/02/2025 04:14,43.627471698113204,5.442,0,06/02/2025 04:20,1.3881886792452829,Success,0,17.076509433962265,0,305,6.28.1,2025-02-05 N,17.076509433962265,43.850188679245285
06/02/2025 04:23,42.14724528301887,5.483,0,06/02/2025 04:28,1.6204528301886794,Success,0,17.198490566037737,0,306,6.28.1,2025-02-05 N,17.198490566037737,43.55166037735849
06/02/2025 04:30,42.99573585,5.555,0,06/02/2025 04:35,1.579245283018868,Success,0,17.443584905660376,0,307,6.28.1,2025-02-05 N,17.443584905660376,44.04230188679246
06/02/2025 04:38,42.615018867924526,5.571,0,06/02/2025 04:42,1.5280566037735848,Success,0,17.645943396226414,0,308,6.28.1,2025-02-05 N,17.645943396226414,44.26486792
06/02/2025 04:58,43.852836363636364,5.646,0,06/02/2025 05:03,1.3845272727272728,Success,0,17.364272727272727,0,309,6.28.1,2025-02-05 N,17.364272727272727,43.95436363636364
06/02/2025 05:06,41.747425925925924,5.626,0,06/02/2025 05:11,1.6186666666666667,Success,0,17.365833333333335,0,310,6.28.1,2025-02-05 N,17.365833333333335,43.198907407407404
06/02/2025 05:13,42.226333333333336,5.588,0,06/02/2025 05:18,1.5912962962962964,Success,0,17.525277777777777,0,311,6.28.1,2025-02-05 N,17.525277777777777,43.67748148148148
06/02/2025 05:21,40.66145283018867,5.544,0,06/02/2025 05:26,1.5312075471698112,Success,0,17.44132075471698,0,312,6.28.1,2025-02-05 N,17.44132075471698,50.41337735849057
06/02/2025 05:30,43.36488461538462,5.498,0,06/02/2025 05:34,1.5154999999999998,Success,0,17.88923076923077,0,313,6.28.1,2025-02-05 N,17.88923076923077,44.098499999999994
06/02/2025 05:37,42.61569811320755,5.477,0,06/02/2025 05:42,1.4509245283018868,Success,0,17.470471698113208,0,314,6.28.1,2025-02-05 N,17.470471698113208,43.82286792
06/02/2025 05:45,42.68713461538461,5.412,0,06/02/2025 05:49,1.6094230769230768,Success,0,17.83673076923077,0,315,6.28.1,2025-02-05 N,17.83673076923077,44.115
06/02/2025 05:52,42.19207843137254,5.346,0,06/02/2025 05:56,1.6805098039215687,Success,0,17.01058823529412,0,316,6.28.1,2025-02-05 N,17.01058823529412,43.68092156862745
06/02/2025 06:00,42.37894,5.401,0,06/02/2025 06:03,2.23428,Success,0,16.7382,0,317,6.28.1,2025-02-06 D,16.7382,43.05948
06/02/2025 06:46,48.13334,5.383,0,06/02/2025 06:52,1.98102,Success,0,16.401,0,318,6.28.1,2025-02-06 D,16.401,42.525
06/02/2025 06:55,43.033274509803924,5.362,0,06/02/2025 06:59,1.6310392156862747,Success,0,17.61441176470588,0,319,6.28.1,2025-02-06 D,17.61441176470588,43.996196078431375
06/02/2025 07:10,42.15594,5.231,0,06/02/2025 07:14,1.7368000000000001,Success,0,17.910899999999998,0,321,6.28.1,2025-02-06 D,17.910899999999998,43.96928
06/02/2025 07:17,43.187219999999996,5.165,0,06/02/2025 07:21,1.56826,Success,0,17.3442,0,322,6.28.1,2025-02-06 D,17.3442,43.5408
06/02/2025 07:24,44.41486,5.178,0,06/02/2025 07:28,1.476,Success,0,17.2521,0,323,6.28.1,2025-02-06 D,17.2521,44.132
06/02/2025 07:50,45.084920000000004,5.171,0,06/02/2025 07:55,1.60256,Success,0,16.7262,0,324,6.28.1,2025-02-06 D,16.7262,43.85938
06/02/2025 07:58,43.689899999999994,5.191,0,06/02/2025 08:02,1.50072,Success,0,17.2575,0,325,6.28.1,2025-02-06 D,17.2575,44.26602
06/02/2025 08:15,42.756156862745094,5.286,0,06/02/2025 08:19,1.5871568627450978,Success,0,16.971176470588233,0,327,6.28.1,2025-02-06 D,16.971176470588233,43.50001960784314
06/02/2025 08:22,42.34088235294117,5.26,0,06/02/2025 08:27,1.5483921568627452,Success,0,17.036176470588234,0,328,6.28.1,2025-02-06 D,17.036176470588234,43.77650980392156
06/02/2025 08:44,42.592560000000006,5.176,0,06/02/2025 08:49,1.4819200000000001,Success,0,16.9854,0,331,6.28.1,2025-02-06 D,16.9854,43.48479999999999
06/02/2025 08:52,43.988244897959184,5.137,0,06/02/2025 08:56,1.6662857142857141,Success,0,16.97142857142857,0,332,6.28.1,2025-02-06 D,16.97142857142857,43.85110204081633
06/02/2025 08:59,44.61843181818182,9.114,0,06/02/2025 09:08,1.563602272727273,Success,0,17.67903409090909,0,333,6.28.1,2025-02-06 D,17.67903409090909,45.16746590909091
06/02/2025 09:12,43.35246511627907,9.16,0,06/02/2025 09:20,2.039058139534884,Success,0,17.31331395348837,0,334,6.28.1,2025-02-06 D,17.31331395348837,44.81212790697674
06/02/2025 09:35,42.40427450980392,5.26,0,06/02/2025 09:40,1.4976666666666667,Success,0,17.11264705882353,0,336,6.28.1,2025-02-06 D,17.11264705882353,43.497235294117644
06/02/2025 09:42,43.956745098039214,5.298,0,06/02/2025 09:49,1.371078431372549,Success,0,17.079117647058823,0,337,6.28.1,2025-02-06 D,17.079117647058823,44.05468627
06/02/2025 09:53,44.399499999999996,5.245,0,06/02/2025 10:03,1.3844,Success,0,16.908,0,338,6.28.1,2025-02-06 D,16.908,45.490140000000004
06/02/2025 10:06,45.64933333333333,5.246,0,06/02/2025 10:11,1.353078431372549,Success,0,17.428529411764707,0,339,6.28.1,2025-02-06 D,17.428529411764707,43.910215686274505
06/02/2025 10:23,46.833518518518524,5.608,0,06/02/2025 10:29,1.1698518518518517,Success,0,16.99361111111111,0,340,6.28.1,2025-02-06 D,16.99361111111111,44.2707037
06/02/2025 10:33,43.53628301886792,5.54,0,06/02/2025 10:38,1.2416415094339623,Success,0,17.448962264150943,0,341,6.28.1,2025-02-06 D,17.448962264150943,44.17067924528302
06/02/2025 10:41,43.51862264150944,5.439,0,06/02/2025 10:48,1.0753018867924529,Success,0,16.780188679245285,0,342,6.28.1,2025-02-06 D,16.780188679245285,43.48337735849057
06/02/2025 10:50,43.74505769230769,5.406,0,06/02/2025 10:56,1.2566153846153845,Success,0,17.387884615384614,0,343,6.28.1,2025-02-06 D,17.387884615384614,44.27644230769231
06/02/2025 10:59,43.27666037735849,5.435,0,06/02/2025 11:04,1.451698113207547,Success,0,17.04990566037736,0,344,6.28.1,2025-02-06 D,17.04990566037736,43.54286792
06/02/2025 11:07,43.15956603773585,5.472,0,06/02/2025 11:13,1.4471886792452828,Success,0,16.829716981132076,0,345,6.28.1,2025-02-06 D,16.829716981132076,43.63462264150944
06/02/2025 11:16,42.92775471698113,5.616,0,06/02/2025 11:20,1.5413584905660376,Success,0,16.882641509433963,0,346,6.28.1,2025-02-06 D,16.882641509433963,44.069471698113205
06/02/2025 11:24,42.17328301886793,5.688,0,06/02/2025 11:39,1.9988867924528302,Success,0,15.856132075471699,0,347,6.28.1,2025-02-06 D,15.856132075471699,42.961528301886794
06/02/2025 11:42,43.303363636363635,5.729,0,06/02/2025 11:47,1.413781818181818,Success,0,17.288999999999998,0,348,6.28.1,2025-02-06 D,17.288999999999998,44.39763636363636
06/02/2025 11:50,42.17075,6.016,0,06/02/2025 11:54,1.6984642857142858,Success,0,16.911964285714284,0,349,6.28.1,2025-02-06 D,16.911964285714284,43.58491071428572
06/02/2025 12:05,43.353796296296295,5.575,0,06/02/2025 12:10,1.4884074074074074,Success,0,16.8775,0,351,6.28.1,2025-02-06 D,16.8775,43.89490741
06/02/2025 12:13,42.88662264150943,5.548,0,06/02/2025 12:17,1.7283584905660376,Success,0,17.12179245283019,0,352,6.28.1,2025-02-06 D,17.12179245283019,43.944415094339625
06/02/2025 12:20,42.36821153846154,5.482,0,06/02/2025 12:24,1.5701153846153846,Success,0,17.33480769230769,0,353,6.28.1,2025-02-06 D,17.33480769230769,44.17009615384615
06/02/2025 12:27,42.49705769,5.463,0,06/02/2025 12:32,1.4752307692307693,Success,0,17.320673076923075,0,354,6.28.1,2025-02-06 D,17.320673076923075,44.115788461538465
06/02/2025 12:42,41.73972549019608,5.432,0,06/02/2025 12:46,1.8235490196078432,Success,0,16.963823529411766,0,356,6.28.1,2025-02-06 D,16.963823529411766,43.82652941
06/02/2025 12:49,41.73594117647059,5.362,0,06/02/2025 12:53,1.7092745098039217,Success,0,16.871176470588235,0,357,6.28.1,2025-02-06 D,16.871176470588235,43.86717647058824
06/02/2025 12:57,42.99311538461538,5.393,0,06/02/2025 13:01,1.713423076923077,Success,0,17.052692307692308,0,358,6.28.1,2025-02-06 D,17.052692307692308,44.364384615384616
06/02/2025 13:04,42.72843137254902,5.345,0,06/02/2025 13:08,1.6258627450980392,Success,0,17.16029411764706,0,359,6.28.1,2025-02-06 D,17.16029411764706,44.02874509803922
06/02/2025 13:11,43.73254,5.268,0,06/02/2025 13:15,1.6934200000000001,Success,0,17.2395,0,360,6.28.1,2025-02-06 D,17.2395,44.0853
06/02/2025 13:26,42.47808,5.193,0,06/02/2025 13:31,1.80054,Success,0,16.9332,0,362,6.28.1,2025-02-06 D,16.9332,44.14408
06/02/2025 14:30,44.10055102040817,5.134,0,06/02/2025 14:35,1.4562244897959185,Success,0,17.201020408163266,0,364,6.28.1,2025-02-06 D,17.201020408163266,44.19636734693877
06/02/2025 14:38,42.51355319148936,5.142,0,06/02/2025 14:51,1.9387872340425534,Success,0,16.522021276595744,0,365,6.28.1,2025-02-06 D,16.522021276595744,42.642382978723404
06/02/2025 15:01,44.82757446808511,5.082,0,06/02/2025 15:07,1.7165744680851065,Success,0,16.592553191489362,0,367,6.28.1,2025-02-06 D,16.592553191489362,43.56165957446808
06/02/2025 16:09,43.26741666666666,5.023,0,06/02/2025 16:15,1.4550833333333333,Success,0,16.8465625,0,368,6.28.1,2025-02-06 D,16.8465625,45.00920833333333
06/02/2025 16:18,45.63498823529412,9.043,0,06/02/2025 16:29,1.8777529411764706,Success,0,17.84135294117647,0,369,6.28.1,2025-02-06 D,17.84135294117647,44.53288235294118
06/02/2025 16:34,45.116400000000006,9.136,0,06/02/2025 16:57,2.3741764705882353,Success,0,17.015470588235296,0,370,6.28.1,2025-02-06 D,17.015470588235296,44.10810588235294
06/02/2025 17:05,48.23709782608696,9.434,0,06/02/2025 17:15,1.3868152173913044,Success,0,17.682554347826088,0,371,6.28.1,2025-02-06 D,17.682554347826088,44.77126086956522
06/02/2025 18:14,47.07060227272727,9.136,0,06/02/2025 18:23,1.578125,Success,0,17.952443181818182,0,373,6.28.1,2025-02-06 N,17.952443181818182,44.71580681818182
06/02/2025 18:27,44.62289534883721,9.601,0,06/02/2025 18:35,2.6278488372093025,Success,0,17.053953488372095,0,374,6.28.1,2025-02-06 N,17.053953488372095,44.223430232558144
06/02/2025 18:40,43.477755813953486,9.184,0,06/02/2025 18:48,2.202453488372093,Success,0,17.61174418604651,0,375,6.28.1,2025-02-06 N,17.61174418604651,44.55605813953488
06/02/2025 19:01,44.93961956521739,9.577,0,06/02/2025 19:11,1.536054347826087,Success,0,17.652228260869567,0,376,6.28.1,2025-02-06 N,17.652228260869567,44.56227173913044
06/02/2025 19:21,47.1578,9.354,0,06/02/2025 19:31,1.5043444444444443,Success,0,17.824,0,377,6.28.1,2025-02-06 N,17.824,44.959944444444446
06/02/2025 19:37,47.61752747252747,9.428,0,06/02/2025 19:46,1.5833956043956043,Success,0,17.791483516483517,0,378,6.28.1,2025-02-06 N,17.791483516483517,44.90279120879121
06/02/2025 21:01,43.04467441860465,9.31,0,06/02/2025 21:08,2.716813953488372,Success,0,16.737906976744185,0,381,6.28.1,2025-02-06 N,16.737906976744185,41.52286046511628
06/02/2025 21:36,47.55877777777778,9.271,0,06/02/2025 21:50,1.454388888888889,Success,0,17.643,0,382,6.28.1,2025-02-06 N,17.643,44.733266666666665
06/02/2025 21:54,45.5685,9.221,0,06/02/2025 22:04,2.0285348837209303,Success,0,17.60110465116279,0,383,6.28.1,2025-02-06 N,17.60110465116279,44.17412790697674
06/02/2025 22:23,48.60748837209302,9.27,0,06/02/2025 22:40,1.9436744186046513,Success,0,16.914767441860466,0,384,6.28.1,2025-02-06 N,16.914767441860466,44.74001162790698
07/02/2025 19:53,46.34291525423729,6.148,0,07/02/2025 19:58,1.6790677966101695,Success,0,17.491271186440677,0,386,6.28.1,2025-02-07 N,17.491271186440677,45.56922033898305
07/02/2025 21:07,49.98216949152542,6.099,0,07/02/2025 21:12,1.9113898305084747,Success,0,17.680677966101698,0,387,6.28.1,2025-02-07 N,17.680677966101698,46.872440677966104
07/02/2025 21:20,43.824737704918036,6.267,0,07/02/2025 21:29,1.2505409836065573,Success,0,18.39909836065574,0,388,6.28.1,2025-02-07 N,18.39909836065574,47.293918032786884
07/02/2025 21:40,44.247566666666664,6.208,0,07/02/2025 21:47,1.38645,Success,0,18.58925,0,389,6.28.1,2025-02-07 N,18.58925,48.08121666666667
07/02/2025 21:52,44.22447540983607,6.259,0,07/02/2025 21:58,1.3004262295081965,Success,0,18.93516393442623,0,390,6.28.1,2025-02-07 N,18.93516393442623,48.13562295081967
07/02/2025 22:02,43.11785245901639,6.273,0,07/02/2025 22:09,1.2659836065573769,Success,0,18.00565573770492,0,391,6.28.1,2025-02-07 N,18.00565573770492,47.848622950819674
07/02/2025 22:13,42.81259016393443,6.267,0,07/02/2025 22:20,1.3452131147540984,Success,0,18.622377049180326,0,392,6.28.1,2025-02-07 N,18.622377049180326,47.42019672131148
07/02/2025 22:34,45.89069491525424,6.126,0,07/02/2025 22:41,1.3029661016949152,Success,0,18.403983050847458,0,394,6.28.1,2025-02-07 N,18.403983050847458,47.99101694915254
07/02/2025 22:45,44.050728813559324,6.118,0,07/02/2025 22:52,1.1956949152542373,Success,0,17.76635593220339,0,395,6.28.1,2025-02-07 N,17.76635593220339,48.082389830508475
07/02/2025 22:57,44.52141666666667,6.189,0,07/02/2025 23:02,1.3174833333333333,Success,0,17.86325,0,396,6.28.1,2025-02-07 N,17.86325,47.9515
07/02/2025 23:14,45.1026,6.166,0,07/02/2025 23:20,1.3312,Success,0,18.00975,0,397,6.28.1,2025-02-07 N,18.00975,48.25181666666666
07/02/2025 23:23,44.02477966101695,6.184,0,07/02/2025 23:27,1.7038305084745762,Success,0,18.549661016949155,0,398,6.28.1,2025-02-07 N,18.549661016949155,47.87825423728813
07/02/2025 23:34,44.23037931034483,6.174,0,07/02/2025 23:37,2.3173620689655174,Success,0,17.935862068965516,0,399,6.28.1,2025-02-07 N,17.935862068965516,47.556275862068965
07/02/2025 23:48,38.33228333333333,6.322,0,07/02/2025 23:51,2.56635,Success,0,19.75075,0,400,6.28.1,2025-02-07 N,19.75075,46.92541666666667
07/02/2025 23:54,41.66961666666667,6.3,0,07/02/2025 23:58,1.95085,Success,0,18.9635,0,401,6.28.1,2025-02-07 N,18.9635,48.125816666666665
08/02/2025 00:02,42.338852459016394,6.352,0,08/02/2025 00:06,1.7777540983606557,Success,0,18.575901639344263,0,402,6.28.1,2025-02-07 N,18.575901639344263,48.30019672131147
08/02/2025 00:10,43.123693548387095,6.403,0,08/02/2025 00:15,1.5536451612903224,Success,0,18.67306451612903,0,403,6.28.1,2025-02-07 N,18.67306451612903,48.14716129032258
08/02/2025 00:19,40.638129032258064,6.4,0,08/02/2025 00:25,1.8404677419354838,Success,0,18.524516129032257,0,404,6.28.1,2025-02-07 N,18.524516129032257,47.40287096774194
08/02/2025 00:29,43.00877419354838,6.387,0,08/02/2025 00:36,1.4403064516129034,Success,0,18.253064516129033,0,405,6.28.1,2025-02-07 N,18.253064516129033,47.71332258064516
08/02/2025 00:41,40.729262295081966,6.38,0,08/02/2025 00:45,2.4291147540983604,Success,0,19.251393442622952,0,406,6.28.1,2025-02-07 N,19.251393442622952,47.60695081967213
08/02/2025 00:48,40.92454838709678,6.417,0,08/02/2025 00:52,1.8477419354838711,Success,0,19.09766129032258,0,407,6.28.1,2025-02-07 N,19.09766129032258,47.80924193548387
08/02/2025 00:56,41.73611475409837,6.347,0,08/02/2025 01:00,1.8667377049180327,Success,0,19.09967213114754,0,408,6.28.1,2025-02-07 N,19.09967213114754,47.886327868852455
08/02/2025 01:47,41.88187096774193,6.326,0,08/02/2025 01:55,1.3942903225806451,Success,0,17.66758064516129,0,410,6.28.1,2025-02-07 N,17.66758064516129,47.403822580645155
08/02/2025 02:18,42.00056451612903,6.47,0,08/02/2025 02:22,1.9207419354838708,Success,0,18.77032258064516,0,411,6.28.1,2025-02-07 N,18.77032258064516,47.75022580645162
08/02/2025 03:24,43.159370967741935,6.404,0,08/02/2025 03:30,1.6791774193548386,Success,0,17.39201612903226,0,412,6.28.1,2025-02-07 N,17.39201612903226,47.33438709677419
08/02/2025 03:39,42.72888709677419,6.441,0,08/02/2025 03:43,1.8755483870967742,Success,0,18.644516129032258,0,413,6.28.1,2025-02-07 N,18.644516129032258,48.23124193548387
08/02/2025 03:50,42.99624590163935,6.376,0,08/02/2025 03:53,2.088360655737705,Success,0,19.695245901639346,0,414,6.28.1,2025-02-07 N,19.695245901639346,47.564868852459014
08/02/2025 04:33,41.30437704918033,5.971,0,08/02/2025 04:38,1.7485573770491805,Success,0,19.642377049180325,0,415,6.28.1,2025-02-07 N,19.642377049180325,47.98778689
08/02/2025 05:08,41.40383870967742,6.36,0,08/02/2025 05:15,1.2488709677419354,Success,0,18.771774193548385,0,417,6.28.1,2025-02-07 N,18.771774193548385,47.22080645
08/02/2025 05:33,44.02912903225806,6.425,0,08/02/2025 05:37,1.8831290322580645,Success,0,18.853548387096776,0,418,6.28.1,2025-02-07 N,18.853548387096776,47.82703225806451
08/02/2025 06:28,42.9214,6.234,0,08/02/2025 06:32,1.8446,Success,0,19.512249999999998,0,419,6.28.1,2025-02-08 D,19.512249999999998,48.0233
08/02/2025 06:40,42.8603,6.267,0,08/02/2025 06:45,1.6616833333333332,Success,0,18.59625,0,420,6.28.1,2025-02-08 D,18.59625,47.80771666666667
08/02/2025 07:10,42.640883333333335,6.215,0,08/02/2025 07:16,1.4480833333333334,Success,0,18.19275,0,421,6.28.1,2025-02-08 D,18.19275,48.04946666666667
08/02/2025 07:21,45.18558064516129,6.484,0,08/02/2025 07:25,1.8667903225806453,Success,0,18.3525,0,422,6.28.1,2025-02-08 D,18.3525,47.65901612903226
08/02/2025 07:28,45.291,6.468,0,08/02/2025 07:33,1.7011612903225806,Success,0,19.266774193548386,0,423,6.28.1,2025-02-08 D,19.266774193548386,48.280822580645165
08/02/2025 07:36,43.975459016393444,6.29,0,08/02/2025 07:41,1.6561639344262296,Success,0,18.20090163934426,0,424,6.28.1,2025-02-08 D,18.20090163934426,48.102622950819665
08/02/2025 07:44,45.24170491803279,6.286,0,08/02/2025 07:50,1.3145409836065574,Success,0,18.680409836065575,0,425,6.28.1,2025-02-08 D,18.680409836065575,48.25849180327869
08/02/2025 07:54,44.03183606557377,6.283,0,08/02/2025 08:01,1.3040819672131145,Success,0,19.436311475409838,0,426,6.28.1,2025-02-08 D,19.436311475409838,47.900606557377046
08/02/2025 08:06,43.41616666666666,6.249,0,08/02/2025 08:13,1.3879333333333332,Success,0,18.2085,0,427,6.28.1,2025-02-08 D,18.2085,48.090333333333334
08/02/2025 08:18,45.43388135593221,6.241,0,08/02/2025 08:22,1.8124745762711865,Success,0,18.537966101694916,0,428,6.28.1,2025-02-08 D,18.537966101694916,47.81706779661017
08/02/2025 08:26,42.94909836065574,6.38,0,08/02/2025 08:29,2.0341311475409833,Success,0,19.673360655737707,0,429,6.28.1,2025-02-08 D,19.673360655737707,48.04331147540983
08/02/2025 08:44,40.13023333333333,6.371,0,08/02/2025 08:47,2.4663,Success,0,19.27775,0,430,6.28.1,2025-02-08 D,19.27775,48.043083333333335
08/02/2025 09:02,41.93906557377049,6.382,0,08/02/2025 09:06,2.087344262295082,Success,0,18.60811475409836,0,431,6.28.1,2025-02-08 D,18.60811475409836,47.79454098360656
08/02/2025 09:10,41.03514754,6.436,0,08/02/2025 09:13,2.5177049180327873,Success,0,19.148852459016393,0,432,6.28.1,2025-02-08 D,19.148852459016393,47.411442622950815
08/02/2025 09:17,39.791155172413795,6.174,0,08/02/2025 09:20,3.0615862068965516,Success,0,17.669999999999998,0,433,6.28.1,2025-02-08 D,17.669999999999998,46.58737931034483
08/02/2025 09:24,45.07711666666667,6.302,0,08/02/2025 09:28,1.9427999999999999,Success,0,18.200499999999998,0,434,6.28.1,2025-02-08 D,18.200499999999998,47.60903333333333
08/02/2025 09:31,39.490017241379306,6.276,0,08/02/2025 09:35,3.182241379310345,Success,0,18.536379310344827,0,435,6.28.1,2025-02-08 D,18.536379310344827,46.44918965517241
08/02/2025 09:38,39.27865517241379,6.219,0,08/02/2025 09:41,2.4212241379310346,Success,0,19.258706896551722,0,436,6.28.1,2025-02-08 D,19.258706896551722,46.95463793103448
08/02/2025 09:45,44.12343333333333,6.275,0,08/02/2025 09:55,2.2003166666666667,Success,0,18.53475,0,437,6.28.1,2025-02-08 D,18.53475,47.72123333333333
08/02/2025 09:59,44.213163934426234,6.357,0,08/02/2025 10:03,2.3346065573770494,Success,0,17.94516393442623,0,438,6.28.1,2025-02-08 D,17.94516393442623,47.95652459016394
08/02/2025 10:06,49.30041666666667,6.355,0,08/02/2025 10:11,1.9509333333333332,Success,0,16.4725,0,439,6.28.1,2025-02-08 D,16.4725,47.874766666666666
08/02/2025 11:01,45.65338333333333,6.306,0,08/02/2025 11:05,1.9834666666666665,Success,0,17.6945,0,440,6.28.1,2025-02-08 D,17.6945,48.06151666666666
08/02/2025 11:08,45.41883050847458,6.271,0,08/02/2025 11:12,2.0876949152542372,Success,0,17.85,0,441,6.28.1,2025-02-08 D,17.85,47.556576271186444
08/02/2025 11:34,46.09498360655738,6.351,0,08/02/2025 11:39,2.106590163934426,Success,0,18.02262295081967,0,442,6.28.1,2025-02-08 D,18.02262295081967,47.37150819672131
08/02/2025 11:42,45.91378689,6.411,0,08/02/2025 11:46,2.340639344262295,Success,0,17.892540983606555,0,443,6.28.1,2025-02-08 D,17.892540983606555,46.99067213114754
08/02/2025 11:59,44.37094642857143,6.144,0,08/02/2025 12:02,3.3074464285714287,Success,0,18.95357142857143,0,444,6.28.1,2025-02-08 D,18.95357142857143,47.56525
08/02/2025 12:06,45.41305,6.278,0,08/02/2025 12:09,2.2222166666666667,Success,0,18.2195,0,445,6.28.1,2025-02-08 D,18.2195,47.541466666666665
08/02/2025 12:13,47.55671186440678,6.364,0,08/02/2025 12:17,2.316813559322034,Success,0,17.811864406779662,0,446,6.28.1,2025-02-08 D,17.811864406779662,47.776474576271184
08/02/2025 12:20,46.10996721311476,6.442,0,08/02/2025 12:24,2.6296229508196722,Success,0,17.657459016393442,0,447,6.28.1,2025-02-08 D,17.657459016393442,47.08614754098361
08/02/2025 12:28,46.42095,6.331,0,08/02/2025 12:32,2.417016666666667,Success,0,18.383249999999997,0,448,6.28.1,2025-02-08 D,18.383249999999997,48.16648333333333
08/02/2025 12:35,44.08850847457627,6.245,0,08/02/2025 12:39,2.2449661016949154,Success,0,17.906694915254235,0,449,6.28.1,2025-02-08 D,17.906694915254235,47.89108474576271
08/02/2025 12:42,47.597316666666664,6.332,0,08/02/2025 12:46,2.391383333333333,Success,0,17.729,0,450,6.28.1,2025-02-08 D,17.729,47.82658333333333
08/02/2025 13:05,48.30493442622951,6.422,0,08/02/2025 13:09,1.8989180327868853,Success,0,18.044999999999998,0,452,6.28.1,2025-02-08 D,18.044999999999998,48.31155737704918
08/02/2025 13:13,44.47375409836065,6.518,0,08/02/2025 13:16,3.094639344262295,Success,0,17.745983606557374,0,453,6.28.1,2025-02-08 D,17.745983606557374,47.09555737704918
08/02/2025 13:19,46.492306451612905,6.45,0,08/02/2025 13:27,2.1116774193548387,Success,0,17.595000000000002,0,454,6.28.1,2025-02-08 D,17.595000000000002,47.26477419354839
08/02/2025 13:32,47.06480327868852,6.345,0,08/02/2025 13:36,1.6404098360655737,Success,0,18.044262295081968,0,455,6.28.1,2025-02-08 D,18.044262295081968,48.26491803278688
08/02/2025 13:40,46.81550819672131,6.354,0,08/02/2025 13:44,1.586377049180328,Success,0,17.444262295081966,0,456,6.28.1,2025-02-08 D,17.444262295081966,48.00775409836066
08/02/2025 13:49,43.81178689,6.365,0,08/02/2025 13:53,1.9137868852459017,Success,0,17.704426229508197,0,457,6.28.1,2025-02-08 D,17.704426229508197,48.091131147540985
08/02/2025 14:05,45.16786666666667,6.303,0,08/02/2025 14:12,1.8014000000000001,Success,0,17.576,0,459,6.28.1,2025-02-08 D,17.576,48.19693333333333
08/02/2025 14:15,44.436233333333334,6.298,0,08/02/2025 14:19,2.0196166666666664,Success,0,17.85725,0,460,6.28.1,2025-02-08 D,17.85725,48.05883333333334
08/02/2025 14:45,45.75329508196722,6.34,0,08/02/2025 14:49,1.8279999999999998,Success,0,17.881967213114752,0,461,6.28.1,2025-02-08 D,17.881967213114752,47.968360655737705
08/02/2025 15:05,46.76062295081967,6.332,0,08/02/2025 15:10,1.5621147540983606,Success,0,17.428032786885243,0,462,6.28.1,2025-02-08 D,17.428032786885243,48.07095081967213
08/02/2025 15:15,46.597459016393444,6.368,0,08/02/2025 15:37,1.7824918032786885,Success,0,17.348114754098358,0,463,6.28.1,2025-02-08 D,17.348114754098358,47.86790163934426
08/02/2025 15:42,47.492999999999995,6.455,0,08/02/2025 15:49,1.756516129032258,Success,0,17.47088709677419,0,464,6.28.1,2025-02-08 D,17.47088709677419,48.187612903225805
08/02/2025 16:03,46.46734426229508,6.353,0,08/02/2025 16:07,1.6965573770491802,Success,0,17.786311475409835,0,465,6.28.1,2025-02-08 D,17.786311475409835,48.106081967213115
08/02/2025 16:20,44.39893333333334,6.32,0,08/02/2025 16:24,1.7142333333333333,Success,0,17.572499999999998,0,467,6.28.1,2025-02-08 D,17.572499999999998,43.98635
08/02/2025 16:29,42.69729508196721,6.357,0,08/02/2025 16:33,1.7731967213114754,Success,0,17.606065573770493,0,468,6.28.1,2025-02-08 D,17.606065573770493,43.94562295081967
08/02/2025 16:46,42.0507,6.243,0,08/02/2025 16:51,1.5642,Success,0,17.44925,0,470,6.28.1,2025-02-08 D,17.44925,43.876549999999995
08/02/2025 17:08,43.122049999999994,6.245,0,08/02/2025 17:12,1.6194333333333333,Success,0,17.534499999999998,0,472,6.28.1,2025-02-08 D,17.534499999999998,43.83141666666667
08/02/2025 17:16,40.632964912280706,6.116,0,08/02/2025 17:20,2.2858070175438594,Success,0,17.93921052631579,0,473,6.28.1,2025-02-08 D,17.93921052631579,43.55836842105263
08/02/2025 17:24,43.354169491525425,6.082,0,08/02/2025 17:38,1.6056271186440678,Success,0,17.535,0,474,6.28.1,2025-02-08 D,17.535,44.01237288135593
08/02/2025 17:42,43.48779661,6.132,0,08/02/2025 17:46,1.7125254237288137,Success,0,17.62271186440678,0,475,6.28.1,2025-02-08 D,17.62271186440678,43.90644068
08/02/2025 17:50,43.79431666666667,6.163,0,08/02/2025 17:55,1.6847833333333333,Success,0,17.700499999999998,0,476,6.28.1,2025-02-08 D,17.700499999999998,43.7105
08/02/2025 17:58,44.39915254237288,6.14,0,08/02/2025 18:02,1.6307118644067797,Success,0,17.974322033898304,0,477,6.28.1,2025-02-08 D,17.974322033898304,44.278135593220334
08/02/2025 18:06,44.61880701754386,5.969,0,08/02/2025 18:10,1.7333859649122807,Success,0,17.60157894736842,0,478,6.28.1,2025-02-08 N,17.60157894736842,43.64914035
08/02/2025 18:14,42.81898245614035,5.925,0,08/02/2025 18:18,1.5219824561403508,Success,0,17.318421052631578,0,479,6.28.1,2025-02-08 N,17.318421052631578,43.361789473684205
08/02/2025 18:51,43.39642372881356,6.117,0,08/02/2025 18:56,1.5652542372881355,Success,0,17.865000000000002,0,481,6.28.1,2025-02-08 N,17.865000000000002,43.928118644067794
08/02/2025 19:00,43.16827586206897,6.046,0,08/02/2025 19:05,1.4249310344827586,Success,0,17.86008620689655,0,482,6.28.1,2025-02-08 N,17.86008620689655,43.99963793103448
08/02/2025 19:09,43.04873684210526,5.996,0,08/02/2025 19:12,2.0166491228070176,Success,0,18.429473684210528,0,483,6.28.1,2025-02-08 N,18.429473684210528,43.160228070175435
08/02/2025 19:15,43.13154385964912,6.108,0,08/02/2025 19:18,2.4677017543859647,Success,0,18.41078947368421,0,484,6.28.1,2025-02-08 N,18.41078947368421,43.74150877192982
08/02/2025 19:57,45.45777966101695,6.121,0,08/02/2025 20:01,1.6103050847457627,Success,0,17.61788136,0,485,6.28.1,2025-02-08 N,17.61788136,43.83111864
08/02/2025 20:12,44.82944262295082,6.442,0,08/02/2025 20:15,2.6607868852459013,Success,0,18.685081967213115,0,486,6.28.1,2025-02-08 N,18.685081967213115,43.85650819672131
08/02/2025 20:18,43.29141176470588,6.384,0,08/02/2025 20:19,1.8308235294117647,Success,0,16.390588235294118,0,487,6.28.1,2025-02-08 N,16.390588235294118,41.66641176470588
08/02/2025 20:41,44.584393442622954,6.391,0,08/02/2025 20:44,2.2501639344262294,Success,0,17.656475409836066,0,488,6.28.1,2025-02-08 N,17.656475409836066,43.664459016393444
08/02/2025 20:48,46.34468852459016,6.395,0,08/02/2025 20:53,1.7232622950819672,Success,0,18.42172131147541,0,489,6.28.1,2025-02-08 N,18.42172131147541,44.108688524590164
08/02/2025 20:57,44.44913114754098,6.332,0,08/02/2025 21:00,1.8227868852459017,Success,0,18.075,0,490,6.28.1,2025-02-08 N,18.075,44.09062295081967
08/02/2025 21:04,44.7693,6.228,0,08/02/2025 21:08,1.6845999999999999,Success,0,17.940749999999998,0,491,6.28.1,2025-02-08 N,17.940749999999998,43.29918333333333
08/02/2025 21:12,42.36650847457627,6.189,0,08/02/2025 21:16,1.7882542372881356,Success,0,18.564406779661017,0,492,6.28.1,2025-02-08 N,18.564406779661017,44.22211864
08/02/2025 21:19,44.119745762711865,6.139,0,08/02/2025 21:23,2.0493389830508475,Success,0,17.10228813559322,0,493,6.28.1,2025-02-08 N,17.10228813559322,43.72216949152543
08/02/2025 21:27,43.226898305084745,6.143,0,08/02/2025 21:31,1.763677966101695,Success,0,17.821271186440676,0,494,6.28.1,2025-02-08 N,17.821271186440676,43.751830508474576
08/02/2025 21:35,43.737050847457624,6.147,0,08/02/2025 21:42,1.9514915254237288,Success,0,17.488474576271184,0,495,6.28.1,2025-02-08 N,17.488474576271184,43.59794915254237
08/02/2025 21:55,46.35648333333334,6.207,0,08/02/2025 22:00,1.55065,Success,0,17.5845,0,496,6.28.1,2025-02-08 N,17.5845,43.544983333333334
08/02/2025 22:41,46.72222222222222,6.137,0,08/02/2025 22:49,2.0211851851851854,Success,0,15.159166666666668,0,497,6.28.1,2025-02-08 N,15.159166666666668,41.342055555555554
08/02/2025 22:54,43.92823728813559,6.107,0,08/02/2025 23:03,1.461220338983051,Success,0,17.532457627118642,0,498,6.28.1,2025-02-08 N,17.532457627118642,48.33455932
08/02/2025 23:06,44.797293103448276,6.023,0,08/02/2025 23:11,1.5656896551724138,Success,0,18.12543103448276,0,499,6.28.1,2025-02-08 N,18.12543103448276,43.56456896551724
08/02/2025 23:15,45.593775862068966,6.016,0,08/02/2025 23:19,1.581310344827586,Success,0,18.184396551724138,0,500,6.28.1,2025-02-08 N,18.184396551724138,43.841206896551725
08/02/2025 23:23,46.97894827586207,6.035,0,08/02/2025 23:38,1.4440172413793104,Success,0,18.300775862068964,0,501,6.28.1,2025-02-08 N,18.300775862068964,46.235672413793104
08/02/2025 23:42,46.191879310344824,6,0,08/02/2025 23:47,1.3553275862068965,Success,0,18.11793103448276,0,502,6.28.1,2025-02-08 N,18.11793103448276,43.81213793103448
09/02/2025 00:00,45.93249152542373,6.097,0,09/02/2025 00:05,1.3552372881355932,Success,0,18.304830508474573,0,504,6.28.1,2025-02-08 N,18.304830508474573,43.98377966101695
09/02/2025 00:09,45.993610169491525,6.124,0,09/02/2025 00:13,1.648542372881356,Success,0,18.525254237288134,0,505,6.28.1,2025-02-08 N,18.525254237288134,43.85549152542373
09/02/2025 00:17,45.983896551724136,6.139,0,09/02/2025 00:21,1.6992586206896552,Success,0,18.56948275862069,0,506,6.28.1,2025-02-08 N,18.56948275862069,43.46715517241379
09/02/2025 00:38,45.75798360655738,6.432,0,09/02/2025 00:42,2.0600819672131148,Success,0,18.33270491803279,0,507,6.28.1,2025-02-08 N,18.33270491803279,43.576098360655735
09/02/2025 00:48,46.95536065573771,6.343,0,09/02/2025 00:52,1.9359016393442623,Success,0,18.750245901639346,0,508,6.28.1,2025-02-08 N,18.750245901639346,43.951918032786885
09/02/2025 01:02,47.89896721311475,6.36,0,09/02/2025 01:05,2.0911803278688526,Success,0,18.589180327868853,0,509,6.28.1,2025-02-08 N,18.589180327868853,43.74924590163935
09/02/2025 01:22,47.31365573770491,6.376,0,09/02/2025 01:26,2.021409836065574,Success,0,17.431967213114753,0,511,6.28.1,2025-02-08 N,17.431967213114753,43.78173770491804
09/02/2025 01:29,47.55714516129032,6.429,0,09/02/2025 01:33,1.8864516129032256,Success,0,17.85991935483871,0,512,6.28.1,2025-02-08 N,17.85991935483871,44.110516129032256
09/02/2025 01:37,44.30365573770492,6.291,0,09/02/2025 01:43,1.725721311,Success,0,17.48950819672131,0,513,6.28.1,2025-02-08 N,17.48950819672131,48.59795081967213
09/02/2025 01:46,46.20733333333333,6.243,0,09/02/2025 01:50,1.6782666666666666,Success,0,18.00825,0,514,6.28.1,2025-02-08 N,18.00825,43.829299999999996
09/02/2025 07:31,47.8021,6.253,0,09/02/2025 07:33,1.2378,Success,0,16.848,0,515,6.28.1,2025-02-09 D,16.848,42.698899999999995
09/02/2025 08:30,47.75420338983051,6.195,0,09/02/2025 08:33,1.8496271186440678,Success,0,18.486610169491527,0,517,6.28.1,2025-02-09 D,18.486610169491527,43.991745762711865
09/02/2025 08:48,46.752293103448274,6.143,0,09/02/2025 08:52,2.3357758620689655,Success,0,17.842241379310344,0,518,6.28.1,2025-02-09 D,17.842241379310344,42.91705172413793
09/02/2025 09:03,45.74831034482759,6.033,0,09/02/2025 09:07,1.783741379310345,Success,0,18.777672413793105,0,520,6.28.1,2025-02-09 D,18.777672413793105,43.93687931034483
09/02/2025 09:10,47.078896551724135,6.058,0,09/02/2025 09:14,1.6329137931034483,Success,0,18.119224137931035,0,521,6.28.1,2025-02-09 D,18.119224137931035,43.89558620689655
09/02/2025 09:18,46.997689655172415,6.03,0,09/02/2025 09:22,1.6833620689655173,Success,0,18.003103448275862,0,522,6.28.1,2025-02-09 D,18.003103448275862,43.91341379310345
09/02/2025 09:34,49.79231034482759,5.96,0,09/02/2025 09:40,1.406551724137931,Success,0,17.57948275862069,0,524,6.28.1,2025-02-09 D,17.57948275862069,47.448827586206896
09/02/2025 09:43,50.57498245614035,5.944,0,09/02/2025 09:54,1.6791929824561402,Success,0,17.161315789473687,0,525,6.28.1,2025-02-09 D,17.161315789473687,47.684245614035085
09/02/2025 09:58,47.031,5.959,0,09/02/2025 10:03,2.5433584905660376,Success,0,15.712641509433961,0,526,6.28.1,2025-02-09 D,15.712641509433961,44.482452830188684
09/02/2025 10:07,49.495620689655176,6.031,0,09/02/2025 10:12,1.425,Success,0,17.76155172413793,0,527,6.28.1,2025-02-09 D,17.76155172413793,47.962017241379314
09/02/2025 10:16,50.58820338983051,6.125,0,09/02/2025 10:21,1.4826779661016949,Success,0,17.34915254237288,0,528,6.28.1,2025-02-09 D,17.34915254237288,49.46418644067797
09/02/2025 10:38,51.093228070175435,5.968,0,09/02/2025 10:43,1.4049649122807017,Success,0,17.211315789473684,0,530,6.28.1,2025-02-09 D,17.211315789473684,47.97759649122807
09/02/2025 10:46,49.724000000000004,5.953,0,09/02/2025 10:51,1.5084912280701754,Success,0,17.304473684210528,0,531,6.28.1,2025-02-09 D,17.304473684210528,47.25138596491228
09/02/2025 10:54,50.868736842105264,5.937,0,09/02/2025 11:04,1.4945964912280703,Success,0,17.15342105263158,0,532,6.28.1,2025-02-09 D,17.15342105263158,47.786403508771926
09/02/2025 11:08,47.58501754385965,5.982,0,09/02/2025 11:11,1.979122807017544,Success,0,17.631842105263157,0,533,6.28.1,2025-02-09 D,17.631842105263157,47.87643859649123
09/02/2025 11:22,48.20065517241379,6.088,0,09/02/2025 11:26,1.7340344827586207,Success,0,17.75405172413793,0,535,6.28.1,2025-02-09 D,17.75405172413793,47.83725862068966
09/02/2025 11:30,48.226118644067796,6.072,0,09/02/2025 11:35,1.585457627118644,Success,0,17.408135593220337,0,536,6.28.1,2025-02-09 D,17.408135593220337,47.893033898305085
09/02/2025 11:38,46.913438596491225,5.999,0,09/02/2025 11:42,1.8436140350877193,Success,0,17.53736842105263,0,537,6.28.1,2025-02-09 D,17.53736842105263,47.942157894736845
09/02/2025 11:53,46.68947457627119,6.163,0,09/02/2025 11:58,1.8939661016949152,Success,0,17.61025423728814,0,539,6.28.1,2025-02-09 D,17.61025423728814,48.07320338983051
09/02/2025 12:01,46.47011666666666,6.183,0,09/02/2025 12:06,1.3839000000000001,Success,0,17.705,0,540,6.28.1,2025-02-09 D,17.705,47.71725
09/02/2025 12:10,45.91420313,6.629,0,09/02/2025 12:15,1.648984375,Success,0,17.40445313,0,541,6.28.1,2025-02-09 D,17.40445313,47.56739063
09/02/2025 12:18,44.808983606557376,6.399,0,09/02/2025 12:23,1.7660491803278688,Success,0,17.850245901639344,0,542,6.28.1,2025-02-09 D,17.850245901639344,47.222770491803274
09/02/2025 12:27,47.833919354838706,6.427,0,09/02/2025 12:31,1.6841129032258066,Success,0,17.56451612903226,0,543,6.28.1,2025-02-09 D,17.56451612903226,47.99924193548387
09/02/2025 12:35,48.71518032786886,6.417,0,09/02/2025 12:38,1.9656885245901639,Success,0,17.837704918032784,0,544,6.28.1,2025-02-09 D,17.837704918032784,48.02188524590164
09/02/2025 12:52,48.838406779661014,6.173,0,09/02/2025 12:55,1.849457627118644,Success,0,17.75415254237288,0,546,6.28.1,2025-02-09 D,17.75415254237288,48.115288135593225
09/02/2025 12:59,49.33471186440678,6.188,0,09/02/2025 13:02,2.0356610169491525,Success,0,17.419576271186443,0,547,6.28.1,2025-02-09 D,17.419576271186443,47.913677966101694
09/02/2025 13:06,45.4705,6.211,0,09/02/2025 13:19,2.883448275862069,Success,0,17.841206896551725,0,548,6.28.1,2025-02-09 D,17.841206896551725,47.58094827586207
09/02/2025 13:24,46.64753333333333,6.304,0,09/02/2025 13:27,2.35165,Success,0,17.746750000000002,0,549,6.28.1,2025-02-09 D,17.746750000000002,47.94678333333333
09/02/2025 13:31,48.47003278688525,6.371,0,09/02/2025 13:37,1.5750327868852458,Success,0,18.316475409836066,0,550,6.28.1,2025-02-09 D,18.316475409836066,47.71519672131147
09/02/2025 15:35,49.0907,6.466,0,09/02/2025 15:55,3.47505,Success,0,17.7745,0,551,6.28.1,2025-02-09 D,17.7745,46.15535
09/02/2025 15:59,47.67573770491803,6.372,0,09/02/2025 16:04,1.517049180327869,Success,0,17.752868852459017,0,552,6.28.1,2025-02-09 D,17.752868852459017,47.67488524590164
09/02/2025 17:03,47.65406666666667,6.228,0,09/02/2025 17:07,1.9433,Success,0,17.679,0,553,6.28.1,2025-02-09 D,17.679,47.84858333333333
09/02/2025 17:24,50.70447457627118,6.281,0,09/02/2025 17:27,2.6052372881355934,Success,0,18.144661016949154,0,554,6.28.1,2025-02-09 D,18.144661016949154,47.65257627118644
09/02/2025 17:31,50.19155,6.278,0,09/02/2025 17:34,2.3562333333333334,Success,0,18.021250000000002,0,555,6.28.1,2025-02-09 D,18.021250000000002,47.608983333333335
09/02/2025 17:38,50.28255,6.349,0,09/02/2025 17:41,2.514016666666667,Success,0,17.87975,0,556,6.28.1,2025-02-09 D,17.87975,47.51106666666667
09/02/2025 17:46,52.12121666666667,6.328,0,09/02/2025 17:50,2.1473500000000003,Success,0,17.992250000000002,0,557,6.28.1,2025-02-09 D,17.992250000000002,47.85301666666667
09/02/2025 17:53,51.842983333333336,6.288,0,09/02/2025 17:57,1.7682166666666668,Success,0,18.19,0,558,6.28.1,2025-02-09 D,18.19,48.02381666666667
09/02/2025 18:01,51.99781666666667,6.275,0,09/02/2025 18:04,1.9502,Success,0,18.088,0,559,6.28.1,2025-02-09 N,18.088,47.77288333333333
09/02/2025 18:08,51.9211,6.239,0,09/02/2025 18:12,1.8842666666666665,Success,0,18.06925,0,560,6.28.1,2025-02-09 N,18.06925,47.79185
09/02/2025 18:15,52.303533333333334,6.271,0,09/02/2025 18:19,1.8229,Success,0,17.983,0,561,6.28.1,2025-02-09 N,17.983,47.8675
09/02/2025 18:30,51.715457627118646,6.131,0,09/02/2025 18:35,1.4917796610169491,Success,0,18.063813559322035,0,563,6.28.1,2025-02-09 N,18.063813559322035,48.02542372881356
09/02/2025 18:50,50.98308474576271,6.119,0,09/02/2025 18:54,2.0673898305084744,Success,0,17.97330508474576,0,565,6.28.1,2025-02-09 N,17.97330508474576,47.545033898305086
09/02/2025 18:58,50.61063793103448,6.091,0,09/02/2025 19:01,2.3038620689655174,Success,0,17.87948275862069,0,566,6.28.1,2025-02-09 N,17.87948275862069,47.960931034482755
09/02/2025 19:06,50.95177586206896,6.066,0,09/02/2025 19:10,1.864913793103448,Success,0,18.12594827586207,0,567,6.28.1,2025-02-09 N,18.12594827586207,47.8285
09/02/2025 19:14,50.86812280701755,6.044,0,09/02/2025 19:17,2.3450175438596492,Success,0,17.594736842105263,0,568,6.28.1,2025-02-09 N,17.594736842105263,47.64929824561404
09/02/2025 19:33,49.69340350877193,5.99,0,09/02/2025 19:37,2.1088771929824564,Success,0,18.406052631578948,0,570,6.28.1,2025-02-09 N,18.406052631578948,48.22256140350878
09/02/2025 19:40,49.42580701754386,5.987,0,09/02/2025 19:43,2.2625263157894735,Success,0,17.52842105263158,0,571,6.28.1,2025-02-09 N,17.52842105263158,47.59142105263158
09/02/2025 19:47,51.21717241,5.992,0,09/02/2025 19:50,1.8860344827586206,Success,0,18.010086206896553,0,572,6.28.1,2025-02-09 N,18.010086206896553,48.039534482758626
09/02/2025 19:54,51.742245614035085,5.979,0,09/02/2025 19:57,2.1839824561403507,Success,0,17.585,0,573,6.28.1,2025-02-09 N,17.585,47.49917543859649
09/02/2025 20:16,53.145896551724135,6.089,0,09/02/2025 20:19,2.293586206896552,Success,0,17.62603448275862,0,575,6.28.1,2025-02-09 N,17.62603448275862,47.89891379310345
09/02/2025 20:29,53.37061666666667,6.313,0,09/02/2025 20:32,2.530266666666667,Success,0,17.798000000000002,0,576,6.28.1,2025-02-09 N,17.798000000000002,47.3309
09/02/2025 20:35,54.175262295081964,6.371,0,09/02/2025 20:40,1.6255573770491805,Success,0,17.685737704918033,0,577,6.28.1,2025-02-09 N,17.685737704918033,47.77488524590164
09/02/2025 20:44,52.311868852459014,6.347,0,09/02/2025 20:48,1.7172786885245903,Success,0,17.94122950819672,0,578,6.28.1,2025-02-09 N,17.94122950819672,48.097524590163935
09/02/2025 20:51,48.772861538461534,6.859,0,09/02/2025 20:54,2.6794461538461536,Success,0,17.929384615384617,0,579,6.28.1,2025-02-09 N,17.929384615384617,46.77181538461539
09/02/2025 20:58,51.592129032258065,6.511,0,09/02/2025 21:01,2.0692580645161294,Success,0,18.448064516129033,0,580,6.28.1,2025-02-09 N,18.448064516129033,47.70790322580645
09/02/2025 21:05,51.63177049180328,6.453,0,09/02/2025 21:08,2.5173114754098362,Success,0,19.056639344262294,0,581,6.28.1,2025-02-09 N,19.056639344262294,47.93865573770491
09/02/2025 21:12,50.57721311,6.364,0,09/02/2025 21:16,1.9260327868852458,Success,0,18.449754098360653,0,582,6.28.1,2025-02-09 N,18.449754098360653,47.808295081967216
09/02/2025 21:24,51.66167741935484,6.418,0,09/02/2025 21:29,1.8166451612903227,Success,0,17.88701612903226,0,583,6.28.1,2025-02-09 N,17.88701612903226,47.52209677419355
09/02/2025 21:32,50.63514754098361,6.342,0,09/02/2025 21:36,1.9531147540983607,Success,0,18.064426229508197,0,584,6.28.1,2025-02-09 N,18.064426229508197,47.63172131147541
09/02/2025 21:39,51.89744262295082,6.377,0,09/02/2025 21:43,1.7524426229508197,Success,0,18.32434426229508,0,585,6.28.1,2025-02-09 N,18.32434426229508,48.32003278688524
09/02/2025 21:54,52.15855,6.204,0,09/02/2025 21:58,1.4734166666666666,Success,0,17.8785,0,587,6.28.1,2025-02-09 N,17.8785,47.85735
09/02/2025 22:02,50.51775,6.203,0,09/02/2025 22:08,1.6055666666666668,Success,0,17.604750000000003,0,588,6.28.1,2025-02-09 N,17.604750000000003,47.18546666666667
09/02/2025 22:11,51.15913333333333,6.223,0,09/02/2025 22:15,1.7144333333333333,Success,0,17.75475,0,589,6.28.1,2025-02-09 N,17.75475,47.57486666666667
09/02/2025 22:27,61.01543103448276,6.064,0,09/02/2025 22:57,1.7601724137931034,Success,0,17.73801724137931,0,591,6.28.1,2025-02-09 N,17.73801724137931,49.19501724137931
09/02/2025 23:07,61.15643859649123,6.105,0,09/02/2025 23:10,3.277105263157895,Success,0,17.21263157894737,0,593,6.28.1,2025-02-09 N,17.21263157894737,43.965245614035084
09/02/2025 23:13,60.205241379310344,6.138,0,09/02/2025 23:16,3.158896551724138,Success,0,17.658879310344826,0,594,6.28.1,2025-02-09 N,17.658879310344826,46.25889655172414
09/02/2025 23:19,60.52957894736842,6.07,0,09/02/2025 23:22,2.935403509,Success,0,18.154473684210526,0,595,6.28.1,2025-02-09 N,18.154473684210526,45.89219298245614
09/02/2025 23:32,61.49761403508772,6.033,0,09/02/2025 23:35,2.674982456140351,Success,0,18.370789473684212,0,596,6.28.1,2025-02-09 N,18.370789473684212,45.77057894736842
09/02/2025 23:39,61.25322807017544,6.084,0,09/02/2025 23:41,2.6577894736842107,Success,0,17.522368421052633,0,597,6.28.1,2025-02-09 N,17.522368421052633,43.93898245614035
09/02/2025 23:45,62.56608620689655,6.102,0,09/02/2025 23:48,2.3137931034482757,Success,0,17.94853448275862,0,598,6.28.1,2025-02-09 N,17.94853448275862,44.32568965517241
09/02/2025 23:54,61.65548387096774,6.411,0,10/02/2025 00:00,1.5148064516129034,Success,0,18.121451612903225,0,599,6.28.1,2025-02-09 N,18.121451612903225,44.028129032258065
10/02/2025 00:39,47.88636065573771,6.362,0,10/02/2025 00:50,1.7050655737704918,Success,0,17.08573770491803,0,600,6.28.1,2025-02-09 N,17.08573770491803,46.777901639344265
10/02/2025 00:57,60.198,6.187,0,10/02/2025 01:01,1.74335,Success,0,18.856749999999998,0,601,6.28.1,2025-02-09 N,18.856749999999998,44.89723333333333
10/02/2025 01:05,59.07871186440678,6.211,0,10/02/2025 01:08,2.6799491525423726,Success,0,18.04779661016949,0,602,6.28.1,2025-02-09 N,18.04779661016949,44.52727118644068
10/02/2025 01:14,32.844100000000005,6.337,0,10/02/2025 01:15,1.1908999999999998,Success,0,15.589500000000001,0,603,6.28.1,2025-02-09 N,15.589500000000001,39.9904
10/02/2025 01:31,38.19085714285714,6.65,0,10/02/2025 01:35,1.9695555555555555,Success,0,16.694047619047616,0,604,6.28.1,2025-02-09 N,16.694047619047616,47.48187301587302
10/02/2025 01:39,57.48518965517241,6.145,0,10/02/2025 01:41,2.643103448275862,Success,0,17.80448275862069,0,605,6.28.1,2025-02-09 N,17.80448275862069,43.972655172413795
10/02/2025 01:45,49.705741379310346,6.138,0,10/02/2025 01:48,2.3415689655172414,Success,0,18.10784482758621,0,606,6.28.1,2025-02-09 N,18.10784482758621,47.96441379310345
10/02/2025 02:03,52.21077049180328,6.307,0,10/02/2025 02:08,1.5703770491803277,Success,0,17.52811475409836,0,608,6.28.1,2025-02-09 N,17.52811475409836,47.23604918032787
10/02/2025 02:11,50.33452459016393,6.421,0,10/02/2025 02:17,1.6966393442622951,Success,0,17.509918032786885,0,609,6.28.1,2025-02-09 N,17.509918032786885,46.72344262295082
10/02/2025 02:20,52.577737704918036,6.354,0,10/02/2025 02:25,1.4865245901639343,Success,0,18.133524590163933,0,610,6.28.1,2025-02-09 N,18.133524590163933,47.99455737704918
10/02/2025 02:28,51.807524590163936,6.357,0,10/02/2025 02:34,1.372639344262295,Success,0,17.54975409836066,0,611,6.28.1,2025-02-09 N,17.54975409836066,46.85667213114754
10/02/2025 02:46,50.68706557377049,6.31,0,10/02/2025 02:51,1.9069180327868853,Success,0,17.779918032786885,0,613,6.28.1,2025-02-09 N,17.779918032786885,47.49503278688525
10/02/2025 03:17,51.00501666666666,6.334,0,10/02/2025 03:20,2.3801,Success,0,18.094749999999998,0,614,6.28.1,2025-02-09 N,18.094749999999998,47.693099999999994
10/02/2025 03:36,53.13655932,6.223,0,10/02/2025 03:39,2.5236271186440677,Success,0,17.355762711864408,0,616,6.28.1,2025-02-09 N,17.355762711864408,47.485593220338984
10/02/2025 03:47,49.33108620689655,6.19,0,10/02/2025 03:50,2.7795,Success,0,18.065172413793103,0,617,6.28.1,2025-02-09 N,18.065172413793103,47.84293103448276
10/02/2025 03:54,51.467067796610166,6.225,0,10/02/2025 03:57,2.409779661016949,Success,0,18.118474576271186,0,618,6.28.1,2025-02-09 N,18.118474576271186,47.65206779661017
10/02/2025 04:01,51.33993220338983,6.208,0,10/02/2025 04:04,2.1406101694915254,Success,0,18.121016949152544,0,619,6.28.1,2025-02-09 N,18.121016949152544,48.13372881355932
10/02/2025 04:08,52.13889830508475,6.177,0,10/02/2025 04:12,1.7860169491525424,Success,0,18.074745762711867,0,620,6.28.1,2025-02-09 N,18.074745762711867,47.890745762711866
10/02/2025 04:16,53.2741,6.207,0,10/02/2025 04:20,1.5364166666666668,Success,0,17.81,0,621,6.28.1,2025-02-09 N,17.81,48.04591666666667
10/02/2025 04:24,52.65145,6.273,0,10/02/2025 04:35,1.5926,Success,0,17.49025,0,622,6.28.1,2025-02-09 N,17.49025,47.418350000000004
10/02/2025 04:50,47.33155932,6.182,0,10/02/2025 04:54,2.249677966101695,Success,0,17.645084745762713,0,623,6.28.1,2025-02-09 N,17.645084745762713,47.372440677966104
10/02/2025 05:03,50.173280701754386,6.065,0,10/02/2025 05:06,2.775105263157895,Success,0,17.57894736842105,0,625,6.28.1,2025-02-09 N,17.57894736842105,47.01859649122807
10/02/2025 05:10,49.447962264150945,6.017,0,10/02/2025 05:13,3.9536037735849057,Success,0,16.246132075471696,0,626,6.28.1,2025-02-09 N,16.246132075471696,44.29467924528302
10/02/2025 05:17,50.22739285714285,5.98,0,10/02/2025 05:20,1.9986964285714284,Success,0,17.77205357142857,0,627,6.28.1,2025-02-09 N,17.77205357142857,47.5265
10/02/2025 05:24,53.20510526315789,6.094,0,10/02/2025 05:27,2.378368421052632,Success,0,18.08921052631579,0,628,6.28.1,2025-02-09 N,18.08921052631579,47.38996491
10/02/2025 05:39,50.73230508474577,6.172,0,10/02/2025 05:43,1.6254237288135593,Success,0,18.193220338983053,0,629,6.28.1,2025-02-09 N,18.193220338983053,47.918847457627116
10/02/2025 05:53,49.59038888888889,5.898,0,10/02/2025 05:56,2.6019444444444444,Success,0,17.25722222222222,0,630,6.28.1,2025-02-09 N,17.25722222222222,47.08203703703703
10/02/2025 05:59,49.95823636363637,5.909,0,10/02/2025 06:03,2.806290909090909,Success,0,16.053545454545457,0,631,6.28.1,2025-02-09 N,16.053545454545457,47.67961818181818
10/02/2025 06:07,50.36410909090909,6.053,0,10/02/2025 06:11,2.2914545454545454,Success,0,18.14481818181818,0,632,6.28.1,2025-02-10 D,18.14481818181818,47.348254545454544
10/02/2025 06:16,50.325607142857145,6.104,0,10/02/2025 06:20,1.9418392857142857,Success,0,17.690357142857142,0,633,6.28.1,2025-02-10 D,17.690357142857142,47.66216071428572
10/02/2025 06:23,52.52861016949153,6.17,0,10/02/2025 06:27,1.8599322033898307,Success,0,18.196525423728815,0,634,6.28.1,2025-02-10 D,18.196525423728815,47.933898305084746
10/02/2025 07:04,54.15248333333333,6.366,0,10/02/2025 07:09,1.9259666666666666,Success,0,17.388250000000003,0,635,6.28.1,2025-02-10 D,17.388250000000003,46.86555
10/02/2025 07:13,54.302683333333334,6.298,0,10/02/2025 07:17,1.5343833333333334,Success,0,17.998,0,636,6.28.1,2025-02-10 D,17.998,48.0623
10/02/2025 07:23,55.02558333333333,6.279,0,10/02/2025 07:28,1.3974499999999999,Success,0,17.444000000000003,0,637,6.28.1,2025-02-10 D,17.444000000000003,47.3935
10/02/2025 07:31,53.930112903225805,6.377,0,10/02/2025 07:36,1.5970322580645162,Success,0,17.593064516129033,0,638,6.28.1,2025-02-10 D,17.593064516129033,47.654612903225804
10/02/2025 07:40,54.81865573770492,6.398,0,10/02/2025 07:44,1.8203442622950818,Success,0,18.068852459016394,0,639,6.28.1,2025-02-10 D,18.068852459016394,47.90078689
10/02/2025 07:50,54.3085,6.286,0,10/02/2025 07:53,3.2291206896551725,Success,0,16.531293103448274,0,640,6.28.1,2025-02-10 D,16.531293103448274,44.86277586206897
10/02/2025 08:12,53.048131147540985,6.322,0,10/02/2025 08:16,1.7267704918032787,Success,0,17.796147540983608,0,641,6.28.1,2025-02-10 D,17.796147540983608,47.37306557377049
10/02/2025 08:21,53.02013114754099,6.348,0,10/02/2025 08:25,1.5677540983606557,Success,0,17.88860655737705,0,642,6.28.1,2025-02-10 D,17.88860655737705,47.21744262295082
10/02/2025 08:32,53.415,6.185,0,10/02/2025 08:38,1.4825762711864405,Success,0,17.37864406779661,0,643,6.28.1,2025-02-10 D,17.37864406779661,46.933033898305084
10/02/2025 09:41,36.38664285714286,2.996,0,10/02/2025 09:50,2.819714285714286,Fail,0,15.44892857142857,0,645,6.28.1,2025-02-10 D,15.44892857142857,44.21960714285715
10/02/2025 10:02,39.44426984126984,6.567,0,10/02/2025 10:19,1.9481904761904763,Success,0,18.8,0,646,6.28.1,2025-02-10 D,18.8,45.40817460317461
10/02/2025 10:22,36.61921875,6.623,0,10/02/2025 10:28,1.774859375,Success,0,18.91851563,0,647,6.28.1,2025-02-10 D,18.91851563,42.17345313
10/02/2025 10:39,41.79446153846153,6.816,0,10/02/2025 11:14,1.7222923076923076,Success,0,16.520307692307693,0,649,6.28.1,2025-02-10 D,16.520307692307693,41.52304615384615
10/02/2025 11:17,38.84178461538461,6.848,0,10/02/2025 11:25,1.3766461538461539,Success,0,16.343307692307693,0,650,6.28.1,2025-02-10 D,16.343307692307693,40.34716923076923
10/02/2025 11:28,36.6358,6.752,0,10/02/2025 11:35,1.6040307692307691,Success,0,16.840384615384615,0,651,6.28.1,2025-02-10 D,16.840384615384615,40.27455384615384
10/02/2025 11:38,37.98171428571428,6.678,0,10/02/2025 11:46,1.5343968253968254,Success,0,16.083571428571428,0,652,6.28.1,2025-02-10 D,16.083571428571428,40.922873015873016
10/02/2025 11:50,37.95770313,6.669,0,10/02/2025 11:58,1.208109375,Success,0,16.13039063,0,653,6.28.1,2025-02-10 D,16.13039063,41.19282813
10/02/2025 12:38,37.033952380952385,6.495,0,10/02/2025 12:48,1.2066984126984128,Success,0,16.2,0,655,6.28.1,2025-02-10 D,16.2,40.624761904761904
10/02/2025 12:52,35.12157377049181,6.356,0,10/02/2025 13:00,1.3700655737704919,Success,0,16.27450819672131,0,656,6.28.1,2025-02-10 D,16.27450819672131,40.07573770491803
10/02/2025 14:18,32.67445614035088,6.067,0,10/02/2025 14:25,2.202,Success,0,14.916315789473684,0,660,6.28.1,2025-02-10 D,14.916315789473684,39.86719298245614
10/02/2025 14:29,34.467129629629625,6.121,0,10/02/2025 14:37,3.1200555555555556,Success,0,14.380277777777778,0,661,6.28.1,2025-02-10 D,14.380277777777778,38.43107407407407
10/02/2025 14:47,29.898799999999998,6.103,0,10/02/2025 14:57,2.510890909090909,Success,0,15.741,0,662,6.28.1,2025-02-10 D,15.741,38.78903636363636
10/02/2025 15:02,40.07045762711865,6.157,0,10/02/2025 15:15,1.358677966101695,Success,0,14.010254237288136,0,663,6.28.1,2025-02-10 D,14.010254237288136,40.46742372881356
10/02/2025 15:19,34.97782758620689,6.098,0,10/02/2025 15:29,1.6445,Success,0,14.817413793103448,0,664,6.28.1,2025-02-10 D,14.817413793103448,41.62724137931035
10/02/2025 15:32,33.96805172413793,6.095,0,10/02/2025 15:49,1.590810344827586,Success,0,14.97646551724138,0,665,6.28.1,2025-02-10 D,14.97646551724138,40.19527586206897
10/02/2025 15:57,35.059000000000005,6.16,0,10/02/2025 16:04,1.4122372881355933,Success,0,15.74542372881356,0,666,6.28.1,2025-02-10 D,15.74542372881356,40.44757627118644
10/02/2025 16:07,38.409816666666664,6.24,0,10/02/2025 16:15,1.3222166666666666,Success,0,15.80275,0,667,6.28.1,2025-02-10 D,15.80275,40.52718333333333
10/02/2025 16:18,38.1848871,6.403,0,10/02/2025 16:25,1.2818548387096773,Success,0,15.211451612903225,0,668,6.28.1,2025-02-10 D,15.211451612903225,40.836354838709674
10/02/2025 16:28,38.155032258064516,6.45,0,10/02/2025 16:36,1.3048064516129032,Success,0,15.443951612903225,0,669,6.28.1,2025-02-10 D,15.443951612903225,40.165290322580645
10/02/2025 16:40,40.21417188,6.607,0,10/02/2025 16:48,1.339359375,Success,0,16.26046875,0,670,6.28.1,2025-02-10 D,16.26046875,40.71389063
10/02/2025 17:06,37.05950769230769,6.735,0,10/02/2025 17:15,1.3063384615384617,Success,0,15.937615384615384,0,672,6.28.1,2025-02-10 D,15.937615384615384,46.190415384615385
10/02/2025 17:18,38.68978461538461,6.765,0,10/02/2025 17:26,1.2679538461538462,Success,0,15.52476923076923,0,673,6.28.1,2025-02-10 D,15.52476923076923,40.40826153846154
10/02/2025 17:29,40.825953846153844,6.702,0,10/02/2025 17:37,1.322723076923077,Success,0,16.339615384615385,0,674,6.28.1,2025-02-10 D,16.339615384615385,40.74463076923077
10/02/2025 17:44,35.58698305084746,6.11,0,10/02/2025 17:51,1.5678983050847457,Success,0,15.665338983050848,0,675,6.28.1,2025-02-10 D,15.665338983050848,40.082186440677965
10/02/2025 17:55,37.06635087719299,6.15,0,10/02/2025 18:02,1.9678421052631578,Success,0,15.550526315789474,0,676,6.28.1,2025-02-10 D,15.550526315789474,40.02896491
10/02/2025 18:14,36.278625,6.141,0,10/02/2025 18:20,2.1403035714285714,Success,0,14.840357142857142,0,677,6.28.1,2025-02-10 N,14.840357142857142,39.75794642857143
10/02/2025 18:23,37.752517241379316,6.146,0,10/02/2025 18:38,1.597344827586207,Success,0,16.169482758620692,0,678,6.28.1,2025-02-10 N,16.169482758620692,39.94946551724138
10/02/2025 18:46,38.99566101694916,6.175,0,10/02/2025 18:54,1.5259322033898306,Success,0,15.228050847457627,0,679,6.28.1,2025-02-10 N,15.228050847457627,39.91981355932204
10/02/2025 18:57,35.05835593220339,6.26,0,10/02/2025 19:03,1.7629661016949152,Success,0,17.942033898305084,0,680,6.28.1,2025-02-10 N,17.942033898305084,39.00969491525424
10/02/2025 19:17,39.55974576271186,6.426,0,10/02/2025 19:22,2.146779661016949,Success,0,19.03906779661017,0,681,6.28.1,2025-02-10 N,19.03906779661017,40.130237288135596
10/02/2025 19:26,37.92185483870968,6.585,0,10/02/2025 19:34,1.9961129032258065,Success,0,19.15258064516129,0,682,6.28.1,2025-02-10 N,19.15258064516129,40.221241935483874
10/02/2025 19:36,40.644492063492066,6.669,0,10/02/2025 19:42,1.7275238095238097,Success,0,17.913809523809523,0,683,6.28.1,2025-02-10 N,17.913809523809523,39.96649206349206
10/02/2025 19:45,38.74939682539682,6.641,0,10/02/2025 19:50,1.8705714285714286,Success,0,18.745714285714286,0,684,6.28.1,2025-02-10 N,18.745714285714286,40.34253968253968
10/02/2025 19:54,40.80023438,6.721,0,10/02/2025 19:59,1.972484375,Success,0,18.45632813,0,685,6.28.1,2025-02-10 N,18.45632813,40.73879688
10/02/2025 20:17,39.10412121212121,6.789,0,10/02/2025 20:23,1.585621212121212,Success,0,19.28590909090909,0,687,6.28.1,2025-02-10 N,19.28590909090909,40.488181818181815
10/02/2025 20:26,39.66501563,6.731,0,10/02/2025 20:31,1.6985625,Success,0,18.96164063,0,688,6.28.1,2025-02-10 N,18.96164063,40.75967188
10/02/2025 20:35,44.78350793650794,6.559,0,10/02/2025 20:40,1.7927936507936508,Success,0,19.440238095238094,0,689,6.28.1,2025-02-10 N,19.440238095238094,40.10487301587302
10/02/2025 20:45,39.168290322580646,6.501,0,10/02/2025 20:53,1.7543064516129032,Success,0,18.791370967741937,0,690,6.28.1,2025-02-10 N,18.791370967741937,40.20248387096775
10/02/2025 20:58,40.96857377,6.425,0,10/02/2025 21:03,1.7156721311475411,Success,0,19.123770491803278,0,691,6.28.1,2025-02-10 N,19.123770491803278,40.51045901639344
10/02/2025 21:07,45.18690476190476,6.54,0,10/02/2025 21:29,1.6874761904761906,Success,0,15.911428571428571,0,692,6.28.1,2025-02-10 N,15.911428571428571,38.896857142857144
10/02/2025 21:32,39.58317741935484,6.53,0,10/02/2025 21:38,2.058967741935484,Success,0,19.596048387096772,0,693,6.28.1,2025-02-10 N,19.596048387096772,40.42406451612903
10/02/2025 21:43,41.77503076923077,6.79,0,10/02/2025 21:49,1.851646153846154,Success,0,18.400615384615385,0,694,6.28.1,2025-02-10 N,18.400615384615385,39.97093846153846
10/02/2025 21:52,38.029380952380954,6.661,0,10/02/2025 21:56,2.063031746031746,Success,0,18.669761904761902,0,695,6.28.1,2025-02-10 N,18.669761904761902,40.26746031746032
10/02/2025 22:00,37.22119047619047,6.622,0,10/02/2025 22:04,2.019825396825397,Success,0,19.062380952380952,0,696,6.28.1,2025-02-10 N,19.062380952380952,40.47196825396825
10/02/2025 22:08,36.519816666666664,6.527,0,10/02/2025 22:21,2.31055,Success,0,18.1845,0,697,6.28.1,2025-02-10 N,18.1845,39.97808333333333
10/02/2025 22:26,40.14875806451613,6.626,0,10/02/2025 22:33,2.017758064516129,Success,0,17.531612903225806,0,698,6.28.1,2025-02-10 N,17.531612903225806,40.06409677419355
10/02/2025 22:37,40.04365079365079,6.569,0,10/02/2025 22:42,1.9413968253968255,Success,0,18.85571428571429,0,699,6.28.1,2025-02-10 N,18.85571428571429,40.346222222222224
10/02/2025 22:46,37.83322580645161,6.559,0,10/02/2025 22:52,2.174758064516129,Success,0,18.803951612903226,0,700,6.28.1,2025-02-10 N,18.803951612903226,40.33370967741936
10/02/2025 22:56,39.99770967741936,6.561,0,10/02/2025 23:05,2.006258064516129,Success,0,18.762822580645164,0,701,6.28.1,2025-02-10 N,18.762822580645164,39.85614516129032
10/02/2025 23:09,38.3743125,6.625,0,10/02/2025 23:25,1.8627031250000001,Success,0,18.60445313,0,702,6.28.1,2025-02-10 N,18.60445313,39.79303125
10/02/2025 23:34,40.11106349206349,6.602,0,10/02/2025 23:40,1.866,Success,0,18.958809523809524,0,703,6.28.1,2025-02-10 N,18.958809523809524,40.34139682539682
10/02/2025 23:45,38.87874603174603,6.65,0,10/02/2025 23:50,2.039079365079365,Success,0,18.91595238095238,0,704,6.28.1,2025-02-10 N,18.91595238095238,40.66419047619048
10/02/2025 23:53,38.09398438,6.667,0,11/02/2025 00:00,2.02934375,Success,0,18.55359375,0,705,6.28.1,2025-02-10 N,18.55359375,40.29417188
11/02/2025 00:03,42.08378125,6.743,0,11/02/2025 00:08,1.639484375,Success,0,18.673125,0,706,6.28.1,2025-02-10 N,18.673125,40.564890625000004
11/02/2025 00:12,40.41834920634921,6.641,0,11/02/2025 00:18,1.7984603174603173,Success,0,18.350238095238097,0,707,6.28.1,2025-02-10 N,18.350238095238097,40.517920634920635
11/02/2025 00:34,37.87042857142857,6.57,0,11/02/2025 00:40,1.9607777777777777,Success,0,19.81357142857143,0,708,6.28.1,2025-02-10 N,19.81357142857143,40.30319047619048
11/02/2025 00:44,38.973163934426225,6.433,0,11/02/2025 00:49,1.9012459016393441,Success,0,18.88672131147541,0,709,6.28.1,2025-02-10 N,18.88672131147541,40.35396721311476
11/02/2025 00:52,39.16430508474576,6.3,0,11/02/2025 00:57,2.058372881355932,Success,0,18.873050847457627,0,710,6.28.1,2025-02-10 N,18.873050847457627,40.19623728813559
11/02/2025 01:00,37.42563333333333,6.3,0,11/02/2025 01:05,2.3592166666666667,Success,0,18.69925,0,711,6.28.1,2025-02-10 N,18.69925,39.6321
11/02/2025 01:15,38.471446428571426,6.124,0,11/02/2025 01:22,2.7119642857142856,Success,0,17.747946428571428,0,713,6.28.1,2025-02-10 N,17.747946428571428,39.226375000000004
11/02/2025 01:26,39.16614285714286,6.083,0,11/02/2025 01:33,2.4317678571428574,Success,0,18.337500000000002,0,714,6.28.1,2025-02-10 N,18.337500000000002,39.571464285714285
11/02/2025 01:37,35.432309090909094,6.265,0,11/02/2025 01:44,4.2726,Success,0,18.099818181818183,0,715,6.28.1,2025-02-10 N,18.099818181818183,38.935872727272724
11/02/2025 01:48,36.92692592592593,6.251,0,11/02/2025 01:52,3.8295370370370367,Success,0,17.6675,0,716,6.28.1,2025-02-10 N,17.6675,39.84642592592592
11/02/2025 01:56,39.73808064516129,6.57,0,11/02/2025 02:02,2.1185,Success,0,18.59951612903226,0,717,6.28.1,2025-02-10 N,18.59951612903226,40.397145161290325
11/02/2025 02:07,36.377418181818186,6.375,0,11/02/2025 02:19,3.751363636363636,Success,0,18.362454545454547,0,718,6.28.1,2025-02-10 N,18.362454545454547,39.34665454545454
11/02/2025 02:24,35.76726086956522,6.363,0,11/02/2025 02:37,5.416652173913043,Success,0,17.59173913043478,0,719,6.28.1,2025-02-10 N,17.59173913043478,36.58806522
11/02/2025 02:40,39.210388888888886,6.329,0,11/02/2025 02:47,3.7724814814814813,Success,0,18.671388888888888,0,720,6.28.1,2025-02-10 N,18.671388888888888,39.2082037
11/02/2025 02:50,43.688603448275856,6.34,0,11/02/2025 02:57,2.868655172413793,Success,0,19.140258620689654,0,721,6.28.1,2025-02-10 N,19.140258620689654,38.81231034482759
11/02/2025 02:59,48.97967307692308,6.3,0,11/02/2025 03:08,3.98625,Success,0,11.502692307692307,0,722,6.28.1,2025-02-10 N,11.502692307692307,35.91515384615384
11/02/2025 03:11,46.46836206896552,6.217,0,11/02/2025 03:24,2.2407241379310343,Success,0,15.787241379310345,0,723,6.28.1,2025-02-10 N,15.787241379310345,38.72905172413793
11/02/2025 03:27,38.51331578947369,6.169,0,11/02/2025 03:31,2.8512105263157896,Success,0,18.317894736842106,0,724,6.28.1,2025-02-10 N,18.317894736842106,39.395087719298246
11/02/2025 03:34,37.09744,6.052,0,11/02/2025 03:37,4.8779,Success,0,18.4764,0,725,6.28.1,2025-02-10 N,18.4764,39.02734
11/02/2025 03:41,38.09303846153846,6.008,0,11/02/2025 03:44,4.257057692307692,Success,0,18.5775,0,726,6.28.1,2025-02-10 N,18.5775,38.66978846153846
11/02/2025 03:48,39.33363461538461,5.964,0,11/02/2025 03:55,3.7073653846153842,Success,0,18.77798076923077,0,727,6.28.1,2025-02-10 N,18.77798076923077,39.24090384615385
11/02/2025 03:59,40.18824074074074,6.101,0,11/02/2025 04:04,3.380611111111111,Success,0,18.83388888888889,0,728,6.28.1,2025-02-10 N,18.83388888888889,39.581259259259255
11/02/2025 04:07,40.60868965517241,6.124,0,11/02/2025 04:12,2.6176551724137935,Success,0,20.46956896551724,0,729,6.28.1,2025-02-10 N,20.46956896551724,40.22962068965517
11/02/2025 04:23,41.3401,6.344,0,11/02/2025 04:27,2.17835,Success,0,19.9015,0,731,6.28.1,2025-02-10 N,19.9015,40.004599999999996
11/02/2025 04:52,43.936,6.7,0,11/02/2025 04:58,2.6265079365079367,Success,0,18.50595238095238,0,734,6.28.1,2025-02-10 N,18.50595238095238,39.83842857142857
11/02/2025 05:04,41.01836507936508,6.679,0,11/02/2025 05:08,2.1842698412698414,Success,0,20.374761904761904,0,735,6.28.1,2025-02-10 N,20.374761904761904,39.376507936507934
11/02/2025 05:12,42.63408064516129,6.701,0,11/02/2025 05:16,2.502,Success,0,20.001290322580644,0,736,6.28.1,2025-02-10 N,20.001290322580644,39.52020967741936
11/02/2025 05:20,41.28731746031746,6.641,0,11/02/2025 05:25,2.538111111111111,Success,0,19.673095238095236,0,737,6.28.1,2025-02-10 N,19.673095238095236,40.004126984126984
11/02/2025 05:28,41.51351563,6.659,0,11/02/2025 05:35,1.8979375,Success,0,19.8928125,0,738,6.28.1,2025-02-10 N,19.8928125,40.10157813
11/02/2025 05:38,42.36116129032258,6.547,0,11/02/2025 05:43,2.1939516129032257,Success,0,20.59572580645161,0,739,6.28.1,2025-02-10 N,20.59572580645161,40.04366129032258
11/02/2025 05:57,42.68803125,6.573,0,11/02/2025 06:03,1.452578125,Success,0,14.75484375,0,741,6.28.1,2025-02-10 N,14.75484375,39.69760938
11/02/2025 06:22,46.11960317460317,6.584,0,11/02/2025 06:29,1.4416507936507936,Success,0,14.962619047619047,0,742,6.28.1,2025-02-11 D,14.962619047619047,40.212761904761905
11/02/2025 06:33,42.18675409836065,6.451,0,11/02/2025 06:39,1.8370655737704917,Success,0,14.420901639344262,0,743,6.28.1,2025-02-11 D,14.420901639344262,40.09342623
11/02/2025 06:52,40.52595161290323,6.552,0,11/02/2025 06:59,1.580741935483871,Success,0,14.917983870967742,0,744,6.28.1,2025-02-11 D,14.917983870967742,39.97504838709678
11/02/2025 07:03,41.02149206349206,6.637,0,11/02/2025 07:11,1.7106031746031747,Success,0,15.346666666666668,0,745,6.28.1,2025-02-11 D,15.346666666666668,40.77428571428572
11/02/2025 07:15,43.918682539682536,6.741,0,11/02/2025 07:44,2.5029523809523813,Success,0,14.208809523809524,0,746,6.28.1,2025-02-11 D,14.208809523809524,39.80939682539683
11/02/2025 07:48,42.31510938,6.655,0,11/02/2025 07:54,1.94809375,Success,0,14.69648438,0,747,6.28.1,2025-02-11 D,14.69648438,39.46921875
11/02/2025 07:57,42.63753968253968,6.606,0,11/02/2025 08:04,1.4503015873015872,Success,0,15.156666666666666,0,748,6.28.1,2025-02-11 D,15.156666666666666,40.54377777777778
11/02/2025 08:09,40.46157142857143,6.592,0,11/02/2025 08:14,2.013571428571429,Success,0,14.77309523809524,0,749,6.28.1,2025-02-11 D,14.77309523809524,40.63025396825397
11/02/2025 08:18,42.36995161290322,6.48,0,11/02/2025 08:23,1.8686290322580645,Success,0,14.817580645161291,0,750,6.28.1,2025-02-11 D,14.817580645161291,40.42582258064516
11/02/2025 08:27,47.59977777777778,6.518,0,11/02/2025 08:35,1.6846984126984126,Success,0,14.074047619047619,0,751,6.28.1,2025-02-11 D,14.074047619047619,39.76239682539683
11/02/2025 08:38,43.03373770491803,6.319,0,11/02/2025 08:43,1.7770983606557378,Success,0,14.674918032786884,0,752,6.28.1,2025-02-11 D,14.674918032786884,40.14390163934426
11/02/2025 08:57,38.78670689655172,6.158,0,11/02/2025 09:02,2.3821206896551725,Success,0,14.994827586206897,0,754,6.28.1,2025-02-11 D,14.994827586206897,39.90884482758621
11/02/2025 09:07,39.48096610169492,6.196,0,11/02/2025 09:13,2.0587966101694914,Success,0,15.316016949152543,0,755,6.28.1,2025-02-11 D,15.316016949152543,40.16474576271186
11/02/2025 09:16,38.05555172413793,6.194,0,11/02/2025 09:21,2.4150862068965515,Success,0,14.732586206896553,0,756,6.28.1,2025-02-11 D,14.732586206896553,39.90515517241379
11/02/2025 09:24,40.71503389830508,6.273,0,11/02/2025 09:28,2.2588813559322034,Success,0,14.848983050847458,0,757,6.28.1,2025-02-11 D,14.848983050847458,40.11401694915254
11/02/2025 09:46,39.05281355932203,6.414,0,11/02/2025 09:50,2.8183898305084747,Success,0,14.183898305084746,0,759,6.28.1,2025-02-11 D,14.183898305084746,40.028372881355935
11/02/2025 09:54,40.06875,6.373,0,11/02/2025 09:58,2.4241,Success,0,14.86275,0,760,6.28.1,2025-02-11 D,14.86275,40.35975
11/02/2025 10:01,39.20988709677419,6.498,0,11/02/2025 10:07,1.932822580645161,Success,0,14.334919354838709,0,761,6.28.1,2025-02-11 D,14.334919354838709,39.385548387096776
11/02/2025 10:10,40.83975806451613,6.528,0,11/02/2025 10:15,1.7478225806451613,Success,0,15.037741935483872,0,762,6.28.1,2025-02-11 D,15.037741935483872,40.62672580645161
11/02/2025 10:29,41.517645161290325,6.52,0,11/02/2025 10:34,1.8854516129032257,Success,0,14.92016129032258,0,763,6.28.1,2025-02-11 D,14.92016129032258,40.68291935483871
11/02/2025 11:12,42.04120634920635,6.588,0,11/02/2025 11:18,1.978079365079365,Success,0,14.999761904761906,0,764,6.28.1,2025-02-11 D,14.999761904761906,40.593666666666664
11/02/2025 11:23,41.017311475409834,6.507,0,11/02/2025 11:30,1.9573442622950818,Success,0,14.045409836065573,0,765,6.28.1,2025-02-11 D,14.045409836065573,40.38665573770492
11/02/2025 11:48,38.61309523809524,6.506,0,11/02/2025 11:55,1.658920634920635,Success,0,14.97690476190476,0,766,6.28.1,2025-02-11 D,14.97690476190476,40.400507936507935
11/02/2025 12:00,38.25588709677419,6.443,0,11/02/2025 12:05,1.776258064516129,Success,0,15.170322580645163,0,767,6.28.1,2025-02-11 D,15.170322580645163,40.766322580645166
11/02/2025 12:08,42.79782258064516,6.48,0,11/02/2025 12:33,2.0186451612903227,Success,0,14.480322580645161,0,768,6.28.1,2025-02-11 D,14.480322580645161,40.402112903225806
11/02/2025 12:36,41.61378333333334,6.563,0,11/02/2025 12:42,2.362983333333333,Success,0,13.882,0,769,6.28.1,2025-02-11 D,13.882,39.60758333333333
11/02/2025 12:45,39.60817741935484,6.63,0,11/02/2025 12:50,2.1930161290322583,Success,0,14.819516129032257,0,770,6.28.1,2025-02-11 D,14.819516129032257,40.62441935483871
11/02/2025 12:53,36.83317741935484,6.604,0,11/02/2025 12:59,2.481193548387097,Success,0,14.531370967741937,0,771,6.28.1,2025-02-11 D,14.531370967741937,40.37577419354838
11/02/2025 13:02,35.895500000000006,6.489,0,11/02/2025 13:06,2.1427096774193553,Success,0,14.796048387096775,0,772,6.28.1,2025-02-11 D,14.796048387096775,40.72901612903226
11/02/2025 13:09,39.52739655172414,6.495,0,11/02/2025 13:14,2.7810517241379307,Success,0,13.692413793103448,0,773,6.28.1,2025-02-11 D,13.692413793103448,38.906689655172414
11/02/2025 13:21,40.279786885245905,6.415,0,11/02/2025 13:25,2.2844262295081967,Success,0,14.059426229508198,0,774,6.28.1,2025-02-11 D,14.059426229508198,40.269688524590165
11/02/2025 13:35,38.17929508196721,6.383,0,11/02/2025 13:40,2.0205409836065575,Success,0,14.329672131147541,0,775,6.28.1,2025-02-11 D,14.329672131147541,40.26967213114754
11/02/2025 13:45,38.05401694915254,6.321,0,11/02/2025 13:49,2.3768644067796614,Success,0,14.267542372881355,0,776,6.28.1,2025-02-11 D,14.267542372881355,40.16845762711864
11/02/2025 14:25,39.261315789473684,6.352,0,11/02/2025 14:31,2.7652807017543863,Success,0,14.413421052631579,0,778,6.28.1,2025-02-11 D,14.413421052631579,40.16001754385965
11/02/2025 14:34,36.67455932,6.272,0,11/02/2025 14:39,1.9237118644067797,Success,0,14.643050847457628,0,779,6.28.1,2025-02-11 D,14.643050847457628,40.48588136
11/02/2025 14:51,38.45946666666667,6.443,0,11/02/2025 14:56,2.187,Success,0,14.18725,0,781,6.28.1,2025-02-11 D,14.18725,39.857499999999995
11/02/2025 15:01,37.35687096774194,6.587,0,11/02/2025 15:06,2.2920000000000003,Success,0,14.913145161290323,0,782,6.28.1,2025-02-11 D,14.913145161290323,39.703967741935486
11/02/2025 15:10,39.78257142857143,6.549,0,11/02/2025 15:16,1.6624285714285716,Success,0,14.94095238095238,0,783,6.28.1,2025-02-11 D,14.94095238095238,39.79506349206349
11/02/2025 15:30,38.375,6.53,0,11/02/2025 15:44,1.8811290322580645,Success,0,14.302741935483871,0,784,6.28.1,2025-02-11 D,14.302741935483871,39.74566129032259
11/02/2025 15:56,41.60969354838709,6.532,0,11/02/2025 16:03,1.9945645161290322,Success,0,13.971048387096776,0,785,6.28.1,2025-02-11 D,13.971048387096776,39.862870967741934
11/02/2025 16:14,39.12783606557377,6.646,0,11/02/2025 16:20,2.0995573770491807,Success,0,14.083770491803278,0,786,6.28.1,2025-02-11 D,14.083770491803278,40.29972131147541
11/02/2025 16:27,42.60911475409836,6.546,0,11/02/2025 16:32,2.496131147540984,Success,0,14.142540983606558,0,787,6.28.1,2025-02-11 D,14.142540983606558,40.11450819672131
11/02/2025 17:02,38.873450000000005,6.424,0,11/02/2025 17:06,2.38955,Success,0,14.465499999999999,0,789,6.28.1,2025-02-11 D,14.465499999999999,40.19958333333333
11/02/2025 17:10,38.03216393442623,6.486,0,11/02/2025 17:14,2.1978688524590164,Success,0,14.737377049180328,0,790,6.28.1,2025-02-11 D,14.737377049180328,40.469868852459015
11/02/2025 17:18,38.89109836065574,6.52,0,11/02/2025 17:23,2.7934262295081966,Success,0,15.526475409836065,0,791,6.28.1,2025-02-11 D,15.526475409836065,39.666803278688526
11/02/2025 17:25,37.87684210526316,6.448,0,11/02/2025 17:29,3.941298245614035,Success,0,16.812631578947368,0,792,6.28.1,2025-02-11 D,16.812631578947368,39.377947368421054
11/02/2025 17:40,38.85005,6.429,0,11/02/2025 17:44,2.95865,Success,0,17.926,0,793,6.28.1,2025-02-11 D,17.926,39.52978333333333
11/02/2025 17:56,38.49959322033899,6.448,0,11/02/2025 18:00,3.054576271186441,Success,0,18.268474576271185,0,794,6.28.1,2025-02-11 D,18.268474576271185,39.93769491525424
13/02/2025 20:06,43.51144186046511,4.409,0,13/02/2025 20:19,0.7453255813953489,Success,0,16.81186046511628,0,795,6.28.1,2025-02-13 N,16.81186046511628,40.47202325581395
13/02/2025 20:23,38.306999999999995,0.703,0,13/02/2025 20:24,1.399,Fail,0,17.037499999999998,0,796,6.28.1,2025-02-13 N,17.037499999999998,40.73683333333333
14/02/2025 01:32,42.779906976744186,4.429,0,14/02/2025 01:46,0.9440232558139535,Success,0,18.360697674418603,0,797,6.28.1,2025-02-13 N,18.360697674418603,41.716
14/02/2025 01:50,41.94432558139535,4.455,0,14/02/2025 02:40,1.0982790697674418,Success,0,18.197790697674417,0,798,6.28.1,2025-02-13 N,18.197790697674417,42.583465116279065
14/02/2025 02:59,44.716488372093025,4.46,0,14/02/2025 03:14,0.8382093023255813,Success,0,18.372558139534885,0,800,6.28.1,2025-02-13 N,18.372558139534885,40.60174418604651
14/02/2025 03:19,39.74216666666667,4.6,0,14/02/2025 03:22,1.4030833333333332,Success,0,19.60375,0,801,6.28.1,2025-02-13 N,19.60375,40.451
14/02/2025 03:52,42.677113636363636,4.521,0,14/02/2025 04:02,0.9957045454545455,Success,0,20.40306818181818,0,802,6.28.1,2025-02-13 N,20.40306818181818,42.28638636363637
14/02/2025 04:11,41.67736363636364,4.577,0,14/02/2025 04:22,0.8599318181818181,Success,0,20.135795454545455,0,803,6.28.1,2025-02-13 N,20.135795454545455,42.96722727272727
14/02/2025 04:29,38.84006976744186,4.524,0,14/02/2025 04:34,1.3556046511627906,Success,0,18.373255813953488,0,804,6.28.1,2025-02-13 N,18.373255813953488,43.58234884
14/02/2025 04:41,45.20611363636363,4.56,0,14/02/2025 04:56,0.7652727272727272,Success,0,18.69340909090909,0,805,6.28.1,2025-02-13 N,18.69340909090909,41.57325
14/02/2025 05:02,42.296,4.475,0,14/02/2025 05:09,1.7770952380952383,Success,0,18.565357142857142,0,806,6.28.1,2025-02-13 N,18.565357142857142,42.83592857142857
14/02/2025 06:15,43.48771428571428,4.402,0,14/02/2025 06:27,1.3072619047619047,Success,0,23.826428571428572,0,809,6.28.1,2025-02-14 D,23.826428571428572,42.79569047619048
14/02/2025 06:39,46.832825,4.179,0,14/02/2025 06:49,1.245525,Success,0,19.637999999999998,0,810,6.28.1,2025-02-14 D,19.637999999999998,40.7427
14/02/2025 07:11,46.6351,4.185,0,14/02/2025 07:18,1.0263,Success,0,21.47025,0,811,6.28.1,2025-02-14 D,21.47025,42.15065
14/02/2025 07:36,47.752,4.505,0,14/02/2025 07:45,1.459534884,Success,0,19.265581395348836,0,812,6.28.1,2025-02-14 D,19.265581395348836,38.52606976744186
14/02/2025 08:23,45.61025,4.502,0,14/02/2025 08:30,0.854375,Success,0,16.66875,0,814,6.28.1,2025-02-14 D,16.66875,40.821625
14/02/2025 09:20,43.29988372093023,4.425,0,14/02/2025 09:41,0.5665581395348837,Success,0,17.493837209302328,0,816,6.28.1,2025-02-14 D,17.493837209302328,41.355744186046515
14/02/2025 09:45,43.14306666666667,4.637,0,14/02/2025 09:56,0.9042666666666667,Success,0,21.046666666666667,0,817,6.28.1,2025-02-14 D,21.046666666666667,42.49768888888889
14/02/2025 10:09,46.030906976744184,4.451,0,14/02/2025 10:19,0.7655813953488373,Success,0,18.320581395348835,0,818,6.28.1,2025-02-14 D,18.320581395348835,41.366116279069765
14/02/2025 10:22,46.14832558139535,4.429,0,14/02/2025 10:33,0.8113255813953488,Success,0,19.221976744186044,0,819,6.28.1,2025-02-14 D,19.221976744186044,41.03972093023256
14/02/2025 10:37,40.05640476190476,4.373,0,14/02/2025 10:44,1.0077380952380952,Success,0,19.096071428571427,0,820,6.28.1,2025-02-14 D,19.096071428571427,40.812666666666665
14/02/2025 10:47,39.616285714285716,4.351,0,14/02/2025 10:54,1.1008571428571428,Success,0,18.76964285714286,0,821,6.28.1,2025-02-14 D,18.76964285714286,42.10757142857143
14/02/2025 10:58,43.26144186046511,4.42,0,14/02/2025 11:09,0.9243255813953489,Success,0,19.88825581395349,0,822,6.28.1,2025-02-14 D,19.88825581395349,41.02227906976744
15/02/2025 21:51,44.92102272727273,4.562,0,15/02/2025 22:01,0.8526363636363636,Success,0,19.816022727272728,0,823,6.28.1,2025-02-15 N,19.816022727272728,40.963409090909096
15/02/2025 22:29,45.54737777777778,4.659,0,15/02/2025 22:34,1.623688888888889,Success,0,21.778666666666666,0,824,6.28.1,2025-02-15 N,21.778666666666666,43.53235555555556
15/02/2025 22:37,44.955488888888894,4.665,0,15/02/2025 22:41,1.4817777777777776,Success,0,20.311,0,825,6.28.1,2025-02-15 N,20.311,43.93275555555555
15/02/2025 22:44,45.876355555555556,4.675,0,15/02/2025 22:48,1.5190666666666668,Success,0,20.45,0,826,6.28.1,2025-02-15 N,20.45,43.67728888888889
15/02/2025 22:52,45.49171111111111,4.724,0,15/02/2025 22:55,1.5709333333333335,Success,0,20.092,0,827,6.28.1,2025-02-15 N,20.092,43.59717777777778
15/02/2025 22:59,44.49675,4.665,0,15/02/2025 23:02,1.6722045454545453,Success,0,20.348181818181818,0,828,6.28.1,2025-02-15 N,20.348181818181818,43.68204545454545
15/02/2025 23:11,45.989466666666665,4.638,0,15/02/2025 23:15,1.586666666666667,Success,0,20.200666666666667,0,829,6.28.1,2025-02-15 N,20.200666666666667,43.952311111111115
15/02/2025 23:31,46.22710869565218,4.887,0,15/02/2025 23:35,1.6638260869565218,Success,0,20.366739130434784,0,831,6.28.1,2025-02-15 N,20.366739130434784,43.523760869565216
15/02/2025 23:39,45.43348936170212,4.953,0,15/02/2025 23:42,1.671319149,Success,0,20.318936170212766,0,832,6.28.1,2025-02-15 N,20.318936170212766,44.04276595744681
15/02/2025 23:46,46.157,4.948,0,15/02/2025 23:49,1.630531914893617,Success,0,20.33872340425532,0,833,6.28.1,2025-02-15 N,20.33872340425532,43.94806382978724
15/02/2025 23:53,45.355,4.937,0,15/02/2025 23:57,1.6143191489361703,Success,0,20.38978723404255,0,834,6.28.1,2025-02-15 N,20.38978723404255,43.880957446808516
16/02/2025 00:06,45.844479166666666,4.977,0,16/02/2025 00:11,1.3319583333333334,Success,0,20.1640625,0,835,6.28.1,2025-02-15 N,20.1640625,43.59977083333334
16/02/2025 00:39,45.25858333333333,4.99,0,16/02/2025 00:44,1.4597916666666666,Success,0,20.285625,0,838,6.28.1,2025-02-15 N,20.285625,43.74633333333333
16/02/2025 00:47,46.71812244897959,5.109,0,16/02/2025 00:51,1.3954081632653061,Success,0,20.205,0,839,6.28.1,2025-02-15 N,20.205,43.83177551020408
16/02/2025 00:55,46.70960416666667,5.009,0,16/02/2025 00:59,1.4477291666666667,Success,0,20.154374999999998,0,840,6.28.1,2025-02-15 N,20.154374999999998,43.56070833333334
16/02/2025 01:14,46.263354166666666,5.039,0,16/02/2025 01:18,1.5010208333333335,Success,0,19.984375,0,841,6.28.1,2025-02-15 N,19.984375,43.034979166666666
16/02/2025 01:22,44.91129166666667,5.019,0,16/02/2025 01:26,1.5901666666666667,Success,0,20.048125,0,842,6.28.1,2025-02-15 N,20.048125,43.27110416666667
16/02/2025 01:29,44.71782978723404,4.868,0,16/02/2025 01:33,1.4126382978723406,Success,0,20.154255319148938,0,843,6.28.1,2025-02-15 N,20.154255319148938,42.633446808510634
16/02/2025 01:37,43.545456521739126,4.739,0,16/02/2025 01:41,1.4851304347826086,Success,0,19.739347826086956,0,844,6.28.1,2025-02-15 N,19.739347826086956,43.05834782608696
16/02/2025 01:44,42.78560869565217,4.755,0,16/02/2025 01:49,1.4807826086956521,Success,0,19.769021739130434,0,845,6.28.1,2025-02-15 N,19.769021739130434,42.842565217391304
16/02/2025 01:51,45.03651111111111,4.694,0,16/02/2025 01:56,1.4002000000000001,Success,0,20.567333333333334,0,846,6.28.1,2025-02-15 N,20.567333333333334,43.87806666666666
16/02/2025 01:59,44.111444444444444,4.687,0,16/02/2025 02:03,1.4040666666666666,Success,0,20.084666666666667,0,847,6.28.1,2025-02-15 N,20.084666666666667,43.641244444444446
16/02/2025 02:09,44.68611111111111,4.679,0,16/02/2025 02:13,1.7442000000000002,Success,0,20.14033333333333,0,848,6.28.1,2025-02-15 N,20.14033333333333,43.739355555555555
16/02/2025 02:17,44.1,4.653,0,16/02/2025 02:21,1.5792,Success,0,19.598,0,849,6.28.1,2025-02-15 N,19.598,42.28582222222222
16/02/2025 02:25,44.486644444444444,4.712,0,16/02/2025 02:28,1.633288888888889,Success,0,20.162666666666667,0,850,6.28.1,2025-02-15 N,20.162666666666667,43.605111111111114
16/02/2025 02:32,45.44219565217391,4.777,0,16/02/2025 02:36,1.5320869565217392,Success,0,20.108152173913044,0,851,6.28.1,2025-02-15 N,20.108152173913044,42.93786956521739
16/02/2025 02:39,45.947399999999995,4.742,0,16/02/2025 02:43,1.6290888888888888,Success,0,20.277,0,852,6.28.1,2025-02-15 N,20.277,43.81755555555556
16/02/2025 02:54,43.58906666666667,4.734,0,16/02/2025 02:58,1.456288888888889,Success,0,20.313333333333333,0,854,6.28.1,2025-02-15 N,20.313333333333333,44.02373333333333
16/02/2025 03:01,44.50968888888889,4.726,0,16/02/2025 03:05,1.5316888888888889,Success,0,20.460333333333335,0,855,6.28.1,2025-02-15 N,20.460333333333335,43.61091111111111
16/02/2025 03:08,44.23866666666667,4.721,0,16/02/2025 03:12,1.730488888888889,Success,0,20.260333333333335,0,856,6.28.1,2025-02-15 N,20.260333333333335,44.14906666666667
16/02/2025 03:15,46.10547826086956,4.809,0,16/02/2025 03:19,1.6477608695652173,Success,0,19.842717391304348,0,857,6.28.1,2025-02-15 N,19.842717391304348,44.01113043478261
16/02/2025 03:30,44.287673469387755,5.045,0,16/02/2025 03:35,1.6099591836734695,Success,0,19.983673469387757,0,859,6.28.1,2025-02-15 N,19.983673469387757,43.697877551020404
16/02/2025 03:38,45.65326530612246,5.029,0,16/02/2025 03:42,1.5373061224489797,Success,0,19.969285714285714,0,860,6.28.1,2025-02-15 N,19.969285714285714,43.32491836734693
16/02/2025 03:45,45.628166666666665,5.09,0,16/02/2025 03:49,1.6477916666666665,Success,0,20.22375,0,861,6.28.1,2025-02-15 N,20.22375,44.04239583333333
16/02/2025 03:53,46.730375,5.039,0,16/02/2025 03:57,1.5737500000000002,Success,0,20.3715625,0,862,6.28.1,2025-02-15 N,20.3715625,44.03039583333333
16/02/2025 04:01,46.67183333333333,5.055,0,16/02/2025 04:05,1.6462708333333333,Success,0,20.2240625,0,863,6.28.1,2025-02-15 N,20.2240625,44.03910416666667
16/02/2025 04:09,45.934000000000005,5.089,0,16/02/2025 04:13,1.5012244897959184,Success,0,20.401530612244898,0,864,6.28.1,2025-02-15 N,20.401530612244898,44.059346938775505
16/02/2025 04:18,45.208408163265304,5.114,0,16/02/2025 04:22,1.5172244897959182,Success,0,20.34826530612245,0,865,6.28.1,2025-02-15 N,20.34826530612245,44.08295918367347
16/02/2025 04:25,43.62959183673469,5.074,0,16/02/2025 04:29,1.5767551020408161,Success,0,20.200714285714287,0,866,6.28.1,2025-02-15 N,20.200714285714287,43.155693877551016
16/02/2025 04:39,46.53722448979592,5.093,0,16/02/2025 04:43,1.6293061224489795,Success,0,19.992857142857144,0,867,6.28.1,2025-02-15 N,19.992857142857144,43.80483673469388
16/02/2025 04:58,42.75824489795918,5.105,0,16/02/2025 05:02,1.677469387755102,Success,0,20.04765306122449,0,869,6.28.1,2025-02-15 N,20.04765306122449,43.94873469387755
16/02/2025 05:05,44.122395833333336,4.981,0,16/02/2025 05:09,1.5993125,Success,0,20.04125,0,870,6.28.1,2025-02-15 N,20.04125,43.88883333333334
16/02/2025 05:16,49.7169375,4.985,0,16/02/2025 05:20,2.073020833333333,Success,0,22.5134375,0,871,6.28.1,2025-02-15 N,22.5134375,49.1016875
16/02/2025 05:23,53.789391304347824,4.834,0,16/02/2025 05:26,2.4206086956521737,Success,0,21.14608695652174,0,872,6.28.1,2025-02-15 N,21.14608695652174,49.622304347826095
16/02/2025 05:29,51.48313636363636,4.757,0,16/02/2025 05:32,2.6862045454545456,Success,0,22.720227272727275,0,873,6.28.1,2025-02-15 N,22.720227272727275,52.41184090909091
16/02/2025 05:35,51.57277777777778,4.704,0,16/02/2025 05:38,2.1205777777777777,Success,0,24.748,0,874,6.28.1,2025-02-15 N,24.748,53.84791111111111
16/02/2025 05:42,49.009688888888896,4.741,0,16/02/2025 05:45,1.7466222222222223,Success,0,24.309333333333335,0,875,6.28.1,2025-02-15 N,24.309333333333335,54.82348888888888
16/02/2025 05:50,50.166755555555554,4.748,0,16/02/2025 05:53,1.662577777777778,Success,0,24.054000000000002,0,876,6.28.1,2025-02-15 N,24.054000000000002,52.86964444444445
16/02/2025 05:57,48.275911111111114,4.773,0,16/02/2025 06:00,1.8529555555555555,Success,0,23.935000000000002,0,877,6.28.1,2025-02-15 N,23.935000000000002,53.44566666666666
16/02/2025 06:05,49.43871739130435,4.765,0,16/02/2025 06:07,1.9174130434782608,Success,0,23.77695652173913,0,878,6.28.1,2025-02-16 D,23.77695652173913,53.423
16/02/2025 06:12,49.15239130434783,4.771,0,16/02/2025 06:16,1.652108695652174,Success,0,21.624782608695654,0,879,6.28.1,2025-02-16 D,21.624782608695654,52.316152173913046
16/02/2025 06:25,48.641369565217396,4.763,0,16/02/2025 06:28,2.222695652173913,Success,0,22.49413043478261,0,881,6.28.1,2025-02-16 D,22.49413043478261,51.99065217391305
16/02/2025 06:30,48.67665909090909,4.703,0,16/02/2025 06:33,2.049386363636364,Success,0,22.928863636363637,0,882,6.28.1,2025-02-16 D,22.928863636363637,52.60159091
16/02/2025 06:36,49.541177777777776,4.749,0,16/02/2025 06:39,1.9049555555555555,Success,0,22.76166666666667,0,883,6.28.1,2025-02-16 D,22.76166666666667,52.98873333333333
16/02/2025 06:42,47.99033333333333,4.807,0,16/02/2025 06:45,2.539844444444445,Success,0,22.035666666666668,0,884,6.28.1,2025-02-16 D,22.035666666666668,53.121511111111104
16/02/2025 06:48,47.60621276595745,4.926,0,16/02/2025 06:51,1.837404255319149,Success,0,22.803829787234044,0,885,6.28.1,2025-02-16 D,22.803829787234044,53.12704255319149
16/02/2025 06:55,46.52889583333334,5.016,0,16/02/2025 06:58,1.8386666666666667,Success,0,23.0596875,0,886,6.28.1,2025-02-16 D,23.0596875,52.82779166666666
16/02/2025 07:08,45.44412500000001,5.021,0,16/02/2025 07:11,1.9132708333333335,Success,0,22.4465625,0,887,6.28.1,2025-02-16 D,22.4465625,52.06689583333334
16/02/2025 07:16,47.96904081632653,5.117,0,16/02/2025 07:19,1.8825714285714286,Success,0,23.23377551020408,0,888,6.28.1,2025-02-16 D,23.23377551020408,53.356591836734694
16/02/2025 08:26,51.16572,5.184,0,16/02/2025 08:32,1.54938,Success,0,22.6794,0,889,6.28.1,2025-02-16 D,22.6794,52.58986
16/02/2025 08:36,47.54560000000001,5.206,0,16/02/2025 08:39,1.9997,Success,0,23.537399999999998,0,890,6.28.1,2025-02-16 D,23.537399999999998,53.303180000000005
16/02/2025 08:43,48.84286,5.224,0,16/02/2025 08:46,2.05936,Success,0,23.3196,0,891,6.28.1,2025-02-16 D,23.3196,53.49644
16/02/2025 08:50,48.72816326530612,5.124,0,16/02/2025 08:54,1.5284693877551019,Success,0,23.351326530612244,0,892,6.28.1,2025-02-16 D,23.351326530612244,53.48851020408163
16/02/2025 09:07,47.5450625,4.983,0,16/02/2025 09:11,1.71125,Success,0,22.521874999999998,0,893,6.28.1,2025-02-16 D,22.521874999999998,52.73529166666666
16/02/2025 09:14,48.436125000000004,5.012,0,16/02/2025 09:17,1.7001875,Success,0,23.3103125,0,894,6.28.1,2025-02-16 D,23.3103125,53.2829375
16/02/2025 09:21,48.82820408163265,5.128,0,16/02/2025 09:24,1.6685102040816329,Success,0,23.501938775510204,0,895,6.28.1,2025-02-16 D,23.501938775510204,53.327061224489796
16/02/2025 09:28,47.933734693877554,5.114,0,16/02/2025 09:31,1.7915102040816329,Success,0,23.284897959183674,0,896,6.28.1,2025-02-16 D,23.284897959183674,53.31753061
16/02/2025 09:34,46.74852083333334,4.99,0,16/02/2025 09:37,1.8099583333333333,Success,0,23.23625,0,897,6.28.1,2025-02-16 D,23.23625,53.215833333333336
16/02/2025 09:47,46.78117021276596,4.968,0,16/02/2025 09:50,1.833255319148936,Success,0,22.62031914893617,0,899,6.28.1,2025-02-16 D,22.62031914893617,53.481
16/02/2025 09:54,45.072425531914895,4.966,0,16/02/2025 09:57,1.8995957446808511,Success,0,22.848829787234042,0,900,6.28.1,2025-02-16 D,22.848829787234042,53.229
16/02/2025 10:00,45.85553191489362,4.896,0,16/02/2025 10:04,1.8812340425531917,Success,0,23.32180851,0,901,6.28.1,2025-02-16 D,23.32180851,53.76555319148937
16/02/2025 10:06,46.399565217391306,4.782,0,16/02/2025 10:09,1.808695652173913,Success,0,22.585108695652174,0,902,6.28.1,2025-02-16 D,22.585108695652174,52.98278260869565
16/02/2025 10:13,44.431577777777775,4.719,0,16/02/2025 10:16,1.8932444444444445,Success,0,23.133,0,903,6.28.1,2025-02-16 D,23.133,53.870577777777775
16/02/2025 10:29,46.205652173913045,4.726,0,16/02/2025 10:33,1.6702173913043479,Success,0,22.23945652173913,0,905,6.28.1,2025-02-16 D,22.23945652173913,52.03745652173913
16/02/2025 10:37,45.983304347826085,4.806,0,16/02/2025 10:40,1.7446304347826087,Success,0,22.422065217391303,0,906,6.28.1,2025-02-16 D,22.422065217391303,53.02215217391305
16/02/2025 10:48,47.097217391304355,4.788,0,16/02/2025 10:51,1.8145,Success,0,22.78141304347826,0,907,6.28.1,2025-02-16 D,22.78141304347826,52.915195652173914
16/02/2025 11:01,46.44855319148936,4.876,0,16/02/2025 11:04,1.9507659574468084,Success,0,22.494255319148937,0,909,6.28.1,2025-02-16 D,22.494255319148937,52.40510638297872
16/02/2025 11:07,47.02058333333333,4.963,0,16/02/2025 11:11,1.5867916666666666,Success,0,21.563125,0,910,6.28.1,2025-02-16 D,21.563125,53.2053125
16/02/2025 11:14,44.100212765957444,4.957,0,16/02/2025 11:17,1.774148936170213,Success,0,22.915531914893617,0,911,6.28.1,2025-02-16 D,22.915531914893617,53.12268085106383
16/02/2025 11:27,44.57410638297873,4.972,0,16/02/2025 11:30,1.9577872340425533,Success,0,22.96755319148936,0,913,6.28.1,2025-02-16 D,22.96755319148936,53.40089361702128
16/02/2025 11:33,44.53770212765957,4.975,0,16/02/2025 11:36,1.836723404255319,Success,0,22.53446808510638,0,914,6.28.1,2025-02-16 D,22.53446808510638,53.14568085106384
16/02/2025 11:40,43.112208333333335,4.981,0,16/02/2025 11:43,1.94625,Success,0,22.680000000000003,0,915,6.28.1,2025-02-16 D,22.680000000000003,53.11441666666667
16/02/2025 11:48,45.623369565217395,4.876,0,16/02/2025 11:51,1.839826086956522,Success,0,22.79054347826087,0,916,6.28.1,2025-02-16 D,22.79054347826087,52.94391304347826
16/02/2025 11:54,44.66574468085106,4.886,0,16/02/2025 11:58,1.8080425531914892,Success,0,22.908510638297873,0,917,6.28.1,2025-02-16 D,22.908510638297873,52.44485106382979
16/02/2025 12:01,45.435170212765954,4.886,0,16/02/2025 12:04,1.7784255319148936,Success,0,22.58776595744681,0,918,6.28.1,2025-02-16 D,22.58776595744681,53.18359574468085
16/02/2025 12:07,42.41421276595745,4.927,0,16/02/2025 12:11,2.092255319148936,Success,0,21.21127659574468,0,919,6.28.1,2025-02-16 D,21.21127659574468,52.20995744680851
16/02/2025 12:13,44.40719565217391,4.85,0,16/02/2025 12:16,1.9823695652173914,Success,0,22.44391304347826,0,920,6.28.1,2025-02-16 D,22.44391304347826,53.060347826086954
16/02/2025 12:22,43.382586956521735,4.787,0,16/02/2025 12:25,1.8453695652173914,Success,0,22.120434782608694,0,921,6.28.1,2025-02-16 D,22.120434782608694,52.90004347826087
16/02/2025 12:31,41.607608695652175,4.836,0,16/02/2025 12:34,1.8561521739130433,Success,0,22.34967391304348,0,922,6.28.1,2025-02-16 D,22.34967391304348,53.01432608695652
16/02/2025 12:39,44.63773913043478,4.824,0,16/02/2025 12:41,1.9303695652173913,Success,0,22.371847826086956,0,923,6.28.1,2025-02-16 D,22.371847826086956,52.99330434782609
16/02/2025 12:55,43.17182222222222,4.758,0,16/02/2025 12:58,1.8174000000000001,Success,0,22.19066666666667,0,924,6.28.1,2025-02-16 D,22.19066666666667,53.22848888888889
16/02/2025 13:03,43.42426086956522,4.789,0,16/02/2025 13:05,2.1145869565217392,Success,0,21.897717391304347,0,925,6.28.1,2025-02-16 D,21.897717391304347,53.34132608695652
16/02/2025 13:09,46.08976595744681,4.923,0,16/02/2025 13:12,1.785531914893617,Success,0,22.720531914893616,0,926,6.28.1,2025-02-16 D,22.720531914893616,53.24427659574467
16/02/2025 13:15,46.59191489361702,4.897,0,16/02/2025 13:19,1.6770851063829786,Success,0,22.862234042553194,0,927,6.28.1,2025-02-16 D,22.862234042553194,53.05989361702128
16/02/2025 13:22,44.70480851,4.943,0,16/02/2025 13:25,1.8292978723404256,Success,0,22.503829787234043,0,928,6.28.1,2025-02-16 D,22.503829787234043,53.09197872340425
16/02/2025 13:29,43.14295744680851,4.889,0,16/02/2025 13:32,1.9073404255319149,Success,0,22.73521276595745,0,929,6.28.1,2025-02-16 D,22.73521276595745,53.142148936170216
16/02/2025 13:42,44.169999999999995,4.945,0,16/02/2025 13:45,2.060595744680851,Success,0,22.57946808510638,0,930,6.28.1,2025-02-16 D,22.57946808510638,53.328978723404255
16/02/2025 13:48,44.207375000000006,5.017,0,16/02/2025 13:52,2.0558125,Success,0,22.2925,0,931,6.28.1,2025-02-16 D,22.2925,52.60429166666666
16/02/2025 14:00,46.99466666666667,5.061,0,16/02/2025 14:03,2.29675,Success,0,22.6140625,0,933,6.28.1,2025-02-16 D,22.6140625,53.19947916666666
16/02/2025 14:06,47.62114583333334,5.051,0,16/02/2025 14:09,2.3644374999999997,Success,0,22.4940625,0,934,6.28.1,2025-02-16 D,22.4940625,53.137229166666664
16/02/2025 14:12,48.46606382978724,4.924,0,16/02/2025 14:15,2.283787234042553,Success,0,22.423085106382977,0,935,6.28.1,2025-02-16 D,22.423085106382977,53.002148936170215
16/02/2025 14:27,47.72232608695652,4.893,0,16/02/2025 14:30,2.2521304347826088,Success,0,22.671847826086957,0,937,6.28.1,2025-02-16 D,22.671847826086957,52.91273913043478
16/02/2025 14:34,46.451978260869566,4.879,0,16/02/2025 14:37,2.2110434782608697,Success,0,22.095326086956522,0,938,6.28.1,2025-02-16 D,22.095326086956522,52.85386956521739
16/02/2025 14:41,46.88693478,4.834,0,16/02/2025 14:44,2.140913043478261,Success,0,22.204239130434782,0,939,6.28.1,2025-02-16 D,22.204239130434782,52.17847826086957
16/02/2025 14:47,45.702586956521735,4.809,0,16/02/2025 14:49,1.951391304347826,Success,0,21.707934782608696,0,940,6.28.1,2025-02-16 D,21.707934782608696,52.988565217391304
16/02/2025 14:53,47.94630434782609,4.867,0,16/02/2025 14:55,2.3052173913043474,Success,0,22.1475,0,941,6.28.1,2025-02-16 D,22.1475,53.05919565217391
16/02/2025 15:11,33.276444444444444,4.963,0,16/02/2025 15:11,1.4983333333333333,Success,0,14.186666666666666,0,944,6.28.1,2025-02-16 D,14.186666666666666,40.419555555555554
16/02/2025 15:24,47.71687234042554,4.904,0,16/02/2025 15:27,2.1267659574468083,Success,0,22.214042553191486,0,945,6.28.1,2025-02-16 D,22.214042553191486,53.017936170212764
16/02/2025 15:30,46.64480434782609,4.914,0,16/02/2025 15:32,2.1906521739130436,Success,0,22.038260869565217,0,946,6.28.1,2025-02-16 D,22.038260869565217,52.91326086956522
16/02/2025 15:36,47.625191489361704,4.922,0,16/02/2025 15:38,2.2025319148936173,Success,0,22.273723404255318,0,947,6.28.1,2025-02-16 D,22.273723404255318,53.031021276595744
16/02/2025 15:42,48.674127659574474,4.895,0,16/02/2025 15:44,2.2319999999999998,Success,0,22.519148936170215,0,948,6.28.1,2025-02-16 D,22.519148936170215,53.184680851063824
16/02/2025 15:48,47.58734042553191,4.947,0,16/02/2025 15:50,2.1792340425531913,Success,0,22.32063829787234,0,949,6.28.1,2025-02-16 D,22.32063829787234,53.210574468085106
16/02/2025 15:54,47.81331914893617,4.945,0,16/02/2025 15:56,2.143851063829787,Success,0,22.620638297872343,0,950,6.28.1,2025-02-16 D,22.620638297872343,53.18408510638298
16/02/2025 16:00,45.74095744680851,4.95,0,16/02/2025 16:02,2.193106382978723,Success,0,22.252659574468087,0,951,6.28.1,2025-02-16 D,22.252659574468087,53.02385106382979
16/02/2025 16:06,44.030478260869565,4.841,0,16/02/2025 16:08,2.1888695652173915,Success,0,21.87195652173913,0,952,6.28.1,2025-02-16 D,21.87195652173913,53.07254347826087
16/02/2025 16:19,45.82747826086956,4.812,0,16/02/2025 16:21,2.489478260869565,Success,0,22.200978260869565,0,953,6.28.1,2025-02-16 D,22.200978260869565,54.35045652173913
16/02/2025 16:28,46.04034782608695,4.895,0,16/02/2025 16:31,2.2553695652173915,Success,0,21.914347826086956,0,954,6.28.1,2025-02-16 D,21.914347826086956,53.12647826086956
16/02/2025 16:34,45.198630434782615,4.875,0,16/02/2025 16:37,2.257913043478261,Success,0,22.08195652173913,0,955,6.28.1,2025-02-16 D,22.08195652173913,53.36591304347826
16/02/2025 16:44,45.75070212765957,4.999,0,16/02/2025 16:47,2.0663617021276597,Success,0,21.698617021276597,0,956,6.28.1,2025-02-16 D,21.698617021276597,53.12655319148936
16/02/2025 16:51,45.021744680851064,4.937,0,16/02/2025 16:53,2.1936382978723405,Success,0,21.962872340425534,0,957,6.28.1,2025-02-16 D,21.962872340425534,53.11342553
16/02/2025 16:56,47.601021276595745,4.97,0,16/02/2025 16:59,2.279276595744681,Success,0,22.489148936170213,0,958,6.28.1,2025-02-16 D,22.489148936170213,53.23529787234042
16/02/2025 17:02,46.13426086956522,4.853,0,16/02/2025 17:05,2.2305652173913044,Success,0,22.150434782608695,0,959,6.28.1,2025-02-16 D,22.150434782608695,53.179434782608695
16/02/2025 17:27,46.14586956521739,4.907,0,16/02/2025 17:30,2.2484130434782608,Success,0,22.813043478260873,0,961,6.28.1,2025-02-16 D,22.813043478260873,54.83736956521739
16/02/2025 17:33,46.04641304347827,4.855,0,16/02/2025 17:36,2.242086956521739,Success,0,21.835108695652174,0,962,6.28.1,2025-02-16 D,21.835108695652174,52.847130434782606
16/02/2025 17:39,45.54906521739131,4.87,0,16/02/2025 17:42,2.0567391304347824,Success,0,22.25413043478261,0,963,6.28.1,2025-02-16 D,22.25413043478261,52.924869565217385
16/02/2025 17:45,46.33891489361702,4.901,0,16/02/2025 17:48,2.0871702127659573,Success,0,22.098191489361703,0,964,6.28.1,2025-02-16 D,22.098191489361703,52.36917021276596
16/02/2025 17:51,45.97726086956522,4.874,0,16/02/2025 17:54,2.233195652173913,Success,0,22.504891304347826,0,965,6.28.1,2025-02-16 D,22.504891304347826,52.913456521739135
16/02/2025 18:06,46.692977777777784,4.76,0,16/02/2025 18:08,2.1324222222222224,Success,0,22.037666666666667,0,967,6.28.1,2025-02-16 N,22.037666666666667,53.05666666666667
16/02/2025 18:21,47.42733333333334,4.75,0,16/02/2025 18:24,2.2514444444444446,Success,0,21.644333333333332,0,968,6.28.1,2025-02-16 N,21.644333333333332,52.15273333333334
16/02/2025 18:27,47.00077777777778,4.762,0,16/02/2025 18:29,2.2403555555555554,Success,0,21.913666666666668,0,969,6.28.1,2025-02-16 N,21.913666666666668,52.68146666666667
16/02/2025 18:33,46.84663043478261,4.845,0,16/02/2025 18:35,2.540086956521739,Success,0,22.75597826086957,0,970,6.28.1,2025-02-16 N,22.75597826086957,53.96813043478261
16/02/2025 18:39,49.06930434782609,4.805,0,16/02/2025 18:41,2.203782608695652,Success,0,22.289021739130437,0,971,6.28.1,2025-02-16 N,22.289021739130437,52.22443478
16/02/2025 18:50,48.894872340425536,4.884,0,16/02/2025 18:54,1.989787234042553,Success,0,22.98287234042553,0,973,6.28.1,2025-02-16 N,22.98287234042553,52.87214893617021
16/02/2025 18:57,48.18180434782608,4.832,0,16/02/2025 19:00,2.089978260869565,Success,0,22.374456521739127,0,974,6.28.1,2025-02-16 N,22.374456521739127,53.744630434782614
16/02/2025 19:09,49.18802127659574,4.91,0,16/02/2025 19:12,2.2781914893617023,Success,0,22.685106382978724,0,976,6.28.1,2025-02-16 N,22.685106382978724,52.57676595744681
16/02/2025 19:15,51.709659574468084,4.923,0,16/02/2025 19:18,2.0501063829787234,Success,0,22.58712765957447,0,977,6.28.1,2025-02-16 N,22.58712765957447,52.49936170212766
16/02/2025 19:21,51.903574468085104,4.916,0,16/02/2025 19:24,2.036914893617021,Success,0,22.766808510638295,0,978,6.28.1,2025-02-16 N,22.766808510638295,52.35940425531915
16/02/2025 19:27,49.97948936170213,4.975,0,16/02/2025 19:30,2.016914893617021,Success,0,22.451489361702127,0,979,6.28.1,2025-02-16 N,22.451489361702127,52.596808510638304
16/02/2025 19:33,50.086395833333334,4.999,0,16/02/2025 19:37,2.0455,Success,0,22.3196875,0,980,6.28.1,2025-02-16 N,22.3196875,51.7854375
16/02/2025 19:50,50.63914583333334,5.026,0,16/02/2025 19:53,2.2186875,Success,0,21.3690625,0,981,6.28.1,2025-02-16 N,21.3690625,51.46416666666667
16/02/2025 20:08,51.883978723404255,4.984,0,16/02/2025 20:11,2.141063829787234,Success,0,20.71468085106383,0,983,6.28.1,2025-02-16 N,20.71468085106383,51.47995744680851
16/02/2025 20:21,50.37165957446808,4.987,0,16/02/2025 20:24,2.213872340425532,Success,0,21.44680851,0,985,6.28.1,2025-02-16 N,21.44680851,52.169936170212765
16/02/2025 20:27,50.93825531914894,5.011,0,16/02/2025 20:30,2.1656595744680853,Success,0,22.012659574468085,0,986,6.28.1,2025-02-16 N,22.012659574468085,52.636361702127665
16/02/2025 20:41,52.00975,5.014,0,16/02/2025 20:44,2.064229166666667,Success,0,22.433125,0,987,6.28.1,2025-02-16 N,22.433125,52.36933333333334
16/02/2025 20:47,50.63791489361702,4.996,0,16/02/2025 20:50,2.135723404255319,Success,0,22.190425531914894,0,988,6.28.1,2025-02-16 N,22.190425531914894,52.39306382978724
16/02/2025 20:53,50.21704166666667,4.998,0,16/02/2025 20:57,2.0655,Success,0,22.065625,0,989,6.28.1,2025-02-16 N,22.065625,52.23654166666666
16/02/2025 21:06,52.707425531914886,4.965,0,16/02/2025 21:08,2.1141063829787234,Success,0,21.334787234042555,0,991,6.28.1,2025-02-16 N,21.334787234042555,52.13114893617022
16/02/2025 21:12,50.74682978723404,4.926,0,16/02/2025 21:14,2.083744680851064,Success,0,21.745212765957447,0,992,6.28.1,2025-02-16 N,21.745212765957447,52.31165957446809
16/02/2025 21:18,52.216804347826084,4.879,0,16/02/2025 21:20,2.157804347826087,Success,0,21.16141304347826,0,993,6.28.1,2025-02-16 N,21.16141304347826,52.404065217391306
16/02/2025 21:24,50.23439130434783,4.928,0,16/02/2025 21:26,2.071108695652174,Success,0,21.69782608695652,0,994,6.28.1,2025-02-16 N,21.69782608695652,51.47747826086957
16/02/2025 21:39,52.56061702,4.896,0,16/02/2025 21:42,1.929404255319149,Success,0,22.050638297872343,0,996,6.28.1,2025-02-16 N,22.050638297872343,50.139638297872345
16/02/2025 22:09,52.98276595744681,4.921,0,16/02/2025 22:12,2.1331702127659575,Success,0,22.19840425531915,0,997,6.28.1,2025-02-16 N,22.19840425531915,51.48946808510639
16/02/2025 22:16,54.188851063829794,4.894,0,16/02/2025 22:19,1.8282340425531916,Success,0,22.63627659574468,0,998,6.28.1,2025-02-16 N,22.63627659574468,49.72538298
16/02/2025 22:23,54.077875,5.001,0,16/02/2025 22:27,1.7294791666666667,Success,0,22.3240625,0,999,6.28.1,2025-02-16 N,22.3240625,49.876958333333334
16/02/2025 22:30,53.62534042553192,4.897,0,16/02/2025 22:33,2.0161063829787236,Success,0,23.012234042553192,0,1000,6.28.1,2025-02-16 N,23.012234042553192,50.95421276595744
16/02/2025 22:36,53.784617021276595,4.886,0,16/02/2025 22:40,1.7985106382978724,Success,0,22.513085106382977,0,1001,6.28.1,2025-02-16 N,22.513085106382977,50.39693617021276
16/02/2025 22:43,52.390085106382976,4.925,0,16/02/2025 22:46,1.8700851063829789,Success,0,21.607021276595745,0,1002,6.28.1,2025-02-16 N,21.607021276595745,49.620893617021274
16/02/2025 22:49,53.32434782608696,4.812,0,16/02/2025 22:54,1.5779347826086956,Success,0,21.148369565217394,0,1003,6.28.1,2025-02-16 N,21.148369565217394,51.4245
16/02/2025 22:58,54.05189361702127,4.906,0,16/02/2025 23:02,1.6840851063829787,Success,0,21.598085106382978,0,1004,6.28.1,2025-02-16 N,21.598085106382978,46.12472340425532
16/02/2025 23:04,55.06355319148936,4.916,0,16/02/2025 23:10,1.2791063829787235,Success,0,18.237446808510636,0,1005,6.28.1,2025-02-16 N,18.237446808510636,45.98157446808511
16/02/2025 23:14,54.15440425531915,4.949,0,16/02/2025 23:18,1.458255319148936,Success,0,19.57755319148936,0,1006,6.28.1,2025-02-16 N,19.57755319148936,46.122829787234046
16/02/2025 23:21,55.543276595744686,4.942,0,16/02/2025 23:24,1.7664468085106382,Success,0,21.935106382978724,0,1007,6.28.1,2025-02-16 N,21.935106382978724,46.28540425531915
16/02/2025 23:27,57.882312500000005,5.027,0,16/02/2025 23:33,1.4708125,Success,0,18.484375,0,1008,6.28.1,2025-02-16 N,18.484375,43.65327083333333
16/02/2025 23:36,56.6858125,4.98,0,16/02/2025 23:40,1.6366458333333334,Success,0,21.4496875,0,1009,6.28.1,2025-02-16 N,21.4496875,46.47864583333333
16/02/2025 23:53,53.90291666666667,5.043,0,16/02/2025 23:56,1.5778125,Success,0,18.5134375,0,1011,6.28.1,2025-02-16 N,18.5134375,43.96510416666666
17/02/2025 00:00,53.7365,5.029,0,17/02/2025 00:05,1.7422916666666666,Success,0,18.648125,0,1012,6.28.1,2025-02-16 N,18.648125,45.705562500000006
17/02/2025 00:26,53.55913043,4.913,0,17/02/2025 00:30,1.8286521739130435,Success,0,17.265326086956524,0,1014,6.28.1,2025-02-16 N,17.265326086956524,45.43686956521739
17/02/2025 00:33,51.68027659574468,4.965,0,17/02/2025 00:39,1.684553191489362,Success,0,19.762021276595746,0,1015,6.28.1,2025-02-16 N,19.762021276595746,48.91819149
17/02/2025 00:43,53.76083333333333,4.974,0,17/02/2025 00:49,0.9728541666666667,Success,0,20.6325,0,1016,6.28.1,2025-02-16 N,20.6325,49.77010416666667
17/02/2025 00:53,55.55802083333333,4.987,0,17/02/2025 01:00,0.8040625,Success,0,19.818749999999998,0,1017,6.28.1,2025-02-16 N,19.818749999999998,46.25835416666666
17/02/2025 01:03,54.33864583333334,4.976,0,17/02/2025 01:16,0.5886041666666667,Success,0,19.1203125,0,1018,6.28.1,2025-02-16 N,19.1203125,48.67264583333333
17/02/2025 01:20,51.162978260869565,4.959,0,17/02/2025 01:51,0.813304348,Success,0,16.60141304347826,0,1019,6.28.1,2025-02-16 N,16.60141304347826,45.99393478
17/02/2025 01:54,54.83834042553192,4.87,0,17/02/2025 02:01,0.9061063829787234,Success,0,21.09095744680851,0,1020,6.28.1,2025-02-16 N,21.09095744680851,48.93076595744681
17/02/2025 02:05,56.049829787234046,4.844,0,17/02/2025 02:14,0.8348297872340426,Success,0,21.13595744680851,0,1021,6.28.1,2025-02-16 N,21.13595744680851,49.03727659574468
17/02/2025 02:17,54.939829787234046,4.883,0,17/02/2025 02:24,0.8261063829787234,Success,0,21.12031914893617,0,1022,6.28.1,2025-02-16 N,21.12031914893617,46.39655319148936
17/02/2025 02:31,55.83965957446809,4.823,0,17/02/2025 02:41,0.6809361702127659,Success,0,19.02351063829787,0,1023,6.28.1,2025-02-16 N,19.02351063829787,46.901319148936174
17/02/2025 02:54,56.55689130434783,4.801,0,17/02/2025 03:07,0.5789347826086957,Success,0,19.454347826086956,0,1024,6.28.1,2025-02-16 N,19.454347826086956,46.279391304347826
17/02/2025 03:17,54.22263043478261,4.71,0,17/02/2025 03:33,0.5517391304347826,Success,0,19.065,0,1025,6.28.1,2025-02-16 N,19.065,48.169739130434785
17/02/2025 03:36,54.58232608695652,4.818,0,17/02/2025 03:54,0.5232391304347825,Success,0,16.988152173913043,0,1026,6.28.1,2025-02-16 N,16.988152173913043,47.60023913043478
17/02/2025 03:58,52.639918367346944,4.968,0,17/02/2025 04:13,0.4640612244897959,Success,0,10.727448979591836,0,1027,6.28.1,2025-02-16 N,10.727448979591836,51.93485714285714
17/02/2025 04:36,50.268897959183676,5.003,0,17/02/2025 05:03,0.47595918367346934,Success,0,9.633061224489795,0,1029,6.28.1,2025-02-16 N,9.633061224489795,51.45732653061225
17/02/2025 05:27,53.728857142857144,5.016,0,17/02/2025 05:48,0.5133061224489797,Success,0,8.475612245,0,1030,6.28.1,2025-02-16 N,8.475612245,50.71265306122449
17/02/2025 06:00,52.86463829787234,4.811,0,17/02/2025 06:31,0.44895744680851063,Success,0,8.954361702,0,1031,6.28.1,2025-02-17 D,8.954361702,52.90704255319149
17/02/2025 06:35,53.39692307692308,4.787,0,17/02/2025 06:48,0.4702051282051282,Success,0,7.7773076923076925,0,1032,6.28.1,2025-02-17 D,7.7773076923076925,49.99225641025641
17/02/2025 10:11,56.83919149,4.84,0,17/02/2025 10:21,1.1221914893617022,Success,0,19.50319149,0,1035,6.28.1,2025-02-17 D,19.50319149,49.134234042553196
17/02/2025 10:25,55.71074468085107,4.909,0,17/02/2025 10:29,1.3882765957446808,Success,0,20.874255319148936,0,1036,6.28.1,2025-02-17 D,20.874255319148936,50.17746808510638
17/02/2025 10:33,55.530699999999996,5.257,0,17/02/2025 10:37,1.68278,Success,0,19.4298,0,1037,6.28.1,2025-02-17 D,19.4298,49.398999999999994
17/02/2025 10:41,54.38797916666667,4.958,0,17/02/2025 10:45,1.2461875,Success,0,22.8928125,0,1038,6.28.1,2025-02-17 D,22.8928125,51.27258333333333
17/02/2025 10:58,52.88222916666667,5.02,0,17/02/2025 11:01,1.5102916666666666,Success,0,21.3653125,0,1040,6.28.1,2025-02-17 D,21.3653125,52.86835416666667
17/02/2025 11:06,53.16417021276595,4.932,0,17/02/2025 11:09,1.8804042553191491,Success,0,21.282446808510638,0,1041,6.28.1,2025-02-17 D,21.282446808510638,53.63853191489362
17/02/2025 11:13,52.9149375,4.989,0,17/02/2025 11:18,1.6961875,Success,0,20.5471875,0,1042,6.28.1,2025-02-17 D,20.5471875,52.93145833333333
17/02/2025 11:24,51.05429787234043,4.908,0,17/02/2025 11:28,1.7316382978723404,Success,0,20.823829787234043,0,1043,6.28.1,2025-02-17 D,20.823829787234043,54.58812765957446
17/02/2025 11:54,50.901520833333336,5.011,0,17/02/2025 11:59,1.7940833333333333,Success,0,20.0771875,0,1045,6.28.1,2025-02-17 D,20.0771875,51.655229166666665
17/02/2025 12:03,53.59395833333334,5.034,0,17/02/2025 12:06,1.6251041666666666,Success,0,21.053124999999998,0,1046,6.28.1,2025-02-17 D,21.053124999999998,51.647062500000004
17/02/2025 12:16,52.96982978723404,4.979,0,17/02/2025 12:19,2.2218510638297873,Success,0,18.005106382978724,0,1048,6.28.1,2025-02-17 D,18.005106382978724,51.55829787234042
17/02/2025 12:22,54.428083333333326,5.01,0,17/02/2025 12:27,1.4627708333333331,Success,0,19.506249999999998,0,1049,6.28.1,2025-02-17 D,19.506249999999998,51.22258333333334
17/02/2025 12:30,55.15065957446809,4.897,0,17/02/2025 12:35,1.3030212765957445,Success,0,20.452340425531915,0,1050,6.28.1,2025-02-17 D,20.452340425531915,49.814531914893614
17/02/2025 12:38,54.678312500000004,4.963,0,17/02/2025 12:43,1.4087500000000002,Success,0,20.295625,0,1051,6.28.1,2025-02-17 D,20.295625,50.416312500000004
17/02/2025 12:46,53.26778723404255,4.916,0,17/02/2025 12:50,1.5705531914893618,Success,0,20.647021276595744,0,1052,6.28.1,2025-02-17 D,20.647021276595744,51.422765957446806
17/02/2025 13:00,53.71282222222223,4.727,0,17/02/2025 13:04,1.3998666666666666,Success,0,16.85333333333333,0,1054,6.28.1,2025-02-17 D,16.85333333333333,50.645777777777774
17/02/2025 13:08,53.945956521739134,4.764,0,17/02/2025 13:12,1.4651304347826086,Success,0,21.222717391304347,0,1055,6.28.1,2025-02-17 D,21.222717391304347,50.80721739130435
17/02/2025 13:27,55.13236734693877,5.097,0,17/02/2025 13:30,1.5237142857142858,Success,0,20.688061224489797,0,1057,6.28.1,2025-02-17 D,20.688061224489797,50.289367346938775
17/02/2025 13:35,53.66320408163265,5.142,0,17/02/2025 13:38,1.6734081632653062,Success,0,21.047448979591838,0,1058,6.28.1,2025-02-17 D,21.047448979591838,51.766510204081634
17/02/2025 13:54,54.048919999999995,5.19,0,17/02/2025 13:58,1.62274,Success,0,20.933699999999998,0,1059,6.28.1,2025-02-17 D,20.933699999999998,51.55098
17/02/2025 14:01,54.37982,5.15,0,17/02/2025 14:06,1.50198,Success,0,20.859899999999996,0,1060,6.28.1,2025-02-17 D,20.859899999999996,50.18152
17/02/2025 14:08,55.130957446808516,4.917,0,17/02/2025 14:13,1.1382340425531914,Success,0,19.799042553191487,0,1061,6.28.1,2025-02-17 D,19.799042553191487,49.123106382978726
17/02/2025 14:17,54.35453191489362,4.934,0,17/02/2025 14:20,1.653,Success,0,21.844468085106385,0,1062,6.28.1,2025-02-17 D,21.844468085106385,51.388829787234044
17/02/2025 14:41,52.78736956521739,4.786,0,17/02/2025 14:45,1.5290000000000001,Success,0,18.87782608695652,0,1063,6.28.1,2025-02-17 D,18.87782608695652,50.747456521739124
17/02/2025 14:56,53.18706521739131,4.854,0,17/02/2025 15:01,1.3674565217391303,Success,0,18.874891304347827,0,1065,6.28.1,2025-02-17 D,18.874891304347827,50.377760869565215
17/02/2025 15:04,54.24089361702128,4.93,0,17/02/2025 15:09,1.4680425531914894,Success,0,19.478936170212766,0,1066,6.28.1,2025-02-17 D,19.478936170212766,50.080999999999996
17/02/2025 15:12,53.99646808510638,4.881,0,17/02/2025 15:18,1.4800638297872342,Success,0,18.430212765957446,0,1067,6.28.1,2025-02-17 D,18.430212765957446,49.838957446808514
17/02/2025 15:29,53.1431875,4.985,0,17/02/2025 15:33,1.5036041666666666,Success,0,20.544375,0,1069,6.28.1,2025-02-17 D,20.544375,51.70529166666666
17/02/2025 15:37,54.526224489795915,5.16,0,17/02/2025 15:42,1.5034897959183675,Success,0,19.298571428571428,0,1070,6.28.1,2025-02-17 D,19.298571428571428,49.637020408163266
17/02/2025 15:46,52.10272916666667,4.99,0,17/02/2025 15:50,1.670375,Success,0,20.5775,0,1071,6.28.1,2025-02-17 D,20.5775,51.53627083333333
17/02/2025 16:03,49.91695744680852,4.94,0,17/02/2025 16:07,1.7401276595744681,Success,0,19.17031914893617,0,1073,6.28.1,2025-02-17 D,19.17031914893617,52.14934042553191
17/02/2025 16:13,53.528729166666665,5.016,0,17/02/2025 16:18,1.5394791666666665,Success,0,19.8903125,0,1074,6.28.1,2025-02-17 D,19.8903125,51.512229166666664
17/02/2025 16:21,51.311574468085105,4.931,0,17/02/2025 16:24,1.9317021276595745,Success,0,20.115957446808512,0,1075,6.28.1,2025-02-17 D,20.115957446808512,52.57487234042553
17/02/2025 16:36,51.42617021276596,4.989,0,17/02/2025 16:39,1.8846170212765958,Success,0,20.686914893617022,0,1076,6.28.1,2025-02-17 D,20.686914893617022,51.842340425531916
17/02/2025 16:43,53.724041666666665,4.982,0,17/02/2025 16:47,1.4915,Success,0,19.155,0,1077,6.28.1,2025-02-17 D,19.155,51.30950000000001
17/02/2025 16:51,52.30429787234043,4.906,0,17/02/2025 16:55,1.4793191489361703,Success,0,19.720851063829787,0,1078,6.28.1,2025-02-17 D,19.720851063829787,51.24595744680851
17/02/2025 16:59,51.73436956521739,4.889,0,17/02/2025 17:03,1.8090652173913042,Success,0,18.872934782608695,0,1079,6.28.1,2025-02-17 D,18.872934782608695,51.540543478260865
17/02/2025 17:26,53.505148936170215,4.887,0,17/02/2025 17:31,1.5972127659574469,Success,0,18.91212765957447,0,1080,6.28.1,2025-02-17 D,18.91212765957447,51.93451063829787
17/02/2025 17:34,52.57669565217391,4.849,0,17/02/2025 17:39,1.5845869565217392,Success,0,18.871304347826086,0,1081,6.28.1,2025-02-17 D,18.871304347826086,50.97295652173913
17/02/2025 17:42,52.34710638297872,4.873,0,17/02/2025 17:46,1.4959148936170215,Success,0,20.094893617021278,0,1082,6.28.1,2025-02-17 D,20.094893617021278,51.836553191489365
17/02/2025 17:50,51.07955319148936,4.924,0,17/02/2025 17:53,1.8074680851063831,Success,0,20.37319149,0,1083,6.28.1,2025-02-17 D,20.37319149,52.388723404255316
17/02/2025 17:56,53.768108695652174,4.809,0,17/02/2025 18:01,1.4017608695652173,Success,0,19.63467391304348,0,1084,6.28.1,2025-02-17 D,19.63467391304348,50.795804347826085
17/02/2025 18:05,53.965937499999995,5.012,0,17/02/2025 18:09,1.5126041666666667,Success,0,20.063125,0,1085,6.28.1,2025-02-17 N,20.063125,51.01804166666667
17/02/2025 18:13,54.124693877551024,5.166,0,17/02/2025 18:18,1.4387142857142856,Success,0,19.215612244897958,0,1086,6.28.1,2025-02-17 N,19.215612244897958,50.77742857142857
17/02/2025 18:31,53.57282,5.21,0,17/02/2025 18:39,1.6408,Success,0,20.0583,0,1087,6.28.1,2025-02-17 N,20.0583,52.107820000000004
17/02/2025 18:44,54.03759184,5.088,0,17/02/2025 18:48,1.5961836734693877,Success,0,19.795408163265307,0,1088,6.28.1,2025-02-17 N,19.795408163265307,50.81459183673469
17/02/2025 18:52,52.80820408163265,5.085,0,17/02/2025 18:56,1.385265306122449,Success,0,20.98775510204082,0,1089,6.28.1,2025-02-17 N,20.98775510204082,52.41130612244898
17/02/2025 18:59,54.065333333333335,4.945,0,17/02/2025 19:05,1.4734375,Success,0,20.6403125,0,1090,6.28.1,2025-02-17 N,20.6403125,50.66797916666667
17/02/2025 19:36,51.96876595744681,4.867,0,17/02/2025 19:41,1.1436808510638299,Success,0,21.14617021276596,0,1091,6.28.1,2025-02-17 N,21.14617021276596,50.69068085106383
17/02/2025 19:48,54.4353125,5.171,0,17/02/2025 19:53,1.8268125,Success,0,20.575625,0,1092,6.28.1,2025-02-17 N,20.575625,50.35441666666667
17/02/2025 20:19,56.01442857142857,5.268,0,17/02/2025 20:34,1.7077551020408164,Success,0,17.423571428571428,0,1093,6.28.1,2025-02-17 N,17.423571428571428,47.37348979591837
17/02/2025 20:44,53.37878260869565,4.869,0,17/02/2025 20:46,2.4908260869565217,Success,0,20.764565217391304,0,1095,6.28.1,2025-02-17 N,20.764565217391304,51.63510869565218
17/02/2025 20:49,53.55584782608695,4.821,0,17/02/2025 20:52,2.2486521739130434,Success,0,20.398695652173913,0,1096,6.28.1,2025-02-17 N,20.398695652173913,50.946000000000005
17/02/2025 21:02,54.065104166666664,5.013,0,17/02/2025 21:05,2.017125,Success,0,19.6175,0,1098,6.28.1,2025-02-17 N,19.6175,50.565104166666664
17/02/2025 21:17,55.18038297872341,5.017,0,17/02/2025 21:19,2.1972127659574467,Success,0,20.064893617021276,0,1099,6.28.1,2025-02-17 N,20.064893617021276,51.791531914893625
17/02/2025 21:36,53.25523404255319,4.963,0,17/02/2025 21:40,2.372255319148936,Success,0,20.31159574468085,0,1100,6.28.1,2025-02-17 N,20.31159574468085,51.83551063829787
17/02/2025 21:49,54.23453191489362,4.954,0,17/02/2025 21:52,2.1519574468085105,Success,0,21.080106382978723,0,1101,6.28.1,2025-02-17 N,21.080106382978723,51.81604255319149
17/02/2025 22:15,53.876844444444444,4.849,0,17/02/2025 22:17,2.5826,Success,0,18.508333333333333,0,1102,6.28.1,2025-02-17 N,18.508333333333333,50.623799999999996
17/02/2025 22:48,54.21355319148936,4.962,0,17/02/2025 22:51,2.15,Success,0,20.805638297872342,0,1104,6.28.1,2025-02-17 N,20.805638297872342,52.154085106382986
17/02/2025 23:00,54.90723404255319,4.967,0,17/02/2025 23:03,2.260127659574468,Success,0,20.182659574468087,0,1105,6.28.1,2025-02-17 N,20.182659574468087,51.29438298
17/02/2025 23:15,55.404106382978725,4.901,0,17/02/2025 23:17,2.1021489361702126,Success,0,20.24840425531915,0,1106,6.28.1,2025-02-17 N,20.24840425531915,51.01704255319149
17/02/2025 23:23,54.53104444444444,4.763,0,17/02/2025 23:26,2.0818666666666665,Success,0,20.615666666666666,0,1107,6.28.1,2025-02-17 N,20.615666666666666,50.81064444444444
17/02/2025 23:35,55.66624444444444,4.739,0,17/02/2025 23:38,2.3797555555555556,Success,0,20.069,0,1108,6.28.1,2025-02-17 N,20.069,50.680911111111115
17/02/2025 23:54,56.38373333333333,4.772,0,17/02/2025 23:56,2.3966666666666665,Success,0,19.970666666666666,0,1109,6.28.1,2025-02-17 N,19.970666666666666,49.45364444444445
18/02/2025 00:02,56.615391304347824,4.866,0,18/02/2025 00:07,1.8809565217391304,Success,0,18.682173913043478,0,1110,6.28.1,2025-02-17 N,18.682173913043478,48.438152173913046
18/02/2025 00:10,55.522680851063825,4.927,0,18/02/2025 00:13,2.073723404255319,Success,0,21.35904255319149,0,1111,6.28.1,2025-02-17 N,21.35904255319149,50.27685106382979
18/02/2025 00:18,55.97968085106383,4.933,0,18/02/2025 00:22,1.5289787234042551,Success,0,18.964468085106382,0,1112,6.28.1,2025-02-17 N,18.964468085106382,48.611106382978726
18/02/2025 00:26,55.20616666666667,5.035,0,18/02/2025 00:30,1.563125,Success,0,19.933125,0,1113,6.28.1,2025-02-17 N,19.933125,49.84372916666666
18/02/2025 01:10,56.54175510204081,5.091,0,18/02/2025 01:14,1.8134897959183673,Success,0,20.75234693877551,0,1115,6.28.1,2025-02-17 N,20.75234693877551,49.47016326530612
18/02/2025 02:47,50.81908510638298,4.886,0,18/02/2025 02:51,1.680404255319149,Success,0,18.893936170212765,0,1119,6.28.1,2025-02-17 N,18.893936170212765,51.70074468085106
18/02/2025 02:55,48.653978260869565,4.789,0,18/02/2025 02:59,1.4228913043478262,Success,0,21.21260869565217,0,1120,6.28.1,2025-02-17 N,21.21260869565217,51.84258695652174
18/02/2025 03:03,49.611933333333326,4.77,0,18/02/2025 03:07,2.194977777777778,Success,0,18.71066666666667,0,1121,6.28.1,2025-02-17 N,18.71066666666667,51.629088888888894
18/02/2025 03:11,50.358000000000004,4.734,0,18/02/2025 03:14,2.259822222222222,Success,0,18.942999999999998,0,1122,6.28.1,2025-02-17 N,18.942999999999998,51.1682
18/02/2025 03:18,47.4426,4.741,0,18/02/2025 03:21,1.9057777777777778,Success,0,20.71366666666667,0,1123,6.28.1,2025-02-17 N,20.71366666666667,52.14131111111111
18/02/2025 03:40,49.28908510638298,4.865,0,18/02/2025 03:45,1.4726170212765957,Success,0,21.47968085106383,0,1126,6.28.1,2025-02-17 N,21.47968085106383,51.04159574468085
18/02/2025 03:55,49.58206,5.243,0,18/02/2025 04:01,1.3852799999999998,Success,0,20.5464,0,1128,6.28.1,2025-02-17 N,20.5464,51.54384
18/02/2025 04:04,49.62419607843137,5.316,0,18/02/2025 04:09,1.565,Success,0,22.27823529411765,0,1129,6.28.1,2025-02-17 N,22.27823529411765,52.57311764705882
18/02/2025 04:12,50.552299999999995,5.271,0,18/02/2025 04:15,1.79022,Success,0,20.865,0,1130,6.28.1,2025-02-17 N,20.865,52.29978
18/02/2025 04:25,50.1147,5.239,0,18/02/2025 04:29,1.55436,Success,0,21.6573,0,1131,6.28.1,2025-02-17 N,21.6573,52.67946
18/02/2025 04:33,49.1199,5.165,0,18/02/2025 04:43,1.62022,Success,0,20.7531,0,1132,6.28.1,2025-02-17 N,20.7531,51.6053
18/02/2025 04:46,49.498760000000004,5.173,0,18/02/2025 04:50,1.66712,Success,0,22.445999999999998,0,1133,6.28.1,2025-02-17 N,22.445999999999998,52.893
18/02/2025 04:54,50.24381632653061,5.141,0,18/02/2025 04:57,1.7231020408163267,Success,0,20.75112244897959,0,1134,6.28.1,2025-02-17 N,20.75112244897959,51.909020408163265
18/02/2025 05:01,50.85502040816327,5.142,0,18/02/2025 05:07,1.539346939,Success,0,19.377857142857142,0,1135,6.28.1,2025-02-17 N,19.377857142857142,51.639
18/02/2025 05:19,50.970224489795925,5.125,0,18/02/2025 05:22,1.980734693877551,Success,0,20.403367346938776,0,1136,6.28.1,2025-02-17 N,20.403367346938776,53.175979591836736
18/02/2025 05:40,53.831755102040816,5.11,0,18/02/2025 05:43,1.9141224489795918,Success,0,22.73081632653061,0,1139,6.28.1,2025-02-17 N,22.73081632653061,52.251551020408165
18/02/2025 05:47,54.40361224489796,5.096,0,18/02/2025 05:51,1.464142857142857,Success,0,20.578163265306124,0,1140,6.28.1,2025-02-17 N,20.578163265306124,50.46414285714285
18/02/2025 05:55,54.111999999999995,5.09,0,18/02/2025 05:58,1.854,Success,0,20.802551020408163,0,1141,6.28.1,2025-02-17 N,20.802551020408163,52.55118367346938
18/02/2025 06:01,54.704306122448976,5.15,0,18/02/2025 06:06,1.5556326530612246,Success,0,21.472959183673467,0,1142,6.28.1,2025-02-18 D,21.472959183673467,52.062122448979586
18/02/2025 06:09,53.79704081632653,5.106,0,18/02/2025 06:13,1.7886122448979591,Success,0,22.63653061,0,1143,6.28.1,2025-02-18 D,22.63653061,52.338265306122445
18/02/2025 06:16,54.130559999999996,5.199,0,18/02/2025 06:21,1.4337600000000001,Success,0,20.9709,0,1144,6.28.1,2025-02-18 D,20.9709,49.69968
18/02/2025 06:30,54.26709803921568,5.338,0,18/02/2025 06:34,1.611392156862745,Success,0,22.40058823529412,0,1146,6.28.1,2025-02-18 D,22.40058823529412,52.036196078431374
18/02/2025 06:38,55.19852,5.215,0,18/02/2025 06:42,1.66476,Success,0,20.8044,0,1147,6.28.1,2025-02-18 D,20.8044,50.48872
18/02/2025 07:03,53.92012765957447,4.929,0,18/02/2025 07:07,1.6298297872340426,Success,0,22.29223404255319,0,1149,6.28.1,2025-02-18 D,22.29223404255319,51.947212765957445
18/02/2025 07:10,47.72389130434782,4.879,0,18/02/2025 07:13,2.724478260869565,Success,0,18.368152173913046,0,1150,6.28.1,2025-02-18 D,18.368152173913046,52.43002173913043
18/02/2025 07:16,50.549,4.833,0,18/02/2025 07:16,0.957,Success,0,11.055,0,1151,6.28.1,2025-02-18 D,11.055,42.855
18/02/2025 07:30,54.83548888888888,4.728,0,18/02/2025 07:35,1.5768888888888888,Success,0,19.44833333333333,0,1152,6.28.1,2025-02-18 D,19.44833333333333,49.677800000000005
18/02/2025 07:38,52.270568181818184,4.658,0,18/02/2025 07:46,2.0014090909090907,Success,0,19.651704545454546,0,1153,6.28.1,2025-02-18 D,19.651704545454546,50.52865909090909
18/02/2025 07:50,52.572717391304344,4.825,0,18/02/2025 07:55,1.737,Success,0,18.507065217391304,0,1154,6.28.1,2025-02-18 D,18.507065217391304,50.387847826086954
18/02/2025 08:19,50.10987234042554,4.942,0,18/02/2025 08:21,2.4281063829787235,Success,0,17.317978723404256,0,1157,6.28.1,2025-02-18 D,17.317978723404256,52.82527659574468
18/02/2025 08:27,50.93591489361702,4.942,0,18/02/2025 08:30,2.1435744680851063,Success,0,20.473085106382978,0,1158,6.28.1,2025-02-18 D,20.473085106382978,52.44676595744681
18/02/2025 08:37,50.452586956521735,4.885,0,18/02/2025 08:42,1.639913043478261,Success,0,17.616847826086957,0,1159,6.28.1,2025-02-18 D,17.616847826086957,52.00563043478261
18/02/2025 09:25,53.03674468085106,4.913,0,18/02/2025 09:28,2.0153191489361704,Success,0,21.761489361702125,0,1160,6.28.1,2025-02-18 D,21.761489361702125,51.58902127659575
18/02/2025 09:32,54.64367391304348,4.849,0,18/02/2025 09:36,1.970978260869565,Success,0,19.90663043478261,0,1161,6.28.1,2025-02-18 D,19.90663043478261,49.88945652173913
18/02/2025 09:39,53.12153333333333,4.792,0,18/02/2025 09:46,1.8171777777777778,Success,0,18.500333333333334,0,1162,6.28.1,2025-02-18 D,18.500333333333334,52.54593333333333
18/02/2025 09:50,50.84216666666667,4.659,0,18/02/2025 09:57,1.6252380952380954,Success,0,19.48642857142857,0,1163,6.28.1,2025-02-18 D,19.48642857142857,50.4225
18/02/2025 12:56,55.11851063829788,5.074,0,18/02/2025 13:02,1.9288936170212767,Success,0,18.712659574468084,0,1164,6.28.1,2025-02-18 D,18.712659574468084,47.68055319148936
18/02/2025 13:05,51.883428571428574,5.288,0,18/02/2025 13:11,1.8432448979591838,Success,0,20.162142857142857,0,1165,6.28.1,2025-02-18 D,20.162142857142857,51.298265306122445
18/02/2025 13:22,48.877978723404254,5.039,0,18/02/2025 13:25,3.1347872340425535,Success,0,16.747978723404255,0,1167,6.28.1,2025-02-18 D,16.747978723404255,52.683680851063826
18/02/2025 13:28,48.29233333333333,5.106,0,18/02/2025 13:30,1.7847619047619045,Success,0,19.017857142857142,0,1168,6.28.1,2025-02-18 D,19.017857142857142,48.998285714285714
18/02/2025 13:43,51.65234615384615,5.56,0,18/02/2025 14:10,2.253826923076923,Success,0,20.00423076923077,0,1169,6.28.1,2025-02-18 D,20.00423076923077,52.859826923076916
18/02/2025 14:14,51.10628,5.17,0,18/02/2025 14:18,1.64898,Success,0,21.5898,0,1170,6.28.1,2025-02-18 D,21.5898,51.41102
18/02/2025 14:21,51.849551020408164,5.128,0,18/02/2025 14:24,1.9004897959183673,Success,0,21.58408163265306,0,1171,6.28.1,2025-02-18 D,21.58408163265306,52.83544897959183
18/02/2025 14:28,52.832469387755104,5.119,0,18/02/2025 14:32,1.5144081632653061,Success,0,20.917653061224488,0,1172,6.28.1,2025-02-18 D,20.917653061224488,51.62295918367347
18/02/2025 14:36,49.82259183673469,5.154,0,18/02/2025 14:39,1.7957142857142856,Success,0,20.30081632653061,0,1173,6.28.1,2025-02-18 D,20.30081632653061,52.85965306122449
18/02/2025 14:42,51.83708163265306,5.158,0,18/02/2025 14:45,1.875122448979592,Success,0,19.083061224489796,0,1174,6.28.1,2025-02-18 D,19.083061224489796,52.98579591836735
18/02/2025 14:49,49.736428571428576,5.141,0,18/02/2025 14:53,1.756795918367347,Success,0,21.764999999999997,0,1175,6.28.1,2025-02-18 D,21.764999999999997,53.11930612244898
18/02/2025 14:57,50.71826,5.181,0,18/02/2025 15:00,1.84944,Success,0,19.5924,0,1176,6.28.1,2025-02-18 D,19.5924,52.8487
18/02/2025 15:13,51.95914285714286,5.147,0,18/02/2025 15:17,1.7371020408163265,Success,0,20.03816326530612,0,1178,6.28.1,2025-02-18 D,20.03816326530612,52.47644897959184
18/02/2025 15:22,50.5532,5.119,0,18/02/2025 15:27,1.0852,Success,0,10.206900000000001,0,1179,6.28.1,2025-02-18 D,10.206900000000001,52.84984
18/02/2025 15:37,50.454081632653065,5.076,0,18/02/2025 15:41,1.322061224489796,Success,0,16.077857142857145,0,1181,6.28.1,2025-02-18 D,16.077857142857145,52.61922448979592
18/02/2025 15:44,50.136061224489794,5.142,0,18/02/2025 15:48,1.812673469387755,Success,0,19.532755102040817,0,1182,6.28.1,2025-02-18 D,19.532755102040817,52.97822448979592
18/02/2025 15:51,48.14768,5.194,0,18/02/2025 15:56,1.1349200000000002,Success,0,9.1509,0,1183,6.28.1,2025-02-18 D,9.1509,53.16084
18/02/2025 16:07,49.738448979591844,5.104,0,18/02/2025 16:12,1.2656530612244898,Success,0,18.340102040816326,0,1185,6.28.1,2025-02-18 D,18.340102040816326,52.830571428571425
18/02/2025 16:15,50.59012244897959,5.108,0,18/02/2025 16:18,1.822530612244898,Success,0,16.353673469387758,0,1186,6.28.1,2025-02-18 D,16.353673469387758,53.117612244897956
18/02/2025 16:21,48.62712244897959,5.127,0,18/02/2025 16:25,1.5945714285714285,Success,0,20.524591836734693,0,1187,6.28.1,2025-02-18 D,20.524591836734693,52.967999999999996
18/02/2025 16:31,50.96841666666666,5.056,0,18/02/2025 16:34,1.9465208333333335,Success,0,20.78625,0,1188,6.28.1,2025-02-18 D,20.78625,53.45252083333333
18/02/2025 16:38,49.85895918367347,5.062,0,18/02/2025 16:43,1.4668163265306122,Success,0,13.742448979591837,0,1189,6.28.1,2025-02-18 D,13.742448979591837,51.59738775510204
18/02/2025 16:59,50.21869565217391,4.799,0,18/02/2025 17:03,1.5382173913043478,Success,0,16.43054347826087,0,1192,6.28.1,2025-02-18 D,16.43054347826087,52.733586956521734
18/02/2025 17:07,47.77760869565218,4.77,0,18/02/2025 17:27,1.6050434782608693,Success,0,17.120869565217394,0,1193,6.28.1,2025-02-18 D,17.120869565217394,52.821282608695654
18/02/2025 17:31,48.147955555555555,4.73,0,18/02/2025 17:34,1.5801333333333332,Success,0,17.190333333333335,0,1194,6.28.1,2025-02-18 D,17.190333333333335,52.528822222222225
18/02/2025 17:39,51.36445652173913,4.774,0,18/02/2025 17:44,1.3305,Success,0,17.092173913043478,0,1195,6.28.1,2025-02-18 D,17.092173913043478,50.82519565217391
18/02/2025 17:49,48.38993478260869,4.869,0,18/02/2025 17:53,1.611804347826087,Success,0,19.903695652173916,0,1196,6.28.1,2025-02-18 D,19.903695652173916,52.00741304347826
18/02/2025 17:57,50.00725531914893,4.886,0,18/02/2025 18:03,1.1404468085106383,Success,0,16.605,0,1197,6.28.1,2025-02-18 D,16.605,52.603531914893615
18/02/2025 18:23,51.210255319148935,4.887,0,18/02/2025 18:31,1.2142765957446808,Success,0,18.308617021276596,0,1198,6.28.1,2025-02-18 N,18.308617021276596,51.18263829787234
18/02/2025 18:34,50.05236170212766,4.92,0,18/02/2025 18:47,1.3117234042553192,Success,0,11.328510638297873,0,1199,6.28.1,2025-02-18 N,11.328510638297873,51.84993617021277
18/02/2025 20:33,49.17240425531915,4.928,0,18/02/2025 20:38,1.3537021276595744,Success,0,14.002340425531916,0,1200,6.28.1,2025-02-18 N,14.002340425531916,52.138872340425536
18/02/2025 20:57,44.481914893617024,4.848,0,18/02/2025 21:11,1.2707659574468084,Success,0,8.616702127659575,0,1202,6.28.1,2025-02-18 N,8.616702127659575,52.84287234042553
18/02/2025 21:16,46.04542553,4.894,0,18/02/2025 21:22,1.3568510638297873,Success,0,19.099787234042555,0,1203,6.28.1,2025-02-18 N,19.099787234042555,51.809680851063824
18/02/2025 21:25,47.143812499999996,4.947,0,18/02/2025 21:31,1.3869791666666667,Success,0,13.168750000000001,0,1204,6.28.1,2025-02-18 N,13.168750000000001,52.17104166666667
18/02/2025 21:34,47.55685416666666,4.996,0,18/02/2025 21:40,1.4873125,Success,0,18.080000000000002,0,1205,6.28.1,2025-02-18 N,18.080000000000002,52.366625
18/02/2025 21:43,45.083,5.111,0,18/02/2025 21:49,0.96974,Success,0,6.975,0,1206,6.28.1,2025-02-18 N,6.975,52.842020000000005
18/02/2025 21:52,46.02351020408163,5.109,0,18/02/2025 21:59,1.2699795918367347,Success,0,18.28408163265306,0,1207,6.28.1,2025-02-18 N,18.28408163265306,51.78753061224489
18/02/2025 22:02,44.89496,5.131,0,18/02/2025 22:07,1.3696799999999998,Success,0,20.3814,0,1208,6.28.1,2025-02-18 N,20.3814,52.4851
18/02/2025 22:11,46.21306,5.16,0,18/02/2025 22:14,1.96672,Success,0,18.4263,0,1209,6.28.1,2025-02-18 N,18.4263,52.82628
18/02/2025 22:17,45.01244,5.212,0,18/02/2025 22:20,1.75788,Success,0,19.3509,0,1210,6.28.1,2025-02-18 N,19.3509,53.181540000000005
18/02/2025 22:32,46.470879999999994,5.16,0,18/02/2025 22:37,1.39702,Success,0,14.3235,0,1212,6.28.1,2025-02-18 N,14.3235,53.039620000000006
18/02/2025 22:49,46.27016326530612,5.029,0,18/02/2025 22:55,0.9461020408163265,Success,0,8.559795918367348,0,1214,6.28.1,2025-02-18 N,8.559795918367348,53.19357142857143
18/02/2025 22:58,47.13594,5.105,0,18/02/2025 23:04,1.02992,Success,0,8.8263,0,1215,6.28.1,2025-02-18 N,8.8263,52.747299999999996
18/02/2025 23:24,45.90894736842105,4.891,0,18/02/2025 23:30,0.882921053,Success,0,5.628157894736842,0,1216,6.28.1,2025-02-18 N,5.628157894736842,52.16086842105263
19/02/2025 00:01,44.514224999999996,4.874,0,19/02/2025 00:26,0.9246000000000001,Success,0,7.525499999999999,0,1217,6.28.1,2025-02-18 N,7.525499999999999,52.402625
19/02/2025 00:31,46.79341304347826,4.827,0,19/02/2025 00:35,1.7698478260869563,Success,0,17.08532608695652,0,1218,6.28.1,2025-02-18 N,17.08532608695652,52.478043478260865
19/02/2025 00:50,46.15744680851064,4.906,0,19/02/2025 00:54,1.5885957446808512,Success,0,20.267553191489363,0,1220,6.28.1,2025-02-18 N,20.267553191489363,52.80217021276595
19/02/2025 00:57,45.93725,5,0,19/02/2025 01:02,1.3944791666666667,Success,0,19.2853125,0,1221,6.28.1,2025-02-18 N,19.2853125,53.16772916666667
19/02/2025 01:05,47.556270833333336,5.051,0,19/02/2025 01:08,2.0461458333333336,Success,0,19.360937500000002,0,1222,6.28.1,2025-02-18 N,19.360937500000002,52.7094375
19/02/2025 01:12,48.51204081632653,5.063,0,19/02/2025 01:17,1.627061224489796,Success,0,19.46265306122449,0,1223,6.28.1,2025-02-18 N,19.46265306122449,52.124755102040815
19/02/2025 01:20,48.319755102040816,5.091,0,19/02/2025 01:26,1.4841020408163266,Success,0,18.453673469387756,0,1224,6.28.1,2025-02-18 N,18.453673469387756,51.28632653061225
19/02/2025 01:29,46.32122448979592,5.091,0,19/02/2025 01:36,0.9090204081632653,Success,0,6.042857142857144,0,1225,6.28.1,2025-02-18 N,6.042857142857144,52.634244897959185
19/02/2025 01:39,47.45348,5.16,0,19/02/2025 01:49,0.96398,Success,0,9.6471,0,1226,6.28.1,2025-02-18 N,9.6471,52.98288
19/02/2025 02:10,49.22134,5.185,0,19/02/2025 02:18,1.20064,Success,0,10.9914,0,1229,6.28.1,2025-02-18 N,10.9914,54.4282
19/02/2025 02:21,50.685387755102035,5.141,0,19/02/2025 02:51,1.5413061224489797,Success,0,19.43877551020408,0,1230,6.28.1,2025-02-18 N,19.43877551020408,57.95204081632653
19/02/2025 03:16,48.5571875,5.067,0,19/02/2025 03:30,0.9889791666666666,Success,0,7.3725,0,1232,6.28.1,2025-02-18 N,7.3725,55.807375
19/02/2025 03:43,45.18119149,4.85,0,19/02/2025 03:47,1.4720212765957448,Success,0,19.15308510638298,0,1233,6.28.1,2025-02-18 N,19.15308510638298,56.525276595744685
19/02/2025 03:53,47.405891304347826,4.768,0,19/02/2025 03:58,1.5111086956521738,Success,0,18.361630434782608,0,1234,6.28.1,2025-02-18 N,18.361630434782608,57.21019565217391
19/02/2025 04:02,45.03651063829787,4.884,0,19/02/2025 04:10,1.046659574468085,Success,0,10.98159574468085,0,1235,6.28.1,2025-02-18 N,10.98159574468085,57.70148936170213
19/02/2025 04:20,46.979104166666666,4.96,0,19/02/2025 04:27,1.2005000000000001,Success,0,20.4340625,0,1237,6.28.1,2025-02-18 N,20.4340625,57.14054166666667
19/02/2025 04:33,46.34610204081633,5.031,0,19/02/2025 04:54,1.1004489795918366,Success,0,19.56826530612245,0,1238,6.28.1,2025-02-18 N,19.56826530612245,55.628244897959185
19/02/2025 04:57,53.338458333333335,5.059,0,19/02/2025 05:28,1.4322916666666667,Success,0,19.358125,0,1239,6.28.1,2025-02-18 N,19.358125,54.240916666666664
19/02/2025 05:31,52.99845098039216,5.321,0,19/02/2025 05:35,1.6444705882352941,Success,0,22.381176470588237,0,1240,6.28.1,2025-02-18 N,22.381176470588237,56.26174509803922
19/02/2025 05:39,53.38947058823529,5.332,0,19/02/2025 05:42,2.3170588235294116,Success,0,20.51,0,1241,6.28.1,2025-02-18 N,20.51,57.00533333333333
19/02/2025 05:46,54.38427450980392,5.326,0,19/02/2025 05:50,1.6643333333333334,Success,0,21.534411764705883,0,1242,6.28.1,2025-02-18 N,21.534411764705883,56.492333333333335
19/02/2025 05:53,54.43394117647058,5.388,0,19/02/2025 05:57,1.8020980392156862,Success,0,20.529705882352943,0,1243,6.28.1,2025-02-18 N,20.529705882352943,54.56798039215686
19/02/2025 07:04,44.01255319148937,5.409,0,19/02/2025 07:08,1.586723404255319,Success,0,21.91563829787234,0,1246,6.28.1,2025-02-19 D,21.91563829787234,52.646361702127656
19/02/2025 08:26,51.055,5.303,0,19/02/2025 08:26,59.457,Success,0,10.56,0,1247,6.28.1,2025-02-19 D,10.56,75.749
19/02/2025 09:17,53.150020000000005,5.198,0,19/02/2025 09:24,1.30508,Success,0,18.6396,0,1249,6.28.1,2025-02-19 D,18.6396,42.829139999999995
19/02/2025 09:39,50.11202,5.28,0,19/02/2025 09:43,1.9950999999999999,Success,0,20.4621,0,1251,6.28.1,2025-02-19 D,20.4621,43.47264
19/02/2025 09:59,50.711705882352945,5.333,0,19/02/2025 10:05,1.6835686274509802,Success,0,19.509411764705884,0,1253,6.28.1,2025-02-19 D,19.509411764705884,43.77796078431373
19/02/2025 10:08,51.46446153846154,5.429,0,19/02/2025 10:13,1.9507499999999998,Success,0,19.992403846153845,0,1254,6.28.1,2025-02-19 D,19.992403846153845,50.392307692307696
19/02/2025 10:51,51.27462745098039,5.384,0,19/02/2025 10:54,2.0019607843137255,Success,0,18.89588235294118,0,1255,6.28.1,2025-02-19 D,18.89588235294118,48.76825490196079
19/02/2025 10:57,53.147294117647064,5.367,0,19/02/2025 11:01,1.8313529411764706,Success,0,19.66735294117647,0,1256,6.28.1,2025-02-19 D,19.66735294117647,47.344235294117645
19/02/2025 11:13,53.54711764705882,5.282,0,19/02/2025 11:16,1.9674901960784315,Success,0,19.356176470588235,0,1257,6.28.1,2025-02-19 D,19.356176470588235,47.01290196078431
19/02/2025 11:26,52.18345098039215,5.367,0,19/02/2025 11:30,1.7488823529411763,Success,0,19.857352941176472,0,1259,6.28.1,2025-02-19 D,19.857352941176472,47.06094117647059
19/02/2025 11:33,53.06444230769231,5.393,0,19/02/2025 11:37,1.6917884615384615,Success,0,19.810673076923077,0,1260,6.28.1,2025-02-19 D,19.810673076923077,47.26132692307692
19/02/2025 11:48,48.40718867924529,5.477,0,19/02/2025 11:53,1.4177358490566039,Success,0,19.124716981132075,0,1262,6.28.1,2025-02-19 D,19.124716981132075,47.86128301886793
19/02/2025 12:03,44.12981632653061,5.159,0,19/02/2025 12:08,1.714591836734694,Success,0,18.497755102040816,0,1263,6.28.1,2025-02-19 D,18.497755102040816,43.281122448979595
19/02/2025 12:19,44.576019607843136,5.295,0,19/02/2025 12:23,1.4490588235294117,Success,0,19.673823529411766,0,1265,6.28.1,2025-02-19 D,19.673823529411766,43.49135294117647
19/02/2025 12:27,43.40998076923077,5.444,0,19/02/2025 12:31,1.576403846153846,Success,0,18.68855769230769,0,1266,6.28.1,2025-02-19 D,18.68855769230769,43.270826923076925
19/02/2025 12:35,43.72086538461539,5.391,0,19/02/2025 12:39,1.6647307692307693,Success,0,18.314423076923077,0,1267,6.28.1,2025-02-19 D,18.314423076923077,43.66525
19/02/2025 12:42,41.11696153846154,5.409,0,19/02/2025 12:46,1.7415192307692307,Success,0,17.46548076923077,0,1268,6.28.1,2025-02-19 D,17.46548076923077,42.042192307692304
19/02/2025 12:50,42.96794230769231,5.412,0,19/02/2025 12:53,1.7950384615384616,Success,0,17.600192307692307,0,1269,6.28.1,2025-02-19 D,17.600192307692307,42.96351923076923
19/02/2025 13:04,46.68358823529412,5.325,0,19/02/2025 13:09,1.2087843137254903,Success,0,19.178529411764707,0,1271,6.28.1,2025-02-19 D,19.178529411764707,43.097352941176474
19/02/2025 13:13,44.66050980392157,5.304,0,19/02/2025 13:18,1.3519411764705882,Success,0,18.788529411764706,0,1272,6.28.1,2025-02-19 D,18.788529411764706,42.95584314
19/02/2025 13:21,45.91301923076923,5.384,0,19/02/2025 13:25,1.4170769230769231,Success,0,18.882115384615386,0,1273,6.28.1,2025-02-19 D,18.882115384615386,43.15044231
19/02/2025 13:29,50.24961538461538,5.402,0,19/02/2025 13:33,1.5232884615384614,Success,0,19.31278846153846,0,1274,6.28.1,2025-02-19 D,19.31278846153846,43.09446153846154
19/02/2025 13:36,45.025807692307694,5.356,0,19/02/2025 13:41,1.6370192307692308,Success,0,17.755096153846154,0,1275,6.28.1,2025-02-19 D,17.755096153846154,42.70434615384616
19/02/2025 13:44,46.417923076923074,5.413,0,19/02/2025 13:48,1.7071538461538462,Success,0,17.78221153846154,0,1276,6.28.1,2025-02-19 D,17.78221153846154,42.907192307692306
19/02/2025 13:54,45.959759999999996,5.239,0,19/02/2025 14:00,1.53966,Success,0,17.3478,0,1277,6.28.1,2025-02-19 D,17.3478,42.82036
19/02/2025 14:04,47.84692156862746,5.286,0,19/02/2025 14:09,1.4335882352941176,Success,0,18.652058823529412,0,1278,6.28.1,2025-02-19 D,18.652058823529412,43.00592156862746
19/02/2025 14:12,46.30794230769231,5.42,0,19/02/2025 14:16,1.7365576923076924,Success,0,17.72423076923077,0,1279,6.28.1,2025-02-19 D,17.72423076923077,42.957788461538456
19/02/2025 14:19,47.656749999999995,5.412,0,19/02/2025 14:23,1.7398461538461538,Success,0,19.022884615384616,0,1280,6.28.1,2025-02-19 D,19.022884615384616,43.194596153846156
19/02/2025 14:27,46.18068627450981,5.386,0,19/02/2025 14:31,1.6862549019607842,Success,0,18.520294117647058,0,1281,6.28.1,2025-02-19 D,18.520294117647058,43.19080392156863
19/02/2025 14:35,45.58660784313725,5.37,0,19/02/2025 14:39,1.4080588235294118,Success,0,18.2,0,1282,6.28.1,2025-02-19 D,18.2,42.71650980392157
19/02/2025 14:44,46.28619230769231,5.397,0,19/02/2025 14:48,1.4754230769230767,Success,0,18.64067307692308,0,1283,6.28.1,2025-02-19 D,18.64067307692308,43.04421153846154
19/02/2025 14:58,45.23770588235294,5.268,0,19/02/2025 15:02,1.8063529411764705,Success,0,18.041470588235295,0,1284,6.28.1,2025-02-19 D,18.041470588235295,43.10390196078431
19/02/2025 15:05,48.258280000000006,5.221,0,19/02/2025 15:09,1.6717199999999999,Success,0,18.0747,0,1285,6.28.1,2025-02-19 D,18.0747,43.26174
19/02/2025 15:19,47.209288461538456,5.431,0,19/02/2025 15:23,1.8255384615384616,Success,0,17.861538461538462,0,1287,6.28.1,2025-02-19 D,17.861538461538462,43.17346153846154
19/02/2025 15:27,47.48529411764706,5.352,0,19/02/2025 15:30,1.944549019607843,Success,0,18.427647058823528,0,1288,6.28.1,2025-02-19 D,18.427647058823528,42.94364705882354
19/02/2025 15:34,47.548980392156864,5.373,0,19/02/2025 15:38,1.8655294117647059,Success,0,16.914117647058823,0,1289,6.28.1,2025-02-19 D,16.914117647058823,42.86949019607843
19/02/2025 16:01,48.21419230769231,5.372,0,19/02/2025 16:05,1.568153846153846,Success,0,18.68769230769231,0,1290,6.28.1,2025-02-19 D,18.68769230769231,43.06990384615385
19/02/2025 16:09,45.65768627,5.349,0,19/02/2025 16:13,2.0697647058823527,Success,0,18.565,0,1291,6.28.1,2025-02-19 D,18.565,42.72803921568627
19/02/2025 16:16,46.90760784313726,5.355,0,19/02/2025 16:20,1.6112745098039216,Success,0,19.321470588235293,0,1292,6.28.1,2025-02-19 D,19.321470588235293,42.902529411764704
19/02/2025 16:23,43.0168,5.276,0,19/02/2025 16:27,1.90272,Success,0,16.9419,0,1293,6.28.1,2025-02-19 D,16.9419,42.791180000000004
19/02/2025 16:38,47.73319607843138,5.363,0,19/02/2025 16:42,1.8005490196078433,Success,0,16.95,0,1295,6.28.1,2025-02-19 D,16.95,42.78345098039216
19/02/2025 16:51,48.474673076923075,5.403,0,19/02/2025 16:57,1.6285,Success,0,17.0025,0,1296,6.28.1,2025-02-19 D,17.0025,42.86934615384616
19/02/2025 17:01,46.71696078431373,5.313,0,19/02/2025 17:05,1.6745686274509806,Success,0,18.39794117647059,0,1297,6.28.1,2025-02-19 D,18.39794117647059,42.908529411764704
19/02/2025 17:21,47.18921568627451,5.269,0,19/02/2025 17:26,1.500607843137255,Success,0,18.749411764705883,0,1298,6.28.1,2025-02-19 D,18.749411764705883,43.12799999999999
19/02/2025 17:35,44.90842,5.223,0,19/02/2025 17:39,1.74206,Success,0,16.4556,0,1299,6.28.1,2025-02-19 D,16.4556,42.95348
19/02/2025 17:49,46.890596153846154,5.437,0,19/02/2025 17:53,1.8937115384615384,Success,0,18.99692307692308,0,1301,6.28.1,2025-02-19 D,18.99692307692308,42.93605769
19/02/2025 18:06,44.91702,5.247,0,19/02/2025 18:11,1.69702,Success,0,18.2736,0,1302,6.28.1,2025-02-19 N,18.2736,42.90022
19/02/2025 18:14,46.772560000000006,5.249,0,19/02/2025 18:19,1.5922,Success,0,18.0477,0,1303,6.28.1,2025-02-19 N,18.0477,42.87316
19/02/2025 18:23,44.95736,5.262,0,19/02/2025 18:27,1.7627199999999998,Success,0,18.3813,0,1304,6.28.1,2025-02-19 N,18.3813,42.851040000000005
19/02/2025 18:31,45.93666666666667,5.346,0,19/02/2025 18:38,1.5377058823529413,Success,0,16.429411764705883,0,1305,6.28.1,2025-02-19 N,16.429411764705883,43.09560784313726
19/02/2025 19:03,46.90034615384616,5.503,0,19/02/2025 19:07,1.7222115384615386,Success,0,18.268846153846155,0,1306,6.28.1,2025-02-19 N,18.268846153846155,42.49542307692308
19/02/2025 19:28,48.98531373,5.304,0,19/02/2025 19:33,1.445450980392157,Success,0,18.423529411764708,0,1308,6.28.1,2025-02-19 N,18.423529411764708,43.11819607843137
19/02/2025 19:37,47.93049019607843,5.288,0,19/02/2025 19:42,1.518235294117647,Success,0,16.375588235294117,0,1309,6.28.1,2025-02-19 N,16.375588235294117,42.98901960784314
19/02/2025 19:47,43.80439215686274,5.308,0,19/02/2025 19:51,1.6575882352941178,Success,0,18.783529411764707,0,1310,6.28.1,2025-02-19 N,18.783529411764707,42.97821568627451
19/02/2025 19:55,43.28221153846154,5.483,0,19/02/2025 20:00,1.4450769230769231,Success,0,18.696923076923078,0,1311,6.28.1,2025-02-19 N,18.696923076923078,42.87311538461539
19/02/2025 20:07,43.129294117647056,5.295,0,19/02/2025 20:11,1.7620392156862745,Success,0,18.39,0,1312,6.28.1,2025-02-19 N,18.39,43.30874509803922
19/02/2025 20:14,44.10462745098039,5.31,0,19/02/2025 20:19,1.5192549019607844,Success,0,18.937941176470588,0,1313,6.28.1,2025-02-19 N,18.937941176470588,43.05766666666666
19/02/2025 20:23,43.625647058823525,5.255,0,19/02/2025 20:28,1.6202156862745098,Success,0,18.017941176470586,0,1314,6.28.1,2025-02-19 N,18.017941176470586,42.920235294117646
19/02/2025 20:31,43.77051923076923,5.394,0,19/02/2025 20:36,1.5675192307692307,Success,0,18.387403846153845,0,1315,6.28.1,2025-02-19 N,18.387403846153845,42.709788461538466
19/02/2025 20:41,45.22180392156863,5.306,0,19/02/2025 20:54,1.3908431372549017,Success,0,17.44,0,1316,6.28.1,2025-02-19 N,17.44,42.86033333333333
19/02/2025 20:57,43.97938,5.286,0,19/02/2025 21:01,1.7368999999999999,Success,0,17.4891,0,1317,6.28.1,2025-02-19 N,17.4891,42.58406
19/02/2025 21:04,41.307235294117646,5.312,0,19/02/2025 21:08,1.7998235294117646,Success,0,18.353823529411763,0,1318,6.28.1,2025-02-19 N,18.353823529411763,44.75329411764706
19/02/2025 21:13,44.063680000000005,5.227,0,19/02/2025 21:17,1.5833199999999998,Success,0,17.7195,0,1319,6.28.1,2025-02-19 N,17.7195,44.84728
19/02/2025 21:22,44.33211764705882,5.293,0,19/02/2025 21:26,1.7654901960784315,Success,0,18.91794117647059,0,1320,6.28.1,2025-02-19 N,18.91794117647059,44.53188235294118
19/02/2025 21:30,45.98401923076923,5.379,0,19/02/2025 21:35,1.624076923076923,Success,0,17.944326923076922,0,1321,6.28.1,2025-02-19 N,17.944326923076922,44.78498076923077
19/02/2025 23:33,43.093177777777775,4.859,0,19/02/2025 23:35,3.159,Success,0,16.513,0,1322,6.28.1,2025-02-19 N,16.513,43.59504444444445
19/02/2025 23:40,38.30486842105263,4.869,0,19/02/2025 23:45,9.458184210526316,Success,0,13.78184210526316,0,1323,6.28.1,2025-02-19 N,13.78184210526316,40.30876315789474
19/02/2025 23:50,40.86943478260869,4.913,0,19/02/2025 23:53,3.1588695652173913,Success,0,17.004456521739133,0,1324,6.28.1,2025-02-19 N,17.004456521739133,43.83258695652174
19/02/2025 23:57,41.07422222222222,4.942,0,20/02/2025 00:00,3.178533333333333,Success,0,17.756666666666664,0,1325,6.28.1,2025-02-19 N,17.756666666666664,44.07055555555556
20/02/2025 00:06,40.775608695652174,4.962,0,20/02/2025 00:08,3.043173913043478,Success,0,17.40945652173913,0,1326,6.28.1,2025-02-19 N,17.40945652173913,44.15389130434782
20/02/2025 00:24,42.439191489361704,4.991,0,20/02/2025 00:26,2.8321489361702126,Success,0,17.167978723404254,0,1327,6.28.1,2025-02-19 N,17.167978723404254,44.21297872340426
20/02/2025 00:34,38.55282978723404,4.92,0,20/02/2025 00:37,2.314191489361702,Success,0,17.545851063829787,0,1328,6.28.1,2025-02-19 N,17.545851063829787,43.816765957446805
20/02/2025 00:46,34.33283333333333,3.92,0,20/02/2025 00:50,2.593527777777778,Fail,0,16.564583333333335,1,1329,6.28.1,2025-02-19 N,16.564583333333335,40.610638888888886
20/02/2025 01:52,38.59168888888889,4.79,0,20/02/2025 01:55,2.4986888888888887,Success,0,18.842,0,1330,6.28.1,2025-02-19 N,18.842,43.3306
20/02/2025 02:06,34.514375,0.899,0,20/02/2025 02:06,3.75475,Fail,0,11.293125,0,1331,6.28.1,2025-02-19 N,11.293125,40.78925
20/02/2025 02:15,33.24033333333333,4.735,0,20/02/2025 02:19,2.2085333333333335,Success,0,15.842999999999998,0,1332,6.28.1,2025-02-19 N,15.842999999999998,40.84997777777778
20/02/2025 02:24,34.97128260869565,4.82,0,20/02/2025 02:28,2.2337608695652174,Success,0,17.46913043478261,0,1333,6.28.1,2025-02-19 N,17.46913043478261,42.26595652173913
20/02/2025 02:33,35.870931818181816,4.756,0,20/02/2025 02:36,2.5969545454545457,Success,0,15.789204545454545,0,1334,6.28.1,2025-02-19 N,15.789204545454545,41.40377272727273
20/02/2025 02:43,31.475545454545454,4.729,0,20/02/2025 02:46,2.861068181818182,Success,0,15.380795454545455,0,1335,6.28.1,2025-02-19 N,15.380795454545455,39.803931818181816
20/02/2025 03:11,37.273673076923075,5.6,0,20/02/2025 03:14,3.4995576923076923,Success,0,15.235096153846154,0,1336,6.28.1,2025-02-19 N,15.235096153846154,40.86788461538462
20/02/2025 03:25,37.636250000000004,5.579,0,20/02/2025 03:28,2.7902884615384616,Success,0,15.804519230769232,0,1337,6.28.1,2025-02-19 N,15.804519230769232,41.6095
20/02/2025 03:31,37.3621,5.616,0,20/02/2025 03:34,3.2862,Success,0,15.746100000000002,0,1338,6.28.1,2025-02-19 N,15.746100000000002,41.32754
20/02/2025 03:37,37.356169811320754,5.611,0,20/02/2025 03:41,2.4118113207547167,Success,0,16.059056603773584,0,1339,6.28.1,2025-02-19 N,16.059056603773584,41.72583018867925
20/02/2025 03:58,37.112770833333336,5.341,0,20/02/2025 04:03,2.9809791666666663,Success,0,16.369062500000002,0,1342,6.28.1,2025-02-19 N,16.369062500000002,42.01925
20/02/2025 04:06,38.09274509803922,5.366,0,20/02/2025 04:11,2.1306666666666665,Success,0,17.43558823529412,0,1343,6.28.1,2025-02-19 N,17.43558823529412,42.796509803921566
20/02/2025 04:14,38.34588235294118,5.349,0,20/02/2025 04:19,2.339392156862745,Success,0,16.559117647058823,0,1344,6.28.1,2025-02-19 N,16.559117647058823,40.64876470588235
20/02/2025 04:22,34.35422222222222,5.417,0,20/02/2025 04:22,2.4593333333333334,Success,0,12.625,0,1345,6.28.1,2025-02-19 N,12.625,39.90577777777778
20/02/2025 04:47,37.339925925925925,5.732,0,20/02/2025 04:51,3.1829074074074075,Success,0,16.333333333333332,0,1346,6.28.1,2025-02-19 N,16.333333333333332,41.690444444444445
20/02/2025 04:54,34.653098039215685,5.584,0,20/02/2025 04:57,3.9464705882352944,Success,0,16.984411764705882,0,1347,6.28.1,2025-02-19 N,16.984411764705882,40.692098039215686
20/02/2025 05:01,37.62601923076923,5.522,0,20/02/2025 05:04,2.8705,Success,0,16.052019230769233,0,1348,6.28.1,2025-02-19 N,16.052019230769233,41.11059615384616
20/02/2025 05:28,40.27026923076923,5.513,0,20/02/2025 05:32,2.3258846153846156,Success,0,15.92653846153846,0,1349,6.28.1,2025-02-19 N,15.92653846153846,41.48596153846154
20/02/2025 05:35,41.436440000000005,5.507,0,20/02/2025 05:38,3.4243200000000003,Success,0,15.1341,0,1350,6.28.1,2025-02-19 N,15.1341,41.211000000000006
20/02/2025 05:42,40.99351020408163,5.454,0,20/02/2025 05:45,3.720469387755102,Success,0,14.783877551020408,0,1351,6.28.1,2025-02-19 N,14.783877551020408,42.87116326530612
20/02/2025 05:54,44.08746,5.26,0,20/02/2025 05:58,2.47196,Success,0,15.9855,0,1353,6.28.1,2025-02-19 N,15.9855,43.26986
20/02/2025 06:01,45.523419999999994,5.303,0,20/02/2025 06:04,2.9706400000000004,Success,0,15.966299999999999,0,1354,6.28.1,2025-02-20 D,15.966299999999999,44.25266
20/02/2025 06:11,43.58694339622642,5.669,0,20/02/2025 06:14,2.999433962264151,Success,0,17.076509433962265,0,1355,6.28.1,2025-02-20 D,17.076509433962265,44.613283018867925
20/02/2025 06:27,44.09305660377358,5.636,0,20/02/2025 06:30,2.8237735849056604,Success,0,16.792075471698112,0,1356,6.28.1,2025-02-20 D,16.792075471698112,44.09186792
20/02/2025 06:41,46.91475471698113,5.612,0,20/02/2025 06:44,2.541452830188679,Success,0,17.638301886792455,0,1357,6.28.1,2025-02-20 D,17.638301886792455,46.691792452830185
20/02/2025 06:48,42.87388461538462,5.558,0,20/02/2025 06:51,2.9491923076923077,Success,0,15.82326923076923,0,1358,6.28.1,2025-02-20 D,15.82326923076923,44.091750000000005
20/02/2025 06:54,41.88378846153846,5.532,0,20/02/2025 06:58,2.634,Success,0,16.015384615384615,0,1359,6.28.1,2025-02-20 D,16.015384615384615,43.77975
20/02/2025 07:01,41.697274509803925,5.419,0,20/02/2025 07:05,2.8101176470588234,Success,0,16.538235294117648,0,1360,6.28.1,2025-02-20 D,16.538235294117648,43.15105882352942
20/02/2025 07:08,45.12284314,5.39,0,20/02/2025 07:12,2.3149607843137257,Success,0,16.28470588235294,0,1361,6.28.1,2025-02-20 D,16.28470588235294,43.37780392156863
20/02/2025 07:15,44.04158,5.352,0,20/02/2025 07:18,2.9021999999999997,Success,0,16.3602,0,1362,6.28.1,2025-02-20 D,16.3602,43.220479999999995
20/02/2025 07:25,43.42961538461539,5.549,0,20/02/2025 07:28,2.8685384615384613,Success,0,16.272403846153846,0,1363,6.28.1,2025-02-20 D,16.272403846153846,44.22880769
20/02/2025 07:39,47.24875471698114,5.652,0,20/02/2025 07:43,2.6707547169811323,Success,0,16.643207547169812,0,1365,6.28.1,2025-02-20 D,16.643207547169812,44.609792452830185
20/02/2025 07:46,46.06913725490196,5.537,0,20/02/2025 07:50,2.808313725490196,Success,0,16.014705882352942,0,1366,6.28.1,2025-02-20 D,16.014705882352942,43.83807843137255
20/02/2025 07:53,44.21905660377359,5.587,0,20/02/2025 07:57,2.2978679245283016,Success,0,16.36132075471698,0,1367,6.28.1,2025-02-20 D,16.36132075471698,44.789264150943396
20/02/2025 08:43,44.588115384615385,5.474,0,20/02/2025 08:47,1.7817884615384616,Success,0,16.496826923076924,0,1369,6.28.1,2025-02-20 D,16.496826923076924,44.15673076923077
20/02/2025 08:53,43.54759615384615,5.61,0,20/02/2025 08:56,2.5942692307692305,Success,0,16.777211538461536,0,1370,6.28.1,2025-02-20 D,16.777211538461536,44.58457692307692
20/02/2025 09:00,44.15296226415094,5.604,0,20/02/2025 09:03,2.6670188679245284,Success,0,16.718490566037737,0,1371,6.28.1,2025-02-20 D,16.718490566037737,43.62860377
20/02/2025 09:07,42.02275471698113,5.621,0,20/02/2025 09:11,2.7415471698113207,Success,0,16.201981132075474,0,1372,6.28.1,2025-02-20 D,16.201981132075474,44.132452830188676
20/02/2025 09:14,43.015,5.668,0,20/02/2025 09:18,3.071056603773585,Success,0,16.407735849056603,0,1373,6.28.1,2025-02-20 D,16.407735849056603,43.78666037735849
20/02/2025 09:21,45.51951851851852,5.597,0,20/02/2025 09:26,2.2603703703703704,Success,0,15.427222222222223,0,1374,6.28.1,2025-02-20 D,15.427222222222223,43.97961111111111
20/02/2025 09:28,45.08217307692308,5.494,0,20/02/2025 09:33,2.195557692307692,Success,0,14.652115384615383,0,1375,6.28.1,2025-02-20 D,14.652115384615383,43.830365384615384
20/02/2025 09:38,39.295346153846154,5.557,0,20/02/2025 09:42,2.98325,Success,0,14.815961538461538,0,1376,6.28.1,2025-02-20 D,14.815961538461538,43.324615384615385
20/02/2025 09:46,36.73809615384616,5.588,0,20/02/2025 09:50,2.5613846153846156,Success,0,16.178653846153846,0,1377,6.28.1,2025-02-20 D,16.178653846153846,44.18682692307693
20/02/2025 09:54,44.19728301886793,5.597,0,20/02/2025 09:59,2.796056603773585,Success,0,15.037924528301886,0,1378,6.28.1,2025-02-20 D,15.037924528301886,44.06116981132076
20/02/2025 10:02,47.10205660377359,5.635,0,20/02/2025 10:09,2.471754716981132,Success,0,14.450377358490567,0,1379,6.28.1,2025-02-20 D,14.450377358490567,42.27303773584906
20/02/2025 10:16,40.77949056603774,5.518,0,20/02/2025 10:20,1.9236415094339623,Success,0,18.218773584905662,0,1380,6.28.1,2025-02-20 D,18.218773584905662,48.20464150943396
20/02/2025 10:24,38.77437037037037,5.658,0,20/02/2025 10:29,2.06287037,Success,0,18.366666666666667,0,1381,6.28.1,2025-02-20 D,18.366666666666667,47.95838888888889
20/02/2025 10:48,35.93520754716981,5.578,0,20/02/2025 10:53,2.1582075471698112,Success,0,17.56443396226415,0,1383,6.28.1,2025-02-20 D,17.56443396226415,43.854679245283016
20/02/2025 10:56,35.63744444444445,5.69,0,20/02/2025 11:01,2.1885,Success,0,16.485277777777778,0,1384,6.28.1,2025-02-20 D,16.485277777777778,43.78953703703704
20/02/2025 11:07,35.60023076923077,5.471,0,20/02/2025 11:11,2.4908846153846156,Success,0,15.614423076923078,0,1385,6.28.1,2025-02-20 D,15.614423076923078,43.13303846153846
20/02/2025 11:14,36.14727450980392,5.553,0,20/02/2025 11:18,2.511137254901961,Success,0,16.573235294117648,0,1386,6.28.1,2025-02-20 D,16.573235294117648,44.212196078431376
20/02/2025 11:21,39.357,5.668,0,20/02/2025 11:25,2.094611111111111,Success,0,19.881666666666664,0,1387,6.28.1,2025-02-20 D,19.881666666666664,48.59757407407407
20/02/2025 11:28,34.03801851851852,5.721,0,20/02/2025 11:32,2.274388888888889,Success,0,17.83361111111111,0,1388,6.28.1,2025-02-20 D,17.83361111111111,44.55727777777778
20/02/2025 11:44,34.84701886792453,5.642,0,20/02/2025 11:48,2.3179245283018868,Success,0,15.974716981132074,0,1390,6.28.1,2025-02-20 D,15.974716981132074,44.798792452830185
20/02/2025 12:00,34.831037037037035,5.648,0,20/02/2025 12:04,2.2845185185185186,Success,0,16.74138888888889,0,1392,6.28.1,2025-02-20 D,16.74138888888889,44.99503703703704
20/02/2025 12:16,33.431370370370374,5.635,0,20/02/2025 12:20,2.8349629629629627,Success,0,15.9,0,1394,6.28.1,2025-02-20 D,15.9,44.04025925925926
20/02/2025 12:34,33.066884615384616,5.553,0,20/02/2025 12:37,2.681923076923077,Success,0,16.360673076923078,0,1395,6.28.1,2025-02-20 D,16.360673076923078,44.71955769230769
20/02/2025 12:50,35.1248,4.878,0,20/02/2025 12:55,4.0692,Success,0,16.102,0,1396,6.28.1,2025-02-20 D,16.102,45.05
20/02/2025 13:00,35.17416279069767,4.842,0,20/02/2025 13:03,3.754953488372093,Success,0,14.433837209302325,0,1397,6.28.1,2025-02-20 D,14.433837209302325,43.17911627906977
20/02/2025 13:08,36.48228260869565,4.985,0,20/02/2025 13:11,3.3167173913043477,Success,0,14.232391304347827,0,1398,6.28.1,2025-02-20 D,14.232391304347827,43.530065217391304
20/02/2025 13:15,36.3354375,5.074,0,20/02/2025 13:18,2.8465208333333334,Success,0,15.5409375,0,1399,6.28.1,2025-02-20 D,15.5409375,43.69385416666666
20/02/2025 13:37,42.34497872340425,5.156,0,20/02/2025 13:40,2.710595744680851,Success,0,17.42872340425532,0,1402,6.28.1,2025-02-20 D,17.42872340425532,47.96997872340425
20/02/2025 14:23,36.674627906976745,4.66,0,20/02/2025 14:27,3.0834883720930235,Success,0,16.017558139534884,0,1403,6.28.1,2025-02-20 D,16.017558139534884,43.210511627906975
20/02/2025 14:31,42.92545652173913,4.894,0,20/02/2025 14:37,2.5517608695652174,Success,0,16.106739130434782,0,1404,6.28.1,2025-02-20 D,16.106739130434782,45.352456521739136
20/02/2025 14:41,38.91732608695652,4.878,0,20/02/2025 14:44,2.8955217391304346,Success,0,15.052499999999998,0,1405,6.28.1,2025-02-20 D,15.052499999999998,42.716804347826084
20/02/2025 15:00,40.55751923076923,5.527,0,20/02/2025 15:03,3.0907884615384615,Success,0,15.94875,0,1407,6.28.1,2025-02-20 D,15.94875,43.48571153846154
20/02/2025 15:33,34.69964,5.357,0,20/02/2025 15:37,3.32182,Success,0,15.221400000000001,0,1409,6.28.1,2025-02-20 D,15.221400000000001,42.048519999999996
20/02/2025 15:39,35.225788461538464,5.51,0,20/02/2025 15:43,3.114519230769231,Success,0,15.081346153846154,0,1410,6.28.1,2025-02-20 D,15.081346153846154,42.774
20/02/2025 15:46,35.18656603773585,5.645,0,20/02/2025 15:49,2.7357735849056604,Success,0,15.592358490566037,0,1411,6.28.1,2025-02-20 D,15.592358490566037,43.65035849056604
20/02/2025 15:53,39.57672222222222,5.675,0,20/02/2025 15:56,2.4602592592592596,Success,0,18.23777777777778,0,1412,6.28.1,2025-02-20 D,18.23777777777778,46.6977037
20/02/2025 16:00,40.46316981132075,5.64,0,20/02/2025 16:05,2.090245283018868,Success,0,15.935660377358492,0,1413,6.28.1,2025-02-20 D,15.935660377358492,43.95339623
20/02/2025 16:14,40.036796296296295,5.838,0,20/02/2025 16:17,2.8970740740740744,Success,0,16.608333333333334,0,1414,6.28.1,2025-02-20 D,16.608333333333334,45.101370370370375
20/02/2025 16:21,36.89486,5.57,0,20/02/2025 16:27,4.42342,Success,0,17.2755,0,1415,6.28.1,2025-02-20 D,17.2755,44.81214
20/02/2025 16:30,41.49133962264151,5.562,0,20/02/2025 16:35,2.584018867924528,Success,0,15.888396226415095,0,1416,6.28.1,2025-02-20 D,15.888396226415095,43.76511320754717
20/02/2025 16:46,36.99974418604651,5.424,0,20/02/2025 16:49,4.6674186046511625,Success,0,12.12313953488372,0,1418,6.28.1,2025-02-20 D,12.12313953488372,40.31625581395349
20/02/2025 16:53,36.64613333333333,5.311,0,20/02/2025 16:56,5.203333333333333,Success,0,12.559666666666665,0,1419,6.28.1,2025-02-20 D,12.559666666666665,41.20131111111111
20/02/2025 17:26,36.880204545454546,4.678,0,20/02/2025 17:29,2.6077272727272724,Success,0,14.66659090909091,0,1420,6.28.1,2025-02-20 D,14.66659090909091,42.76275
20/02/2025 17:39,36.69525,5.313,0,20/02/2025 17:42,2.933,Success,0,16.150312500000002,0,1421,6.28.1,2025-02-20 D,16.150312500000002,43.4669375
20/02/2025 17:46,35.47423529411765,5.421,0,20/02/2025 17:48,3.579686274509804,Success,0,14.985,0,1422,6.28.1,2025-02-20 D,14.985,42.60982352941177
20/02/2025 17:58,37.663384615384615,5.63,0,20/02/2025 18:02,2.6719999999999997,Success,0,16.11375,0,1424,6.28.1,2025-02-20 D,16.11375,44.16496153846154
20/02/2025 18:05,41.930773584905666,5.616,0,20/02/2025 18:09,2.1583396226415092,Success,0,15.809716981132075,0,1425,6.28.1,2025-02-20 N,15.809716981132075,43.88537735849057
20/02/2025 18:13,48.49814285714286,5.531,0,20/02/2025 18:14,2.9699999999999998,Success,0,9.992142857142856,0,1426,6.28.1,2025-02-20 N,9.992142857142856,46.66735714285714
20/02/2025 18:38,44.732173076923075,5.444,0,20/02/2025 18:41,2.594096153846154,Success,0,17.202692307692306,0,1428,6.28.1,2025-02-20 N,17.202692307692306,45.000230769230775
20/02/2025 18:45,40.70038,5.329,0,20/02/2025 18:48,2.9893799999999997,Success,0,15.288900000000002,0,1429,6.28.1,2025-02-20 N,15.288900000000002,43.15202
20/02/2025 18:52,39.6760625,5.363,0,20/02/2025 18:56,3.7769999999999997,Success,0,13.855625000000002,0,1430,6.28.1,2025-02-20 N,13.855625000000002,42.24933333333333
20/02/2025 18:59,34.61572972972973,5.412,0,20/02/2025 19:01,7.276243243243243,Success,0,10.483783783783784,0,1431,6.28.1,2025-02-20 N,10.483783783783784,35.02581081081081
20/02/2025 19:08,38.04565116,4.757,0,20/02/2025 19:10,3.751046511627907,Success,0,14.192093023255813,0,1432,6.28.1,2025-02-20 N,14.192093023255813,41.323279069767445
20/02/2025 19:22,43.23770454545455,4.787,0,20/02/2025 19:26,2.7154545454545453,Success,0,15.053522727272728,0,1433,6.28.1,2025-02-20 N,15.053522727272728,41.82825
20/02/2025 19:29,42.04954545454546,4.721,0,20/02/2025 19:32,2.4634545454545456,Success,0,15.467727272727274,0,1434,6.28.1,2025-02-20 N,15.467727272727274,42.16327272727273
20/02/2025 19:53,44.91527272727273,4.602,0,20/02/2025 19:56,2.0363409090909093,Success,0,16.731477272727272,0,1435,6.28.1,2025-02-20 N,16.731477272727272,44.59345454545455
20/02/2025 20:06,42.70347058823529,5.507,0,20/02/2025 20:09,2.9684117647058827,Success,0,15.234117647058822,0,1436,6.28.1,2025-02-20 N,15.234117647058822,42.84380392156863
20/02/2025 20:12,42.623294117647056,5.583,0,20/02/2025 20:15,3.116843137254902,Success,0,15.695882352941176,0,1437,6.28.1,2025-02-20 N,15.695882352941176,43.42392156862745
20/02/2025 20:18,40.70852,5.556,0,20/02/2025 20:21,3.77956,Success,0,14.9472,0,1438,6.28.1,2025-02-20 N,14.9472,43.202479999999994
20/02/2025 20:34,42.2005,5.503,0,20/02/2025 20:37,2.8273076923076923,Success,0,15.213750000000001,0,1439,6.28.1,2025-02-20 N,15.213750000000001,43.609115384615386
20/02/2025 20:41,44.43364705882353,5.406,0,20/02/2025 20:44,2.327019607843137,Success,0,15.663529411764706,0,1440,6.28.1,2025-02-20 N,15.663529411764706,43.68466666666667
20/02/2025 21:36,46.618843137254906,5.326,0,20/02/2025 21:40,2.0285686274509804,Success,0,15.231470588235293,0,1441,6.28.1,2025-02-20 N,15.231470588235293,42.81650980392156
20/02/2025 21:43,46.84031372549019,5.367,0,20/02/2025 21:47,2.0617058823529413,Success,0,15.702352941176471,0,1442,6.28.1,2025-02-20 N,15.702352941176471,43.34737255
20/02/2025 21:51,47.04809615384616,5.388,0,20/02/2025 21:56,2.0730384615384616,Success,0,16.079134615384614,0,1443,6.28.1,2025-02-20 N,16.079134615384614,43.31917307692308
20/02/2025 21:58,44.84026,5.323,0,20/02/2025 22:02,2.65806,Success,0,15.3246,0,1444,6.28.1,2025-02-20 N,15.3246,43.227259999999994
20/02/2025 22:07,43.101431372549015,5.381,0,20/02/2025 22:11,2.3303529411764705,Success,0,16.295294117647057,0,1445,6.28.1,2025-02-20 N,16.295294117647057,43.84888235294118
20/02/2025 22:14,48.07452,5.285,0,20/02/2025 22:18,2.07814,Success,0,17.1651,0,1446,6.28.1,2025-02-20 N,17.1651,44.99116
20/02/2025 22:36,44.87238,5.388,0,20/02/2025 22:39,3.0718599999999996,Success,0,14.863199999999999,0,1448,6.28.1,2025-02-20 N,14.863199999999999,43.32816
20/02/2025 22:52,37.96194117647059,5.417,0,20/02/2025 22:54,2.9615490196078427,Success,0,15.931176470588236,0,1450,6.28.1,2025-02-20 N,15.931176470588236,43.693411764705886
20/02/2025 23:04,38.71134,5.426,0,20/02/2025 23:06,4.12732,Success,0,15.1581,0,1452,6.28.1,2025-02-20 N,15.1581,42.372780000000006
20/02/2025 23:09,42.66931373,5.444,0,20/02/2025 23:13,2.5888039215686276,Success,0,15.56294117647059,0,1453,6.28.1,2025-02-20 N,15.56294117647059,43.22060784313726
20/02/2025 23:30,44.68949019607844,5.34,0,20/02/2025 23:34,2.1312156862745097,Success,0,16.117058823529412,0,1456,6.28.1,2025-02-20 N,16.117058823529412,43.33649019607843
20/02/2025 23:39,39.65484,5.476,0,20/02/2025 23:43,2.6674200000000003,Success,0,15.4779,0,1457,6.28.1,2025-02-20 N,15.4779,43.226620000000004
20/02/2025 23:45,41.420403846153846,5.455,0,20/02/2025 23:48,2.6385961538461538,Success,0,15.112788461538461,0,1458,6.28.1,2025-02-20 N,15.112788461538461,43.10336538461539
20/02/2025 23:52,42.986745098039215,5.491,0,20/02/2025 23:55,2.958784314,Success,0,15.421470588235294,0,1459,6.28.1,2025-02-20 N,15.421470588235294,43.64794117647059
20/02/2025 23:58,38.00078431372549,5.502,0,21/02/2025 00:01,3.7762156862745098,Success,0,14.68705882352941,0,1460,6.28.1,2025-02-20 N,14.68705882352941,42.772882352941174
21/02/2025 00:04,43.321459999999995,5.403,0,21/02/2025 00:07,2.89692,Success,0,15.8784,0,1461,6.28.1,2025-02-20 N,15.8784,43.10774000000001
21/02/2025 00:18,45.665470588235294,5.365,0,21/02/2025 00:21,2.362627450980392,Success,0,17.338529411764707,0,1462,6.28.1,2025-02-20 N,17.338529411764707,46.11715686
21/02/2025 00:24,40.91506,5.287,0,21/02/2025 00:27,2.785,Success,0,17.5401,0,1463,6.28.1,2025-02-20 N,17.5401,46.06254
21/02/2025 00:33,39.54362745098039,5.435,0,21/02/2025 00:36,2.705980392156863,Success,0,15.920294117647058,0,1464,6.28.1,2025-02-20 N,15.920294117647058,43.27792156862745
21/02/2025 00:52,41.03438,5.334,0,21/02/2025 00:55,2.98854,Success,0,15.0552,0,1467,6.28.1,2025-02-20 N,15.0552,43.24388
21/02/2025 00:59,41.47242857142857,5.253,0,21/02/2025 01:02,2.6227346938775513,Success,0,15.172040816326529,0,1468,6.28.1,2025-02-20 N,15.172040816326529,43.19444897959183
21/02/2025 01:05,45.86805999999999,5.262,0,21/02/2025 01:15,2.02536,Success,0,15.638399999999999,0,1469,6.28.1,2025-02-20 N,15.638399999999999,43.424080000000004
21/02/2025 01:27,42.91096,5.371,0,21/02/2025 01:30,2.89486,Success,0,15.213,0,1471,6.28.1,2025-02-20 N,15.213,43.27682
21/02/2025 01:33,41.59464,5.271,0,21/02/2025 01:37,2.52324,Success,0,15.416099999999998,0,1472,6.28.1,2025-02-20 N,15.416099999999998,43.55246
21/02/2025 01:55,44.763000000000005,5.253,0,21/02/2025 01:58,2.37212,Success,0,15.060899999999998,0,1474,6.28.1,2025-02-20 N,15.060899999999998,43.12738
21/02/2025 02:09,43.308431818181816,4.666,0,21/02/2025 02:13,1.8339999999999999,Success,0,14.795113636363636,0,1475,6.28.1,2025-02-20 N,14.795113636363636,43.52215909090909
21/02/2025 02:17,41.71364,5.379,0,21/02/2025 02:19,2.73486,Success,0,15.3015,0,1476,6.28.1,2025-02-20 N,15.3015,43.520959999999995
21/02/2025 02:23,42.09064,5.275,0,21/02/2025 02:26,2.8665800000000004,Success,0,15.0336,0,1477,6.28.1,2025-02-20 N,15.0336,43.25844
21/02/2025 02:38,41.7757,5.212,0,21/02/2025 02:42,2.54774,Success,0,14.8479,0,1478,6.28.1,2025-02-20 N,14.8479,42.828860000000006
21/02/2025 02:45,43.32355102040816,5.238,0,21/02/2025 02:47,2.9273673469387758,Success,0,14.936632653061224,0,1479,6.28.1,2025-02-20 N,14.936632653061224,42.84873469387755
21/02/2025 02:54,44.35279069767442,4.671,0,21/02/2025 02:56,2.9703023255813954,Success,0,14.102441860465115,0,1480,6.28.1,2025-02-20 N,14.102441860465115,42.81002325581395
21/02/2025 03:07,43.04387500000001,5.115,0,21/02/2025 03:09,3.0192083333333333,Success,0,15.086875,0,1482,6.28.1,2025-02-20 N,15.086875,42.77847916666667
21/02/2025 03:13,40.864375,5.269,0,21/02/2025 03:16,3.7691458333333334,Success,0,14.635625,0,1483,6.28.1,2025-02-20 N,14.635625,42.35616666666667
21/02/2025 03:21,46.128204545454544,4.701,0,21/02/2025 03:24,2.494068181818182,Success,0,17.041022727272725,0,1484,6.28.1,2025-02-20 N,17.041022727272725,45.264931818181815
21/02/2025 03:27,43.259859999999996,5.294,0,21/02/2025 03:31,2.69552,Success,0,14.863499999999998,0,1485,6.28.1,2025-02-20 N,14.863499999999998,42.85654
21/02/2025 03:34,44.34395918367346,5.326,0,21/02/2025 03:37,2.9460204081632653,Success,0,14.989897959183674,0,1486,6.28.1,2025-02-20 N,14.989897959183674,43.174408163265305
21/02/2025 04:01,44.83239534883721,4.593,0,21/02/2025 04:04,2.5127441860465116,Success,0,14.185116279069769,0,1487,6.28.1,2025-02-20 N,14.185116279069769,42.86276744186046
21/02/2025 04:09,46.59245454545455,4.681,0,21/02/2025 04:12,2.637840909090909,Success,0,14.832954545454545,0,1488,6.28.1,2025-02-20 N,14.832954545454545,42.49590909090909
21/02/2025 04:15,44.834340000000005,5.34,0,21/02/2025 04:19,2.64408,Success,0,15.558,0,1489,6.28.1,2025-02-20 N,15.558,42.989020000000004
21/02/2025 04:29,49.962999999999994,4.575,0,21/02/2025 04:32,1.9067727272727273,Success,0,15.424431818181818,0,1491,6.28.1,2025-02-20 N,15.424431818181818,42.821386363636364
21/02/2025 04:41,46.88993181818182,4.677,0,21/02/2025 04:47,2.241636363636364,Success,0,14.972045454545453,0,1492,6.28.1,2025-02-20 N,14.972045454545453,42.92109090909091
21/02/2025 04:50,48.160227272727276,4.673,0,21/02/2025 04:54,2.0177045454545453,Success,0,15.373636363636363,0,1493,6.28.1,2025-02-20 N,15.373636363636363,42.668136363636364
21/02/2025 05:00,44.27318604651163,4.524,0,21/02/2025 05:04,1.6383023255813953,Success,0,15.135348837209301,0,1494,6.28.1,2025-02-20 N,15.135348837209301,43.07941860465116
21/02/2025 05:09,44.29823076923077,4.069,0,21/02/2025 05:13,1.582974358974359,Success,0,14.37,0,1495,6.28.1,2025-02-20 N,14.37,42.57946153846154
21/02/2025 05:16,50.00256862745098,5.339,0,21/02/2025 05:19,2.043764705882353,Success,0,17.460588235294118,0,1496,6.28.1,2025-02-20 N,17.460588235294118,46.308960784313726
21/02/2025 05:24,40.50355813953488,4.53,0,21/02/2025 05:27,2.3103023255813953,Success,0,17.12267441860465,0,1497,6.28.1,2025-02-20 N,17.12267441860465,45.31332558139535
21/02/2025 05:32,42.92466666666667,5.328,0,21/02/2025 05:36,1.6260392156862744,Success,0,17.47558823529412,0,1498,6.28.1,2025-02-20 N,17.47558823529412,43.82592156862745
21/02/2025 05:41,38.80438775510204,5.236,0,21/02/2025 05:45,2.2068367346938778,Success,0,16.383979591836734,0,1499,6.28.1,2025-02-20 N,16.383979591836734,42.97879591836734
21/02/2025 05:49,37.831,5.369,0,21/02/2025 05:54,1.9677115384615385,Success,0,16.391826923076923,0,1500,6.28.1,2025-02-20 N,16.391826923076923,43.188057692307694
21/02/2025 05:57,37.04006,5.314,0,21/02/2025 06:00,2.25896,Success,0,15.732899999999999,0,1501,6.28.1,2025-02-20 N,15.732899999999999,43.48042
21/02/2025 06:11,38.17069811320755,5.574,0,21/02/2025 06:16,1.6987169811320755,Success,0,18.45396226415094,0,1503,6.28.1,2025-02-21 D,18.45396226415094,45.37460377
21/02/2025 06:20,39.981792452830184,5.537,0,21/02/2025 06:26,1.4634339622641508,Success,0,17.27122641509434,0,1504,6.28.1,2025-02-21 D,17.27122641509434,43.587245283018866
21/02/2025 06:30,42.11677358490566,5.56,0,21/02/2025 06:36,1.8418490566037735,Success,0,16.44933962264151,0,1505,6.28.1,2025-02-21 D,16.44933962264151,43.77543396226415
21/02/2025 06:39,40.67448076923077,5.484,0,21/02/2025 06:43,2.300403846153846,Success,0,16.623173076923077,0,1506,6.28.1,2025-02-21 D,16.623173076923077,43.82513461538462
21/02/2025 07:02,43.505686274509806,5.384,0,21/02/2025 07:05,2.529176470588235,Success,0,15.132058823529412,0,1507,6.28.1,2025-02-21 D,15.132058823529412,43.15164705882353
21/02/2025 07:08,45.25562,5.296,0,21/02/2025 07:11,2.4753600000000002,Success,0,15.9834,0,1508,6.28.1,2025-02-21 D,15.9834,43.53322
21/02/2025 07:15,44.464408163265304,5.179,0,21/02/2025 07:18,2.530326530612245,Success,0,14.417448979591837,0,1509,6.28.1,2025-02-21 D,14.417448979591837,42.43769387755102
21/02/2025 07:22,43.573119999999996,5.233,0,21/02/2025 07:25,2.3147800000000003,Success,0,15.016200000000001,0,1510,6.28.1,2025-02-21 D,15.016200000000001,43.3222
21/02/2025 07:36,41.9226875,5.178,0,21/02/2025 07:39,2.869895833333333,Success,0,14.745937499999998,0,1511,6.28.1,2025-02-21 D,14.745937499999998,42.965125
21/02/2025 07:43,42.72675,5.199,0,21/02/2025 07:46,2.6417083333333333,Success,0,15.074062499999998,0,1512,6.28.1,2025-02-21 D,15.074062499999998,43.2083125
21/02/2025 09:06,41.95968085106383,4.908,0,21/02/2025 09:10,2.5427659574468087,Success,0,14.7,0,1513,6.28.1,2025-02-21 D,14.7,42.42214893617022
21/02/2025 09:15,43.20615909090909,5.5,0,21/02/2025 09:18,4.108727272727273,Success,0,13.97181818181818,0,1514,6.28.1,2025-02-21 D,13.97181818181818,40.89177272727273
21/02/2025 09:31,44.23078846153847,5.571,0,21/02/2025 09:34,2.9661153846153847,Success,0,16.027788461538464,0,1516,6.28.1,2025-02-21 D,16.027788461538464,43.63401923076923
21/02/2025 09:40,46.38242,5.404,0,21/02/2025 09:42,3.11502,Success,0,19.5051,0,1517,6.28.1,2025-02-21 D,19.5051,47.76334
21/02/2025 09:53,47.34287234042553,4.934,0,21/02/2025 09:56,2.7181063829787235,Success,0,15.010531914893617,0,1518,6.28.1,2025-02-21 D,15.010531914893617,42.86840425531915
21/02/2025 10:12,44.24965384615385,5.538,0,21/02/2025 10:16,2.2151923076923077,Success,0,15.739615384615385,0,1519,6.28.1,2025-02-21 D,15.739615384615385,43.948730769230764
21/02/2025 10:25,43.156021276595744,4.965,0,21/02/2025 10:29,2.869382978723404,Success,0,15.361914893617021,0,1520,6.28.1,2025-02-21 D,15.361914893617021,41.92131914893617
21/02/2025 10:32,45.24819565217391,4.915,0,21/02/2025 10:35,2.4423478260869564,Success,0,15.315978260869565,0,1521,6.28.1,2025-02-21 D,15.315978260869565,42.64645652173913
21/02/2025 10:39,43.73988888888889,4.732,0,21/02/2025 10:45,2.7590222222222223,Success,0,16.368333333333336,0,1522,6.28.1,2025-02-21 D,16.368333333333336,43.73673333333333
21/02/2025 10:48,43.340688888888884,4.712,0,21/02/2025 10:52,2.1364888888888887,Success,0,15.258333333333333,0,1523,6.28.1,2025-02-21 D,15.258333333333333,42.672977777777774
21/02/2025 10:55,43.98062222222222,4.708,0,21/02/2025 10:58,2.1319333333333335,Success,0,15.102333333333334,0,1524,6.28.1,2025-02-21 D,15.102333333333334,42.11533333333333
21/02/2025 11:01,41.29077272727273,4.665,0,21/02/2025 11:05,2.3050454545454544,Success,0,16.786704545454544,0,1525,6.28.1,2025-02-21 D,16.786704545454544,45.91009090909091
21/02/2025 11:17,41.101653846153845,5.603,0,21/02/2025 11:20,3.280673076923077,Success,0,15.683653846153845,0,1527,6.28.1,2025-02-21 D,15.683653846153845,43.74913461538461
21/02/2025 11:30,44.18098039215686,5.399,0,21/02/2025 11:34,2.6259019607843137,Success,0,15.579117647058823,0,1529,6.28.1,2025-02-21 D,15.579117647058823,43.67568627450981
21/02/2025 11:37,45.75371153846153,5.399,0,21/02/2025 11:43,1.6045384615384617,Success,0,15.591634615384615,0,1530,6.28.1,2025-02-21 D,15.591634615384615,43.688788461538465
21/02/2025 11:47,44.33566666666667,5.381,0,21/02/2025 11:51,1.7517450980392157,Success,0,15.69264705882353,0,1531,6.28.1,2025-02-21 D,15.69264705882353,43.62594117647058
21/02/2025 12:03,42.09152941176471,5.37,0,21/02/2025 12:08,1.8155294117647058,Success,0,16.52470588235294,0,1533,6.28.1,2025-02-21 D,16.52470588235294,44.828862745098036
21/02/2025 12:12,42.044659090909086,4.646,0,21/02/2025 12:16,1.8394318181818183,Success,0,16.213295454545456,0,1534,6.28.1,2025-02-21 D,16.213295454545456,44.21740909090909
21/02/2025 13:14,41.22968627,5.533,0,21/02/2025 13:16,3.3170784313725488,Success,0,15.146470588235294,0,1535,6.28.1,2025-02-21 D,15.146470588235294,43.04488235294118
21/02/2025 13:20,42.607958333333336,5.323,0,21/02/2025 13:23,3.2439375,Success,0,16.8821875,0,1536,6.28.1,2025-02-21 D,16.8821875,45.10775
21/02/2025 13:27,42.99488,5.264,0,21/02/2025 13:31,2.6713799999999996,Success,0,14.603699999999998,0,1537,6.28.1,2025-02-21 D,14.603699999999998,42.17348
22/02/2025 19:23,55.247549019607845,5.479,0,22/02/2025 19:26,3.0176470588235293,Success,0,14.871176470588233,0,1540,6.28.1,2025-02-22 N,14.871176470588233,43.053039215686276
22/02/2025 19:37,53.87230769230769,5.528,0,22/02/2025 19:40,2.869788461538462,Success,0,15.225865384615386,0,1542,6.28.1,2025-02-22 N,15.225865384615386,42.52867307692308
22/02/2025 19:43,55.15752830188679,5.547,0,22/02/2025 19:47,2.3573584905660376,Success,0,15.791037735849057,0,1543,6.28.1,2025-02-22 N,15.791037735849057,44.38026415
22/02/2025 19:50,53.21396153846154,5.482,0,22/02/2025 19:53,2.704230769230769,Success,0,15.867692307692307,0,1544,6.28.1,2025-02-22 N,15.867692307692307,45.02342307692307
22/02/2025 19:57,54.781000000000006,5.263,0,22/02/2025 20:00,2.39752,Success,0,15.864,0,1545,6.28.1,2025-02-22 N,15.864,44.939840000000004
22/02/2025 20:03,55.452960000000004,5.294,0,22/02/2025 20:06,2.79762,Success,0,15.378900000000002,0,1546,6.28.1,2025-02-22 N,15.378900000000002,44.91204
22/02/2025 20:09,49.62931372549019,5.397,0,22/02/2025 20:13,2.2072745098039217,Success,0,16.312058823529412,0,1547,6.28.1,2025-02-22 N,16.312058823529412,45.767705882352935
22/02/2025 20:16,50.05180769230769,5.471,0,22/02/2025 20:20,2.086076923076923,Success,0,16.98519230769231,0,1548,6.28.1,2025-02-22 N,16.98519230769231,45.88134615384615
22/02/2025 20:23,47.249339622641514,5.547,0,22/02/2025 20:27,1.9675849056603774,Success,0,17.230188679245284,0,1549,6.28.1,2025-02-22 N,17.230188679245284,45.98430188679246
22/02/2025 20:31,46.370250000000006,5.635,0,22/02/2025 20:34,2.8030576923076924,Success,0,17.75451923076923,0,1550,6.28.1,2025-02-22 N,17.75451923076923,47.20148076923077
22/02/2025 20:38,46.44075471698113,5.624,0,22/02/2025 20:41,2.8930943396226416,Success,0,18.031132075471696,0,1551,6.28.1,2025-02-22 N,18.031132075471696,47.777
22/02/2025 20:44,48.108903846153844,5.528,0,22/02/2025 20:47,2.898519230769231,Success,0,17.217115384615383,0,1552,6.28.1,2025-02-22 N,17.217115384615383,46.70313461538462
22/02/2025 20:51,45.56009803921569,5.412,0,22/02/2025 20:55,1.9777450980392155,Success,0,17.20294117647059,0,1553,6.28.1,2025-02-22 N,17.20294117647059,45.40582352941177
22/02/2025 20:59,45.13047058823529,5.413,0,22/02/2025 21:03,2.1204705882352943,Success,0,17.965588235294117,0,1554,6.28.1,2025-02-22 N,17.965588235294117,45.313352941176475
22/02/2025 21:14,55.59749019607843,5.549,0,22/02/2025 21:17,3.617058823529412,Success,0,15.128235294117646,0,1555,6.28.1,2025-02-22 N,15.128235294117646,44.37931372549019
22/02/2025 21:23,54.570404255319154,5.544,0,22/02/2025 21:29,3.5841063829787236,Success,0,15.344361702127658,0,1556,6.28.1,2025-02-22 N,15.344361702127658,44.124914893617024
22/02/2025 21:44,59.42586666666667,5.499,0,22/02/2025 21:53,3.1481333333333335,Success,0,10.414,0,1557,6.28.1,2025-02-22 N,10.414,38.08486666666667
22/02/2025 23:03,58.612269230769236,5.493,0,22/02/2025 23:08,2.684480769230769,Success,0,13.872980769230768,0,1558,6.28.1,2025-02-22 N,13.872980769230768,41.963230769230776
22/02/2025 23:10,57.671882352941175,5.478,0,22/02/2025 23:14,2.6439803921568625,Success,0,13.881176470588237,0,1559,6.28.1,2025-02-22 N,13.881176470588237,42.21970588235294
22/02/2025 23:17,57.21551923076923,5.446,0,22/02/2025 23:22,2.470038461538462,Success,0,15.99173076923077,0,1560,6.28.1,2025-02-22 N,15.99173076923077,44.00051923076923
22/02/2025 23:25,57.28598076923077,5.489,0,22/02/2025 23:29,2.4315384615384614,Success,0,14.146442307692308,0,1561,6.28.1,2025-02-22 N,14.146442307692308,42.44126923076923
22/02/2025 23:32,57.1085,5.505,0,22/02/2025 23:35,2.8799615384615387,Success,0,15.872884615384615,0,1562,6.28.1,2025-02-22 N,15.872884615384615,43.587057692307695
22/02/2025 23:38,58.35771739130435,5.207,0,22/02/2025 23:46,2.5064347826086957,Success,0,13.945108695652175,0,1563,6.28.1,2025-02-22 N,13.945108695652175,40.597521739130435
23/02/2025 00:07,55.12104,5.273,0,23/02/2025 00:11,2.2879400000000003,Success,0,14.7147,0,1564,6.28.1,2025-02-22 N,14.7147,43.544520000000006
23/02/2025 00:15,57.28713725490196,5.374,0,23/02/2025 00:19,1.9407254901960784,Success,0,15.570882352941176,0,1565,6.28.1,2025-02-22 N,15.570882352941176,44.67137255
23/02/2025 00:41,39.33626415,5.599,0,23/02/2025 00:45,1.9801509433962265,Success,0,17.70820754716981,0,1568,6.28.1,2025-02-22 N,17.70820754716981,42.08081132075471
23/02/2025 00:49,41.62430188679246,5.546,0,23/02/2025 00:52,2.0229811320754716,Success,0,18.085188679245285,0,1569,6.28.1,2025-02-22 N,18.085188679245285,43.60339622641509
23/02/2025 00:56,39.20737735849057,5.517,0,23/02/2025 01:00,2.2241320754716982,Success,0,19.219528301886793,0,1570,6.28.1,2025-02-22 N,19.219528301886793,44.27484905660377
23/02/2025 01:03,41.18846153846154,5.489,0,23/02/2025 01:07,2.0444999999999998,Success,0,18.66403846153846,0,1571,6.28.1,2025-02-22 N,18.66403846153846,41.91388461538462
23/02/2025 01:11,50.19915384615385,5.455,0,23/02/2025 01:14,2.4414423076923075,Success,0,18.977884615384617,0,1572,6.28.1,2025-02-22 N,18.977884615384617,44.261923076923075
23/02/2025 01:23,44.26727450980392,5.596,0,23/02/2025 01:26,3.3409019607843136,Success,0,16.02735294117647,0,1573,6.28.1,2025-02-22 N,16.02735294117647,41.58184314
23/02/2025 01:36,44.57776923076923,5.548,0,23/02/2025 01:39,2.890653846153846,Success,0,16.26173076923077,0,1575,6.28.1,2025-02-22 N,16.26173076923077,41.68826923076923
23/02/2025 01:42,46.07130769230769,5.533,0,23/02/2025 01:46,2.8741346153846155,Success,0,16.680865384615384,0,1576,6.28.1,2025-02-22 N,16.680865384615384,42.36015384615385
23/02/2025 01:49,45.49544230769231,5.53,0,23/02/2025 01:53,2.9467692307692306,Success,0,16.504326923076924,0,1577,6.28.1,2025-02-22 N,16.504326923076924,42.242288461538465
23/02/2025 01:56,46.76928,5.506,0,23/02/2025 02:16,3.5559600000000002,Success,0,18.6219,0,1578,6.28.1,2025-02-22 N,18.6219,43.6194
23/02/2025 02:31,44.57414583333334,5.195,0,23/02/2025 02:34,2.6718125,Success,0,16.3309375,0,1579,6.28.1,2025-02-22 N,16.3309375,42.039208333333335
23/02/2025 02:38,45.1209,5.248,0,23/02/2025 02:42,1.9135399999999998,Success,0,16.5333,0,1580,6.28.1,2025-02-22 N,16.5333,42.147780000000004
23/02/2025 02:45,47.429529411764705,5.331,0,23/02/2025 02:50,1.8303137254901962,Success,0,17.265588235294118,0,1581,6.28.1,2025-02-22 N,17.265588235294118,42.538627450980385
23/02/2025 02:53,42.858096153846155,5.438,0,23/02/2025 02:58,1.9761153846153845,Success,0,19.643653846153846,0,1582,6.28.1,2025-02-22 N,19.643653846153846,44.292692307692306
23/02/2025 03:01,40.844,5.446,0,23/02/2025 03:05,2.021692307692308,Success,0,21.184326923076924,0,1583,6.28.1,2025-02-22 N,21.184326923076924,44.31036538461539
23/02/2025 03:16,39.10817307692308,5.499,0,23/02/2025 03:21,2.1618461538461538,Success,0,16.69557692307692,0,1585,6.28.1,2025-02-22 N,16.69557692307692,42.16311538461538
23/02/2025 03:24,42.41170588235294,5.442,0,23/02/2025 03:26,1.5631176470588235,Success,0,13.837941176470588,0,1586,6.28.1,2025-02-22 N,13.837941176470588,40.23552941176471
23/02/2025 03:35,48.76342105263158,2.026,0,23/02/2025 03:36,1.8118947368421054,Fail,0,11.447368421052632,0,1587,6.28.1,2025-02-22 N,11.447368421052632,39.94478947368421
23/02/2025 05:30,51.49350943396227,5.654,0,23/02/2025 05:49,2.8806037735849057,Success,0,19.254905660377357,0,1589,6.28.1,2025-02-22 N,19.254905660377357,43.70381132075472
23/02/2025 05:52,42.17315686,5.876,0,23/02/2025 05:58,3.3848039215686274,Success,0,17.350882352941177,0,1590,6.28.1,2025-02-22 N,17.350882352941177,41.18315686274509
23/02/2025 06:02,42.11807142857143,5.812,0,23/02/2025 06:07,2.4875000000000003,Success,0,18.78375,0,1591,6.28.1,2025-02-23 D,18.78375,43.866125000000004
23/02/2025 06:17,44.40418181818182,5.839,0,23/02/2025 06:21,2.5990363636363636,Success,0,16.644272727272725,0,1593,6.28.1,2025-02-23 D,16.644272727272725,42.324200000000005
23/02/2025 06:24,40.30638181818182,5.811,0,23/02/2025 06:28,2.608527272727273,Success,0,16.776,0,1594,6.28.1,2025-02-23 D,16.776,41.97869090909091
23/02/2025 06:31,41.12653703703704,5.766,0,23/02/2025 06:35,2.5893518518518515,Success,0,16.91138888888889,0,1595,6.28.1,2025-02-23 D,16.91138888888889,41.94488888888889
23/02/2025 06:41,44.72172727272728,5.816,0,23/02/2025 06:46,1.9952181818181818,Success,0,17.515090909090908,0,1596,6.28.1,2025-02-23 D,17.515090909090908,43.5718
23/02/2025 06:49,44.56061538461539,5.686,0,23/02/2025 06:54,2.6649423076923076,Success,0,15.67701923076923,0,1597,6.28.1,2025-02-23 D,15.67701923076923,41.610807692307695
23/02/2025 06:57,44.250907407407404,5.722,0,23/02/2025 07:02,2.8625740740740744,Success,0,18.927777777777777,0,1598,6.28.1,2025-02-23 D,18.927777777777777,44.11877777777778
23/02/2025 07:10,43.79849019607843,5.635,0,23/02/2025 07:17,3.231823529411765,Success,0,17.139411764705883,0,1599,6.28.1,2025-02-23 D,17.139411764705883,42.59531372549019
23/02/2025 07:21,42.11711111111111,5.633,0,23/02/2025 07:21,3.8824444444444444,Success,0,9.203333333333333,0,1600,6.28.1,2025-02-23 D,9.203333333333333,37.541111111111114
23/02/2025 07:44,41.18049056603773,5.673,0,23/02/2025 07:47,2.613283018867924,Success,0,16.32622641509434,0,1602,6.28.1,2025-02-23 D,16.32622641509434,42.386981132075476
23/02/2025 07:51,42.04694444444444,5.719,0,23/02/2025 07:55,2.411277777777778,Success,0,16.44638888888889,0,1603,6.28.1,2025-02-23 D,16.44638888888889,41.90487037037037
23/02/2025 07:58,40.36238888888889,3.068,0,23/02/2025 08:02,2.614462962962963,Fail,0,16.72888888888889,0,1604,6.28.1,2025-02-23 D,16.72888888888889,41.99564814814815
23/02/2025 08:36,41.72341509433962,5.618,0,23/02/2025 08:40,2.5623773584905662,Success,0,16.27896226415094,0,1606,6.28.1,2025-02-23 D,16.27896226415094,42.098283018867924
23/02/2025 08:56,40.594,5.589,0,23/02/2025 09:00,2.712622641509434,Success,0,16.687924528301888,0,1607,6.28.1,2025-02-23 D,16.687924528301888,41.679018867924526
23/02/2025 09:11,41.471629629629625,5.683,0,23/02/2025 09:15,2.2292222222222224,Success,0,16.5825,0,1608,6.28.1,2025-02-23 D,16.5825,41.938833333333335
23/02/2025 09:19,42.969019230769234,5.465,0,23/02/2025 09:23,2.387923076923077,Success,0,17.412403846153843,0,1609,6.28.1,2025-02-23 D,17.412403846153843,43.54930769230769
23/02/2025 09:26,42.59936538461538,5.5,0,23/02/2025 09:30,2.207076923076923,Success,0,16.103076923076923,0,1610,6.28.1,2025-02-23 D,16.103076923076923,42.11313461538461
23/02/2025 09:40,41.15701923076923,5.541,0,23/02/2025 09:44,2.1053461538461535,Success,0,15.970384615384615,0,1611,6.28.1,2025-02-23 D,15.970384615384615,41.99392307692308
23/02/2025 09:49,41.2990625,5.033,0,23/02/2025 09:58,2.2461458333333333,Success,0,15.6503125,0,1612,6.28.1,2025-02-23 D,15.6503125,41.59004166666667
23/02/2025 10:02,39.214354166666666,5.112,0,23/02/2025 10:06,2.629166666666667,Success,0,15.629375000000001,0,1613,6.28.1,2025-02-23 D,15.629375000000001,41.26195833333333
23/02/2025 10:09,39.44046939,5.189,0,23/02/2025 10:13,2.095,Success,0,16.512857142857143,0,1614,6.28.1,2025-02-23 D,16.512857142857143,41.983551020408164
23/02/2025 10:17,37.70691489361702,4.95,0,23/02/2025 10:22,2.463127659574468,Success,0,15.394468085106382,0,1615,6.28.1,2025-02-23 D,15.394468085106382,40.99229787234042
23/02/2025 10:24,38.34287234042553,4.97,0,23/02/2025 10:28,2.129042553191489,Success,0,15.37404255319149,0,1616,6.28.1,2025-02-23 D,15.37404255319149,42.07419149
23/02/2025 10:33,39.481456521739126,5.034,0,23/02/2025 10:36,2.4146304347826084,Success,0,16.01771739130435,0,1617,6.28.1,2025-02-23 D,16.01771739130435,41.90828260869565
23/02/2025 10:41,38.35521276595745,4.896,0,23/02/2025 10:44,2.1345531914893616,Success,0,15.508404255319148,0,1618,6.28.1,2025-02-23 D,15.508404255319148,41.93829787234042
23/02/2025 10:48,39.66815555555556,4.894,0,23/02/2025 10:52,2.601355555555555,Success,0,15.170333333333332,0,1619,6.28.1,2025-02-23 D,15.170333333333332,41.522444444444446
23/02/2025 11:09,36.10468085106383,5.009,0,23/02/2025 11:12,2.9861276595744686,Success,0,15.46595744680851,0,1621,6.28.1,2025-02-23 D,15.46595744680851,41.098787234042554
23/02/2025 11:19,39.35068085106383,4.947,0,23/02/2025 11:24,2.328872340425532,Success,0,15.278936170212766,0,1622,6.28.1,2025-02-23 D,15.278936170212766,41.23489361702128
23/02/2025 11:34,38.01167391304348,4.899,0,23/02/2025 11:38,2.4550652173913043,Success,0,15.601304347826087,0,1624,6.28.1,2025-02-23 D,15.601304347826087,41.58763043478261
23/02/2025 12:33,38.20465909,4.926,0,23/02/2025 12:36,2.396681818181818,Success,0,15.260454545454547,0,1625,6.28.1,2025-02-23 D,15.260454545454547,40.951477272727274
23/02/2025 12:43,37.25402127659574,4.963,0,23/02/2025 12:47,2.804319149,Success,0,15.46563829787234,0,1626,6.28.1,2025-02-23 D,15.46563829787234,41.09304255319149
23/02/2025 12:52,36.25622727272727,5.069,0,23/02/2025 12:56,3.2643181818181817,Success,0,14.614431818181817,0,1627,6.28.1,2025-02-23 D,14.614431818181817,40.77620454545455
23/02/2025 13:20,39.18697959183674,5.192,0,23/02/2025 13:24,2.5037959183673473,Success,0,16.077551020408162,0,1629,6.28.1,2025-02-23 D,16.077551020408162,42.17530612244898
23/02/2025 13:27,36.90663265306122,5.214,0,23/02/2025 13:31,2.755204081632653,Success,0,15.710816326530614,0,1630,6.28.1,2025-02-23 D,15.710816326530614,41.44085714285715
23/02/2025 13:36,36.76124489795918,5.282,0,23/02/2025 13:39,3.085448979591837,Success,0,15.109591836734694,0,1631,6.28.1,2025-02-23 D,15.109591836734694,41.01004081632653
23/02/2025 13:46,37.322326530612244,5.196,0,23/02/2025 13:49,2.949081632653061,Success,0,15.200510204081633,0,1632,6.28.1,2025-02-23 D,15.200510204081633,41.54671428571429
23/02/2025 13:52,37.43206122,5.177,0,23/02/2025 13:56,2.8768367346938777,Success,0,16.325510204081635,0,1633,6.28.1,2025-02-23 D,16.325510204081635,41.70246939
23/02/2025 14:00,37.78722448979592,5.27,0,23/02/2025 14:04,2.858816326530612,Success,0,15.190102040816328,0,1634,6.28.1,2025-02-23 D,15.190102040816328,41.54436734693878
23/02/2025 14:07,35.836448979591836,5.165,0,23/02/2025 14:10,3.1820612244897957,Success,0,16.29122448979592,0,1635,6.28.1,2025-02-23 D,16.29122448979592,41.17224489795918
23/02/2025 14:14,40.02216666666667,5.161,0,23/02/2025 14:17,2.6990416666666666,Success,0,15.311250000000001,0,1636,6.28.1,2025-02-23 D,15.311250000000001,41.689479166666665
23/02/2025 14:22,38.30473469387755,5.311,0,23/02/2025 14:25,2.9537346938775513,Success,0,16.426836734693875,0,1637,6.28.1,2025-02-23 D,16.426836734693875,41.88838775510204
23/02/2025 14:36,36.78009090909091,1.244,0,23/02/2025 14:37,2.334636363636364,Fail,0,10.799999999999999,0,1639,6.28.1,2025-02-23 D,10.799999999999999,39.80627272727273
23/02/2025 14:48,40.77473684210526,3.965,0,23/02/2025 14:52,2.0463684210526316,Success,0,13.134868421052632,0,1640,6.28.1,2025-02-23 D,13.134868421052632,40.06484210526315
23/02/2025 14:55,37.062155555555556,5.348,0,23/02/2025 14:58,3.7382222222222223,Success,0,15.008000000000001,0,1641,6.28.1,2025-02-23 D,15.008000000000001,41.27133333333333
23/02/2025 15:02,36.40973469387755,5.286,0,23/02/2025 15:07,3.131204081632653,Success,0,15.316530612244899,0,1642,6.28.1,2025-02-23 D,15.316530612244899,42.17457142857143
23/02/2025 15:22,37.04939622641509,5.644,0,23/02/2025 15:26,2.7615094339622637,Success,0,16.456698113207548,0,1643,6.28.1,2025-02-23 D,16.456698113207548,42.05950943396226
23/02/2025 15:37,36.93662,5.393,0,23/02/2025 15:40,3.59692,Success,0,14.154300000000001,0,1645,6.28.1,2025-02-23 D,14.154300000000001,41.361959999999996
23/02/2025 15:44,39.022163636363636,5.869,0,23/02/2025 15:48,2.955018181818182,Success,0,15.938727272727272,0,1646,6.28.1,2025-02-23 D,15.938727272727272,42.08810909090909
23/02/2025 15:52,36.80317307692308,5.629,0,23/02/2025 15:56,2.822307692307692,Success,0,15.833365384615385,0,1647,6.28.1,2025-02-23 D,15.833365384615385,41.95975
23/02/2025 16:07,38.53305660377358,5.762,0,23/02/2025 16:11,3.019679245283019,Success,0,15.630283018867924,0,1649,6.28.1,2025-02-23 D,15.630283018867924,41.64077358490566
23/02/2025 16:14,37.76612962962963,5.682,0,23/02/2025 16:19,2.853537037037037,Success,0,15.942222222222222,0,1650,6.28.1,2025-02-23 D,15.942222222222222,41.57666666666666
23/02/2025 16:21,37.562134615384615,5.498,0,23/02/2025 16:25,2.508942307692308,Success,0,15.822115384615385,0,1651,6.28.1,2025-02-23 D,15.822115384615385,42.473461538461535
23/02/2025 16:39,38.52514285714285,5.605,0,23/02/2025 16:40,2.0139285714285715,Success,0,11.303571428571429,0,1652,6.28.1,2025-02-23 D,11.303571428571429,40.169500000000006
23/02/2025 17:03,35.57223076923077,5.503,0,23/02/2025 17:07,2.5280576923076925,Success,0,15.897403846153846,0,1653,6.28.1,2025-02-23 D,15.897403846153846,42.26923076923077
23/02/2025 17:27,36.86852830188679,5.598,0,23/02/2025 17:31,2.5559999999999996,Success,0,15.956037735849057,0,1654,6.28.1,2025-02-23 D,15.956037735849057,42.33507547169811
23/02/2025 17:34,37.86920754716981,5.64,0,23/02/2025 17:38,2.5247924528301886,Success,0,16.057075471698113,0,1655,6.28.1,2025-02-23 D,16.057075471698113,42.00598113207547
23/02/2025 17:41,37.04150943396227,5.621,0,23/02/2025 17:45,2.676320754716981,Success,0,16.024528301886793,0,1656,6.28.1,2025-02-23 D,16.024528301886793,41.88088679245283
23/02/2025 17:48,35.072415094339625,5.581,0,23/02/2025 17:53,2.534924528301887,Success,0,16.53679245283019,0,1657,6.28.1,2025-02-23 D,16.53679245283019,41.566490566037736
23/02/2025 17:55,38.02738461538461,5.542,0,23/02/2025 17:59,3.2017307692307693,Success,0,15.64875,0,1658,6.28.1,2025-02-23 D,15.64875,40.42067307692308
23/02/2025 18:02,41.402509803921575,5.503,0,23/02/2025 18:06,3.1038039215686277,Success,0,15.330882352941176,0,1659,6.28.1,2025-02-23 N,15.330882352941176,41.67460784313726
23/02/2025 18:22,46.55786274509804,5.401,0,23/02/2025 18:29,2.424509803921569,Success,0,17.873235294117645,0,1660,6.28.1,2025-02-23 N,17.873235294117645,44.276294117647055
23/02/2025 18:33,41.95661538461539,5.466,0,23/02/2025 18:37,2.307942307692308,Success,0,16.50923076923077,0,1661,6.28.1,2025-02-23 N,16.50923076923077,41.98823076923077
23/02/2025 18:40,37.39256862745098,5.433,0,23/02/2025 18:44,3.215588235294118,Success,0,16.93029411764706,0,1662,6.28.1,2025-02-23 N,16.93029411764706,41.929980392156864
23/02/2025 18:47,41.69506976744186,4.622,0,23/02/2025 18:50,3.2848372093023253,Success,0,16.533837209302327,0,1663,6.28.1,2025-02-23 N,16.533837209302327,42.134720930232554
23/02/2025 18:54,44.59235897435898,4.165,0,23/02/2025 18:57,3.0116923076923077,Success,0,14.059230769230771,0,1664,6.28.1,2025-02-23 N,14.059230769230771,39.14433333333333
23/02/2025 19:00,44.68604761904762,4.608,0,23/02/2025 19:03,3.520142857142857,Success,0,15.542142857142856,0,1665,6.28.1,2025-02-23 N,15.542142857142856,39.63352380952381
23/02/2025 19:06,40.22765306122449,5.263,0,23/02/2025 19:09,3.2828163265306123,Success,0,15.657857142857143,0,1666,6.28.1,2025-02-23 N,15.657857142857143,41.04261224489796
23/02/2025 19:13,42.102020833333334,5.095,0,23/02/2025 19:17,2.42775,Success,0,16.1584375,0,1667,6.28.1,2025-02-23 N,16.1584375,41.632958333333335
23/02/2025 19:20,45.57359183673469,5.177,0,23/02/2025 19:24,2.2796326530612245,Success,0,18.183979591836735,0,1668,6.28.1,2025-02-23 N,18.183979591836735,44.24018367346938
23/02/2025 19:27,40.50882,5.295,0,23/02/2025 19:31,2.4122399999999997,Success,0,16.3749,0,1669,6.28.1,2025-02-23 N,16.3749,41.87114
23/02/2025 19:35,37.71018367346939,5.38,0,23/02/2025 19:38,3.7616326530612243,Success,0,14.99387755102041,0,1670,6.28.1,2025-02-23 N,14.99387755102041,40.67330612244898
23/02/2025 19:41,38.22802,5.318,0,23/02/2025 19:45,2.8892399999999996,Success,0,15.895199999999999,0,1671,6.28.1,2025-02-23 N,15.895199999999999,41.04712000000001
23/02/2025 19:48,40.47822448979592,5.3,0,23/02/2025 19:52,3.202346939,Success,0,15.378673469387754,0,1672,6.28.1,2025-02-23 N,15.378673469387754,41.491244897959184
23/02/2025 19:56,36.9619,5.342,0,23/02/2025 19:59,3.25472,Success,0,15.314400000000001,0,1673,6.28.1,2025-02-23 N,15.314400000000001,42.079139999999995
23/02/2025 20:13,40.80598039215686,5.422,0,23/02/2025 20:17,2.544019607843137,Success,0,16.115294117647057,0,1674,6.28.1,2025-02-23 N,16.115294117647057,42.37405882352942
23/02/2025 20:23,43.11888235294118,5.365,0,23/02/2025 20:27,2.4462745098039216,Success,0,15.182058823529411,0,1675,6.28.1,2025-02-23 N,15.182058823529411,42.36864705882353
23/02/2025 20:31,39.26278,5.309,0,23/02/2025 20:34,3.012,Success,0,16.0839,0,1676,6.28.1,2025-02-23 N,16.0839,41.437439999999995
23/02/2025 20:38,37.22124489795919,5.339,0,23/02/2025 20:41,3.7368571428571427,Success,0,15.397040816326532,0,1677,6.28.1,2025-02-23 N,15.397040816326532,41.42557142857143
23/02/2025 21:06,45.13995454545454,4.618,0,23/02/2025 21:11,1.9739772727272729,Success,0,15.84375,0,1680,6.28.1,2025-02-23 N,15.84375,42.55675
23/02/2025 21:14,43.07422727272728,4.62,0,23/02/2025 21:18,2.1895,Success,0,14.582045454545455,0,1681,6.28.1,2025-02-23 N,14.582045454545455,41.30652272727273
23/02/2025 21:21,41.953059999999994,5.242,0,23/02/2025 21:25,2.72104,Success,0,15.0954,0,1682,6.28.1,2025-02-23 N,15.0954,41.64606
23/02/2025 21:29,40.329899999999995,5.274,0,23/02/2025 21:33,2.44874,Success,0,14.761800000000001,0,1683,6.28.1,2025-02-23 N,14.761800000000001,41.34356
23/02/2025 21:36,36.71524,5.328,0,23/02/2025 21:40,2.79602,Success,0,14.925,0,1684,6.28.1,2025-02-23 N,14.925,41.3187
23/02/2025 21:43,37.378313725490194,5.374,0,23/02/2025 21:47,3.208176470588235,Success,0,15.225588235294117,0,1685,6.28.1,2025-02-23 N,15.225588235294117,40.57576470588236
23/02/2025 21:50,38.91598039215686,5.352,0,23/02/2025 21:54,2.447313725490196,Success,0,15.479705882352942,0,1686,6.28.1,2025-02-23 N,15.479705882352942,42.10562745098039
23/02/2025 22:01,37.59904347826087,5.308,0,23/02/2025 22:04,4.04,Success,0,13.249239130434784,0,1687,6.28.1,2025-02-23 N,13.249239130434784,40.75786956521739
23/02/2025 22:08,42.422875,5.295,0,23/02/2025 22:10,2.615375,Success,0,11.459999999999999,0,1688,6.28.1,2025-02-23 N,11.459999999999999,38.534125
23/02/2025 22:26,38.88142,5.332,0,23/02/2025 22:29,3.04168,Success,0,17.4807,0,1689,6.28.1,2025-02-23 N,17.4807,44.01756
23/02/2025 22:33,40.46996,5.281,0,23/02/2025 22:37,2.6017,Success,0,16.3587,0,1690,6.28.1,2025-02-23 N,16.3587,43.06138
23/02/2025 22:41,38.93202127659575,5.256,0,23/02/2025 22:44,3.5906170212765955,Success,0,13.449255319148936,0,1691,6.28.1,2025-02-23 N,13.449255319148936,40.29670212765957
23/02/2025 22:48,38.548755102040815,5.247,0,23/02/2025 22:52,3.1350000000000002,Success,0,17.028673469387755,0,1692,6.28.1,2025-02-23 N,17.028673469387755,43.42981632653061
23/02/2025 22:55,36.93293878,5.318,0,23/02/2025 22:59,3.1551020408163266,Success,0,15.471122448979592,0,1693,6.28.1,2025-02-23 N,15.471122448979592,41.572326530612244
23/02/2025 23:02,39.021102040816324,5.244,0,23/02/2025 23:06,2.677612244897959,Success,0,15.175102040816327,0,1694,6.28.1,2025-02-23 N,15.175102040816327,41.73940816
23/02/2025 23:09,38.46485714285714,5.222,0,23/02/2025 23:13,2.4036734693877553,Success,0,15.57857142857143,0,1695,6.28.1,2025-02-23 N,15.57857142857143,41.54736734693877
23/02/2025 23:17,41.635714285714286,5.199,0,23/02/2025 23:20,2.8705510204081635,Success,0,16.602857142857143,0,1696,6.28.1,2025-02-23 N,16.602857142857143,43.365857142857145
23/02/2025 23:23,40.99352,5.232,0,23/02/2025 23:27,2.5980399999999997,Success,0,16.7028,0,1697,6.28.1,2025-02-23 N,16.7028,42.14594
23/02/2025 23:31,40.47394117647058,5.371,0,23/02/2025 23:36,1.9562156862745097,Success,0,16.009705882352943,0,1698,6.28.1,2025-02-23 N,16.009705882352943,41.53262745
24/02/2025 00:18,39.18322,5.404,0,24/02/2025 00:21,3.7674000000000003,Success,0,17.248800000000003,0,1699,6.28.1,2025-02-23 N,17.248800000000003,44.0681
24/02/2025 00:24,41.68264583333333,5.24,0,24/02/2025 00:28,3.142875,Success,0,16.5478125,0,1700,6.28.1,2025-02-23 N,16.5478125,43.8361875
24/02/2025 00:32,44.821745098039216,5.379,0,24/02/2025 00:36,2.2161372549019607,Success,0,15.464411764705883,0,1701,6.28.1,2025-02-23 N,15.464411764705883,42.16703921568628
24/02/2025 00:42,38.08735294117647,5.337,0,24/02/2025 00:45,4.601382352941177,Success,0,11.97264705882353,0,1702,6.28.1,2025-02-23 N,11.97264705882353,38.836588235294116
24/02/2025 01:17,41.621,5.262,0,24/02/2025 01:21,2.854510204081633,Success,0,14.84204081632653,0,1703,6.28.1,2025-02-23 N,14.84204081632653,40.648265306122454
24/02/2025 01:25,42.18258823529411,5.307,0,24/02/2025 01:33,2.383431373,Success,0,15.519705882352941,0,1704,6.28.1,2025-02-23 N,15.519705882352941,40.51558823529412
24/02/2025 01:42,43.45797959183673,5.255,0,24/02/2025 01:46,2.836591836734694,Success,0,16.658877551020407,0,1706,6.28.1,2025-02-23 N,16.658877551020407,43.477000000000004
24/02/2025 01:50,39.52464285714286,4.55,0,24/02/2025 01:53,2.9998809523809524,Success,0,15.127142857142857,0,1707,6.28.1,2025-02-23 N,15.127142857142857,42.03042857142857
24/02/2025 02:10,39.81322,5.28,0,24/02/2025 02:14,2.80116,Success,0,14.6898,0,1710,6.28.1,2025-02-23 N,14.6898,41.05988
24/02/2025 02:17,41.46247916666667,5.248,0,24/02/2025 02:21,2.8019583333333333,Success,0,15.0940625,0,1711,6.28.1,2025-02-23 N,15.0940625,40.176458333333336
24/02/2025 02:24,41.50539534883721,5.15,0,24/02/2025 02:27,3.390372093023256,Success,0,13.14418604651163,0,1712,6.28.1,2025-02-23 N,13.14418604651163,39.01544186046512
24/02/2025 02:31,40.875152173913044,5.054,0,24/02/2025 02:34,3.1255652173913044,Success,0,17.248695652173915,0,1713,6.28.1,2025-02-23 N,17.248695652173915,43.372608695652175
24/02/2025 02:44,43.621040816326534,5.21,0,24/02/2025 02:48,2.6896734693877553,Success,0,14.694489795918367,0,1714,6.28.1,2025-02-23 N,14.694489795918367,40.71077551020408
24/02/2025 02:51,42.09972916666667,5.117,0,24/02/2025 02:55,2.2812916666666667,Success,0,15.044375,0,1715,6.28.1,2025-02-23 N,15.044375,40.550979166666664
24/02/2025 02:59,47.38152083333333,5.1,0,24/02/2025 03:07,2.3316666666666666,Success,0,17.0903125,0,1716,6.28.1,2025-02-23 N,17.0903125,46.78787500000001
24/02/2025 03:11,40.44504081632653,5.144,0,24/02/2025 03:16,2.2309591836734697,Success,0,15.755204081632654,0,1717,6.28.1,2025-02-23 N,15.755204081632654,39.99340816326531
24/02/2025 03:19,42.680313725490194,5.285,0,24/02/2025 03:23,2.1310588235294117,Success,0,16.555882352941175,0,1718,6.28.1,2025-02-23 N,16.555882352941175,43.643607843137254
24/02/2025 04:21,38.269000000000005,0.304,0,24/02/2025 04:21,0.9175,Success,0,14.475,0,1720,6.28.1,2025-02-23 N,14.475,39.065
24/02/2025 04:44,45.43889583333333,5.215,0,24/02/2025 04:48,2.2157708333333335,Success,0,15.0996875,0,1721,6.28.1,2025-02-23 N,15.0996875,41.31072916666667
24/02/2025 04:51,45.059979999999996,5.255,0,24/02/2025 04:55,2.03832,Success,0,15.2211,0,1722,6.28.1,2025-02-23 N,15.2211,41.63648
24/02/2025 04:59,40.34966666666667,5.345,0,24/02/2025 05:03,1.7292549019607844,Success,0,15.899705882352942,0,1723,6.28.1,2025-02-23 N,15.899705882352942,41.485215686274515
24/02/2025 05:07,41.76631999999999,5.281,0,24/02/2025 05:10,2.1422,Success,0,18.4806,0,1724,6.28.1,2025-02-23 N,18.4806,45.78398
24/02/2025 05:21,39.588607843137254,5.339,0,24/02/2025 05:25,2.4266470588235296,Success,0,19.055,0,1725,6.28.1,2025-02-23 N,19.055,46.12282352941177
24/02/2025 05:28,37.11578431372549,5.375,0,24/02/2025 05:33,2.0865686274509803,Success,0,15.712058823529413,0,1726,6.28.1,2025-02-23 N,15.712058823529413,40.85543137254902
24/02/2025 05:43,48.92437254901961,5.396,0,24/02/2025 05:49,2.3532941176470588,Success,0,17.231764705882355,0,1728,6.28.1,2025-02-23 N,17.231764705882355,45.58968627
24/02/2025 06:00,42.034708333333334,5.343,0,24/02/2025 06:04,3.7721875,Success,0,15.0640625,0,1730,6.28.1,2025-02-24 D,15.0640625,40.88045833333333
24/02/2025 06:07,44.672061224489795,5.253,0,24/02/2025 06:11,2.9848163265306122,Success,0,13.827857142857145,0,1731,6.28.1,2025-02-24 D,13.827857142857145,40.51779591836735
24/02/2025 06:15,42.451255319148935,5.233,0,24/02/2025 06:18,3.9765106382978725,Success,0,13.149574468085106,0,1732,6.28.1,2025-02-24 D,13.149574468085106,39.84168085106383
24/02/2025 06:48,44.5006875,5.291,0,24/02/2025 06:51,3.4817291666666663,Success,0,16.3525,0,1733,6.28.1,2025-02-24 D,16.3525,44.81089583333334
24/02/2025 06:56,43.215131578947364,5.285,0,24/02/2025 06:59,2.5355000000000003,Success,0,14.613552631578946,0,1734,6.28.1,2025-02-24 D,14.613552631578946,39.89110526
24/02/2025 07:17,41.589,5.288,0,24/02/2025 07:20,3.3808367346938777,Success,0,14.981020408163266,0,1735,6.28.1,2025-02-24 D,14.981020408163266,40.52128571428571
24/02/2025 07:24,42.77744,5.332,0,24/02/2025 07:27,2.5423400000000003,Success,0,14.7159,0,1736,6.28.1,2025-02-24 D,14.7159,40.87936
24/02/2025 07:40,42.64674,5.391,0,24/02/2025 07:44,2.88798,Success,0,14.571,0,1737,6.28.1,2025-02-24 D,14.571,41.4887
24/02/2025 07:47,43.733784313725494,5.413,0,24/02/2025 07:51,2.530686274509804,Success,0,15.322352941176472,0,1738,6.28.1,2025-02-24 D,15.322352941176472,41.86115686
24/02/2025 07:54,43.518368421052635,5.39,0,24/02/2025 07:57,2.115078947368421,Success,0,14.116578947368422,0,1739,6.28.1,2025-02-24 D,14.116578947368422,40.18255263157894
24/02/2025 09:38,52.897254901960785,5.389,0,24/02/2025 09:42,2.078549019607843,Success,0,14.80029411764706,0,1740,6.28.1,2025-02-24 D,14.80029411764706,41.70658823529412
24/02/2025 09:45,50.74534615384615,5.386,0,24/02/2025 09:51,1.7981730769230768,Success,0,17.554903846153845,0,1741,6.28.1,2025-02-24 D,17.554903846153845,42.62873076923077
24/02/2025 09:54,48.413239999999995,5.28,0,24/02/2025 09:58,1.8527799999999999,Success,0,18.8928,0,1742,6.28.1,2025-02-24 D,18.8928,45.31778
24/02/2025 10:01,47.45914,5.259,0,24/02/2025 10:05,2.11852,Success,0,19.0245,0,1743,6.28.1,2025-02-24 D,19.0245,45.458819999999996
24/02/2025 10:08,42.39902,5.28,0,24/02/2025 10:13,2.1679,Success,0,17.8803,0,1744,6.28.1,2025-02-24 D,17.8803,43.83652
24/02/2025 10:16,40.4123,5.26,0,24/02/2025 10:21,1.72844,Success,0,15.9636,0,1745,6.28.1,2025-02-24 D,15.9636,42.054899999999996
24/02/2025 10:27,40.86485714285714,5.248,0,24/02/2025 10:33,2.3891020408163266,Success,0,14.628061224489796,0,1746,6.28.1,2025-02-24 D,14.628061224489796,41.45128571428572
24/02/2025 10:36,38.77138775510204,5.266,0,24/02/2025 10:40,2.894734693877551,Success,0,16.127142857142857,0,1747,6.28.1,2025-02-24 D,16.127142857142857,41.303
24/02/2025 10:51,36.1328,5.216,0,24/02/2025 11:05,1.98546,Success,0,14.7507,0,1749,6.28.1,2025-02-24 D,14.7507,40.88322
24/02/2025 11:15,35.98646,5.284,0,24/02/2025 11:27,2.14492,Success,0,16.2546,0,1751,6.28.1,2025-02-24 D,16.2546,41.50014
24/02/2025 11:31,39.68786274509804,5.331,0,24/02/2025 11:36,2.049294117647059,Success,0,15.911470588235295,0,1752,6.28.1,2025-02-24 D,15.911470588235295,40.75135294117647
24/02/2025 12:04,40.83851020408163,5.314,0,24/02/2025 12:10,2.994061224489796,Success,0,14.040918367346938,0,1754,6.28.1,2025-02-24 D,14.040918367346938,41.486448979591835
24/02/2025 12:14,40.83788,5.369,0,24/02/2025 12:17,2.80396,Success,0,15.5547,0,1755,6.28.1,2025-02-24 D,15.5547,44.20112
24/02/2025 12:20,42.092666666666666,5.341,0,24/02/2025 12:24,2.8402745098039217,Success,0,17.195588235294117,0,1756,6.28.1,2025-02-24 D,17.195588235294117,45.90398039215686
24/02/2025 12:55,40.40113461538461,5.562,0,24/02/2025 12:59,2.159769230769231,Success,0,17.79346153846154,0,1758,6.28.1,2025-02-24 D,17.79346153846154,46.51076923076923
24/02/2025 13:03,41.91535185185185,5.629,0,24/02/2025 13:08,2.149222222222222,Success,0,16.394444444444442,0,1759,6.28.1,2025-02-24 D,16.394444444444442,44.99283333333333
24/02/2025 13:11,40.93482692307692,5.543,0,24/02/2025 13:15,2.3179230769230768,Success,0,17.244807692307692,0,1760,6.28.1,2025-02-24 D,17.244807692307692,46.16234615384615
24/02/2025 13:18,41.05896226415094,5.596,0,24/02/2025 13:21,2.801377358490566,Success,0,16.68,0,1761,6.28.1,2025-02-24 D,16.68,45.35150943396226
24/02/2025 13:25,36.33852941,5.553,0,24/02/2025 13:27,3.5653137254901957,Success,0,16.750588235294117,0,1762,6.28.1,2025-02-24 D,16.750588235294117,45.08235294117647
24/02/2025 13:30,36.103596153846155,5.613,0,24/02/2025 13:33,3.779461538461539,Success,0,16.58480769230769,0,1763,6.28.1,2025-02-24 D,16.58480769230769,44.97442307692308
24/02/2025 13:36,37.694074074074074,5.67,0,24/02/2025 13:39,2.521851851851852,Success,0,16.323333333333334,0,1764,6.28.1,2025-02-24 D,16.323333333333334,45.11761111111111
24/02/2025 13:47,39.34915686,5.458,0,24/02/2025 13:50,2.8570196078431374,Success,0,16.21470588235294,0,1765,6.28.1,2025-02-24 D,16.21470588235294,45.07188235294118
24/02/2025 13:53,37.65832692307692,5.514,0,24/02/2025 13:56,2.5791538461538464,Success,0,16.24557692307692,0,1766,6.28.1,2025-02-24 D,16.24557692307692,45.1305
24/02/2025 13:59,37.91451020408163,5.492,0,24/02/2025 14:02,2.7871224489795914,Success,0,15.849489795918368,0,1767,6.28.1,2025-02-24 D,15.849489795918368,45.25867346938776
24/02/2025 14:14,37.971961538461535,5.54,0,24/02/2025 14:16,2.9853653846153847,Success,0,16.596634615384616,0,1768,6.28.1,2025-02-24 D,16.596634615384616,45.232846153846154
24/02/2025 14:20,39.39781132075471,5.614,0,24/02/2025 14:23,2.6371509433962266,Success,0,16.511603773584905,0,1769,6.28.1,2025-02-24 D,16.511603773584905,44.84428301886792
24/02/2025 14:28,38.44344230769231,5.548,0,24/02/2025 14:31,3.3500769230769234,Success,0,17.439230769230768,0,1770,6.28.1,2025-02-24 D,17.439230769230768,46.158
24/02/2025 14:34,40.277980769230766,5.533,0,24/02/2025 14:38,2.8304230769230765,Success,0,16.3875,0,1771,6.28.1,2025-02-24 D,16.3875,45.22601923076923
24/02/2025 14:43,38.038450980392156,5.408,0,24/02/2025 14:47,2.8031960784313723,Success,0,16.314117647058822,0,1772,6.28.1,2025-02-24 D,16.314117647058822,44.98047058823529
24/02/2025 14:50,38.80890196078431,5.396,0,24/02/2025 14:53,2.8891764705882355,Success,0,15.786176470588236,0,1773,6.28.1,2025-02-24 D,15.786176470588236,45.15415686
24/02/2025 15:56,44.235608695652175,5.496,0,24/02/2025 15:59,7.993478260869565,Success,0,18.908804347826088,0,1774,6.28.1,2025-02-24 D,18.908804347826088,49.839260869565216
24/02/2025 16:23,37.97605769230769,5.51,0,24/02/2025 16:26,2.7254423076923078,Success,0,16.222211538461536,0,1776,6.28.1,2025-02-24 D,16.222211538461536,44.98538461538462
24/02/2025 16:34,37.46539215686275,5.514,0,24/02/2025 16:37,3.655960784313726,Success,0,14.959411764705882,0,1777,6.28.1,2025-02-24 D,14.959411764705882,44.33970588235294
24/02/2025 16:49,34.60658823529412,5.473,0,24/02/2025 16:54,3.548313725490196,Success,0,15.353235294117647,0,1778,6.28.1,2025-02-24 D,15.353235294117647,45.62819607843137
24/02/2025 16:59,39.81655769230769,5.49,0,24/02/2025 17:02,2.769596153846154,Success,0,15.875192307692307,0,1779,6.28.1,2025-02-24 D,15.875192307692307,45.21001923076923
24/02/2025 17:08,40.56668627,5.428,0,24/02/2025 17:12,3.167,Success,0,16.546470588235294,0,1780,6.28.1,2025-02-24 D,16.546470588235294,44.754588235294115
24/02/2025 17:15,39.210549019607846,5.404,0,24/02/2025 17:18,2.463941176470588,Success,0,16.21264705882353,0,1781,6.28.1,2025-02-24 D,16.21264705882353,45.01678431372549
24/02/2025 17:22,39.51605882352941,5.449,0,24/02/2025 17:25,3.359392156862745,Success,0,15.394117647058824,0,1782,6.28.1,2025-02-24 D,15.394117647058824,45.05141176470588
24/02/2025 17:28,36.37292307692308,5.528,0,24/02/2025 17:31,2.8889423076923078,Success,0,16.13076923076923,0,1783,6.28.1,2025-02-24 D,16.13076923076923,45.24392307692308
24/02/2025 18:04,52.534620000000004,5.56,0,24/02/2025 18:07,4.17078,Success,0,14.799900000000001,0,1785,6.28.1,2025-02-24 N,14.799900000000001,43.0716
24/02/2025 18:11,51.04421153846154,5.595,0,24/02/2025 18:14,3.0263846153846155,Success,0,16.24644230769231,0,1786,6.28.1,2025-02-24 N,16.24644230769231,45.40969230769231
24/02/2025 18:17,47.185415094339625,5.579,0,24/02/2025 18:20,2.6999056603773584,Success,0,15.718301886792453,0,1787,6.28.1,2025-02-24 N,15.718301886792453,44.76909433962265
24/02/2025 18:25,45.53380769230769,5.465,0,24/02/2025 18:28,1.9589038461538462,Success,0,16.584230769230768,0,1788,6.28.1,2025-02-24 N,16.584230769230768,45.13013461538461
24/02/2025 18:32,43.90428301886793,5.586,0,24/02/2025 18:36,2.6532830188679246,Success,0,16.61009433962264,0,1789,6.28.1,2025-02-24 N,16.61009433962264,45.01228301886792
24/02/2025 18:50,44.561800000000005,5.463,0,24/02/2025 18:53,3.14122,Success,0,16.505399999999998,0,1790,6.28.1,2025-02-24 N,16.505399999999998,45.142759999999996
24/02/2025 19:53,44.853693877551024,5.306,0,24/02/2025 19:56,3.5191020408163265,Success,0,15.77295918367347,0,1791,6.28.1,2025-02-24 N,15.77295918367347,44.949775510204084
24/02/2025 19:59,43.0032,5.317,0,24/02/2025 20:03,3.4975400000000003,Success,0,16.554000000000002,0,1792,6.28.1,2025-02-24 N,16.554000000000002,44.33876
24/02/2025 20:31,42.651659574468084,5.243,0,24/02/2025 20:34,3.8553404255319146,Success,0,15.992872340425532,0,1794,6.28.1,2025-02-24 N,15.992872340425532,42.57593617021276
24/02/2025 20:37,43.155244897959186,5.308,0,24/02/2025 20:41,3.111142857142857,Success,0,16.118877551020407,0,1795,6.28.1,2025-02-24 N,16.118877551020407,42.29014285714286
24/02/2025 20:43,44.32606976744186,4.556,0,24/02/2025 20:47,2.2853488372093023,Success,0,15.038023255813954,0,1796,6.28.1,2025-02-24 N,15.038023255813954,42.15186046511628
24/02/2025 20:50,42.16783720930233,4.597,0,24/02/2025 20:53,2.730279069767442,Success,0,15.25953488372093,0,1797,6.28.1,2025-02-24 N,15.25953488372093,41.666558139534885
24/02/2025 20:57,43.45083720930233,4.605,0,24/02/2025 21:00,2.305953488372093,Success,0,14.595,0,1798,6.28.1,2025-02-24 N,14.595,40.912627906976745
24/02/2025 21:03,42.71335714285714,4.562,0,24/02/2025 21:06,3.237333333333333,Success,0,13.627857142857144,0,1799,6.28.1,2025-02-24 N,13.627857142857144,42.27283333333334
24/02/2025 21:09,41.389219512195126,5.124,0,24/02/2025 21:12,5.444902439024391,Success,0,11.642926829268292,0,1800,6.28.1,2025-02-24 N,11.642926829268292,37.397536585365856
24/02/2025 21:26,45.92610638297872,5.124,0,24/02/2025 21:32,2.642659574468085,Success,0,14.161914893617022,0,1801,6.28.1,2025-02-24 N,14.161914893617022,42.589234042553194
24/02/2025 21:36,44.597145833333336,5.129,0,24/02/2025 21:46,2.9130000000000003,Success,0,14.41125,0,1802,6.28.1,2025-02-24 N,14.41125,42.770520833333336
24/02/2025 22:04,42.35368421052632,4.122,0,24/02/2025 22:07,3.417578947368421,Success,0,12.980921052631578,0,1804,6.28.1,2025-02-24 N,12.980921052631578,40.882552631578946
24/02/2025 22:10,42.39552380952381,4.56,0,24/02/2025 22:13,2.191357142857143,Success,0,14.570357142857144,0,1805,6.28.1,2025-02-24 N,14.570357142857144,42.48054761904762
24/02/2025 22:17,43.29810416666667,5.349,0,24/02/2025 22:20,3.036520833333333,Success,0,14.0171875,0,1806,6.28.1,2025-02-24 N,14.0171875,42.595979166666666
24/02/2025 22:24,42.3087,5.4,0,24/02/2025 22:27,2.7319,Success,0,15.119100000000001,0,1807,6.28.1,2025-02-24 N,15.119100000000001,43.24884
24/02/2025 22:37,43.0585,5.263,0,24/02/2025 22:41,2.47532,Success,0,14.638499999999999,0,1809,6.28.1,2025-02-24 N,14.638499999999999,42.22092
24/02/2025 23:01,45.294920000000005,5.333,0,24/02/2025 23:05,2.5494399999999997,Success,0,15.041400000000001,0,1812,6.28.1,2025-02-24 N,15.041400000000001,42.48294
24/02/2025 23:34,46.26173469387755,5.233,0,24/02/2025 23:38,2.4819795918367347,Success,0,15.603673469387756,0,1814,6.28.1,2025-02-24 N,15.603673469387756,42.89583673469388
24/02/2025 23:41,45.072428571428574,5.251,0,24/02/2025 23:45,2.581938775510204,Success,0,15.067959183673468,0,1815,6.28.1,2025-02-24 N,15.067959183673468,43.261775510204075
24/02/2025 23:48,43.856469387755105,5.241,0,24/02/2025 23:52,2.8450204081632653,Success,0,15.349897959183673,0,1816,6.28.1,2025-02-24 N,15.349897959183673,42.664428571428566
24/02/2025 23:55,42.97146939,5.261,0,24/02/2025 23:59,2.902612244897959,Success,0,15.189795918367347,0,1817,6.28.1,2025-02-24 N,15.189795918367347,42.71648979591837
25/02/2025 00:02,43.57636,5.272,0,25/02/2025 00:05,2.45134,Success,0,15.515699999999999,0,1818,6.28.1,2025-02-24 N,15.515699999999999,43.58134
25/02/2025 00:10,44.97659574468085,5.226,0,25/02/2025 00:14,3.059063829787234,Success,0,13.359255319148936,0,1819,6.28.1,2025-02-24 N,13.359255319148936,42.19687234042553
25/02/2025 00:20,46.91149019607843,5.411,0,25/02/2025 00:35,2.4233333333333333,Success,0,14.331764705882351,0,1820,6.28.1,2025-02-24 N,14.331764705882351,45.020274509803926
25/02/2025 00:39,47.70715686,5.411,0,25/02/2025 00:44,2.2480784313725493,Success,0,13.674117647058823,0,1821,6.28.1,2025-02-24 N,13.674117647058823,43.252450980392155
25/02/2025 00:48,46.358901960784316,5.42,0,25/02/2025 00:53,2.489392156862745,Success,0,13.66470588235294,0,1822,6.28.1,2025-02-24 N,13.66470588235294,42.921058823529414
25/02/2025 00:56,47.00806122448979,5.35,0,25/02/2025 00:59,3.4887755102040816,Success,0,15.892040816326531,0,1823,6.28.1,2025-02-24 N,15.892040816326531,45.73740816
25/02/2025 01:03,44.67853061,5.298,0,25/02/2025 01:11,2.904224489795918,Success,0,13.329183673469387,0,1824,6.28.1,2025-02-24 N,13.329183673469387,40.563204081632655
25/02/2025 01:16,43.249539999999996,5.284,0,25/02/2025 01:21,2.13944,Success,0,14.6535,0,1825,6.28.1,2025-02-24 N,14.6535,40.7176
25/02/2025 01:38,43.969575,4.52,0,25/02/2025 01:50,2.809375,Success,0,12.860249999999999,0,1826,6.28.1,2025-02-24 N,12.860249999999999,41.1267
25/02/2025 01:54,44.2295,4.289,0,25/02/2025 02:01,2.938025,Success,0,16.641375,0,1827,6.28.1,2025-02-24 N,16.641375,45.3469
25/02/2025 02:04,40.64989583333333,5.203,0,25/02/2025 02:18,2.6325,Success,0,13.6696875,0,1828,6.28.1,2025-02-24 N,13.6696875,39.4186875
25/02/2025 02:34,41.99071428571429,5.218,0,25/02/2025 02:39,2.463673469387755,Success,0,13.802448979591837,0,1830,6.28.1,2025-02-24 N,13.802448979591837,39.42989795918368
25/02/2025 02:49,42.22854,5.271,0,25/02/2025 02:54,2.08794,Success,0,13.643099999999999,0,1831,6.28.1,2025-02-24 N,13.643099999999999,39.42098
25/02/2025 03:05,41.61274,5.368,0,25/02/2025 03:11,2.4457,Success,0,14.1597,0,1833,6.28.1,2025-02-24 N,14.1597,39.86032
25/02/2025 03:14,43.01727450980392,5.368,0,25/02/2025 03:19,2.2205882352941178,Success,0,13.743529411764705,0,1834,6.28.1,2025-02-24 N,13.743529411764705,38.91931373
25/02/2025 03:22,41.59245098039216,5.433,0,25/02/2025 03:26,2.637705882352941,Success,0,13.114705882352942,0,1835,6.28.1,2025-02-24 N,13.114705882352942,39.87549019607843
25/02/2025 03:30,40.57362,5.443,0,25/02/2025 03:34,2.37186,Success,0,14.2782,0,1836,6.28.1,2025-02-24 N,14.2782,40.03084
25/02/2025 03:37,41.53396078431373,5.419,0,25/02/2025 03:42,2.2663529411764705,Success,0,14.589411764705881,0,1837,6.28.1,2025-02-24 N,14.589411764705881,39.15454901960784
25/02/2025 03:46,41.18880392156863,5.443,0,25/02/2025 03:51,2.7011960784313724,Success,0,13.907941176470587,0,1838,6.28.1,2025-02-24 N,13.907941176470587,40.23845098039216
25/02/2025 03:54,42.84322,5.472,0,25/02/2025 03:58,2.65272,Success,0,14.127,0,1839,6.28.1,2025-02-24 N,14.127,40.3624
25/02/2025 04:09,43.11088235294118,5.458,0,25/02/2025 04:14,2.1680392156862744,Success,0,14.301764705882352,0,1841,6.28.1,2025-02-24 N,14.301764705882352,40.65631373
25/02/2025 04:17,42.28029411764706,5.448,0,25/02/2025 04:22,2.4859607843137255,Success,0,13.93264705882353,0,1842,6.28.1,2025-02-24 N,13.93264705882353,39.81713725490196
25/02/2025 04:30,40.89146,5.401,0,25/02/2025 04:34,2.53248,Success,0,13.4823,0,1843,6.28.1,2025-02-24 N,13.4823,39.22988
25/02/2025 04:46,40.45035294117647,5.449,0,25/02/2025 04:50,2.2675686274509803,Success,0,13.917647058823528,0,1845,6.28.1,2025-02-24 N,13.917647058823528,39.65090196078431
25/02/2025 05:02,41.57266666666667,5.422,0,25/02/2025 05:06,2.376627450980392,Success,0,13.251176470588236,0,1847,6.28.1,2025-02-24 N,13.251176470588236,39.69337254901961
25/02/2025 05:19,41.39250980392157,5.39,0,25/02/2025 05:24,1.803784314,Success,0,14.650588235294117,0,1848,6.28.1,2025-02-24 N,14.650588235294117,40.47923529411764
25/02/2025 05:27,39.66106,5.333,0,25/02/2025 05:32,2.2135599999999998,Success,0,13.5348,0,1849,6.28.1,2025-02-24 N,13.5348,39.56566
25/02/2025 05:44,42.353153846153845,5.4,0,25/02/2025 05:49,1.8909999999999998,Success,0,14.022403846153846,0,1851,6.28.1,2025-02-24 N,14.022403846153846,39.33432692307692
25/02/2025 05:52,40.80867307692308,5.482,0,25/02/2025 05:58,1.4921923076923076,Success,0,15.177692307692308,0,1852,6.28.1,2025-02-24 N,15.177692307692308,40.99553846153846
25/02/2025 06:02,43.053163636363635,5.837,0,25/02/2025 06:07,1.940309090909091,Success,0,15.001636363636365,0,1853,6.28.1,2025-02-25 D,15.001636363636365,41.13416363636363
25/02/2025 06:10,42.68472727272727,5.849,0,25/02/2025 06:15,2.066909090909091,Success,0,14.221636363636364,0,1854,6.28.1,2025-02-25 D,14.221636363636364,40.79912727272727
25/02/2025 06:19,40.18551851851852,5.846,0,25/02/2025 06:23,2.473759259259259,Success,0,14.467222222222222,0,1855,6.28.1,2025-02-25 D,14.467222222222222,41.19755555555556
25/02/2025 06:32,50.94775,0.508,0,25/02/2025 06:32,3.0985,Success,0,5.415,0,1856,6.28.1,2025-02-25 D,5.415,37.49375
25/02/2025 06:36,37.0078,2.753,0,25/02/2025 06:38,7.5426,Success,0,6.09,0,1857,6.28.1,2025-02-25 D,6.09,31.12915
25/02/2025 06:41,44.58720588235294,5.643,0,25/02/2025 06:43,5.444117647058824,Success,0,7.852058823529412,0,1858,6.28.1,2025-02-25 D,7.852058823529412,36.31041176470588
25/02/2025 07:41,43.49242857142857,5.268,0,25/02/2025 07:45,2.114122448979592,Success,0,13.759591836734694,0,1859,6.28.1,2025-02-25 D,13.759591836734694,39.72257142857143
25/02/2025 07:49,44.125299999999996,5.258,0,25/02/2025 07:54,2.3543600000000002,Success,0,13.7346,0,1860,6.28.1,2025-02-25 D,13.7346,40.169360000000005
25/02/2025 07:59,38.99834693877551,5.274,0,25/02/2025 08:03,3.016061224489796,Success,0,13.757448979591837,0,1861,6.28.1,2025-02-25 D,13.757448979591837,39.527795918367346
25/02/2025 08:06,41.59936,5.347,0,25/02/2025 08:12,2.54008,Success,0,13.0776,0,1862,6.28.1,2025-02-25 D,13.0776,38.59194
25/02/2025 08:15,40.6986,5.335,0,25/02/2025 08:21,1.97088,Success,0,14.4537,0,1863,6.28.1,2025-02-25 D,14.4537,39.77938
25/02/2025 09:34,43.074260869565215,5.403,0,25/02/2025 09:36,1.9356086956521739,Success,0,10.463478260869564,0,1864,6.28.1,2025-02-25 D,10.463478260869564,40.15239130434782
25/02/2025 09:48,40.43278431372549,5.469,0,25/02/2025 09:53,2.5501176470588236,Success,0,12.653235294117648,0,1865,6.28.1,2025-02-25 D,12.653235294117648,39.48654901960784
25/02/2025 09:56,40.45498039215687,5.468,0,25/02/2025 10:00,2.441705882352941,Success,0,13.499117647058824,0,1866,6.28.1,2025-02-25 D,13.499117647058824,39.53174509803922
25/02/2025 10:04,40.63684615384615,5.598,0,25/02/2025 10:09,2.4032307692307695,Success,0,13.64625,0,1867,6.28.1,2025-02-25 D,13.64625,40.56696153846154
25/02/2025 11:07,39.86943103448276,6.01,0,25/02/2025 11:14,1.5988793103448276,Success,0,15.43603448275862,0,1869,6.28.1,2025-02-25 D,15.43603448275862,41.48708620689656
25/02/2025 11:18,40.96375438596492,6.03,0,25/02/2025 11:33,1.9637719298245615,Success,0,15.108157894736841,0,1870,6.28.1,2025-02-25 D,15.108157894736841,41.48571929824562
25/02/2025 11:36,40.86025,5.887,0,25/02/2025 11:43,1.7709821428571428,Success,0,14.707767857142857,0,1871,6.28.1,2025-02-25 D,14.707767857142857,41.02251785714286
25/02/2025 11:46,44.246500000000005,5.797,0,25/02/2025 11:49,1.3377857142857141,Success,0,7.873928571428571,0,1872,6.28.1,2025-02-25 D,7.873928571428571,39.5655
25/02/2025 15:16,45.38171698113207,5.734,0,25/02/2025 15:54,2.7755471698113205,Success,0,14.451509433962263,0,1873,6.28.1,2025-02-25 D,14.451509433962263,43.27345283018868
25/02/2025 16:10,39.119,5.709,0,25/02/2025 16:10,1.8422,Success,0,7.601999999999999,0,1874,6.28.1,2025-02-25 D,7.601999999999999,38.583600000000004
25/02/2025 17:43,37.152232142857144,5.938,0,25/02/2025 17:48,2.280982142857143,Success,0,14.442321428571429,0,1876,6.28.1,2025-02-25 D,14.442321428571429,40.93271428571428
25/02/2025 17:56,37.73716666666667,5.875,0,25/02/2025 18:00,2.6897037037037035,Success,0,14.809722222222222,0,1877,6.28.1,2025-02-25 D,14.809722222222222,39.86227777777778
25/02/2025 18:04,39.32263636363636,5.85,0,25/02/2025 18:09,1.953218181818182,Success,0,15.67990909090909,0,1878,6.28.1,2025-02-25 N,15.67990909090909,41.29970909090909
25/02/2025 18:13,39.72170370370371,5.891,0,25/02/2025 18:17,2.8753703703703706,Success,0,14.603333333333333,0,1879,6.28.1,2025-02-25 N,14.603333333333333,40.83233333333333
25/02/2025 18:31,37.28478846153846,5.414,0,25/02/2025 18:37,1.5084423076923075,Success,0,15.515192307692306,0,1880,6.28.1,2025-02-25 N,15.515192307692306,40.45765384615384
25/02/2025 18:40,36.93623076923077,5.411,0,25/02/2025 18:46,1.9187500000000002,Success,0,15.048461538461538,0,1881,6.28.1,2025-02-25 N,15.048461538461538,40.708653846153844
25/02/2025 19:00,38.033725490196076,5.306,0,25/02/2025 19:06,1.5698823529411763,Success,0,15.29205882352941,0,1883,6.28.1,2025-02-25 N,15.29205882352941,40.97976470588235
25/02/2025 19:17,38.02159574468085,5.251,0,25/02/2025 19:21,3.3696382978723403,Success,0,13.520425531914894,0,1885,6.28.1,2025-02-25 N,13.520425531914894,39.91580851063829
25/02/2025 19:32,38.72476470588235,5.401,0,25/02/2025 19:37,2.518588235294118,Success,0,15.16470588235294,0,1887,6.28.1,2025-02-25 N,15.16470588235294,41.49056862745098
25/02/2025 19:40,36.86184314,5.397,0,25/02/2025 19:44,2.6256274509803923,Success,0,14.701176470588235,0,1888,6.28.1,2025-02-25 N,14.701176470588235,40.56637254901961
25/02/2025 19:48,42.78509803921568,5.437,0,25/02/2025 20:16,2.6828431372549018,Success,0,14.628529411764704,0,1889,6.28.1,2025-02-25 N,14.628529411764704,40.155313725490196
25/02/2025 20:26,41.95443137254902,5.45,0,25/02/2025 20:30,2.796176470588235,Success,0,13.58205882352941,0,1890,6.28.1,2025-02-25 N,13.58205882352941,40.680392156862744
25/02/2025 20:34,43.52321568627451,5.467,0,25/02/2025 20:52,2.710843137254902,Success,0,14.301176470588235,0,1891,6.28.1,2025-02-25 N,14.301176470588235,40.284549019607844
25/02/2025 20:55,42.725919999999995,5.493,0,25/02/2025 20:59,2.9125,Success,0,13.6251,0,1892,6.28.1,2025-02-25 N,13.6251,40.13124
25/02/2025 21:02,44.00786274509804,5.444,0,25/02/2025 21:07,2.5622745098039212,Success,0,14.190000000000001,0,1893,6.28.1,2025-02-25 N,14.190000000000001,41.198078431372544
25/02/2025 21:16,42.40336,5.383,0,25/02/2025 21:22,3.0361399999999996,Success,0,14.273399999999999,0,1894,6.28.1,2025-02-25 N,14.273399999999999,40.1185
25/02/2025 21:37,44.27498039215686,5.385,0,25/02/2025 21:43,2.5540784313725493,Success,0,13.956470588235293,0,1895,6.28.1,2025-02-25 N,13.956470588235293,40.09629411764706
25/02/2025 21:46,43.18929166666666,5.243,0,25/02/2025 21:50,3.1291875,Success,0,13.261249999999999,0,1896,6.28.1,2025-02-25 N,13.261249999999999,39.50960416666667
25/02/2025 21:54,41.84840816326531,5.318,0,25/02/2025 21:59,3.107204081632653,Success,0,14.31734693877551,0,1897,6.28.1,2025-02-25 N,14.31734693877551,38.94320408163266
25/02/2025 22:02,43.71794,5.599,0,25/02/2025 22:08,3.13738,Success,0,14.5296,0,1898,6.28.1,2025-02-25 N,14.5296,40.6846
25/02/2025 22:11,44.087096153846154,5.577,0,25/02/2025 22:16,2.8015961538461536,Success,0,14.764615384615384,0,1899,6.28.1,2025-02-25 N,14.764615384615384,40.88090384615385
25/02/2025 22:20,43.26838,5.338,0,25/02/2025 22:25,2.6539800000000002,Success,0,14.1084,0,1900,6.28.1,2025-02-25 N,14.1084,40.315239999999996
25/02/2025 22:32,44.328059999999994,5.267,0,25/02/2025 22:37,2.04986,Success,0,14.0919,0,1901,6.28.1,2025-02-25 N,14.0919,40.623360000000005
25/02/2025 22:41,43.39076923076924,5.533,0,25/02/2025 22:46,2.323,Success,0,13.982596153846155,0,1902,6.28.1,2025-02-25 N,13.982596153846155,41.204442307692304
25/02/2025 22:49,40.73162264150943,5.585,0,25/02/2025 22:53,2.556735849056604,Success,0,14.106226415094339,0,1903,6.28.1,2025-02-25 N,14.106226415094339,41.01941509433962
25/02/2025 22:57,39.38952727272727,5.797,0,25/02/2025 23:02,2.360781818181818,Success,0,14.205,0,1904,6.28.1,2025-02-25 N,14.205,41.77885454545454
25/02/2025 23:06,39.833285714285715,5.911,0,25/02/2025 23:12,2.1205000000000003,Success,0,14.990089285714287,0,1905,6.28.1,2025-02-25 N,14.990089285714287,41.05519642857143
25/02/2025 23:16,39.04163157894737,6.02,0,25/02/2025 23:28,2.660263157894737,Success,0,15.279736842105262,0,1906,6.28.1,2025-02-25 N,15.279736842105262,40.36924561403509
25/02/2025 23:35,36.43498,5.388,0,25/02/2025 23:39,2.71172,Success,0,13.9251,0,1907,6.28.1,2025-02-25 N,13.9251,40.00576
25/02/2025 23:51,39.26122,5.328,0,26/02/2025 00:07,2.85334,Success,0,15.041099999999998,0,1909,6.28.1,2025-02-25 N,15.041099999999998,41.44348
26/02/2025 00:10,44.6214,5.279,0,26/02/2025 00:16,2.18482,Success,0,14.1843,0,1910,6.28.1,2025-02-25 N,14.1843,40.78232
26/02/2025 00:19,43.48622,5.421,0,26/02/2025 00:24,2.4888999999999997,Success,0,14.1924,0,1911,6.28.1,2025-02-25 N,14.1924,40.22318
26/02/2025 00:28,44.44607692307692,5.57,0,26/02/2025 00:33,2.05925,Success,0,14.410384615384617,0,1912,6.28.1,2025-02-25 N,14.410384615384617,41.08469230769231
26/02/2025 00:36,44.09898076923077,5.498,0,26/02/2025 00:41,2.2551346153846152,Success,0,14.339711538461538,0,1913,6.28.1,2025-02-25 N,14.339711538461538,40.499057692307694
26/02/2025 01:09,43.247759259259254,5.735,0,26/02/2025 01:14,2.109648148148148,Success,0,14.497777777777777,0,1915,6.28.1,2025-02-25 N,14.497777777777777,40.445796296296294
26/02/2025 01:19,46.110897959183674,5.249,0,26/02/2025 01:25,2.3623673469387754,Success,0,13.485,0,1916,6.28.1,2025-02-25 N,13.485,40.55585714285714
26/02/2025 01:28,45.99502040816326,5.245,0,26/02/2025 01:35,2.946918367346939,Success,0,13.022142857142859,0,1917,6.28.1,2025-02-25 N,13.022142857142859,40.453387755102035
26/02/2025 01:38,43.94,5.265,0,26/02/2025 01:42,2.548632653061224,Success,0,14.87387755102041,0,1918,6.28.1,2025-02-25 N,14.87387755102041,40.83761224489796
26/02/2025 01:46,44.86862,5.325,0,26/02/2025 01:50,2.354,Success,0,14.4618,0,1919,6.28.1,2025-02-25 N,14.4618,40.8579
26/02/2025 01:54,44.38711764705882,5.408,0,26/02/2025 02:00,2.0019411764705883,Success,0,14.226764705882355,0,1920,6.28.1,2025-02-25 N,14.226764705882355,40.24919607843137
26/02/2025 02:04,44.74864705882353,5.436,0,26/02/2025 02:09,2.3289999999999997,Success,0,14.532058823529411,0,1921,6.28.1,2025-02-25 N,14.532058823529411,40.40841176470589
26/02/2025 02:20,44.81692,5.281,0,26/02/2025 02:25,2.39358,Success,0,13.558800000000002,0,1923,6.28.1,2025-02-25 N,13.558800000000002,40.9382
26/02/2025 02:28,45.67182,5.361,0,26/02/2025 02:33,2.5154,Success,0,13.456800000000001,0,1924,6.28.1,2025-02-25 N,13.456800000000001,40.914
26/02/2025 02:37,45.21213208,5.626,0,26/02/2025 02:41,2.2721509433962264,Success,0,13.352830188679246,0,1925,6.28.1,2025-02-25 N,13.352830188679246,41.232339622641504
26/02/2025 03:16,46.57721276595745,5.524,0,26/02/2025 03:18,2.7382127659574467,Success,0,16.704574468085106,0,1926,6.28.1,2025-02-25 N,16.704574468085106,46.11485106382979
26/02/2025 03:29,47.60955,5.041,0,26/02/2025 03:30,8.8767,Success,0,17.71275,0,1928,6.28.1,2025-02-25 N,17.71275,45.655325
26/02/2025 03:35,47.88816129032258,4.807,0,26/02/2025 03:37,5.2423548387096774,Success,0,17.818064516129034,0,1929,6.28.1,2025-02-25 N,17.818064516129034,46.394677419354835
26/02/2025 03:38,44.73195348837209,4.934,0,26/02/2025 03:40,2.517325581395349,Fail,0,16.550930232558137,0,1930,6.28.1,2025-02-25 N,16.550930232558137,46.05934884
26/02/2025 03:43,46.959023809523806,4.934,0,26/02/2025 03:46,3.8547857142857147,Success,0,17.175,0,1931,6.28.1,2025-02-25 N,17.175,46.31180952380952
26/02/2025 03:47,43.50343243243243,5.121,0,26/02/2025 03:49,2.477972972972973,Success,0,18.464189189189188,0,1932,6.28.1,2025-02-25 N,18.464189189189188,46.73686486486486
26/02/2025 03:51,41.043533333333336,5.09,0,26/02/2025 03:53,3.2456,Success,0,19.754333333333335,0,1933,6.28.1,2025-02-25 N,19.754333333333335,46.56448888888889
26/02/2025 03:54,41.449380952380956,5.172,0,26/02/2025 03:56,5.171690476190475,Success,0,18.579285714285714,0,1934,6.28.1,2025-02-25 N,18.579285714285714,45.498047619047625
26/02/2025 03:58,42.52193023255814,5.208,0,26/02/2025 03:59,3.6305813953488375,Success,0,19.879534883720932,0,1935,6.28.1,2025-02-25 N,19.879534883720932,46.56923255813954
26/02/2025 04:01,40.78633333333333,5.154,0,26/02/2025 04:02,4.242422222222222,Success,0,19.803333333333335,0,1936,6.28.1,2025-02-25 N,19.803333333333335,45.86913333333333
26/02/2025 04:04,43.93772093023256,5.164,0,26/02/2025 04:05,3.6739534883720926,Success,0,19.941627906976745,0,1937,6.28.1,2025-02-25 N,19.941627906976745,46.14790697674419
26/02/2025 04:08,44.252428571428574,5.229,0,26/02/2025 04:10,2.420612244897959,Success,0,19.387040816326532,0,1938,6.28.1,2025-02-25 N,19.387040816326532,46.46257142857143
26/02/2025 05:08,45.560097560975606,4.624,0,26/02/2025 05:22,3.4710487804878047,Success,0,15.90219512195122,0,1939,6.28.1,2025-02-25 N,15.90219512195122,40.902219512195124
26/02/2025 05:25,43.067879999999995,5.957,0,26/02/2025 05:28,4.10488,Success,0,10.9464,0,1940,6.28.1,2025-02-25 N,10.9464,37.26748
26/02/2025 07:27,43.305958333333336,5.665,0,26/02/2025 07:38,4.5664375,Success,0,13.2828125,0,1941,6.28.1,2025-02-26 D,13.2828125,39.00445833333333
26/02/2025 07:46,42.76826086956522,5.742,0,26/02/2025 08:06,4.448369565217392,Success,0,12.825652173913044,0,1942,6.28.1,2025-02-26 D,12.825652173913044,37.232565217391304
26/02/2025 08:10,45.70191836734694,5.832,0,26/02/2025 08:22,4.045489795918367,Success,0,11.963877551020408,0,1943,6.28.1,2025-02-26 D,11.963877551020408,38.38067346938776
26/02/2025 08:26,43.9671,5.814,0,26/02/2025 08:51,4.637919999999999,Success,0,13.0119,0,1944,6.28.1,2025-02-26 D,13.0119,37.25904
26/02/2025 08:54,48.67229999999999,5.742,0,26/02/2025 08:59,4.36096,Success,0,14.9562,0,1945,6.28.1,2025-02-26 D,14.9562,38.12448
26/02/2025 09:02,49.818400000000004,5.657,0,26/02/2025 09:09,3.7441000000000004,Success,0,15.0648,0,1946,6.28.1,2025-02-26 D,15.0648,39.04428
26/02/2025 10:05,45.90934090909091,5.641,0,26/02/2025 10:09,5.014522727272728,Success,0,13.366363636363637,0,1948,6.28.1,2025-02-26 D,13.366363636363637,37.30220454545454
26/02/2025 10:17,47.498872340425535,5.53,0,26/02/2025 10:21,4.464319148936171,Success,0,16.04872340425532,0,1949,6.28.1,2025-02-26 D,16.04872340425532,40.20765957446808
26/02/2025 10:27,49.05504,5.73,0,26/02/2025 10:33,4.2375,Success,0,15.7443,0,1950,6.28.1,2025-02-26 D,15.7443,45.9799
26/02/2025 10:56,46.77849019607843,5.655,0,26/02/2025 11:00,3.7909803921568628,Success,0,16.444411764705883,0,1951,6.28.1,2025-02-26 D,16.444411764705883,39.969529411764704
26/02/2025 11:50,44.58684210526316,5.804,0,26/02/2025 11:51,7.987289473684211,Fail,0,12.718815789473684,0,1952,6.28.1,2025-02-26 D,12.718815789473684,35.37586842105263
26/02/2025 12:04,48.98758823529412,5.614,0,26/02/2025 12:07,3.7926862745098036,Success,0,16.279117647058825,0,1953,6.28.1,2025-02-26 D,16.279117647058825,40.73939215686274
26/02/2025 12:20,46.03011320754717,5.713,0,26/02/2025 12:23,3.680849056603774,Success,0,16.98933962264151,0,1955,6.28.1,2025-02-26 D,16.98933962264151,40.39118867924529
26/02/2025 12:27,46.335734693877555,5.558,0,26/02/2025 12:32,3.586183673469388,Success,0,17.42112244897959,0,1956,6.28.1,2025-02-26 D,17.42112244897959,40.64155102040816
26/02/2025 12:36,47.29724,5.577,0,26/02/2025 12:41,3.4491199999999997,Success,0,17.6703,0,1957,6.28.1,2025-02-26 D,17.6703,40.50768
26/02/2025 12:44,46.28135294117647,5.639,0,26/02/2025 12:50,3.5867843137254907,Success,0,16.787647058823527,0,1958,6.28.1,2025-02-26 D,16.787647058823527,38.460607843137254
26/02/2025 12:54,46.29478431372549,5.67,0,26/02/2025 12:59,3.733450980392157,Success,0,17.175882352941176,0,1959,6.28.1,2025-02-26 D,17.175882352941176,39.93407843137255
26/02/2025 13:42,46.89403921568628,5.612,0,26/02/2025 13:47,4.192078431372549,Success,0,17.428823529411765,0,1960,6.28.1,2025-02-26 D,17.428823529411765,39.449333333333335
26/02/2025 14:20,35.70796,5.614,0,26/02/2025 14:26,3.76594,Success,0,17.145899999999997,0,1962,6.28.1,2025-02-26 D,17.145899999999997,40.35046
26/02/2025 14:30,41.85692156862745,5.613,0,26/02/2025 14:43,3.0061764705882354,Success,0,16.193823529411766,0,1963,6.28.1,2025-02-26 D,16.193823529411766,41.13811764705882
26/02/2025 14:46,35.85160784313725,5.655,0,26/02/2025 14:50,3.511725490196078,Success,0,17.30970588235294,0,1964,6.28.1,2025-02-26 D,17.30970588235294,40.457882352941176
26/02/2025 15:05,37.41024390243902,4.635,0,26/02/2025 15:11,3.200268292682927,Success,0,14.37,0,1965,6.28.1,2025-02-26 D,14.37,38.086390243902436
26/02/2025 15:15,39.155324324324326,4.474,0,26/02/2025 15:36,4.562621621621622,Fail,0,12.51283783783784,0,1966,6.28.1,2025-02-26 D,12.51283783783784,37.00616216216216
26/02/2025 15:43,43.645702127659575,5.734,0,26/02/2025 15:49,4.443021276595744,Success,0,15.503936170212768,0,1968,6.28.1,2025-02-26 D,15.503936170212768,38.58995744680851
26/02/2025 15:53,43.98005882352942,5.77,0,26/02/2025 15:57,3.9737254901960783,Success,0,17.012941176470587,0,1969,6.28.1,2025-02-26 D,17.012941176470587,39.269
26/02/2025 16:01,44.54847059,5.731,0,26/02/2025 16:07,3.3172745098039216,Success,0,16.45441176470588,0,1970,6.28.1,2025-02-26 D,16.45441176470588,39.318960784313724
26/02/2025 16:11,47.27715686,5.755,0,26/02/2025 16:27,3.179705882352941,Success,0,16.337058823529414,0,1971,6.28.1,2025-02-26 D,16.337058823529414,41.39358823529412
26/02/2025 16:46,51.180820000000004,5.669,0,26/02/2025 16:52,4.05906,Success,0,16.5384,0,1973,6.28.1,2025-02-26 D,16.5384,39.94056
26/02/2025 16:56,50.451708333333336,5.602,0,26/02/2025 17:24,3.7163749999999998,Success,0,15.0365625,0,1974,6.28.1,2025-02-26 D,15.0365625,37.241395833333335
26/02/2025 17:28,48.641222222222225,6.121,0,26/02/2025 17:33,4.142185185185185,Success,0,16.27111111111111,0,1975,6.28.1,2025-02-26 D,16.27111111111111,38.86083333333334
26/02/2025 17:36,48.05047169811321,6.087,0,26/02/2025 17:41,3.9151320754716985,Success,0,14.490849056603773,0,1976,6.28.1,2025-02-26 D,14.490849056603773,37.77420754716981
26/02/2025 17:45,48.45881132075472,6.151,0,26/02/2025 17:49,4.206849056603773,Success,0,14.235283018867925,0,1977,6.28.1,2025-02-26 D,14.235283018867925,37.96339622641509
26/02/2025 18:00,48.738814814814816,6.126,0,26/02/2025 18:05,3.2181296296296296,Success,0,14.743888888888888,0,1979,6.28.1,2025-02-26 N,14.743888888888888,39.24753703703704
26/02/2025 18:08,50.33011320754717,5.728,0,26/02/2025 18:13,3.129056603773585,Success,0,13.785,0,1980,6.28.1,2025-02-26 N,13.785,37.85569811320755
26/02/2025 18:41,49.459057692307695,5.813,0,26/02/2025 18:47,3.9042884615384614,Success,0,13.962115384615384,0,1984,6.28.1,2025-02-26 N,13.962115384615384,38.26930769230769
26/02/2025 18:51,46.820803921568626,5.713,0,26/02/2025 18:55,3.715333333333333,Success,0,19.244117647058825,0,1985,6.28.1,2025-02-26 N,19.244117647058825,43.878549019607846
26/02/2025 19:11,43.860960784313725,5.811,0,26/02/2025 19:15,3.3861764705882353,Success,0,14.92235294117647,0,1986,6.28.1,2025-02-26 N,14.92235294117647,40.416666666666664
26/02/2025 19:21,45.61665454545455,5.811,0,26/02/2025 19:27,3.0216727272727275,Success,0,16.962,0,1987,6.28.1,2025-02-26 N,16.962,41.460527272727276
26/02/2025 19:30,44.17401886792453,5.823,0,26/02/2025 19:34,3.5923773584905656,Success,0,15.558396226415095,0,1988,6.28.1,2025-02-26 N,15.558396226415095,41.749773584905654
26/02/2025 19:38,46.060471698113204,5.787,0,26/02/2025 19:42,3.241264150943396,Success,0,15.009339622641509,0,1989,6.28.1,2025-02-26 N,15.009339622641509,40.114452830188675
26/02/2025 19:47,49.37514814814814,5.817,0,26/02/2025 19:52,3.063314814814815,Success,0,17.854166666666668,0,1990,6.28.1,2025-02-26 N,17.854166666666668,42.72438888888889
26/02/2025 20:01,46.36359090909091,4.965,0,26/02/2025 20:05,2.840727272727273,Success,0,14.261931818181818,0,1991,6.28.1,2025-02-26 N,14.261931818181818,37.517295454545454
26/02/2025 20:08,49.39805555555555,6.012,0,26/02/2025 20:22,2.8793888888888888,Success,0,16.050833333333333,0,1992,6.28.1,2025-02-26 N,16.050833333333333,41.230870370370376
26/02/2025 20:26,50.45341509433962,5.974,0,26/02/2025 20:37,3.1557735849056603,Success,0,15.24311320754717,0,1993,6.28.1,2025-02-26 N,15.24311320754717,42.22773584905661
26/02/2025 20:41,32.1767,5.965,0,26/02/2025 20:41,8.3558,Success,0,5.0415,0,1994,6.28.1,2025-02-26 N,5.0415,26.8145
26/02/2025 21:03,42.577354166666666,6.008,0,26/02/2025 21:14,4.467333333333333,Success,0,12.7884375,0,1995,6.28.1,2025-02-26 N,12.7884375,35.866791666666664
26/02/2025 21:39,39.38330612244898,6.252,0,26/02/2025 21:44,5.959734693877551,Success,0,14.583673469387756,0,1996,6.28.1,2025-02-26 N,14.583673469387756,38.33971428571429
26/02/2025 21:48,40.513925925925925,6.289,0,26/02/2025 21:54,4.218166666666667,Success,0,16.032222222222224,0,1997,6.28.1,2025-02-26 N,16.032222222222224,39.28409259259259
26/02/2025 21:58,42.63161538461539,6.258,0,26/02/2025 22:03,4.663019230769231,Success,0,16.035288461538464,0,1998,6.28.1,2025-02-26 N,16.035288461538464,41.52663461538461
26/02/2025 22:16,38.43772549019608,6.176,0,26/02/2025 22:20,5.319960784313725,Success,0,14.92235294117647,0,2000,6.28.1,2025-02-26 N,14.92235294117647,38.32888235294118
26/02/2025 22:24,39.787549019607845,6.172,0,26/02/2025 22:31,4.470745098039216,Success,0,15.349117647058822,0,2001,6.28.1,2025-02-26 N,15.349117647058822,38.94558823529412
26/02/2025 23:03,42.57323529411765,6.112,0,26/02/2025 23:08,4.662196078431372,Success,0,15.936176470588235,0,2002,6.28.1,2025-02-26 N,15.936176470588235,39.52798039215686
26/02/2025 23:12,35.171807692307695,6.12,0,26/02/2025 23:18,4.013115384615384,Success,0,15.24173076923077,0,2003,6.28.1,2025-02-26 N,15.24173076923077,38.13998076923077
26/02/2025 23:21,36.86071153846154,6.158,0,26/02/2025 23:26,4.028538461538462,Success,0,16.051442307692305,0,2004,6.28.1,2025-02-26 N,16.051442307692305,40.64471153846154
26/02/2025 23:30,36.255037037037035,6.189,0,26/02/2025 23:34,4.106462962962963,Success,0,16.42,0,2005,6.28.1,2025-02-26 N,16.42,39.09374074074074
26/02/2025 23:46,41.53174137931034,6.189,0,26/02/2025 23:51,2.8212586206896555,Success,0,15.011896551724139,0,2007,6.28.1,2025-02-26 N,15.011896551724139,41.584293103448275
26/02/2025 23:54,40.59337931034483,6.091,0,26/02/2025 23:59,2.4895344827586205,Success,0,13.429396551724137,0,2008,6.28.1,2025-02-26 N,13.429396551724137,41.44625862068966
27/02/2025 00:10,40.98733928571429,5.968,0,27/02/2025 00:15,2.3557678571428573,Success,0,12.979821428571428,0,2010,6.28.1,2025-02-26 N,12.979821428571428,41.72025
27/02/2025 00:18,35.78975,5.696,0,27/02/2025 00:20,3.520375,Success,0,13.344375,0,2011,6.28.1,2025-02-26 N,13.344375,39.604625
27/02/2025 00:44,40.00067307692307,5.5,0,27/02/2025 00:49,2.5405576923076927,Success,0,13.487019230769231,0,2013,6.28.1,2025-02-26 N,13.487019230769231,40.89903846153846
27/02/2025 00:53,40.13026923076923,5.443,0,27/02/2025 00:58,2.3616923076923078,Success,0,13.30673076923077,0,2014,6.28.1,2025-02-26 N,13.30673076923077,39.61605769230769
27/02/2025 01:01,44.068480769230774,5.545,0,27/02/2025 01:06,2.1965192307692307,Success,0,13.974230769230768,0,2015,6.28.1,2025-02-26 N,13.974230769230768,40.78432692307692
27/02/2025 01:12,46.728884615384615,5.539,0,27/02/2025 01:19,1.9562692307692306,Success,0,13.937307692307693,0,2016,6.28.1,2025-02-26 N,13.937307692307693,41.32517307692308
27/02/2025 01:25,42.94009433962264,5.674,0,27/02/2025 01:32,2.589452830188679,Success,0,13.792358490566038,0,2017,6.28.1,2025-02-26 N,13.792358490566038,40.233226415094336
27/02/2025 01:34,43.49280769230769,5.637,0,27/02/2025 01:40,2.4001153846153844,Success,0,13.354615384615386,0,2018,6.28.1,2025-02-26 N,13.354615384615386,41.24386538461538
27/02/2025 01:43,43.64860377358491,5.592,0,27/02/2025 01:48,2.511566037735849,Success,0,13.839056603773585,0,2019,6.28.1,2025-02-26 N,13.839056603773585,41.05432075471698
27/02/2025 01:51,43.65717307692307,5.581,0,27/02/2025 01:56,2.5928846153846155,Success,0,14.567307692307692,0,2020,6.28.1,2025-02-26 N,14.567307692307692,40.65563461538461
27/02/2025 02:00,43.90025,5.582,0,27/02/2025 02:05,2.4037307692307692,Success,0,13.69875,0,2021,6.28.1,2025-02-26 N,13.69875,40.40413461538461
27/02/2025 02:09,42.88848076923077,5.55,0,27/02/2025 02:12,2.997769230769231,Success,0,17.044903846153847,0,2022,6.28.1,2025-02-26 N,17.044903846153847,45.76069230769231
27/02/2025 02:15,47.48873469387755,5.353,0,27/02/2025 02:18,2.4612448979591837,Success,0,17.593775510204082,0,2023,6.28.1,2025-02-26 N,17.593775510204082,45.99791836734694
27/02/2025 02:22,41.98028571428571,5.397,0,27/02/2025 02:24,3.0319183673469388,Success,0,17.12846939,0,2024,6.28.1,2025-02-26 N,17.12846939,45.872530612244894
27/02/2025 02:28,46.377980392156864,5.502,0,27/02/2025 02:34,2.2736666666666667,Success,0,15.55235294117647,0,2025,6.28.1,2025-02-26 N,15.55235294117647,44.772098039215685
27/02/2025 02:49,43.682,5.582,0,27/02/2025 02:53,2.547339622641509,Success,0,16.606698113207546,0,2026,6.28.1,2025-02-26 N,16.606698113207546,45.93739622641509
27/02/2025 02:57,41.33773076923077,5.675,0,27/02/2025 03:01,2.8085961538461537,Success,0,12.668076923076923,0,2027,6.28.1,2025-02-26 N,12.668076923076923,40.76278846153846
27/02/2025 03:24,40.56930188679246,5.705,0,27/02/2025 03:35,3.0690000000000004,Success,0,14.151509433962264,0,2029,6.28.1,2025-02-26 N,14.151509433962264,39.98705660377358
27/02/2025 03:38,46.00782692307693,5.599,0,27/02/2025 03:44,3.0918653846153847,Success,0,15.14076923076923,0,2030,6.28.1,2025-02-26 N,15.14076923076923,44.936211538461535
27/02/2025 03:48,44.754901960784316,5.544,0,27/02/2025 03:53,2.6191764705882354,Success,0,14.296176470588236,0,2031,6.28.1,2025-02-26 N,14.296176470588236,39.49025490196078
27/02/2025 03:56,51.001180000000005,5.505,0,27/02/2025 04:16,2.69776,Success,0,14.648699999999998,0,2032,6.28.1,2025-02-26 N,14.648699999999998,42.608000000000004
27/02/2025 04:24,55.53127450980393,5.527,0,27/02/2025 04:30,3.0158039215686276,Success,0,14.611176470588234,0,2033,6.28.1,2025-02-26 N,14.611176470588234,42.791117647058826
27/02/2025 04:33,47.69562745098039,5.755,0,27/02/2025 04:43,3.135843137254902,Success,0,13.418235294117649,0,2034,6.28.1,2025-02-26 N,13.418235294117649,39.75270588235294
27/02/2025 04:46,44.38369231,5.793,0,27/02/2025 04:54,3.6841730769230767,Success,0,15.012115384615385,0,2035,6.28.1,2025-02-26 N,15.012115384615385,42.38113461538462
27/02/2025 04:59,45.522081632653055,6.02,0,27/02/2025 05:19,4.069142857142857,Success,0,16.416428571428572,0,2036,6.28.1,2025-02-26 N,16.416428571428572,43.94751020408163
27/02/2025 05:37,45.68513461538461,6.023,0,27/02/2025 05:45,3.913846153846154,Success,0,17.205288461538462,0,2038,6.28.1,2025-02-26 N,17.205288461538462,43.11155769230769
27/02/2025 05:52,48.19390909090909,6.014,0,27/02/2025 06:07,2.679018181818182,Success,0,13.950545454545454,0,2039,6.28.1,2025-02-26 N,13.950545454545454,40.45721818181818
27/02/2025 06:45,43.19798,6.007,0,27/02/2025 06:50,4.63784,Success,0,17.6076,0,2041,6.28.1,2025-02-27 D,17.6076,43.58642
27/02/2025 07:13,41.97039130434782,5.101,0,27/02/2025 07:20,3.3299565217391303,Success,0,12.89445652173913,0,2043,6.28.1,2025-02-27 D,12.89445652173913,37.62863043478261
27/02/2025 07:25,42.02722222222222,6.068,0,27/02/2025 07:32,3.579148148148148,Success,0,16.04111111111111,0,2044,6.28.1,2025-02-27 D,16.04111111111111,41.496148148148144
27/02/2025 07:35,42.34720754716981,6.012,0,27/02/2025 07:43,3.3781886792452833,Success,0,14.24490566037736,0,2045,6.28.1,2025-02-27 D,14.24490566037736,39.25245283018868
27/02/2025 07:46,42.03413208,6.014,0,27/02/2025 07:54,3.404150943396226,Success,0,17.762264150943395,0,2046,6.28.1,2025-02-27 D,17.762264150943395,39.47901886792452
27/02/2025 07:58,43.89316981132076,5.986,0,27/02/2025 08:08,3.4666226415094337,Success,0,16.098113207547172,0,2047,6.28.1,2025-02-27 D,16.098113207547172,39.43373585
27/02/2025 08:11,39.74212,5.967,0,27/02/2025 08:18,4.1034,Success,0,13.3818,0,2048,6.28.1,2025-02-27 D,13.3818,37.7442
27/02/2025 08:22,39.418549019607845,6.003,0,27/02/2025 08:28,3.9659411764705883,Success,0,14.703823529411764,0,2049,6.28.1,2025-02-27 D,14.703823529411764,38.532745098039214
27/02/2025 08:32,43.445125,5.979,0,27/02/2025 08:44,4.1895,Success,0,15.265,0,2050,6.28.1,2025-02-27 D,15.265,42.606125
27/02/2025 08:48,45.533418181818185,6.123,0,27/02/2025 11:08,3.3887818181818186,Success,0,15.573,0,2051,6.28.1,2025-02-27 D,15.573,42.9074
27/02/2025 11:12,41.53448936170213,6.139,0,27/02/2025 11:21,4.702765957446808,Success,0,13.806702127659573,0,2052,6.28.1,2025-02-27 D,13.806702127659573,52.07917021276596
27/02/2025 12:14,37.34591176470588,4.088,0,27/02/2025 12:21,3.7379411764705885,Fail,0,10.845882352941176,0,2053,6.28.1,2025-02-27 D,10.845882352941176,34.06005882352941
27/02/2025 14:25,34.66552631578947,6.095,0,27/02/2025 14:33,3.0020000000000002,Success,0,12.873157894736842,0,2054,6.28.1,2025-02-27 D,12.873157894736842,34.67691228070176
27/02/2025 15:11,38.54272881355933,6.359,0,27/02/2025 15:53,2.7195593220338985,Success,0,11.481101694915255,0,2056,6.28.1,2025-02-27 D,11.481101694915255,33.430593220338984
27/02/2025 15:57,37.575813559322036,6.251,0,27/02/2025 16:10,2.4371186440677963,Success,0,13.78728813559322,0,2057,6.28.1,2025-02-27 D,13.78728813559322,35.69718644067797
27/02/2025 16:12,36.602881355932205,6.232,0,27/02/2025 16:24,2.479033898305085,Success,0,13.287203389830509,0,2058,6.28.1,2025-02-27 D,13.287203389830509,36.957745762711866
27/02/2025 16:28,22.47190909090909,1.255,0,27/02/2025 16:29,4.100454545454546,Fail,0,5.13,0,2059,6.28.1,2025-02-27 D,5.13,27.818545454545458
27/02/2025 16:43,37.77558928571428,5.857,0,27/02/2025 16:54,2.3400892857142854,Success,0,14.538482142857143,0,2060,6.28.1,2025-02-27 D,14.538482142857143,37.030232142857145
27/02/2025 16:58,37.99853448275862,6.08,0,27/02/2025 17:02,2.5177241379310344,Success,0,18.813103448275864,0,2061,6.28.1,2025-02-27 D,18.813103448275864,41.80517241
27/02/2025 17:06,44.94112068965517,6.063,0,27/02/2025 17:17,2.1125517241379312,Success,0,16.684913793103448,0,2062,6.28.1,2025-02-27 D,16.684913793103448,38.11843103448276
27/02/2025 17:21,42.71163793103448,6.096,0,27/02/2025 17:33,2.0924827586206898,Success,0,14.765689655172412,0,2063,6.28.1,2025-02-27 D,14.765689655172412,37.25058620689656
27/02/2025 17:37,39.829499999999996,6.099,0,27/02/2025 17:48,2.3455,Success,0,14.629396551724138,0,2064,6.28.1,2025-02-27 D,14.629396551724138,34.656362068965514
27/02/2025 17:52,40.954655172413794,6.149,0,27/02/2025 18:02,2.678758620689655,Success,0,14.929396551724137,0,2065,6.28.1,2025-02-27 D,14.929396551724137,34.72331034482759
27/02/2025 18:06,38.689206896551724,6.218,0,27/02/2025 18:16,2.8592758620689653,Success,0,13.403793103448276,0,2066,6.28.1,2025-02-27 N,13.403793103448276,34.63705172413793
27/02/2025 18:20,39.967932203389836,6.236,0,27/02/2025 18:28,2.7651016949152543,Success,0,15.475169491525422,0,2067,6.28.1,2025-02-27 N,15.475169491525422,35.22959322033898
27/02/2025 18:54,41.49732653061224,5.184,0,27/02/2025 19:14,2.527877551020408,Success,0,13.78377551020408,0,2068,6.28.1,2025-02-27 N,13.78377551020408,35.83669387755102
27/02/2025 19:18,36.30182352941176,6.272,0,27/02/2025 19:22,3.0163529411764705,Success,0,12.393970588235293,0,2069,6.28.1,2025-02-27 N,12.393970588235293,31.960117647058823
27/02/2025 19:42,44.84970689655172,6.17,0,27/02/2025 19:51,2.5486724137931036,Success,0,14.293706896551724,0,2070,6.28.1,2025-02-27 N,14.293706896551724,34.89703448275862
27/02/2025 19:55,42.36113559322033,6.253,0,27/02/2025 20:04,2.8037288135593217,Success,0,14.78313559322034,0,2071,6.28.1,2025-02-27 N,14.78313559322034,34.53083050847457
27/02/2025 20:20,45.479517241379305,6.171,0,27/02/2025 20:32,2.5712931034482756,Success,0,11.640258620689655,0,2073,6.28.1,2025-02-27 N,11.640258620689655,32.51781034482759
27/02/2025 20:36,35.334649999999996,2.15,0,27/02/2025 20:39,2.96285,Fail,0,7.766249999999999,0,2074,6.28.1,2025-02-27 N,7.766249999999999,28.70615
27/02/2025 20:49,55.47102631578947,3.929,0,27/02/2025 21:10,0.8629736842105263,Success,0,13.561184210526317,0,2075,6.28.1,2025-02-27 N,13.561184210526317,44.48297368421053
27/02/2025 21:13,41.542637931034484,6.174,0,27/02/2025 21:22,3.5184827586206895,Success,0,13.844482758620689,0,2076,6.28.1,2025-02-27 N,13.844482758620689,33.848568965517245
27/02/2025 21:26,43.15517142857143,6.218,0,27/02/2025 21:37,2.600257142857143,Success,0,11.723142857142857,0,2077,6.28.1,2025-02-27 N,11.723142857142857,37.26291428571429
27/02/2025 22:25,36.078833333333336,6.252,0,27/02/2025 22:30,2.6572916666666666,Success,0,8.606875,0,2079,6.28.1,2025-02-27 N,8.606875,29.360625
27/02/2025 23:27,46.26366666666667,6.342,0,27/02/2025 23:41,2.8483333333333336,Success,0,15.66,0,2081,6.28.1,2025-02-27 N,15.66,36.78023333333333
27/02/2025 23:52,42.73383333333334,6.367,0,27/02/2025 23:59,2.6136041666666667,Success,0,13.43,0,2082,6.28.1,2025-02-27 N,13.43,36.04595833333333
28/02/2025 00:08,43.91451666666667,6.351,0,28/02/2025 00:30,2.55645,Success,0,15.57525,0,2083,6.28.1,2025-02-27 N,15.57525,35.014966666666666
28/02/2025 00:38,43.90970909090909,6.32,0,28/02/2025 00:43,2.9756181818181817,Success,0,15.883636363636365,0,2084,6.28.1,2025-02-27 N,15.883636363636365,36.064654545454545
28/02/2025 00:54,44.86186440677966,6.207,0,28/02/2025 01:02,2.347271186440678,Success,0,16.628898305084746,0,2085,6.28.1,2025-02-27 N,16.628898305084746,33.666525423728814
28/02/2025 01:06,43.52164406779661,6.236,0,28/02/2025 01:15,2.6376440677966104,Success,0,15.427372881355932,0,2086,6.28.1,2025-02-27 N,15.427372881355932,34.95406779661017
28/02/2025 01:19,42.75911864,6.26,0,28/02/2025 01:28,2.5530169491525427,Success,0,16.484491525423728,0,2087,6.28.1,2025-02-27 N,16.484491525423728,35.02294915254237
28/02/2025 01:34,42.619745762711865,6.258,0,28/02/2025 01:43,2.856203389830508,Success,0,16.835338983050846,0,2088,6.28.1,2025-02-27 N,16.835338983050846,35.67150847457627
28/02/2025 02:02,44.101121212121214,3.538,0,28/02/2025 02:06,2.254939393939394,Fail,0,13.485,0,2090,6.28.1,2025-02-27 N,13.485,33.43621212121212
28/02/2025 02:15,55.65375862068966,3.089,0,28/02/2025 02:29,1.5105172413793104,Success,0,10.967068965517242,0,2091,6.28.1,2025-02-27 N,10.967068965517242,34.76375862068966
28/02/2025 03:27,38.37377192982456,6.093,0,28/02/2025 03:37,3.008280701754386,Success,0,15.528157894736843,0,2094,6.28.1,2025-02-27 N,15.528157894736843,33.56721052631579
28/02/2025 04:00,39.7644,6.349,0,28/02/2025 04:07,2.8983666666666665,Success,0,15.4385,0,2095,6.28.1,2025-02-27 N,15.4385,34.77393333333334
28/02/2025 04:16,36.831474576271184,6.292,0,28/02/2025 04:24,3.2792033898305086,Success,0,13.238135593220338,0,2096,6.28.1,2025-02-27 N,13.238135593220338,33.39932203
28/02/2025 04:29,33.49621739130435,6.318,0,28/02/2025 04:31,3.450217391304348,Success,0,9.505434782608695,0,2097,6.28.1,2025-02-27 N,9.505434782608695,29.60273913043478
28/02/2025 04:58,37.21710169491526,6.292,0,28/02/2025 05:04,3.072762711864407,Success,0,7.808644068,0,2098,6.28.1,2025-02-27 N,7.808644068,35.88430508474576
28/02/2025 05:58,38.73230508474577,6.377,0,28/02/2025 06:04,3.153491525423729,Success,0,16.251355932203392,0,2100,6.28.1,2025-02-27 N,16.251355932203392,37.982135593220335
28/02/2025 06:19,37.64826666666667,6.379,0,28/02/2025 06:26,2.8843666666666667,Success,0,13.80775,0,2102,6.28.1,2025-02-28 D,13.80775,35.26088333333333
28/02/2025 06:29,38.62056666666667,6.354,0,28/02/2025 06:36,2.7491,Success,0,14.08275,0,2103,6.28.1,2025-02-28 D,14.08275,35.203250000000004
28/02/2025 06:40,38.17179310344827,6.224,0,28/02/2025 06:42,2.3416551724137933,Success,0,10.459137931034483,0,2104,6.28.1,2025-02-28 D,10.459137931034483,33.298
28/02/2025 11:21,38.672859649122806,6.143,0,28/02/2025 11:29,3.5260877192982454,Success,0,14.835,0,2106,6.28.1,2025-02-28 D,14.835,36.949789473684206
28/02/2025 11:33,36.380607142857144,6.023,0,28/02/2025 11:39,3.4005178571428574,Success,0,14.84544642857143,0,2107,6.28.1,2025-02-28 D,14.84544642857143,36.31935714285714
28/02/2025 11:42,37.66887719298246,6.07,0,28/02/2025 11:48,3.088385964912281,Success,0,15.666578947368421,0,2108,6.28.1,2025-02-28 D,15.666578947368421,37.96278947368421
28/02/2025 11:51,36.872,6.04,0,28/02/2025 11:58,2.752491228070175,Success,0,13.636842105263158,0,2109,6.28.1,2025-02-28 D,13.636842105263158,34.59154385964912
28/02/2025 12:06,39.293431034482765,6.21,0,28/02/2025 12:10,2.658982759,Success,0,16.905258620689654,0,2110,6.28.1,2025-02-28 D,16.905258620689654,40.06489655172414
28/02/2025 12:14,36.43732758620689,6.223,0,28/02/2025 12:30,2.8184655172413793,Success,0,13.855603448275861,0,2111,6.28.1,2025-02-28 D,13.855603448275861,34.94915517241379
28/02/2025 12:34,42.7631,6.369,0,28/02/2025 12:42,2.505133333333333,Success,0,17.2315,0,2112,6.28.1,2025-02-28 D,17.2315,40.56486666666667
28/02/2025 13:13,39.21036,5.335,0,28/02/2025 13:20,2.62922,Success,0,14.5779,0,2114,6.28.1,2025-02-28 D,14.5779,38.6761
28/02/2025 13:34,39.134933333333336,6.302,0,28/02/2025 13:49,2.29635,Success,0,15.43975,0,2116,6.28.1,2025-02-28 D,15.43975,38.746966666666665
28/02/2025 13:53,40.065898305084744,6.255,0,28/02/2025 14:00,2.6148983050847456,Success,0,17.232966101694917,0,2117,6.28.1,2025-02-28 D,17.232966101694917,40.91655932
28/02/2025 14:18,29.1943,6.158,0,28/02/2025 14:19,2.9877000000000002,Success,0,5.3265,0,2118,6.28.1,2025-02-28 D,5.3265,29.548199999999998
28/02/2025 14:41,34.03938596491228,6.103,0,28/02/2025 14:54,2.999456140350877,Success,0,15.521842105263158,0,2119,6.28.1,2025-02-28 D,15.521842105263158,39.713614035087716
28/02/2025 14:57,32.55378947368421,6.054,0,28/02/2025 15:05,2.6285087719298246,Success,0,13.55921052631579,0,2120,6.28.1,2025-02-28 D,13.55921052631579,34.95654385964912
28/02/2025 15:23,35.32657142857143,5.99,0,28/02/2025 15:33,2.94025,Success,0,13.062321428571428,0,2122,6.28.1,2025-02-28 D,13.062321428571428,36.685321428571434
28/02/2025 15:37,38.80040350877193,6.082,0,28/02/2025 15:51,2.884543859649123,Success,0,11.481052631578947,0,2123,6.28.1,2025-02-28 D,11.481052631578947,36.067912280701755
28/02/2025 15:55,35.40468965517242,6.169,0,28/02/2025 16:02,2.6835172413793105,Success,0,12.977586206896552,0,2124,6.28.1,2025-02-28 D,12.977586206896552,35.247068965517244
28/02/2025 16:05,34.91001724137931,6.22,0,28/02/2025 16:12,2.818448275862069,Success,0,13.407155172413793,0,2125,6.28.1,2025-02-28 D,13.407155172413793,35.26287931034483
28/02/2025 16:16,40.64723333333333,6.313,0,28/02/2025 16:23,2.325416666666667,Success,0,13.9785,0,2126,6.28.1,2025-02-28 D,13.9785,39.184666666666665
28/02/2025 16:28,38.95356666666667,6.365,0,28/02/2025 16:45,2.5331833333333336,Success,0,15.261249999999999,0,2127,6.28.1,2025-02-28 D,15.261249999999999,40.680749999999996
28/02/2025 16:49,35.75978689,6.396,0,28/02/2025 16:57,2.8760491803278687,Success,0,12.914754098360655,0,2128,6.28.1,2025-02-28 D,12.914754098360655,35.19001639344262
28/02/2025 17:10,36.95601666666666,6.315,0,28/02/2025 17:18,2.874683333333333,Success,0,12.00975,0,2130,6.28.1,2025-02-28 D,12.00975,34.036233333333335
28/02/2025 17:31,35.77175,6.346,0,28/02/2025 17:38,2.6423833333333335,Success,0,13.441,0,2132,6.28.1,2025-02-28 D,13.441,34.52048333333333
28/02/2025 17:42,36.59461666666667,6.337,0,28/02/2025 17:49,2.55445,Success,0,14.11025,0,2133,6.28.1,2025-02-28 D,14.11025,35.82221666666667
28/02/2025 17:53,36.26976666666667,6.341,0,28/02/2025 17:59,2.7528833333333336,Success,0,13.16025,0,2134,6.28.1,2025-02-28 D,13.16025,35.82255
28/02/2025 18:03,40.4353,6.364,0,28/02/2025 18:27,2.2576166666666664,Success,0,11.458,0,2135,6.28.1,2025-02-28 N,11.458,37.13686666666667
28/02/2025 21:11,27.1319,1.111,0,28/02/2025 21:11,5.248,Success,0,2.2575,0,2136,6.28.1,2025-02-28 N,2.2575,21.058600000000002
28/02/2025 21:19,37.43103389830509,6.349,0,28/02/2025 21:30,2.604491525423729,Success,0,14.030593220338984,0,2137,6.28.1,2025-02-28 N,14.030593220338984,36.67145762711864
28/02/2025 21:36,26.46925,0.523,0,28/02/2025 21:36,4.44925,Fail,0,2.715,0,2138,6.28.1,2025-02-28 N,2.715,23.7015
28/02/2025 21:51,39.586814814814815,5.742,0,28/02/2025 22:10,2.860240740740741,Success,0,14.555,0,2139,6.28.1,2025-02-28 N,14.555,36.684407407407406
28/02/2025 22:13,39.70867241,6.296,0,28/02/2025 22:22,3.4289655172413793,Success,0,17.96508620689655,0,2140,6.28.1,2025-02-28 N,17.96508620689655,40.68420689655173
28/02/2025 22:25,40.34218518518519,6.201,0,28/02/2025 22:36,3.9457407407407405,Success,0,17.135833333333334,0,2141,6.28.1,2025-02-28 N,17.135833333333334,39.62325925925926
28/02/2025 22:58,40.66028571428571,6.169,0,28/02/2025 23:06,3.5158928571428567,Success,0,18.850446428571427,0,2142,6.28.1,2025-02-28 N,18.850446428571427,42.251285714285714
28/02/2025 23:10,41.972410714285715,6.086,0,28/02/2025 23:14,3.5303571428571425,Success,0,17.540892857142858,0,2143,6.28.1,2025-02-28 N,17.540892857142858,39.53903571428572
28/02/2025 23:28,41.14565454545455,5.987,0,28/02/2025 23:32,3.8396363636363637,Success,0,16.971272727272726,0,2144,6.28.1,2025-02-28 N,16.971272727272726,39.63158181818182
