AutoClean,BetweenADIA,AutoNavigationIsActive_C,ReducedFeedForceJacksNotOnGround,MoistureContentCollar,STB State E-Stop,EadJamRpmTimeout,EadLowRpmJamEscape_C,startCycleTime,EadVibrationJamEscape,AutoDrill_C,EadTorqueJamEscape_C,EvBitInGround,AvePercPressure,AutoDrillIsActive,DB_TORQUE_MAX,STB State Local Manual,STB State Remote Autonomous,BZ EndtoSetup,AvePenetrRate,EadJamLowFlushTimeout_C,AveDampPressure,AutoDelevel,penRate,AutoCleanInHole_Count,MaxNoOfJamExceededError,rigSerial,MoistureContentClean,STB State Remote Allocated,JamCount,AutoDrill2Enabled,EadJamRpmTimeout_C,status,AirFlowReturn,EadJamAirPressTimeout,EadAirPressureJamEscape_C,DelayInCycle,EadTorqueJamEscape,RemotePropelEStop2_Manual,AutoDrillIsActive_C,drilledMeters,activationMode,endHoleTime,Software,PropelState,BY HoleTime,EndHoleTimeInADPE,currentShift,endCycleTime,anchorMode,AutoLevel_C,Local,BetweenAD,GPS,DrillState,AutoCleanInHole,STB State Remote Switched,spatialInaccuracy,Jam,software,posMode,EadJamRotationTorqueTimeout,TotalCycleTime,Remote,AutoCollar,EadJamAirPressTimeout_C,bitDiameter,BX DrillToStart,EadLowPenrateJamEscape_C,EadJamVibrationTimeout_C,AutoLevel,Intervention,AveFlushPressure,ManualJacks,AutoDrill,AutoDelevel_C,AveFeedPressure,reDrillStatus,AutoNavigationIsActive,EadJamLowFlushTimeout,AutoRetract,Target_depth,ResetTargetDepth,RemotePropelEStop2_Remote,DB_TORQUE_SET,EadAirPressureJamEscape,EadJamVibrationTimeout,EadLowPenrateJamEscape,DB_RPM_MAX,InterventionCount,MaxNoOfJamExceededError_C,collarMode,ParkState,EadJamRotationTorqueTimeout_C,overDrill,EndHoleTimeInAutoDrill,BA BitToGround,SetupState,AveRotPressure,drillMode,EadVibrationJamEscape_C,startHoleTime,MoistureContentDrill,EadLowRpmJamEscape,borderHoleFlag
69,0,0,0,0,0,0,0,31/01/2025 23:54,0,1,0,0,13.865675675675675,0,0,453,0,37,1.914,0,0,0,0.024691,2,0,0,0,0,0,0,0,Success,0,0,0,0,0,0,0,3.897266093,None,01/02/2025 00:00,6.28.1,0,298,0,2025-01-31 N,01/02/2025 00:01,None,0,453,0,1,0,59,0,-10000,0,6.28.1,None,0,453,0,242,0,165,3,0,0,0,0,13.865675675675675,0,8,0,39.45254054054054,0,0,0,25,0,0,0,0,0,0,0,0,0,0,None,0,0,-10000,0,0,0,38.83632432432432,1,0,31/01/2025 23:55,0,0,0
68,0,0,0,0,0,0,0,01/02/2025 00:01,0,1,0,0,15.30081081081081,0,0,482,0,37,1.6433513513513514,0,0,0,0.022341,2,0,0,0,0,0,0,0,Success,0,0,0,0,0,0,0,3.919441414,None,01/02/2025 00:08,6.28.1,0,325,0,2025-01-31 N,01/02/2025 00:09,None,0,482,471,1,0,58,0,0.032756679,0,6.28.1,None,0,482,0,267,0,165,5,0,0,0,0,15.30081081081081,0,11,0,39.931378378378376,0,0,0,24,0,0,0,0,0,0,0,0,0,0,None,0,0,0.327,0,0,0,39.29154054054054,1,0,01/02/2025 00:03,0,0,0
70,0,0,0,0,0,0,0,01/02/2025 00:09,0,1,0,0,15.119605263157894,0,0,494,0,37,1.599578947368421,0,0,0,0.020768,2,0,0,0,0,0,0,0,Success,0,0,0,0,0,0,0,3.999340696,None,01/02/2025 00:16,6.28.1,0,343,0,2025-01-31 N,01/02/2025 00:17,None,0,494,482,1,0,60,0,0.023021729,0,6.28.1,None,0,494,0,278,0,165,5,0,0,0,0,15.119605263157894,0,16,0,39.893605263157895,0,0,0,25,0,0,0,0,0,0,0,0,0,0,None,0,0,0.317,0,0,0,37.94565789473684,1,0,01/02/2025 00:11,0,0,0
68,0,0,0,0,0,0,0,01/02/2025 00:17,0,1,0,0,15.370135135135133,0,0,467,0,37,1.8443783783783785,0,0,0,0.024695,2,0,0,0,0,0,0,0,Success,0,0,0,0,0,0,0,3.989405219,None,01/02/2025 00:24,6.28.1,0,308,0,2025-01-31 N,01/02/2025 00:25,None,0,467,449,1,0,58,0,0.014317821,0,6.28.1,None,0,467,0,249,0,165,5,0,0,0,0,15.370135135135133,0,13,0,40.19610810810811,0,0,0,25,0,0,0,0,0,0,0,0,0,0,None,0,0,0.35,0,0,0,40.12127027027027,1,0,01/02/2025 00:19,0,0,0
69,0,0,0,0,0,0,0,01/02/2025 00:25,0,1,0,0,14.348684210526315,0,0,209,1508,38,1.5013157894736842,0,0,0,0.021217,2,0,0,0,2,0,0,0,Success,0,0,0,0,0,0,0,3.975283386,None,01/02/2025 01:02,6.28.1,0,1409,0,2025-01-31 N,01/02/2025 01:04,None,0,786,2271,1,0,59,0,0.072732386,0,6.28.1,None,0,2296,1510,322,0,165,4,0,0,0,0,14.348684210526315,0,15,0,39.47323684210526,0,0,0,25,0,0,0,0,0,0,0,0,0,0,None,0,0,0.345,0,0,0,36.5395,1,0,01/02/2025 00:39,0,0,0
69,0,0,0,0,0,0,0,01/02/2025 01:04,0,1,0,0,15.189868421052632,0,0,0,476,37,1.6106052631578949,0,0,0,0.021928,2,0,0,0,0,0,0,0,Success,0,0,0,0,0,0,0,3.972637663,None,01/02/2025 01:10,6.28.1,0,309,0,2025-01-31 N,01/02/2025 01:11,None,0,0,477,1,0,59,0,0.035735137,0,6.28.1,None,0,476,476,258,0,165,17,0,0,0,0,15.189868421052632,0,15,0,40.23968421052631,0,0,0,24,0,0,0,0,0,0,0,0,0,0,None,0,0,0.354,0,0,0,38.60710526315789,1,0,01/02/2025 01:05,0,0,0
67,0,0,0,0,0,0,0,01/02/2025 01:11,0,2,0,0,13.891184210526315,0,0,0,568,37,1.7599210526315787,0,0,0,0.022728,2,0,0,0,0,0,0,0,Success,0,0,0,0,0,0,0,3.962613405,None,01/02/2025 01:20,6.28.1,0,408,0,2025-01-31 N,01/02/2025 01:21,None,0,0,552,1,0,57,0,0.031048349,0,6.28.1,None,0,568,568,306,0,165,5,0,0,0,0,13.891184210526315,0,9,0,39.868184210526316,0,0,0,24,0,0,0,0,0,0,0,0,0,0,None,0,0,0.334,0,0,0,40.04063157894737,1,0,01/02/2025 01:13,0,0,0
70,0,0,0,0,0,0,0,01/02/2025 01:21,0,1,0,0,15.406578947368422,0,0,0,693,37,1.9007894736842106,0,0,0,0.024403,2,0,0,0,0,0,0,0,Success,0,0,0,0,0,0,0,4.006647601,None,01/02/2025 01:31,6.28.1,0,532,0,2025-01-31 N,01/02/2025 01:32,None,0,0,674,1,0,60,0,0.033615473,0,6.28.1,None,0,693,693,272,0,165,4,0,0,0,0,15.406578947368422,0,17,0,39.575526315789475,0,0,0,24,0,0,0,0,0,0,0,0,0,0,None,0,0,0.331,0,0,0,41.052473684210526,1,0,01/02/2025 01:22,0,0,0
49,0,0,0,0,0,0,0,01/02/2025 01:32,0,1,0,0,15.387692307692308,0,0,0,594,38,1.6715897435897438,0,0,0,0.020442,2,0,0,0,0,0,0,0,Success,0,0,0,0,0,0,0,4.092641323,None,01/02/2025 01:41,6.28.1,0,439,0,2025-01-31 N,01/02/2025 01:42,None,0,0,592,1,0,49,0,0.04596738,0,6.28.1,None,0,594,594,360,0,165,4,0,0,0,0,15.387692307692308,0,18,0,40.278179487179486,0,0,0,20,0,0,0,0,0,0,0,0,0,0,None,0,0,0.291,0,0,0,39.32320512820513,1,0,01/02/2025 01:34,0,0,0
67,0,0,0,0,0,0,0,01/02/2025 01:53,0,1,0,0,15.118783783783783,0,0,0,560,37,1.8852702702702702,0,0,0,0.02511,2,0,0,0,0,0,0,0,Success,0,0,0,0,0,0,0,3.953488965,None,01/02/2025 02:01,6.28.1,0,298,0,2025-01-31 N,01/02/2025 02:02,None,0,0,720,1,0,57,0,0.04501111,0,6.28.1,None,0,560,560,240,0,165,5,0,0,0,0,15.118783783783783,0,12,0,39.52445945945946,0,0,0,24,0,0,0,0,0,0,0,0,0,0,None,0,0,0.341,0,0,0,37.036162162162164,1,0,01/02/2025 01:56,0,0,0
95,0,0,0,0,0,0,0,01/02/2025 02:02,0,2,0,0,14.865384615384615,0,0,0,628,37,1.6132820512820512,0,0,0,0.014239,3,0,0,0,0,0,0,0,Success,0,0,0,0,0,0,0,4.072586647,None,01/02/2025 02:11,6.28.1,0,469,0,2025-01-31 N,01/02/2025 02:13,None,0,0,618,1,0,85,0,0.026832816,0,6.28.1,None,0,628,628,256,0,165,4,0,0,0,0,14.865384615384615,0,11,0,40.90135897435898,0,0,0,24,0,0,0,0,0,0,0,0,0,0,None,0,0,0.331,0,0,0,39.761717948717944,1,0,01/02/2025 02:04,0,0,0
68,0,0,0,0,0,0,0,01/02/2025 02:13,0,1,0,0,15.34575,0,0,0,485,37,1.5465,0,0,0,0.022343,2,0,0,0,0,0,0,0,Success,0,0,0,0,0,0,0,4.176843425,None,01/02/2025 02:19,6.28.1,0,325,0,2025-01-31 N,01/02/2025 02:21,None,0,0,462,1,0,58,0,0.035777087,0,6.28.1,None,0,485,485,256,0,165,4,0,0,0,0,15.34575,0,22,0,39.785225,0,0,0,24,0,0,0,0,0,0,0,0,0,0,None,0,0,0.345,0,0,0,38.98595,1,0,01/02/2025 02:14,0,0,0
69,0,0,0,0,0,0,0,01/02/2025 02:21,0,1,0,0,15.455853658536585,0,0,0,524,38,1.9372682926829268,0,0,0,0.025059,2,0,0,0,0,0,0,0,Success,0,0,0,0,0,0,0,4.321493492,None,01/02/2025 02:28,6.28.1,0,371,0,2025-01-31 N,01/02/2025 02:29,None,0,0,504,1,0,59,0,0.013928388,0,6.28.1,None,0,524,524,276,0,165,4,0,0,0,0,15.455853658536585,0,22,0,39.808902439024386,0,0,0,25,0,0,0,0,0,0,0,0,0,0,None,0,0,0.354,0,0,0,38.367536585365855,1,0,01/02/2025 02:22,0,0,0
65,0,0,0,0,0,0,0,01/02/2025 02:29,0,1,0,0,15.246585365853658,0,0,0,666,210,1.6678780487804876,0,0,0,0.022751,2,0,0,0,0,0,0,0,Success,0,0,0,0,0,0,0,4.364559084,None,01/02/2025 02:36,6.28.1,0,336,0,2025-01-31 N,01/02/2025 02:40,None,0,0,465,1,0,59,0,0.018384776,0,6.28.1,None,0,666,666,262,0,165,5,0,0,0,0,15.246585365853658,0,27,0,39.92590243902439,0,0,0,24,0,0,0,0,0,0,0,0,0,0,None,0,0,0.351,0,0,0,38.99529268292683,1,0,01/02/2025 02:31,0,0,0
98,0,0,0,0,0,0,0,01/02/2025 02:40,0,2,0,0,12.72,0,0,0,992,155,1.976047619047619,0,0,0,0.025388,2,0,0,0,78,0,0,0,Success,0,0,0,0,0,0,0,4.435713471,None,01/02/2025 02:55,6.28.1,0,795,0,2025-01-31 N,01/02/2025 02:58,None,0,0,1069,1,0,95,0,0.023086794,0,6.28.1,None,0,1070,1070,302,0,165,5,0,0,0,0,12.72,0,20,0,39.52128571428572,0,0,0,24,0,0,0,0,0,0,0,0,0,0,None,0,0,0.329,0,0,0,43.791404761904765,1,0,01/02/2025 02:42,0,0,0
68,0,0,0,0,0,0,0,01/02/2025 02:58,0,1,0,0,12.649285714285714,0,0,0,651,37,1.9426428571428571,0,0,0,0.025533,2,0,0,0,42,0,0,0,Success,0,0,0,0,0,0,0,4.219805801,None,01/02/2025 03:09,6.28.1,0,403,0,2025-01-31 N,01/02/2025 03:10,None,0,0,821,1,0,58,0,0.028160256,0,6.28.1,None,0,693,693,280,0,165,5,0,0,0,0,12.649285714285714,0,20,0,40.070571428571434,0,0,0,25,0,0,0,0,0,0,0,0,0,0,None,0,0,0.349,0,0,0,40.89664285714286,1,0,01/02/2025 03:02,0,0,0
70,0,0,0,0,0,0,0,01/02/2025 03:10,0,1,0,0,15.406463414634146,0,0,0,538,37,1.4844390243902439,0,0,0,0.021145,2,0,0,0,0,0,0,0,Success,0,0,0,0,0,0,0,4.272630688,None,01/02/2025 03:18,6.28.1,0,381,0,2025-01-31 N,01/02/2025 03:19,None,0,0,517,1,0,60,0,0.023259407,0,6.28.1,None,0,538,538,287,0,165,5,0,0,0,0,15.406463414634146,0,25,0,40.68160975609756,0,0,0,25,0,0,0,0,0,0,0,0,0,0,None,0,0,0.333,0,0,0,40.736975609756094,1,0,01/02/2025 03:11,0,0,0
72,0,0,0,0,0,0,0,01/02/2025 03:19,0,1,0,0,14.707674418604652,0,0,0,839,37,1.581720930232558,0,0,0,0.021639,2,0,0,0,0,0,0,0,Success,0,0,0,0,0,0,0,4.444976603,None,01/02/2025 03:38,6.28.1,0,667,0,2025-01-31 N,01/02/2025 03:39,None,0,1127,1178,1,0,62,0,0.037443291,0,6.28.1,None,0,1210,83,299,0,165,5,0,0,0,0,14.707674418604652,0,30,0,38.419000000000004,0,0,0,25,0,0,0,0,0,0,0,0,0,0,None,0,0,0.337,0,0,0,41.55025581395349,1,0,01/02/2025 03:27,0,0,0
29,0,0,0,0,0,0,0,01/02/2025 03:51,0,1,0,0,15.178977272727273,0,0,0,569,52,1.5641818181818181,0,0,0,0.014066,1,0,0,0,143,0,0,0,Success,0,0,0,0,0,0,0,4.630734283,None,01/02/2025 04:01,6.28.1,0,530,0,2025-01-31 N,01/02/2025 04:02,None,0,525,480,1,0,29,0,0.042296572,0,6.28.1,None,0,712,187,265,0,165,4,0,0,0,0,15.178977272727273,0,29,0,42.531727272727274,0,0,0,0,0,0,0,0,0,0,0,0,0,0,None,0,0,0.34,0,0,0,41.14315909090909,1,0,01/02/2025 03:52,0,0,0
72,0,0,0,0,0,0,0,01/02/2025 04:02,0,1,0,0,15.007840909090909,0,0,0,496,39,1.7836818181818181,0,0,0,0.02456,2,0,0,0,0,0,0,0,Success,0,0,0,0,0,0,0,4.568552725,None,01/02/2025 04:09,6.28.1,0,335,0,2025-01-31 N,01/02/2025 04:11,None,0,0,666,1,0,62,0,0.023,0,6.28.1,None,0,496,496,259,0,165,5,0,0,0,0,15.007840909090909,0,26,0,39.64675,0,0,0,26,0,0,0,0,0,0,0,0,0,0,None,0,0,0.36,0,0,0,41.465636363636364,1,0,01/02/2025 04:04,0,0,0
74,0,0,0,0,0,0,0,01/02/2025 04:11,0,1,0,0,16.8121875,0,0,0,683,39,1.2519791666666666,0,0,0,0.018239,2,0,0,0,0,0,0,0,Success,0,0,0,0,0,0,0,4.982264846,None,01/02/2025 04:21,6.28.1,0,417,0,2025-01-31 N,01/02/2025 04:22,None,0,0,605,1,0,64,0,0.037,0,6.28.1,None,0,683,683,292,0,165,5,0,0,0,0,16.8121875,0,73,0,40.5066875,0,0,0,27,0,0,0,0,0,0,0,0,0,0,None,0,0,0.324,0,0,0,41.336687500000004,1,0,01/02/2025 04:14,0,0,0
120,0,0,0,0,0,0,0,01/02/2025 04:30,0,1,0,0,15.604787234042552,0,0,0,873,39,1.2362765957446809,0,0,0,0.010251,4,0,0,0,19,0,0,0,Success,0,0,0,0,0,0,0,4.913524397,None,01/02/2025 04:44,6.28.1,0,732,0,2025-01-31 N,01/02/2025 04:45,None,0,0,838,1,0,110,0,0.039812058,0,6.28.1,None,0,892,892,581,0,165,5,0,0,0,0,15.604787234042552,0,52,0,40.928659574468085,0,0,0,26,0,0,0,0,0,0,0,0,0,0,None,0,0,0.343,0,0,0,41.60061702,1,0,01/02/2025 04:32,0,0,0
73,0,0,0,0,0,0,0,01/02/2025 04:45,0,1,0,0,15.568775510204082,0,0,0,488,39,1.9315714285714287,0,0,0,0.02683,2,0,0,0,0,0,0,0,Success,0,0,0,0,0,0,0,5.120463358,None,01/02/2025 04:52,6.28.1,0,328,0,2025-01-31 N,01/02/2025 04:53,None,0,0,428,1,0,63,0,0.047507894,0,6.28.1,None,0,488,488,222,0,165,5,0,0,0,0,15.568775510204082,0,54,0,39.61540816326531,0,0,0,26,0,0,0,0,0,0,0,0,0,0,None,0,0,0.34,0,0,0,36.47920408163265,1,0,01/02/2025 04:47,0,0,0
101,0,0,0,0,0,0,0,01/02/2025 04:53,0,1,0,0,15.445408163265308,0,0,0,834,39,2.029081632653061,0,0,0,0.010264,3,0,0,0,0,0,0,0,Success,0,0,0,0,0,0,0,5.205819148,None,01/02/2025 05:06,6.28.1,0,681,0,2025-01-31 N,01/02/2025 05:07,None,0,0,797,1,0,91,0,0.048083261,0,6.28.1,None,0,834,834,559,0,165,5,0,0,0,0,15.445408163265308,0,42,0,40.58740816326531,0,0,0,26,0,0,0,0,0,0,0,0,0,0,None,0,0,0.332,0,0,0,42.55151020408163,1,0,01/02/2025 04:55,0,0,0
76,0,0,0,0,0,0,0,01/02/2025 05:07,0,1,0,0,16.594117647058823,0,0,0,526,39,1.8158039215686272,0,0,0,0.023657,2,0,0,0,0,0,0,0,Success,0,0,0,0,0,0,0,5.296052964,None,01/02/2025 05:15,6.28.1,0,368,0,2025-01-31 N,01/02/2025 05:16,None,0,0,463,1,0,66,0,0.017804493,0,6.28.1,None,0,526,526,257,0,165,5,0,0,0,0,16.594117647058823,0,58,0,41.23249019607843,0,0,0,26,0,0,0,0,0,0,0,0,0,0,None,0,0,0.328,0,0,0,38.51964705882353,1,0,01/02/2025 05:09,0,0,0
47,0,0,0,0,0,0,0,01/02/2025 05:16,0,2,0,0,14.32939024390244,0,0,0,2051,38,1.506170731707317,0,0,0,0.02226,2,0,0,0,0,0,0,0,Fail,0,0,0,0,0,0,0,5.023490918,None,01/02/2025 05:49,6.28.1,0,1753,0,2025-01-31 N,01/02/2025 05:50,None,0,0,1999,0,0,37,0,0.044102154,0,6.28.1,None,0,2051,2051,1114,0,165,5,0,0,0,0,14.32939024390244,0,49,0,39.41439024390244,0,0,0,25,0,0,0,0,0,0,0,0,0,0,None,0,0,0.353,0,0,0,38.90551219512195,1,0,01/02/2025 05:20,0,0,0
72,0,0,0,0,0,0,0,01/02/2025 05:59,0,1,0,0,15.9553125,0,0,0,588,38,1.5065416666666664,0,0,0,0.02255,2,0,0,0,6,0,0,0,Success,0,0,0,0,0,0,0,5.00370113,None,01/02/2025 06:06,6.28.1,0,358,0,2025-02-01 D,01/02/2025 06:09,None,0,0,462,1,0,62,0,0.034234486,0,6.28.1,None,0,594,594,258,0,165,5,0,0,0,0,15.9553125,0,50,0,40.78997916666667,0,0,0,25,0,0,0,0,0,0,0,0,0,0,None,0,0,0.348,0,0,0,38.35,1,0,01/02/2025 06:00,0,0,0
72,0,0,0,0,0,0,0,01/02/2025 06:09,0,1,0,0,16.323125,0,0,0,1028,38,1.3444583333333335,0,0,0,0.020378,2,0,0,0,45,0,0,0,Success,0,0,0,0,0,0,0,5.048893839,None,01/02/2025 06:25,6.28.1,0,390,0,2025-02-01 D,01/02/2025 06:27,None,0,0,1096,1,0,62,0,0.01603122,0,6.28.1,None,0,1073,1073,281,0,165,5,0,0,0,0,16.323125,0,58,0,40.783541666666665,0,0,0,25,0,0,0,0,0,0,0,0,0,0,None,0,0,0.341,0,0,0,39.39554166666667,1,0,01/02/2025 06:19,0,0,0
76,0,0,0,0,0,0,0,01/02/2025 06:27,0,1,0,0,12.379090909090907,0,0,0,432,38,4.391272727272727,0,0,0,0.039475,2,0,0,0,0,0,0,0,Success,0,0,0,0,0,0,0,5.138391383,None,01/02/2025 06:33,6.28.1,0,274,0,2025-02-01 D,01/02/2025 06:34,None,0,0,421,1,0,65,0,0.002828427,0,6.28.1,None,0,432,432,209,0,165,5,0,0,0,0,12.379090909090907,0,13,0,38.25209090909091,0,0,0,26,0,0,0,0,0,0,0,0,0,0,None,0,0,0.352,0,0,0,40.22720454545455,1,0,01/02/2025 06:28,0,0,0
71,0,0,0,0,0,0,0,01/02/2025 06:34,0,1,0,0,16.8918,0,0,0,526,38,1.75856,0,0,0,0.024342,2,0,0,0,0,0,0,0,Success,0,0,0,0,0,0,0,5.203197959,None,01/02/2025 06:41,6.28.1,0,366,0,2025-02-01 D,01/02/2025 06:43,None,0,0,460,1,0,61,0,0.03106445,0,6.28.1,None,0,526,526,255,0,165,4,0,0,0,0,16.8918,0,60,0,40.993339999999996,0,0,0,26,0,0,0,0,0,0,0,0,0,0,None,0,0,0.329,0,0,0,38.24166,1,0,01/02/2025 06:35,0,0,0
72,0,0,0,0,0,0,0,01/02/2025 06:43,0,1,0,0,16.2546,0,0,0,730,38,1.18442,0,0,0,0.018338,2,0,0,0,0,0,0,0,Success,0,0,0,0,0,0,0,5.128538681,None,01/02/2025 06:53,6.28.1,0,426,0,2025-02-01 D,01/02/2025 06:55,None,0,0,651,1,0,62,0,0.103585713,0,6.28.1,None,0,730,730,295,0,165,5,0,0,0,0,16.2546,0,80,0,41.11794,0,0,0,26,0,0,0,0,0,0,0,0,0,0,None,0,0,0.343,0,0,0,39.564499999999995,1,0,01/02/2025 06:46,0,0,0
71,0,0,0,0,0,0,0,01/02/2025 06:55,0,1,0,0,16.5153125,0,0,0,545,38,1.4231458333333336,0,0,0,0.021399,2,0,0,0,0,0,0,0,Success,0,0,0,0,0,0,0,5.022652486,None,01/02/2025 07:03,6.28.1,0,376,0,2025-02-01 D,01/02/2025 07:04,None,0,0,494,1,0,61,0,0.050990195,0,6.28.1,None,0,545,545,274,0,165,5,0,0,0,0,16.5153125,0,53,0,41.150875,0,0,0,25,0,0,0,0,0,0,0,0,0,0,None,0,0,0.342,0,0,0,39.93441666666667,1,0,01/02/2025 06:56,0,0,0
76,0,0,0,0,0,0,0,01/02/2025 07:04,0,2,0,0,13.8984375,0,0,0,649,39,1.2708125,0,0,0,0.019475,2,0,0,0,0,0,0,0,Success,0,0,0,0,0,0,0,4.91959043,None,01/02/2025 07:27,6.28.1,0,1319,0,2025-02-01 D,01/02/2025 07:28,None,0,1210,1432,1,0,66,0,0.043908997,0,6.28.1,None,0,1478,268,332,0,165,5,0,0,0,0,13.8984375,0,45,0,40.71375,0,0,0,26,0,0,0,0,0,0,0,0,0,0,None,0,0,0.326,0,0,0,40.83875,1,0,01/02/2025 07:05,0,0,0
113,0,0,0,0,0,0,0,01/02/2025 07:28,0,1,0,0,15.472659574468086,0,0,0,1620,39,1.4190851063829788,0,0,0,0.019137,2,0,0,0,417,0,0,0,Success,0,0,0,0,0,0,0,5.063666458,None,01/02/2025 08:01,6.28.1,0,1881,0,2025-02-01 D,01/02/2025 08:02,None,0,1259,1950,1,0,103,0,0.021023795,0,6.28.1,None,0,2037,778,1283,0,165,5,0,0,0,0,15.472659574468086,0,54,0,40.49465957446809,0,0,0,26,0,0,0,0,0,0,0,0,0,0,None,0,0,0.337,0,0,0,39.570851063829785,1,0,01/02/2025 07:30,0,0,0
80,0,0,0,0,0,0,0,01/02/2025 08:02,0,1,0,0,15.973163265306122,0,0,0,557,39,1.833469387755102,0,0,0,0.025979,2,0,0,0,0,0,0,0,Success,0,0,0,0,0,0,0,5.194894224,None,01/02/2025 08:10,6.28.1,0,396,0,2025-02-01 D,01/02/2025 08:12,None,0,0,530,1,0,70,0,0.032249031,0,6.28.1,None,0,557,557,264,0,165,4,0,0,0,0,15.973163265306122,0,57,0,40.91704081632653,0,0,0,26,0,0,0,0,0,0,0,0,0,0,None,0,0,0.366,0,0,0,40.210408163265306,1,0,01/02/2025 08:04,0,0,0
72,0,0,0,0,0,0,0,01/02/2025 08:33,0,1,0,0,16.20294117647059,0,0,0,768,38,1.0724901960784314,0,0,0,0.015785,2,0,0,0,0,0,0,0,Success,0,0,0,0,0,0,0,5.264294255,None,01/02/2025 08:44,6.28.1,0,469,0,2025-02-01 D,01/02/2025 08:46,None,0,0,774,1,0,62,0,0.04767599,0,6.28.1,None,0,768,768,344,0,165,5,0,0,0,0,16.20294117647059,0,74,0,41.711960784313725,0,0,0,26,0,0,0,0,0,0,0,0,0,0,None,0,0,0.341,0,0,0,38.74801960784314,1,0,01/02/2025 08:37,0,0,0
73,0,0,0,0,0,0,0,01/02/2025 08:46,0,1,0,0,16.1958,0,0,0,559,39,1.49226,0,0,0,0.020485,2,0,0,0,0,0,0,0,Success,0,0,0,0,0,0,0,5.171594145,None,01/02/2025 08:54,6.28.1,0,399,0,2025-02-01 D,01/02/2025 08:55,None,0,0,501,1,0,63,0,0.026627054,0,6.28.1,None,0,559,559,289,0,165,4,0,0,0,0,16.1958,0,59,0,41.3274,0,0,0,26,0,0,0,0,0,0,0,0,0,0,None,0,0,0.328,0,0,0,39.10236,1,0,01/02/2025 08:47,0,0,0
76,0,0,0,0,0,0,0,01/02/2025 09:05,0,1,0,0,14.90470588235294,0,0,0,553,39,1.5763235294117646,0,0,0,0.022205,2,0,0,0,537,0,0,0,Success,0,0,0,0,0,0,0,5.003735605,None,01/02/2025 09:18,6.28.1,0,681,0,2025-02-01 D,01/02/2025 09:24,None,0,0,751,1,0,66,0,0.017720045,0,6.28.1,None,0,1090,1090,579,0,165,5,0,0,0,0,14.90470588235294,0,47,0,39.36185294117647,0,0,0,26,0,0,0,0,0,0,0,0,0,0,None,0,0,0.325,0,0,0,38.46317647058824,1,0,01/02/2025 09:07,0,0,0
115,0,0,0,0,0,0,0,01/02/2025 09:24,0,1,0,0,16.286632653061222,0,0,0,596,38,1.4303061224489795,0,0,0,0.021497,2,0,0,0,0,0,0,0,Success,0,0,0,0,0,0,0,5.078750732,None,01/02/2025 09:32,6.28.1,0,430,0,2025-02-01 D,01/02/2025 09:33,None,0,0,785,1,0,105,0,0.039293765,0,6.28.1,None,0,596,596,275,0,165,4,0,0,0,0,16.286632653061222,0,61,0,41.403,0,0,0,25,0,0,0,0,0,0,0,0,0,0,None,0,0,0.333,0,0,0,38.03706122,1,0,01/02/2025 09:25,0,0,0
76,0,0,0,0,0,0,0,01/02/2025 09:33,0,2,0,0,15.770744680851065,0,0,0,525,39,1.6894255319148936,0,0,0,0.023949,2,0,0,0,102,0,0,0,Success,0,0,0,0,0,0,0,5.190667105,None,01/02/2025 09:43,6.28.1,0,473,0,2025-02-01 D,01/02/2025 09:44,None,0,0,621,1,0,65,0,0.075026662,0,6.28.1,None,0,627,627,258,0,165,5,0,0,0,0,15.770744680851065,0,48,0,41.25291489361702,0,0,0,26,0,0,0,0,0,0,0,0,0,0,None,0,0,0.334,0,0,0,38.59619149,1,0,01/02/2025 09:35,0,0,0
76,0,0,0,0,0,0,0,01/02/2025 09:44,0,1,0,0,16.476,0,0,0,689,39,2.11028,0,0,0,0.025241,2,0,0,0,3,0,0,0,Success,0,0,0,0,0,0,0,5.256372609,None,01/02/2025 09:54,6.28.1,0,430,0,2025-02-01 D,01/02/2025 09:55,None,0,0,616,1,0,66,0,0.034481879,0,6.28.1,None,0,692,692,307,0,165,5,0,0,0,0,16.476,0,70,0,41.095299999999995,0,0,0,26,0,0,0,0,0,0,0,0,0,0,None,0,0,0.313,0,0,0,39.90058,1,0,01/02/2025 09:47,0,0,0
0,0,0,0,0,0,0,0,01/02/2025 10:13,0,0,0,0,14.808461538461538,0,0,1020,254,171,1.3587179487179488,0,0,0,0.017884,0,0,0,0,9751,0,0,0,Success,0,0,0,0,0,0,0,4.092473091,None,01/02/2025 18:29,6.28.1,0,371,0,2025-02-01 N,01/02/2025 18:32,None,0,15858,0,1,0,0,4072,0.06720863,0,6.28.1,None,0,29935,14077,106,0,165,18,0,0,0,0,14.808461538461538,0,0,0,39.77946153846153,0,0,0,0,0,0,0,0,0,0,0,0,0,0,None,0,0,0.338,0,0,0,39.82038461538461,1,0,01/02/2025 18:23,0,0,0
70,0,0,0,0,0,0,0,01/02/2025 18:32,0,1,0,0,16.0240625,0,0,0,607,38,1.2999166666666666,0,0,0,0.019024,2,0,0,0,16,0,0,0,Success,0,0,0,0,0,0,0,4.996685501,None,01/02/2025 18:40,6.28.1,0,401,0,2025-02-01 N,01/02/2025 18:48,None,0,353,30547,1,0,60,0,0.038639359,0,6.28.1,None,0,949,596,298,0,165,5,0,0,0,0,16.0240625,0,53,0,41.58483333333333,0,0,0,25,0,0,0,0,0,0,0,0,0,0,None,0,0,0.339,0,0,0,38.316291666666665,1,0,01/02/2025 18:34,0,0,0
0,0,0,0,0,0,0,0,01/02/2025 18:48,0,0,0,0,16.232499999999998,0,0,0,42,139,1.4095625,0,0,0,0.020423,0,0,0,0,653,0,0,0,Success,0,0,0,0,0,0,0,5.073162525,None,01/02/2025 18:57,6.28.1,0,397,0,2025-02-01 N,01/02/2025 19:00,None,0,0,0,1,0,0,0,0.145962324,0,6.28.1,None,0,695,695,0,0,165,5,0,0,0,0,16.232499999999998,0,0,0,41.14083333333333,0,0,0,0,0,0,0,0,0,0,0,0,0,0,None,0,0,0.328,0,0,0,35.069229166666666,1,0,01/02/2025 18:50,0,0,0
76,0,0,0,0,0,0,0,01/02/2025 19:00,0,1,0,0,16.615102040816325,0,0,0,510,38,1.8046530612244898,0,0,0,0.027036,2,0,0,0,0,0,0,0,Success,0,0,0,0,0,0,0,5.085782241,None,01/02/2025 19:07,6.28.1,0,352,0,2025-02-01 N,01/02/2025 19:08,None,0,0,1551,1,0,66,0,0.015297059,0,6.28.1,None,0,510,510,250,0,165,4,0,0,0,0,16.615102040816325,0,48,0,40.86228571428571,0,0,0,26,0,0,0,0,0,0,0,0,0,0,None,0,0,0.329,0,0,0,36.54142857142857,1,0,01/02/2025 19:01,0,0,0
107,0,0,0,0,0,0,0,01/02/2025 19:08,0,1,0,0,16.7277,0,0,0,577,38,1.4973400000000001,0,0,0,0.021622,2,0,0,0,0,0,0,0,Success,0,0,0,0,0,0,0,5.168734468,None,01/02/2025 19:17,6.28.1,0,422,0,2025-02-01 N,01/02/2025 19:18,None,0,0,495,1,0,97,0,0.03138471,0,6.28.1,None,0,577,577,284,0,165,4,0,0,0,0,16.7277,0,52,0,40.87824,0,0,0,26,0,0,0,0,0,0,0,0,0,0,None,0,0,0.344,0,0,0,35.89066,1,0,01/02/2025 19:10,0,0,0
0,0,0,0,0,0,0,0,01/02/2025 20:00,0,0,0,0,15.133815789473685,0,0,0,0,176,1.3069736842105264,0,0,0,0.017547,0,0,0,0,715,0,0,0,Success,0,0,0,0,0,0,0,3.989012534,None,01/02/2025 20:09,6.28.1,0,359,0,2025-02-01 N,01/02/2025 20:12,None,0,0,0,1,0,0,0,0.029154759,0,6.28.1,None,0,715,715,0,0,165,16,0,0,0,0,15.133815789473685,0,0,0,40.32015789473684,0,0,0,0,0,0,0,0,0,0,0,0,0,0,None,0,0,0.345,0,0,0,36.94747368421052,1,0,01/02/2025 20:03,0,0,0
0,0,0,0,0,0,0,0,01/02/2025 20:12,0,0,0,0,15.433076923076923,0,0,0,0,60,1.048,0,0,0,0.015437,0,0,0,0,689,0,0,0,Success,0,0,0,0,0,0,0,3.998032516,None,01/02/2025 20:21,6.28.1,0,394,0,2025-02-01 N,01/02/2025 20:23,None,0,0,0,1,0,0,0,0.037215589,0,6.28.1,None,0,689,689,0,0,165,6,0,0,0,0,15.433076923076923,0,0,0,40.50553846153846,0,0,0,0,0,0,0,0,0,0,0,0,0,0,None,0,0,0.32,0,0,0,36.87287179487179,1,0,01/02/2025 20:14,0,0,1
28,0,0,0,0,0,0,0,01/02/2025 20:23,0,1,0,0,15.294512195121952,0,0,0,967,468,1.3733658536585365,0,0,0,0.016639,1,0,0,0,1982,0,0,0,Success,0,0,0,0,0,0,0,4.312338229,None,01/02/2025 21:04,6.28.1,0,2116,0,2025-02-01 N,01/02/2025 21:12,None,0,0,4689,1,0,28,0,0.027,0,6.28.1,None,0,2949,2949,289,0,165,5,0,0,0,0,15.294512195121952,0,36,0,42.25639024390244,0,0,0,0,0,0,0,0,0,0,0,0,0,0,None,0,0,0.335,0,0,0,37.231658536585364,1,0,01/02/2025 20:29,0,0,0
70,0,0,0,0,0,0,0,01/02/2025 21:28,0,1,0,0,15.716511627906979,0,0,0,477,38,1.6011162790697675,0,0,0,0.02316,2,0,0,0,0,0,0,0,Success,0,0,0,0,0,0,0,4.47073428,None,01/02/2025 21:35,6.28.1,0,332,0,2025-02-01 N,01/02/2025 21:36,None,0,0,851,1,0,60,0,0.032015621,0,6.28.1,None,0,477,477,255,0,165,5,0,0,0,0,15.716511627906979,0,29,0,40.55795348837209,0,0,0,25,0,0,0,0,0,0,0,0,0,0,None,0,0,0.333,0,0,0,38.42958139534883,1,0,01/02/2025 21:29,0,0,0
78,0,0,0,0,0,0,0,01/02/2025 21:44,0,1,0,0,16.74326086956522,0,0,0,524,40,1.9974782608695651,0,0,0,0.0258,2,0,0,0,0,0,0,0,Success,0,0,0,0,0,0,0,4.76335533,None,01/02/2025 21:52,6.28.1,0,362,0,2025-02-01 N,01/02/2025 21:53,None,0,0,473,1,0,68,0,0.002,0,6.28.1,None,0,524,524,262,0,165,5,0,0,0,0,16.74326086956522,0,45,0,40.707869565217386,0,0,0,26,0,0,0,0,0,0,0,0,0,0,None,0,0,0.346,0,0,0,37.662608695652175,1,0,01/02/2025 21:46,0,0,0
29,0,0,0,0,0,0,0,01/02/2025 21:53,0,1,0,0,15.856046511627905,0,0,0,780,51,1.5711627906976744,0,0,0,0.01642,1,0,0,0,146,0,0,0,Success,0,0,0,0,0,0,0,4.818652716,None,01/02/2025 22:07,6.28.1,0,759,0,2025-02-01 N,01/02/2025 22:08,None,0,0,488,1,0,29,0,0.042296572,0,6.28.1,None,0,926,926,275,0,165,5,0,0,0,0,15.856046511627905,0,30,0,42.318604651162794,0,0,0,0,0,0,0,0,0,0,0,0,0,0,None,0,0,0.341,0,0,0,38.34762790697675,1,0,01/02/2025 21:54,0,0,0
72,0,0,0,0,0,0,0,01/02/2025 22:08,0,1,0,0,15.637021276595743,0,0,0,483,37,2.489468085106383,0,0,0,0.028386,2,0,0,0,0,0,0,0,Success,0,0,0,0,0,0,0,4.913729948,None,01/02/2025 22:15,6.28.1,0,325,0,2025-02-01 N,01/02/2025 22:17,None,0,0,852,1,0,63,0,0.050289163,0,6.28.1,None,0,483,483,232,0,165,5,0,0,0,0,15.637021276595743,0,42,0,39.58363829787234,0,0,0,26,0,0,0,0,0,0,0,0,0,0,None,0,0,0.33,0,0,0,38.977000000000004,1,0,01/02/2025 22:10,0,0,0
70,0,0,0,0,0,0,0,01/02/2025 22:28,0,1,0,0,15.701590909090909,0,0,0,489,38,1.6211363636363636,0,0,0,0.023536,2,0,0,0,0,0,0,0,Success,0,0,0,0,0,0,0,4.667388349,None,01/02/2025 22:35,6.28.1,0,332,0,2025-02-01 N,01/02/2025 22:36,None,0,0,460,1,0,60,0,0.012,0,6.28.1,None,0,489,489,248,0,165,4,0,0,0,0,15.701590909090909,0,35,0,40.31004545454545,0,0,0,25,0,0,0,0,0,0,0,0,0,0,None,0,0,0.341,0,0,0,41.185522727272726,1,0,01/02/2025 22:29,0,0,0
70,0,0,0,0,0,0,0,01/02/2025 22:36,0,1,0,0,16.06566666666667,0,0,0,516,38,1.4792,0,0,0,0.021379,2,0,0,0,0,0,0,0,Success,0,0,0,0,0,0,0,4.683111893,None,01/02/2025 22:43,6.28.1,0,368,0,2025-02-01 N,01/02/2025 22:44,None,0,0,479,1,0,60,0,0.045221676,0,6.28.1,None,0,516,516,281,0,165,5,0,0,0,0,16.06566666666667,0,38,0,40.07988888888889,0,0,0,25,0,0,0,0,0,0,0,0,0,0,None,0,0,0.323,0,0,0,38.273577777777774,1,0,01/02/2025 22:37,0,0,0
70,0,0,0,0,0,0,0,01/02/2025 22:44,0,1,0,0,15.578297872340425,0,0,0,520,37,1.4248085106382977,0,0,0,0.02097,2,0,0,0,0,0,0,0,Success,0,0,0,0,0,0,0,4.836938391,None,01/02/2025 22:52,6.28.1,0,362,0,2025-02-01 N,01/02/2025 22:53,None,0,0,473,1,0,60,0,0.095880133,0,6.28.1,None,0,520,520,264,0,165,5,0,0,0,0,15.578297872340425,0,49,0,40.41740425531915,0,0,0,24,0,0,0,0,0,0,0,0,0,0,None,0,0,0.324,0,0,0,39.370063829787235,1,0,01/02/2025 22:46,0,0,0
101,0,0,0,0,0,0,0,01/02/2025 23:02,0,2,0,0,15.964285714285714,0,0,0,760,38,1.21,0,0,0,0.015386,3,0,0,0,0,0,0,0,Success,0,0,0,0,0,0,0,5.141381429,None,01/02/2025 23:13,6.28.1,0,602,0,2025-02-01 N,01/02/2025 23:14,None,0,0,703,1,0,91,0,0.006324555,0,6.28.1,None,0,760,760,317,0,165,4,0,0,0,0,15.964285714285714,0,54,0,48.173204081632655,0,0,0,25,0,0,0,0,0,0,0,0,0,0,None,0,0,0.318,0,0,0,38.03108163265306,1,0,01/02/2025 23:03,0,0,0
72,0,0,0,0,0,0,0,01/02/2025 23:23,0,1,0,0,15.710744680851063,0,0,0,694,38,1.2745531914893615,0,0,0,0.018544,2,0,0,0,0,0,0,0,Success,0,0,0,0,0,0,0,4.836706007,None,01/02/2025 23:34,6.28.1,0,399,0,2025-02-01 N,01/02/2025 23:35,None,0,0,693,1,0,62,0,0.06835203,0,6.28.1,None,0,694,694,306,0,165,4,0,0,0,0,15.710744680851063,0,42,0,40.65674468085106,0,0,0,25,0,0,0,0,0,0,0,0,0,0,None,0,0,0.355,0,0,0,39.69068085106383,1,0,01/02/2025 23:27,0,0,0
72,0,0,0,0,0,0,0,01/02/2025 23:35,0,1,0,0,13.166666666666666,0,0,0,594,38,1.5867777777777778,0,0,0,0.017603,2,0,0,0,0,0,0,0,Success,0,0,0,0,0,0,0,4.81247587,None,01/02/2025 23:56,6.28.1,0,1179,0,2025-02-01 N,01/02/2025 23:57,None,0,1177,1286,1,0,62,0,0.020024984,0,6.28.1,None,0,1335,158,332,0,165,4,0,0,0,0,13.166666666666666,0,47,0,38.19888888888889,0,0,0,25,0,0,0,0,0,0,0,0,0,0,None,0,0,0.349,0,0,0,38.717999999999996,1,0,01/02/2025 23:36,0,0,0
71,0,0,0,0,0,0,0,01/02/2025 23:57,0,1,0,0,16.324891304347826,0,0,0,504,38,1.712913043478261,0,0,0,0.024198,2,0,0,0,0,0,0,0,Success,0,0,0,0,0,0,0,4.858735329,None,02/02/2025 00:04,6.28.1,0,349,0,2025-02-01 N,02/02/2025 00:05,None,0,504,471,1,0,61,0,0.012999999,0,6.28.1,None,0,504,0,262,0,165,4,0,0,0,0,16.324891304347826,0,36,0,40.48,0,0,0,26,0,0,0,0,0,0,0,0,0,0,None,0,0,0.34,0,0,0,40.71710869565218,1,0,01/02/2025 23:58,0,0,0
102,0,0,0,0,0,0,0,02/02/2025 00:05,0,2,0,0,14.364574468085106,0,0,0,595,38,1.7751702127659577,0,0,0,0.01886,3,0,0,0,0,0,0,0,Success,0,0,0,0,0,0,0,4.928886487,None,02/02/2025 00:14,6.28.1,0,444,0,2025-02-01 N,02/02/2025 00:15,None,0,595,559,1,0,92,0,0.048301138,0,6.28.1,None,0,595,0,315,0,165,5,0,0,0,0,14.364574468085106,0,39,0,45.30368085106383,0,0,0,26,0,0,0,0,0,0,0,0,0,0,None,0,0,0.314,0,0,0,42.20742553191489,1,0,02/02/2025 00:07,0,0,0
72,0,0,0,0,0,0,0,02/02/2025 00:15,0,1,0,0,16.096530612244898,0,0,0,540,38,1.5102857142857145,0,0,0,0.022483,2,0,0,0,0,0,0,0,Success,0,0,0,0,0,0,0,5.088014347,None,02/02/2025 00:23,6.28.1,0,362,0,2025-02-01 N,02/02/2025 00:24,None,0,540,479,1,0,62,0,0.051894122,0,6.28.1,None,0,540,0,261,0,165,5,0,0,0,0,16.096530612244898,0,50,0,41.08008163265306,0,0,0,25,0,0,0,0,0,0,0,0,0,0,None,0,0,0.34,0,0,0,40.15173469387755,1,0,02/02/2025 00:17,0,0,0
103,0,0,0,0,0,0,0,02/02/2025 00:24,0,2,0,0,15.301250000000001,0,0,20,643,39,2.142583333333333,0,0,0,0.019951,3,0,0,0,0,0,0,0,Success,0,0,0,0,0,0,0,5.350879554,None,02/02/2025 00:33,6.28.1,0,445,0,2025-02-01 N,02/02/2025 00:37,None,0,741,568,1,0,93,0,0.030413813,0,6.28.1,None,0,741,0,291,0,165,5,0,0,0,0,15.301250000000001,0,38,0,39.30133333333333,0,0,0,26,0,0,0,0,0,0,0,0,0,0,None,0,0,0.409,0,0,0,39.0486875,1,0,02/02/2025 00:26,0,0,0
0,0,0,0,0,0,0,0,02/02/2025 00:37,0,0,0,0,15.829500000000001,0,0,1435,7,131,1.79704,0,0,0,0.024341,0,0,0,0,1941,0,0,0,Success,0,0,0,0,0,0,0,5.271221965,None,02/02/2025 01:45,6.28.1,0,764,0,2025-02-01 N,02/02/2025 01:49,None,0,2217,0,1,0,0,176,0.067601775,0,6.28.1,None,0,4341,2124,0,0,165,5,0,0,0,0,15.829500000000001,0,0,0,41.07822,0,0,0,0,0,0,0,0,0,0,0,0,0,0,None,0,0,0.337,0,0,0,42.911840000000005,1,0,02/02/2025 01:33,0,0,0
76,0,0,0,0,0,0,0,02/02/2025 01:49,0,1,0,0,16.336666666666666,0,0,0,769,40,1.3237407407407407,0,0,0,0.020319,2,0,0,0,142,0,0,0,Success,0,0,0,0,0,0,0,5.591882867,None,02/02/2025 02:03,6.28.1,0,418,0,2025-02-01 N,02/02/2025 02:04,None,0,0,5304,1,0,66,0,0.067186309,0,6.28.1,None,0,911,911,279,0,165,5,0,0,0,0,16.336666666666666,0,87,0,40.95261111111111,0,0,0,27,0,0,0,0,0,0,0,0,0,0,None,0,0,0.327,0,0,0,43.16324074074074,1,0,02/02/2025 01:56,0,0,0
73,0,0,0,0,0,0,0,02/02/2025 02:21,0,1,0,0,16.544711538461538,0,0,0,592,38,1.2313653846153847,0,0,0,0.018831,2,0,0,0,0,0,0,0,Success,0,0,0,0,0,0,0,5.373974879,None,02/02/2025 02:30,6.28.1,0,420,0,2025-02-01 N,02/02/2025 02:31,None,0,0,938,1,0,63,0,0.022561028,0,6.28.1,None,0,592,592,282,0,165,8,0,0,0,0,16.544711538461538,0,89,0,41.57844230769231,0,0,0,25,0,0,0,0,0,0,0,0,0,0,None,0,0,0.413,0,0,0,41.02371153846154,1,0,02/02/2025 02:23,0,0,0
73,0,0,0,0,0,0,0,02/02/2025 02:40,0,1,0,0,16.31970588235294,0,0,0,533,39,1.4621764705882352,0,0,0,0.022071,2,0,0,0,0,0,0,0,Success,0,0,0,0,0,0,0,5.305042413,None,02/02/2025 02:48,6.28.1,0,377,0,2025-02-01 N,02/02/2025 02:49,None,0,0,465,1,0,63,0,0.028017851,0,6.28.1,None,0,533,533,259,0,165,5,0,0,0,0,16.31970588235294,0,67,0,41.39911764705882,0,0,0,26,0,0,0,0,0,0,0,0,0,0,None,0,0,0.392,0,0,0,41.51098039215686,1,0,02/02/2025 02:42,0,0,0
73,0,0,0,0,0,0,0,02/02/2025 02:49,0,1,0,0,17.2344,0,0,0,573,39,1.37098,0,0,0,0.019586,2,0,0,0,0,0,0,0,Success,0,0,0,0,0,0,0,5.317151305,None,02/02/2025 02:58,6.28.1,0,417,0,2025-02-01 N,02/02/2025 02:59,None,0,0,516,1,0,63,0,0.01077033,0,6.28.1,None,0,573,573,306,0,165,4,0,0,0,0,17.2344,0,59,0,41.023500000000006,0,0,0,26,0,0,0,0,0,0,0,0,0,0,None,0,0,0.346,0,0,0,40.7546,1,0,02/02/2025 02:51,0,0,0
72,0,0,0,0,0,0,0,02/02/2025 02:59,0,1,0,0,16.658076923076923,0,0,0,559,38,1.38725,0,0,0,0.020457,2,0,0,0,0,0,0,0,Success,0,0,0,0,0,0,0,5.410970431,None,02/02/2025 03:07,6.28.1,0,400,0,2025-02-01 N,02/02/2025 03:08,None,0,0,493,1,0,62,0,0.030083218,0,6.28.1,None,0,559,559,285,0,165,5,0,0,0,0,16.658076923076923,0,65,0,41.23057692307692,0,0,0,26,0,0,0,0,0,0,0,0,0,0,None,0,0,0.34,0,0,0,40.71498076923077,1,0,02/02/2025 03:00,0,0,0
72,0,0,0,0,0,0,0,02/02/2025 03:08,0,1,0,0,16.01221153846154,0,0,0,553,38,1.3507692307692307,0,0,0,0.020369,2,0,0,0,0,0,0,0,Success,0,0,0,0,0,0,0,5.354995425,None,02/02/2025 03:16,6.28.1,0,396,0,2025-02-01 N,02/02/2025 03:17,None,0,0,480,1,0,62,0,0.034828149,0,6.28.1,None,0,553,553,270,0,165,5,0,0,0,0,16.01221153846154,0,75,0,40.179826923076924,0,0,0,26,0,0,0,0,0,0,0,0,0,0,None,0,0,0.335,0,0,0,39.86513461538462,1,0,02/02/2025 03:10,0,0,0
73,0,0,0,0,0,0,0,02/02/2025 03:17,0,1,0,0,15.827884615384615,0,0,0,622,39,1.5981346153846152,0,0,0,0.02323,2,0,0,0,0,0,0,0,Success,0,0,0,0,0,0,0,5.40360426,None,02/02/2025 03:27,6.28.1,0,366,0,2025-02-01 N,02/02/2025 03:28,None,0,0,542,1,0,63,0,0.103247276,0,6.28.1,None,0,622,622,241,0,165,4,0,0,0,0,15.827884615384615,0,73,0,40.866807692307695,0,0,0,26,0,0,0,0,0,0,0,0,0,0,None,0,0,0.313,0,0,0,42.048634615384614,1,0,02/02/2025 03:20,0,0,0
74,0,0,0,0,0,0,0,02/02/2025 03:28,0,1,0,0,16.82676470588235,0,0,0,581,39,1.3291960784313726,0,0,0,0.019554,2,0,0,0,0,0,0,0,Success,0,0,0,0,0,0,0,5.276461409,None,02/02/2025 03:36,6.28.1,0,423,0,2025-02-01 N,02/02/2025 03:37,None,0,0,508,1,0,64,0,0.043046487,0,6.28.1,None,0,581,581,292,0,165,4,0,0,0,0,16.82676470588235,0,78,0,41.542313725490196,0,0,0,26,0,0,0,0,0,0,0,0,0,0,None,0,0,0.325,0,0,0,41.48278431372549,1,0,02/02/2025 03:29,0,0,0
72,0,0,0,0,0,0,0,02/02/2025 03:37,0,1,0,0,16.58204081632653,0,0,0,549,39,1.4256530612244898,0,0,0,0.020944,2,0,0,0,0,0,0,0,Success,0,0,0,0,0,0,0,5.150523469,None,02/02/2025 03:45,6.28.1,0,387,0,2025-02-01 N,02/02/2025 03:47,None,0,0,476,1,0,62,0,0.021213203,0,6.28.1,None,0,549,549,268,0,165,5,0,0,0,0,16.58204081632653,0,69,0,40.89983673469388,0,0,0,26,0,0,0,0,0,0,0,0,0,0,None,0,0,0.332,0,0,0,40.053836734693874,1,0,02/02/2025 03:39,0,0,0
73,0,0,0,0,0,0,0,02/02/2025 03:47,0,2,0,0,15.702857142857145,0,0,0,856,39,1.448,0,0,0,0.021548,2,0,0,0,0,0,0,0,Success,0,0,0,0,0,0,0,5.063730739,None,02/02/2025 04:00,6.28.1,0,694,0,2025-02-01 N,02/02/2025 04:01,None,0,0,800,1,0,63,0,0.03312099,0,6.28.1,None,0,856,856,270,0,165,8,0,0,0,0,15.702857142857145,0,55,0,41.340163265306124,0,0,0,26,0,0,0,0,0,0,0,0,0,0,None,0,0,0.339,0,0,0,41.89214285714286,1,0,02/02/2025 03:48,0,0,0
74,0,0,0,0,0,0,0,02/02/2025 04:01,0,1,0,0,16.0224,0,0,0,532,39,1.3847399999999999,0,0,0,0.021238,2,0,0,0,0,0,0,0,Success,0,0,0,0,0,0,0,5.158907636,None,02/02/2025 04:09,6.28.1,0,379,0,2025-02-01 N,02/02/2025 04:10,None,0,0,482,1,0,64,0,0.037947332,0,6.28.1,None,0,532,532,268,0,165,4,0,0,0,0,16.0224,0,58,0,40.97424,0,0,0,26,0,0,0,0,0,0,0,0,0,0,None,0,0,0.328,0,0,0,40.26842,1,0,02/02/2025 04:02,0,0,0
73,0,0,0,0,0,0,0,02/02/2025 04:10,0,1,0,0,16.0356,0,0,0,552,39,1.47426,0,0,0,0.020262,2,0,0,0,0,0,0,0,Success,0,0,0,0,0,0,0,5.20493852,None,02/02/2025 04:18,6.28.1,0,393,0,2025-02-01 N,02/02/2025 04:19,None,0,0,496,1,0,63,0,0.070292247,0,6.28.1,None,0,552,552,290,0,165,5,0,0,0,0,16.0356,0,51,0,40.327220000000004,0,0,0,27,0,0,0,0,0,0,0,0,0,0,None,0,0,0.318,0,0,0,41.36866,1,0,02/02/2025 04:11,0,0,0
106,0,0,0,0,0,0,0,02/02/2025 04:19,0,3,0,0,14.0675,0,0,0,905,39,1.2371666666666667,0,0,0,0.019336,3,0,0,0,12,0,0,0,Success,0,0,0,0,0,0,0,5.32483211,None,02/02/2025 04:38,6.28.1,0,952,0,2025-02-01 N,02/02/2025 04:40,None,0,326,1182,1,0,96,0,0.07824321,0,6.28.1,None,0,1243,917,300,0,165,5,0,0,0,0,14.0675,0,58,0,38.39370833333333,0,0,0,26,0,0,0,0,0,0,0,0,0,0,None,0,0,0.342,0,0,0,40.801833333333335,1,0,02/02/2025 04:23,0,0,0
74,0,0,0,0,0,0,0,02/02/2025 04:40,0,1,0,0,16.65576923076923,0,0,0,656,39,1.4095961538461539,0,0,0,0.021086,2,0,0,0,0,0,0,0,Success,0,0,0,0,0,0,0,5.414923176,None,02/02/2025 04:49,6.28.1,0,400,0,2025-02-01 N,02/02/2025 04:51,None,0,0,589,1,0,64,0,0.071505244,0,6.28.1,None,0,656,656,292,0,165,16,0,0,0,0,16.65576923076923,0,67,0,41.66225,0,0,0,26,0,0,0,0,0,0,0,0,0,0,None,0,0,0.34,0,0,0,42.610692307692304,1,0,02/02/2025 04:43,0,0,0
73,0,0,0,0,0,0,0,02/02/2025 04:51,0,1,0,0,16.3494,0,0,0,571,38,1.26512,0,0,0,0.018665,2,0,0,0,0,0,0,0,Success,0,0,0,0,0,0,0,5.2165433,None,02/02/2025 04:59,6.28.1,0,415,0,2025-02-01 N,02/02/2025 05:00,None,0,0,504,1,0,63,0,0.040024992,0,6.28.1,None,0,571,571,290,0,165,5,0,0,0,0,16.3494,0,74,0,41.399480000000004,0,0,0,26,0,0,0,0,0,0,0,0,0,0,None,0,0,0.319,0,0,0,40.6353,1,0,02/02/2025 04:52,0,0,0
72,0,0,0,0,0,0,0,02/02/2025 05:00,0,1,0,0,16.381836734693877,0,0,0,684,38,1.4801428571428572,0,0,0,0.022172,2,0,0,0,0,0,0,0,Success,0,0,0,0,0,0,0,5.14011031,None,02/02/2025 05:10,6.28.1,0,372,0,2025-02-01 N,02/02/2025 05:12,None,0,0,621,1,0,62,0,0.031890438,0,6.28.1,None,0,684,684,263,0,165,5,0,0,0,0,16.381836734693877,0,61,0,41.15724489795918,0,0,0,25,0,0,0,0,0,0,0,0,0,0,None,0,0,0.378,0,0,0,40.570673469387756,1,0,02/02/2025 05:04,0,0,0
71,0,0,0,0,0,0,0,02/02/2025 05:12,0,1,0,0,16.01816326530612,0,0,0,517,39,1.4761020408163263,0,0,0,0.021963,2,0,0,0,0,0,0,0,Success,0,0,0,0,0,0,0,5.101054989,None,02/02/2025 05:19,6.28.1,0,363,0,2025-02-01 N,02/02/2025 05:20,None,0,0,464,1,0,61,0,0.044283179,0,6.28.1,None,0,517,517,258,0,165,4,0,0,0,0,16.01816326530612,0,55,0,40.78475510204082,0,0,0,26,0,0,0,0,0,0,0,0,0,0,None,0,0,0.346,0,0,0,40.299734693877554,1,0,02/02/2025 05:13,0,0,0
71,0,0,0,0,0,0,0,02/02/2025 05:20,0,1,0,0,16.381836734693877,0,0,0,518,38,1.4776326530612245,0,0,0,0.022088,2,0,0,0,0,0,0,0,Success,0,0,0,0,0,0,0,5.144808063,None,02/02/2025 05:28,6.28.1,0,365,0,2025-02-01 N,02/02/2025 05:29,None,0,0,464,1,0,61,0,0.032756679,0,6.28.1,None,0,518,518,260,0,165,5,0,0,0,0,16.381836734693877,0,55,0,41.65726530612245,0,0,0,26,0,0,0,0,0,0,0,0,0,0,None,0,0,0.333,0,0,0,41.72377551020408,1,0,02/02/2025 05:22,0,0,0
101,0,0,0,0,0,0,0,02/02/2025 05:29,0,1,0,0,15.604468085106383,0,0,0,487,40,3.189468085106383,0,0,0,0.035058,2,0,0,0,0,0,0,0,Success,0,0,0,0,0,0,0,5.231359097,None,02/02/2025 05:36,6.28.1,0,312,0,2025-02-01 N,02/02/2025 05:37,None,0,0,428,1,0,91,0,0.043011627,0,6.28.1,None,0,487,487,191,0,165,5,0,0,0,0,15.604468085106383,0,42,0,39.18531914893617,0,0,0,27,0,0,0,0,0,0,0,0,0,0,None,0,0,0.32,0,0,0,39.11321276595744,1,0,02/02/2025 05:30,0,0,0
73,0,0,0,0,0,0,0,02/02/2025 05:37,0,1,0,0,16.545882352941177,0,0,0,809,176,1.5430588235294118,0,0,0,0.02241,2,0,0,0,0,0,0,0,Success,0,0,0,0,0,0,0,5.361986292,None,02/02/2025 05:47,6.28.1,0,369,0,2025-02-01 N,02/02/2025 05:50,None,0,0,629,1,0,63,0,0.016031219,0,6.28.1,None,0,809,809,263,0,165,5,0,0,0,0,16.545882352941177,0,54,0,40.65649019607844,0,0,0,26,0,0,0,0,0,0,0,0,0,0,None,0,0,0.352,0,0,0,39.94850980392157,1,0,02/02/2025 05:41,0,0,0
81,0,0,0,0,0,0,0,02/02/2025 05:50,0,1,0,0,15.393235294117646,0,0,0,607,40,2.0998823529411763,0,0,0,0.025779,2,0,0,0,0,0,0,0,Success,0,0,0,0,0,0,0,5.411115412,None,02/02/2025 05:59,6.28.1,0,354,0,2025-02-01 N,02/02/2025 06:00,None,0,0,665,1,0,70,0,0.062369865,0,6.28.1,None,0,607,607,217,0,165,5,0,0,0,0,15.393235294117646,0,79,0,40.77621568627451,0,0,0,26,0,0,0,0,0,0,0,0,0,0,None,0,0,0.346,0,0,0,40.022411764705886,1,0,02/02/2025 05:53,0,0,0
71,0,0,0,0,0,0,0,02/02/2025 06:00,0,1,0,0,16.602899999999998,0,0,0,582,39,1.27762,0,0,0,0.018193,2,0,0,0,0,0,0,0,Success,0,0,0,0,0,0,0,5.216660426,None,02/02/2025 06:09,6.28.1,0,422,0,2025-02-02 D,02/02/2025 06:10,None,0,0,518,1,0,61,0,0.03138471,0,6.28.1,None,0,582,582,307,0,165,5,0,0,0,0,16.602899999999998,0,66,0,41.476940000000006,0,0,0,26,0,0,0,0,0,0,0,0,0,0,None,0,0,0.307,0,0,0,39.83506,1,0,02/02/2025 06:02,0,0,0
70,0,0,0,0,0,0,0,02/02/2025 06:10,0,1,0,0,15.907346938775511,0,0,0,542,38,1.3794489795918368,0,0,0,0.020669,2,0,0,0,0,0,0,0,Success,0,0,0,0,0,0,0,5.125936988,None,02/02/2025 06:18,6.28.1,0,374,0,2025-02-02 D,02/02/2025 06:19,None,0,0,477,1,0,60,0,0.056824291,0,6.28.1,None,0,542,542,266,0,165,15,0,0,0,0,15.907346938775511,0,62,0,40.89404081632653,0,0,0,25,0,0,0,0,0,0,0,0,0,0,None,0,0,0.341,0,0,0,40.82044897959184,1,0,02/02/2025 06:12,0,0,0
71,0,0,0,0,0,0,0,02/02/2025 06:19,0,1,0,0,16.451326530612246,0,0,0,651,38,1.404204081632653,0,0,0,0.020945,2,0,0,0,6,0,0,0,Success,0,0,0,0,0,0,0,5.053026222,None,02/02/2025 06:29,6.28.1,0,380,0,2025-02-02 D,02/02/2025 06:30,None,0,0,605,1,0,61,0,0.043829214,0,6.28.1,None,0,657,657,272,0,165,4,0,0,0,0,16.451326530612246,0,59,0,40.48948979591837,0,0,0,25,0,0,0,0,0,0,0,0,0,0,None,0,0,0.314,0,0,0,41.981367346938775,1,0,02/02/2025 06:23,0,0,0
70,0,0,0,0,0,0,0,02/02/2025 06:30,0,1,0,0,16.731428571428573,0,0,0,524,38,1.5037551020408162,0,0,0,0.022282,2,0,0,0,0,0,0,0,Success,0,0,0,0,0,0,0,5.046066785,None,02/02/2025 06:38,6.28.1,0,369,0,2025-02-02 D,02/02/2025 06:39,None,0,0,469,1,0,60,0,0.039560081,0,6.28.1,None,0,524,524,267,0,165,5,0,0,0,0,16.731428571428573,0,53,0,41.14475510204082,0,0,0,25,0,0,0,0,0,0,0,0,0,0,None,0,0,0.33,0,0,0,40.87059184,1,0,02/02/2025 06:32,0,0,0
72,0,0,0,0,0,0,0,02/02/2025 06:39,0,1,0,0,7.665,0,0,0,555,39,2.6306666666666665,0,0,0,0.023101,2,0,0,0,0,0,0,0,Success,0,0,0,0,0,0,0,5.146477339,None,02/02/2025 06:55,6.28.1,0,862,0,2025-02-02 D,02/02/2025 06:56,None,0,924,970,1,0,62,0,0.040162171,0,6.28.1,None,0,1019,95,296,0,165,5,0,0,0,0,7.665,0,47,0,36.519666666666666,0,0,0,26,0,0,0,0,0,0,0,0,0,0,None,0,0,0.327,0,0,0,33.041000000000004,1,0,02/02/2025 06:40,0,0,0
71,0,0,0,0,0,0,0,02/02/2025 06:56,0,1,0,0,15.796224489795918,0,0,0,593,38,1.7804285714285715,0,0,0,0.026589,2,0,0,0,0,0,0,0,Success,0,0,0,0,0,0,0,5.179852314,None,02/02/2025 07:05,6.28.1,0,329,0,2025-02-02 D,02/02/2025 07:06,None,0,593,536,1,0,61,0,0.062289646,0,6.28.1,None,0,593,0,232,0,165,5,0,0,0,0,15.796224489795918,0,55,0,40.91083673469388,0,0,0,25,0,0,0,0,0,0,0,0,0,0,None,0,0,0.388,0,0,0,40.913428571428575,1,0,02/02/2025 06:59,0,0,0
72,0,0,0,0,0,0,0,02/02/2025 07:19,0,1,0,0,16.1478,0,0,0,551,38,1.5452000000000001,0,0,0,0.021479,2,0,0,0,54,0,0,0,Success,0,0,0,0,0,0,0,5.154748878,None,02/02/2025 07:51,6.28.1,0,377,0,2025-02-02 D,02/02/2025 07:52,None,0,1446,1910,1,0,62,0,0.048166379,0,6.28.1,None,0,1958,512,279,0,165,5,0,0,0,0,16.1478,0,56,0,40.967479999999995,0,0,0,25,0,0,0,0,0,0,0,0,0,0,None,0,0,0.361,0,0,0,42.017300000000006,1,0,02/02/2025 07:45,0,0,0
70,0,0,0,0,0,0,0,02/02/2025 07:52,0,1,0,0,16.370816326530612,0,0,0,564,38,1.2999795918367347,0,0,0,0.019258,2,0,0,0,0,0,0,0,Success,0,0,0,0,0,0,0,5.057760868,None,02/02/2025 08:00,6.28.1,0,404,0,2025-02-02 D,02/02/2025 08:01,None,0,0,506,1,0,60,0,0.038078866,0,6.28.1,None,0,564,564,295,0,165,4,0,0,0,0,16.370816326530612,0,60,0,41.16216326530612,0,0,0,25,0,0,0,0,0,0,0,0,0,0,None,0,0,0.328,0,0,0,41.29561224489796,1,0,02/02/2025 07:54,0,0,0
71,0,0,0,0,0,0,0,02/02/2025 08:01,0,1,0,0,16.290937500000002,0,0,0,582,37,1.5305208333333333,0,0,0,0.022373,2,0,0,0,0,0,0,0,Success,0,0,0,0,0,0,0,5.049906732,None,02/02/2025 08:10,6.28.1,0,366,0,2025-02-02 D,02/02/2025 08:11,None,0,0,510,1,0,61,0,0.02,0,6.28.1,None,0,582,582,252,0,165,4,0,0,0,0,16.290937500000002,0,65,0,41.07329166666667,0,0,0,25,0,0,0,0,0,0,0,0,0,0,None,0,0,0.316,0,0,0,40.57804166666667,1,0,02/02/2025 08:04,0,0,0
71,0,0,0,0,0,0,0,02/02/2025 08:11,0,1,0,0,16.03346939,0,0,5119,506,38,1.5409387755102042,0,0,0,0.022855,2,0,0,0,916,0,0,0,Success,0,0,0,0,0,0,0,5.098703463,None,02/02/2025 08:19,6.28.1,0,354,0,2025-02-02 D,02/02/2025 10:08,None,0,5497,456,1,0,61,106,0.016124515,0,6.28.1,None,0,7025,1528,250,0,165,5,0,0,0,0,16.03346939,0,56,0,41.334714285714284,0,0,0,26,0,0,0,0,0,0,0,0,0,0,None,0,0,0.322,0,0,0,42.74140816326531,1,0,02/02/2025 08:13,0,0,0
71,0,0,0,0,0,0,0,02/02/2025 10:32,0,1,0,0,16.3104,0,0,0,600,38,1.52558,0,0,0,0.022092,2,0,0,0,0,0,0,0,Success,0,0,0,0,0,0,0,5.23793528,None,02/02/2025 10:41,6.28.1,0,383,0,2025-02-02 D,02/02/2025 10:42,None,0,0,550,1,0,61,0,0.06706713,0,6.28.1,None,0,600,600,279,0,165,5,0,0,0,0,16.3104,0,54,0,41.58244,0,0,0,25,0,0,0,0,0,0,0,0,0,0,None,0,0,0.332,0,0,0,41.678459999999994,1,0,02/02/2025 10:34,0,0,0
71,0,0,0,0,0,0,0,02/02/2025 10:42,0,1,0,0,16.228557692307692,0,0,0,1140,39,1.2578653846153847,0,0,0,0.019104,2,0,0,0,33,0,0,0,Success,0,0,0,0,0,0,0,5.328698622,None,02/02/2025 10:52,6.28.1,0,421,0,2025-02-02 D,02/02/2025 11:14,None,0,782,602,1,0,61,0,0.085146931,0,6.28.1,None,0,1942,1160,293,0,165,4,0,0,0,0,16.228557692307692,0,78,0,41.32501923076923,0,0,0,26,0,0,0,0,0,0,0,0,0,0,None,0,0,0.336,0,0,0,42.05892307692307,1,0,02/02/2025 10:45,0,0,0
70,0,0,0,0,0,0,0,02/02/2025 11:14,0,1,0,0,15.5754,0,0,0,566,38,1.2949000000000002,0,0,0,0.018361,2,0,0,0,19,0,0,0,Success,0,0,0,0,0,0,0,5.168996905,None,02/02/2025 11:23,6.28.1,0,414,0,2025-02-02 D,02/02/2025 11:24,None,0,0,1777,1,0,60,0,0.038639358,0,6.28.1,None,0,585,585,294,0,165,5,0,0,0,0,15.5754,0,71,0,41.1601,0,0,0,25,0,0,0,0,0,0,0,0,0,0,None,0,0,0.333,0,0,0,40.85864,1,0,02/02/2025 11:16,0,0,0
70,0,0,0,0,0,0,0,02/02/2025 11:24,0,1,0,0,16.1846875,0,0,0,558,38,1.3711041666666668,0,0,0,0.01931,2,0,0,0,0,0,0,0,Success,0,0,0,0,0,0,0,5.014695604,None,02/02/2025 11:32,6.28.1,0,390,0,2025-02-02 D,02/02/2025 11:33,None,0,0,495,1,0,60,0,0.037121422,0,6.28.1,None,0,558,558,285,0,165,5,0,0,0,0,16.1846875,0,56,0,41.406708333333334,0,0,0,25,0,0,0,0,0,0,0,0,0,0,None,0,0,0.337,0,0,0,40.992416666666664,1,0,02/02/2025 11:25,0,0,0
71,0,0,0,0,0,0,0,02/02/2025 11:33,0,1,0,0,15.781530612244897,0,0,0,546,39,1.3901224489795918,0,0,0,0.019769,2,0,0,0,0,0,0,0,Success,0,0,0,0,0,0,0,5.043590289,None,02/02/2025 11:41,6.28.1,0,386,0,2025-02-02 D,02/02/2025 11:42,None,0,0,493,1,0,60,0,0.022803509,0,6.28.1,None,0,546,546,277,0,165,5,0,0,0,0,15.781530612244897,0,61,0,41.007346938775505,0,0,0,25,0,0,0,0,0,0,0,0,0,0,None,0,0,0.314,0,0,0,41.79802040816327,1,0,02/02/2025 11:35,0,0,0
73,0,0,0,0,0,0,0,02/02/2025 11:42,0,1,0,0,15.156875,0,0,0,1383,39,1.6283333333333332,0,0,0,0.018317,2,0,0,0,338,0,0,0,Success,0,0,0,0,0,0,0,5.060256318,None,02/02/2025 12:16,6.28.1,0,1924,0,2025-02-02 D,02/02/2025 12:17,None,0,1214,2029,1,0,63,0,0.008544004,0,6.28.1,None,0,2080,866,980,0,165,4,0,0,0,0,15.156875,0,47,0,39.5695,0,0,0,26,0,0,0,0,0,0,0,0,0,0,None,0,0,0.351,0,0,0,38.39725,1,0,02/02/2025 11:44,0,0,0
71,0,0,0,0,0,0,0,02/02/2025 12:17,0,1,0,0,16.28112244897959,0,0,0,522,38,1.4964081632653061,0,0,0,0.021185,2,0,0,0,0,0,0,0,Success,0,0,0,0,0,0,0,5.080723275,None,02/02/2025 12:24,6.28.1,0,369,0,2025-02-02 D,02/02/2025 12:26,None,0,0,473,1,0,61,0,0.037013511,0,6.28.1,None,0,522,522,265,0,165,4,0,0,0,0,16.28112244897959,0,53,0,41.475367346938775,0,0,0,25,0,0,0,0,0,0,0,0,0,0,None,0,0,0.321,0,0,0,41.26726530612245,1,0,02/02/2025 12:18,0,0,0
72,0,0,0,0,0,0,0,02/02/2025 12:26,0,1,0,0,16.3068,0,0,0,797,368,1.55014,0,0,0,0.022702,2,0,0,0,162,0,0,0,Success,0,0,0,0,0,0,0,5.142910071,None,02/02/2025 12:33,6.28.1,0,372,0,2025-02-02 D,02/02/2025 12:42,None,0,0,468,1,0,62,0,0.036619667,0,6.28.1,None,0,959,959,266,0,165,5,0,0,0,0,16.3068,0,56,0,40.30418,0,0,0,26,0,0,0,0,0,0,0,0,0,0,None,0,0,0.328,0,0,0,42.002939999999995,1,0,02/02/2025 12:27,0,0,0
0,0,0,0,0,0,0,0,02/02/2025 12:42,0,0,0,0,15.301973684210527,0,0,0,0,167,2.054157894736842,0,0,0,0.024756,0,0,0,0,747,0,0,0,Success,0,0,0,0,0,0,0,4.012694855,None,02/02/2025 12:51,6.28.1,0,301,0,2025-02-02 D,02/02/2025 12:54,None,0,0,0,1,0,0,0,0.049648766,0,6.28.1,None,0,747,747,0,0,165,5,0,0,0,0,15.301973684210527,0,0,0,39.447210526315786,0,0,0,0,0,0,0,0,0,0,0,0,0,0,None,0,0,0.347,0,0,0,40.929315789473684,1,0,02/02/2025 12:46,0,0,1
0,0,0,0,0,0,0,0,02/02/2025 13:03,0,0,0,0,15.614615384615385,0,0,0,0,359,1.8069743589743588,0,0,0,0.024651,0,0,0,0,782,0,0,0,Success,0,0,0,0,0,0,0,4.028401544,None,02/02/2025 13:10,6.28.1,0,304,0,2025-02-02 D,02/02/2025 13:16,None,0,0,0,1,0,0,0,0.026476405,0,6.28.1,None,0,782,782,0,0,165,4,0,0,0,0,15.614615384615385,0,0,0,38.612051282051276,0,0,0,0,0,0,0,0,0,0,0,0,0,0,None,0,0,0.35,0,0,0,40.827564102564104,1,0,02/02/2025 13:05,0,0,1
0,0,0,0,0,0,0,0,02/02/2025 13:16,0,0,0,0,15.590526315789475,0,0,0,0,566,2.128078947368421,0,0,0,0.02503,0,0,0,0,1311,0,0,0,Success,0,0,0,0,0,0,0,4.049231285,None,02/02/2025 13:28,6.28.1,0,300,0,2025-02-02 D,02/02/2025 13:38,None,0,0,0,1,0,0,0,0.002828427,0,6.28.1,None,0,1311,1311,0,0,165,5,0,0,0,0,15.590526315789475,0,0,0,39.70747368421053,0,0,0,0,0,0,0,0,0,0,0,0,0,0,None,0,0,0.338,0,0,0,40.61244736842105,1,0,02/02/2025 13:23,0,0,0
0,0,0,0,0,0,0,0,02/02/2025 13:38,0,0,0,0,15.906375,0,0,13,0,108,1.832525,0,0,0,0.022111,0,0,0,0,530,0,0,0,Success,0,0,0,0,0,0,0,4.17206975,None,02/02/2025 13:46,6.28.1,0,324,0,2025-02-02 D,02/02/2025 13:48,None,0,62,0,1,0,0,0,0.069856997,0,6.28.1,None,0,592,530,0,0,165,5,0,0,0,0,15.906375,0,0,0,38.293975,0,0,0,0,0,0,0,0,0,0,0,0,0,0,None,0,0,0.312,0,0,0,39.429225,1,0,02/02/2025 13:41,0,0,0
3520,0,0,0,0,0,0,0,02/02/2025 13:48,0,2,0,0,18.009932432432432,0,0,5849,3662,434,2.799783783783784,0,0,0,0,4,0,0,0,4397,0,0,0,Fail,0,0,0,0,0,0,0,11.72177636,None,02/02/2025 18:26,6.28.1,0,8080,0,2025-02-02 D,02/02/2025 18:34,None,0,8370,14188,1,0,821,707,-10000,0,6.28.1,None,0,17136,8766,360,0,165,5,0,0,0,0,18.009932432432432,0,87,0,42.21340541,0,0,0,0,0,0,0,0,0,0,0,0,0,0,None,0,0,-10000,0,0,0,45.230891891891886,0,0,02/02/2025 16:11,0,0,1
773,0,0,0,0,0,0,0,02/02/2025 18:34,0,3,0,0,17.375880000000002,0,0,109,1797,121,2.3740799999999997,0,0,0,0.034331,7,0,0,0,37,0,0,0,Success,0,0,0,0,0,0,0,13.26486344,None,02/02/2025 19:08,6.28.1,0,1459,0,2025-02-02 N,02/02/2025 19:11,None,0,1432,8838,1,0,763,0,0.017,0,6.28.1,None,0,2227,795,529,0,203,5,0,0,0,0,17.375880000000002,0,154,0,43.250552000000006,0,0,0,356,0,0,0,0,0,0,0,0,0,0,None,0,0,0.864,0,0,0,49.05196,1,0,02/02/2025 18:44,0,0,1
159,0,0,0,0,0,0,0,02/02/2025 19:11,0,3,0,0,17.838658536585367,0,0,0,1379,351,2.6094471544715447,0,0,0,0,4,0,0,0,150,0,0,0,Success,0,0,0,0,0,0,0,13.13321335,None,02/02/2025 19:41,6.28.1,0,1038,0,2025-02-02 N,02/02/2025 19:47,None,0,666,2226,1,0,149,0,0.045,0,6.28.1,None,0,2195,1529,515,0,203,6,0,0,0,0,17.838658536585367,0,141,0,43.98782926829268,0,0,0,135,0,0,0,0,0,0,0,0,0,0,None,0,0,0.863,0,0,0,47.11069105691057,1,0,02/02/2025 19:24,0,0,1
111,0,0,0,0,0,0,0,02/02/2025 19:47,0,3,0,0,18.012926829268295,0,0,0,1092,124,2.7667967479674793,0,0,0,0.037768,5,0,0,0,0,0,0,0,Success,0,0,0,0,0,0,0,13.10653844,None,02/02/2025 20:03,6.28.1,0,840,0,2025-02-02 N,02/02/2025 20:05,None,0,0,1210,1,0,101,0,0.009055385,0,6.28.1,None,0,1092,1092,476,0,203,4,0,0,0,0,18.012926829268295,0,136,0,43.35372357723577,0,0,0,109,0,0,0,0,0,0,0,0,0,0,None,0,0,0.833,0,0,0,45.664731707317074,1,0,02/02/2025 19:49,0,0,1
210,0,0,0,0,0,0,0,02/02/2025 20:05,0,3,0,0,17.156000000000002,0,0,0,1633,124,2.8021866666666666,0,0,0,0.040243,7,0,0,0,273,0,0,0,Success,0,0,0,0,0,0,0,13.25365783,None,02/02/2025 20:41,6.28.1,0,1960,0,2025-02-02 N,02/02/2025 20:44,None,0,389,1718,1,0,200,0,0.069856996,0,6.28.1,None,0,2295,1906,524,0,203,5,0,0,0,0,17.156000000000002,0,138,0,41.13872,0,0,0,402,0,0,0,0,0,0,0,0,0,0,None,0,0,0.877,0,0,0,42.39396,1,0,02/02/2025 20:08,0,0,0
1095,0,0,0,0,0,0,0,02/02/2025 20:44,0,4,0,0,16.7392,0,0,0,2381,187,2.9170666666666665,0,0,0,0.039051,6,0,0,0,960,0,0,0,Success,0,0,0,0,0,0,0,13.08283773,None,02/02/2025 21:36,6.28.1,0,2927,0,2025-02-02 N,02/02/2025 21:39,None,0,0,3601,1,0,1085,0,0.060008332,0,6.28.1,None,0,3341,3341,622,0,203,4,0,0,0,0,16.7392,0,116,0,41.816226666666665,0,0,0,115,0,0,0,0,0,0,0,0,0,0,None,0,0,0.818,0,0,0,42.51332,1,0,02/02/2025 20:47,0,0,1
145,0,0,0,0,0,0,0,02/02/2025 21:39,0,3,0,0,12.138157894736842,0,0,0,1035,124,3.119263157894737,0,0,0,0.041976,4,0,0,0,0,0,0,0,Success,0,0,0,0,0,0,0,13.0018904,None,02/02/2025 22:02,6.28.1,0,1240,0,2025-02-02 N,02/02/2025 22:04,None,0,1276,1421,1,0,135,0,0.021377558,0,6.28.1,None,0,1496,220,430,0,203,5,0,0,0,0,12.138157894736842,0,129,0,38.57968421052632,0,0,0,110,0,0,0,0,0,0,0,0,0,0,None,0,0,0.825,0,0,0,38.59963157894737,1,0,02/02/2025 21:41,0,0,0
170,0,0,0,0,0,0,0,02/02/2025 22:04,0,3,0,0,18.209877049180328,0,0,0,1245,124,2.9063360655737704,0,0,0,0.041043,6,0,0,0,0,0,0,0,Success,0,0,0,0,0,0,0,13.0268794,None,02/02/2025 22:22,6.28.1,0,993,0,2025-02-02 N,02/02/2025 22:25,None,0,1245,885,1,0,160,0,0.01640122,0,6.28.1,None,0,1245,0,462,0,203,5,0,0,0,0,18.209877049180328,0,120,0,43.62604918032787,0,0,0,109,0,0,0,0,0,0,0,0,0,0,None,0,0,0.851,0,0,0,45.08968032786885,1,0,02/02/2025 22:06,0,0,1
145,0,0,0,0,0,0,0,02/02/2025 22:25,0,3,0,0,17.579274193548386,0,0,0,1256,124,2.7420887096774194,0,0,0,0.038309,4,0,0,0,24,0,0,0,Success,0,0,0,0,0,0,0,13.157905,None,02/02/2025 22:44,6.28.1,0,885,0,2025-02-02 N,02/02/2025 22:46,None,0,927,1385,1,0,135,0,0.034132096,0,6.28.1,None,0,1280,353,443,0,203,5,0,0,0,0,17.579274193548386,0,144,0,43.27195161290322,0,0,0,111,0,0,0,0,0,0,0,0,0,0,None,0,0,0.817,0,0,0,46.85191935483871,1,0,02/02/2025 22:29,0,0,0
501,0,0,0,0,0,0,0,02/02/2025 22:46,0,3,0,0,18.018720000000002,0,0,0,1541,155,2.789192,0,0,0,0.03898,5,0,0,0,0,0,0,0,Success,0,0,0,0,0,0,0,13.15709003,None,02/02/2025 23:09,6.28.1,0,1250,0,2025-02-02 N,02/02/2025 23:12,None,0,0,1068,1,0,116,0,0.015132746,0,6.28.1,None,0,1541,1541,565,0,203,7,0,0,0,0,18.018720000000002,0,126,0,43.67832,0,0,0,111,0,0,0,0,0,0,0,0,0,0,None,0,0,0.814,0,0,0,47.644752,1,0,02/02/2025 22:48,0,0,0
1010,0,0,0,0,0,0,0,02/02/2025 23:12,0,4,0,0,17.434625,0,0,0,1416,124,3.1543916666666667,0,0,0,0.040288,6,0,0,0,727,0,0,0,Fail,0,0,0,0,0,0,0,12.97160719,None,02/02/2025 23:53,6.28.1,0,1757,0,2025-02-02 N,02/02/2025 23:56,None,0,1228,2860,0,0,1000,0,0.029966648,0,6.28.1,None,0,2620,1392,523,0,203,4,0,0,0,0,17.434625,0,105,0,41.71240833333333,0,0,0,111,0,0,0,0,0,0,0,0,0,0,None,0,0,0.769,0,0,0,50.94241666666667,1,0,02/02/2025 23:24,0,0,1
285,0,0,0,0,0,0,0,03/02/2025 00:23,0,3,0,0,18.176651785714288,0,0,0,2205,128,2.8765,0,0,0,0.037952,7,0,0,0,72,0,0,0,Success,0,0,0,0,0,0,0,13.34191924,None,03/02/2025 01:07,6.28.1,0,2413,0,2025-02-02 N,03/02/2025 01:10,None,0,1133,2812,1,0,275,0,0.018601076,0,6.28.1,None,0,2780,1647,582,0,203,5,0,0,0,0,18.176651785714288,0,144,0,43.289187500000004,0,0,0,306,0,0,0,0,0,0,0,0,0,0,None,0,0,0.912,0,0,0,46.00197321428571,1,0,03/02/2025 00:27,0,0,1
855,0,0,0,0,0,0,0,03/02/2025 01:10,0,1,0,0,12.745714285714286,0,0,2458,1806,133,2.8698214285714285,0,0,0,0.041992,2,0,0,0,2853,0,0,0,Success,0,0,0,0,0,0,0,13.28914881,None,03/02/2025 03:18,6.28.1,0,2179,0,2025-02-02 N,03/02/2025 03:21,None,0,4873,1213,1,0,855,146,1.669215684,0,6.28.1,None,0,7872,2999,444,0,203,3,0,0,0,0,12.745714285714286,0,29,0,37.30853571428571,0,0,0,0,0,0,0,0,0,0,0,0,0,0,None,0,0,0.873,0,0,0,41.967642857142856,1,0,03/02/2025 02:42,0,0,0
364,0,0,0,0,0,0,0,03/02/2025 03:21,0,3,0,0,17.73384,0,0,0,1648,122,2.9622640000000002,0,0,0,0.040461,6,0,0,0,18,0,0,0,Success,0,0,0,0,0,0,0,13.25472942,None,03/02/2025 03:46,6.28.1,0,1361,0,2025-02-02 N,03/02/2025 03:49,None,0,0,8139,1,0,354,0,0.036400549,0,6.28.1,None,0,1666,1666,501,0,203,5,0,0,0,0,17.73384,0,141,0,43.270455999999996,0,0,0,357,0,0,0,0,0,0,0,0,0,0,None,0,0,0.932,0,0,0,48.602392,1,0,03/02/2025 03:23,0,0,0
132,0,0,0,0,0,0,0,03/02/2025 03:49,0,3,0,0,17.349314516129034,0,0,0,1057,124,2.6621774193548386,0,0,0,0.03819,4,0,0,0,150,0,0,0,Success,0,0,0,0,0,0,0,13.18542392,None,03/02/2025 04:06,6.28.1,0,960,0,2025-02-02 N,03/02/2025 04:09,None,0,0,1466,1,0,122,0,0.048600411,0,6.28.1,None,0,1207,1207,450,0,203,5,0,0,0,0,17.349314516129034,0,139,0,44.02492741935484,0,0,0,109,0,0,0,0,0,0,0,0,0,0,None,0,0,0.814,0,0,0,49.806395161290325,1,0,03/02/2025 03:50,0,0,0
237,0,0,0,0,0,0,0,03/02/2025 04:09,0,3,0,0,18.05060975609756,0,0,0,1122,124,2.7001463414634146,0,0,0,0.038705,4,0,0,0,0,0,0,0,Success,0,0,0,0,0,0,0,13.083678,None,03/02/2025 04:31,6.28.1,0,864,0,2025-02-02 N,03/02/2025 04:34,None,0,1419,1273,1,0,227,0,0.02596151,0,6.28.1,None,0,1503,84,450,0,203,5,0,0,0,0,18.05060975609756,0,134,0,44.273837398373985,0,0,0,109,0,0,0,0,0,0,0,0,0,0,None,0,0,0.811,0,0,0,49.324203252032525,1,0,03/02/2025 04:17,0,0,0
238,0,0,0,0,0,0,0,03/02/2025 04:34,0,2,0,0,17.528009708737866,0,0,3313,2940,9330,2.851466019417476,0,0,0,0,2,0,0,0,2602,0,0,0,Fail,0,0,0,0,0,0,0,10.94415798,None,03/02/2025 04:50,6.28.1,0,848,0,2025-02-02 N,03/02/2025 07:25,None,0,5751,1102,1,0,238,9,0.057314919,0,6.28.1,None,0,10295,4544,430,0,203,5,0,0,0,0,17.528009708737866,0,105,0,42.39617475728155,0,0,0,0,0,0,0,0,0,0,0,0,0,0,None,0,0,-1.39,0,0,0,47.19406796116505,0,0,03/02/2025 04:36,0,0,1
224,0,0,0,0,0,0,0,03/02/2025 07:25,0,3,0,0,16.22784,0,0,1846,1248,124,2.522904,0,0,0,0.034503,4,0,0,0,155,0,0,0,Success,0,0,0,0,0,0,0,13.24273601,None,03/02/2025 08:21,6.28.1,0,906,0,2025-02-03 D,03/02/2025 08:24,None,0,2102,12516,1,0,214,0,0.072006945,0,6.28.1,None,0,3505,1403,474,0,203,5,0,0,0,0,16.22784,0,172,0,41.665856,0,0,0,110,0,0,0,0,0,0,0,0,0,0,None,0,0,0.81,0,0,0,60.522808,1,0,03/02/2025 08:06,0,0,1
166,0,0,0,0,0,0,0,03/02/2025 08:24,0,3,0,0,16.61832,0,0,0,1066,123,2.684624,0,0,0,0.037428,4,0,0,0,0,0,0,0,Success,0,0,0,0,0,0,0,13.31615091,None,03/02/2025 08:39,6.28.1,0,803,0,2025-02-03 D,03/02/2025 08:42,None,0,0,894,1,0,156,0,0.036878178,0,6.28.1,None,0,1066,1066,427,0,203,5,0,0,0,0,16.61832,0,171,0,42.266048000000005,0,0,0,109,0,0,0,0,0,0,0,0,0,0,None,0,0,0.85,0,0,0,57.023559999999996,1,0,03/02/2025 08:26,0,0,0
626,0,0,0,0,0,0,0,03/02/2025 08:42,0,3,0,0,16.503698630136984,0,0,0,1489,123,3.335136986,0,0,0,0.042096,7,0,0,0,305,0,0,0,Success,0,0,0,0,0,0,0,13.35521325,None,03/02/2025 09:09,6.28.1,0,1545,0,2025-02-03 D,03/02/2025 09:12,None,0,0,1357,1,0,616,0,0.051662365,0,6.28.1,None,0,1794,1794,521,0,203,5,0,0,0,0,16.503698630136984,0,131,0,40.80601369863014,0,0,0,270,0,0,0,0,0,0,0,0,0,0,None,0,0,0.877,0,0,0,50.65943835616439,1,0,03/02/2025 08:43,0,0,0
0,0,0,0,0,0,0,0,03/02/2025 10:43,0,0,0,0,15.233955223880596,0,0,2003,0,156,2.772,0,0,0,0.080139,0,0,0,0,0,0,0,0,Success,0,0,0,0,0,0,0,14.90505193,None,03/02/2025 11:12,6.28.1,0,1634,0,2025-02-03 D,03/02/2025 11:16,None,0,2003,0,1,0,0,0,0.073600272,0,6.28.1,None,0,2003,0,0,0,203,5,0,0,0,0,15.233955223880596,0,0,0,34.30798507462686,0,0,0,0,0,0,0,0,0,0,0,0,0,0,None,0,0,2.591,0,0,0,50.486298507462685,1,0,03/02/2025 10:45,0,0,0
128,0,0,0,0,0,0,0,03/02/2025 11:16,0,1,0,0,15.450661764705883,0,0,12465,1965,3733,2.7098088235294115,0,0,0,0,0,0,0,0,17605,0,0,0,Fail,0,0,0,0,0,0,0,7.216354273,None,03/02/2025 19:59,6.28.1,0,747,0,2025-02-03 N,03/02/2025 21:02,None,0,12925,37379,1,0,0,2670,7.033932898,0,6.28.1,None,0,35165,22240,738,0,203,20,0,0,0,0,15.450661764705883,0,27,0,34.709676470588235,0,0,0,0,0,0,0,0,0,0,0,0,0,0,None,0,0,-4.307,0,0,0,47.79410294117647,0,0,03/02/2025 19:47,0,0,0
258,0,0,0,0,0,0,0,03/02/2025 21:02,0,6,0,0,15.860600000000002,0,0,570,1698,1489,3.1633333333333336,0,0,0,0.039436,8,0,0,0,2064,0,0,0,Success,0,0,0,0,0,0,0,13.38690099,None,03/02/2025 21:51,6.28.1,0,2034,0,2025-02-03 N,03/02/2025 22:16,None,0,589,6621,1,0,248,78,0.039357337,0,6.28.1,None,0,4429,3840,646,0,203,5,0,0,0,0,15.860600000000002,0,124,0,35.417480000000005,0,0,0,29,0,0,0,0,0,0,0,0,0,0,None,0,0,0.83,0,0,0,45.943799999999996,1,0,03/02/2025 21:17,0,0,1
164,0,0,0,0,0,0,0,03/02/2025 22:16,0,2,0,0,16.844732142857143,0,0,52421,1207,39,1.687357142857143,0,0,0,0.019032,3,0,0,0,16321,0,0,0,Success,0,0,0,0,0,0,0,5.801136527,None,05/02/2025 07:59,6.28.1,0,577,0,2025-02-05 D,05/02/2025 08:01,None,0,56010,122857,1,0,154,47936,-10000,0,6.28.1,None,0,121474,65464,308,0,203,6,0,0,0,0,16.844732142857143,0,62,0,48.32317857142857,0,0,0,27,0,0,0,0,0,0,0,0,0,0,None,0,0,-10000,0,0,0,43.40823214285714,1,0,05/02/2025 07:50,0,0,1
73,0,0,0,0,0,0,0,05/02/2025 08:01,0,1,0,0,17.424107142857142,0,0,0,583,39,1.4606607142857142,0,0,0,0.020661,2,0,0,0,0,0,0,0,Success,0,0,0,0,0,0,0,5.817770879,None,05/02/2025 08:09,6.28.1,0,427,0,2025-02-05 D,05/02/2025 08:10,None,0,0,445,1,0,63,0,0.030016662,0,6.28.1,None,0,583,583,244,0,203,7,0,0,0,0,17.424107142857142,0,134,0,42.28601785714285,0,0,0,27,0,0,0,0,0,0,0,0,0,0,None,0,0,0.8,0,0,0,41.74198214285714,1,0,05/02/2025 08:02,0,0,1
78,0,0,0,0,0,0,0,05/02/2025 08:10,0,1,0,0,18.333214285714288,0,0,0,536,39,1.9842142857142857,0,0,0,0.022417,2,0,0,0,0,0,0,0,Success,0,0,0,0,0,0,0,5.830052315,None,05/02/2025 08:18,6.28.1,0,381,0,2025-02-05 D,05/02/2025 08:19,None,0,0,396,1,0,68,0,0.036400549,0,6.28.1,None,0,536,536,183,0,203,6,0,0,0,0,18.333214285714288,0,143,0,41.761714285714284,0,0,0,26,0,0,0,0,0,0,0,0,0,0,None,0,0,0.822,0,0,0,40.97330357142857,1,0,05/02/2025 08:12,0,0,0
73,0,0,0,0,0,0,0,05/02/2025 08:19,0,1,0,0,17.68794642857143,0,0,0,483,40,1.8209107142857144,0,0,0,0.025633,2,0,0,0,0,0,0,0,Success,0,0,0,0,0,0,0,5.826886476,None,05/02/2025 08:26,6.28.1,0,330,0,2025-02-05 D,05/02/2025 08:27,None,0,0,367,1,0,63,0,0.008062258,0,6.28.1,None,0,483,483,164,0,203,5,0,0,0,0,17.68794642857143,0,117,0,42.050267857142856,0,0,0,27,0,0,0,0,0,0,0,0,0,0,None,0,0,0.817,0,0,0,41.7675,1,0,05/02/2025 08:21,0,0,0
72,0,0,0,0,0,0,0,05/02/2025 08:27,0,1,0,0,17.507142857142856,0,0,0,469,40,2.1160535714285715,0,0,0,0.026769,2,0,0,0,0,0,0,0,Success,0,0,0,0,0,0,0,5.871702053,None,05/02/2025 08:34,6.28.1,0,318,0,2025-02-05 D,05/02/2025 08:35,None,0,0,344,1,0,62,0,0.008544004,0,6.28.1,None,0,469,469,146,0,203,5,0,0,0,0,17.507142857142856,0,123,0,42.26398214285714,0,0,0,27,0,0,0,0,0,0,0,0,0,0,None,0,0,0.83,0,0,0,40.33680357142857,1,0,05/02/2025 08:29,0,0,0
72,0,0,0,0,0,0,0,05/02/2025 08:55,0,1,0,0,18.073157894736845,0,0,0,481,39,1.847140350877193,0,0,0,0.02604,2,0,0,0,0,0,0,0,Success,0,0,0,0,0,0,0,5.904472203,None,05/02/2025 09:02,6.28.1,0,327,0,2025-02-05 D,05/02/2025 09:03,None,0,0,375,1,0,62,0,0.024020824,0,6.28.1,None,0,481,481,173,0,203,6,0,0,0,0,18.073157894736845,0,105,0,41.325947368421055,0,0,0,27,0,0,0,0,0,0,0,0,0,0,None,0,0,0.822,0,0,0,40.99670175438596,1,0,05/02/2025 08:56,0,0,1
109,0,0,0,0,0,0,0,05/02/2025 09:03,0,2,0,0,17.079375000000002,0,0,0,947,40,1.6835357142857144,0,0,0,0.013919,3,0,0,0,0,0,0,0,Success,0,0,0,0,0,0,0,5.845642993,None,05/02/2025 09:17,6.28.1,0,799,0,2025-02-05 D,05/02/2025 09:19,None,0,0,855,1,0,99,0,0.008246212,0,6.28.1,None,0,947,947,164,0,203,5,0,0,0,0,17.079375000000002,0,90,0,47.30955357142857,0,0,0,27,0,0,0,0,0,0,0,0,0,0,None,0,0,0.828,0,0,0,44.04775,1,0,05/02/2025 09:04,0,0,1
73,0,0,0,0,0,0,0,05/02/2025 09:19,0,1,0,0,17.507454545454546,0,0,0,464,39,1.9712181818181818,0,0,0,0.028019,2,0,0,0,0,0,0,0,Success,0,0,0,0,0,0,0,5.863007078,None,05/02/2025 09:25,6.28.1,0,308,0,2025-02-05 D,05/02/2025 09:26,None,0,0,355,1,0,63,0,0.018788294,0,6.28.1,None,0,464,464,145,0,203,5,0,0,0,0,17.507454545454546,0,112,0,41.72067272727273,0,0,0,27,0,0,0,0,0,0,0,0,0,0,None,0,0,0.85,0,0,0,38.61414545454545,1,0,05/02/2025 09:20,0,0,1
73,0,0,0,0,0,0,0,05/02/2025 09:26,0,1,0,0,17.559375,0,0,0,474,39,1.8093214285714285,0,0,0,0.027252,2,0,0,0,0,0,0,0,Success,0,0,0,0,0,0,0,5.920940804,None,05/02/2025 09:33,6.28.1,0,317,0,2025-02-05 D,05/02/2025 09:34,None,0,0,367,1,0,63,0,0.034785054,0,6.28.1,None,0,474,474,161,0,203,5,0,0,0,0,17.559375,0,105,0,41.98121428571428,0,0,0,27,0,0,0,0,0,0,0,0,0,0,None,0,0,0.836,0,0,0,38.07751785714286,1,0,05/02/2025 09:28,0,0,1
73,0,0,0,0,0,0,0,05/02/2025 09:34,0,1,0,0,18.10098214285714,0,0,0,492,39,1.7579464285714284,0,0,0,0.025208,2,0,0,0,0,0,0,0,Success,0,0,0,0,0,0,0,5.910815511,None,05/02/2025 09:41,6.28.1,0,339,0,2025-02-05 D,05/02/2025 09:42,None,0,0,382,1,0,63,0,0.069,0,6.28.1,None,0,492,492,176,0,203,5,0,0,0,0,18.10098214285714,0,111,0,41.94805357142857,0,0,0,27,0,0,0,0,0,0,0,0,0,0,None,0,0,0.85,0,0,0,39.33701785714286,1,0,05/02/2025 09:36,0,0,1
72,0,0,0,0,0,0,0,05/02/2025 09:51,0,1,0,0,17.835775862068964,0,0,0,503,39,1.6080172413793103,0,0,0,0.024302,2,0,0,0,0,0,0,0,Success,0,0,0,0,0,0,0,6.024023074,None,05/02/2025 09:58,6.28.1,0,345,0,2025-02-05 D,05/02/2025 09:59,None,0,0,382,1,0,62,0,0.047927028,0,6.28.1,None,0,503,503,175,0,203,5,0,0,0,0,17.835775862068964,0,119,0,42.32843103448276,0,0,0,27,0,0,0,0,0,0,0,0,0,0,None,0,0,0.823,0,0,0,37.57010344827586,1,0,05/02/2025 09:52,0,0,1
74,0,0,0,0,0,0,0,05/02/2025 09:59,0,1,0,0,17.778305084745764,0,0,0,513,40,1.5888983050847458,0,0,0,0.024176,2,0,0,0,0,0,0,0,Success,0,0,0,0,0,0,0,6.088983659,None,05/02/2025 10:07,6.28.1,0,352,0,2025-02-05 D,05/02/2025 10:08,None,0,0,382,1,0,64,0,0.028160256,0,6.28.1,None,0,513,513,170,0,203,5,0,0,0,0,17.778305084745764,0,131,0,41.919254237288136,0,0,0,27,0,0,0,0,0,0,0,0,0,0,None,0,0,0.832,0,0,0,37.439,1,0,05/02/2025 10:01,0,0,1
73,0,0,0,0,0,0,0,05/02/2025 10:08,0,1,0,0,18.042457627118647,0,0,0,533,39,1.392406779661017,0,0,0,0.021902,2,0,0,0,0,0,0,0,Success,0,0,0,0,0,0,0,6.111829922,None,05/02/2025 10:16,6.28.1,0,380,0,2025-02-05 D,05/02/2025 10:17,None,0,0,408,1,0,63,0,0.035510562,0,6.28.1,None,0,533,533,201,0,203,5,0,0,0,0,18.042457627118647,0,127,0,42.42364406779661,0,0,0,27,0,0,0,0,0,0,0,0,0,0,None,0,0,0.829,0,0,0,37.81350847457627,1,0,05/02/2025 10:09,0,0,1
72,0,0,0,0,0,0,0,05/02/2025 10:17,0,1,0,0,17.967672413793103,0,0,0,550,39,1.3289655172413792,0,0,0,0.020801,2,0,0,0,0,0,0,0,Success,0,0,0,0,0,0,0,6.049372943,None,05/02/2025 10:25,6.28.1,0,392,0,2025-02-05 D,05/02/2025 10:26,None,0,0,418,1,0,62,0,0.038052596,0,6.28.1,None,0,550,550,213,0,203,5,0,0,0,0,17.967672413793103,0,130,0,42.381948275862065,0,0,0,27,0,0,0,0,0,0,0,0,0,0,None,0,0,0.817,0,0,0,37.33065517241379,1,0,05/02/2025 10:18,0,0,1
74,0,0,0,0,0,0,0,05/02/2025 10:26,0,1,0,0,16.074375,0,0,0,534,39,2.663625,0,0,0,0.023735,2,0,0,0,15,0,0,0,Success,0,0,0,0,0,0,0,6.062933366,None,05/02/2025 10:42,6.28.1,0,867,0,2025-02-05 D,05/02/2025 10:43,None,0,472,895,1,0,64,0,0.046529561,0,6.28.1,None,0,1021,549,201,0,203,5,0,0,0,0,16.074375,0,125,0,40.054875,0,0,0,26,0,0,0,0,0,0,0,0,0,0,None,0,0,0.812,0,0,0,33.407125,1,0,05/02/2025 10:27,0,0,1
73,0,0,0,0,0,0,0,05/02/2025 10:43,0,1,0,0,17.922631578947367,0,0,0,517,40,1.4669473684210526,0,0,0,0.022643,2,0,0,0,0,0,0,0,Success,0,0,0,0,0,0,0,5.937016086,None,05/02/2025 10:50,6.28.1,0,360,0,2025-02-05 D,05/02/2025 10:51,None,0,0,398,1,0,63,0,0.023086793,0,6.28.1,None,0,517,517,191,0,203,9,0,0,0,0,17.922631578947367,0,122,0,42.45733333333334,0,0,0,27,0,0,0,0,0,0,0,0,0,0,None,0,0,0.846,0,0,0,37.422122807017544,1,0,05/02/2025 10:44,0,0,1
90,0,0,0,0,0,0,0,05/02/2025 10:51,0,1,0,0,17.53,0,0,0,557,40,1.4433157894736843,0,0,0,0.020546,3,0,0,0,0,0,0,0,Success,0,0,0,0,0,0,0,5.937806582,None,05/02/2025 11:00,6.28.1,0,404,0,2025-02-05 D,05/02/2025 11:01,None,0,0,442,1,0,80,0,0.070092796,0,6.28.1,None,0,557,557,220,0,203,5,0,0,0,0,17.53,0,116,0,42.534894736842105,0,0,0,27,0,0,0,0,0,0,0,0,0,0,None,0,0,0.811,0,0,0,38.23491228070175,1,0,05/02/2025 10:53,0,0,1
93,0,0,0,0,0,0,0,05/02/2025 11:01,0,1,0,0,17.396315789473686,0,0,0,567,39,1.3748771929824561,0,0,0,0.020271,3,0,0,0,0,0,0,0,Success,0,0,0,0,0,0,0,5.941885728,None,05/02/2025 11:09,6.28.1,0,418,0,2025-02-05 D,05/02/2025 11:10,None,0,0,449,1,0,83,0,0.028635642,0,6.28.1,None,0,567,567,229,0,203,5,0,0,0,0,17.396315789473686,0,118,0,42.46142105263158,0,0,0,27,0,0,0,0,0,0,0,0,0,0,None,0,0,0.814,0,0,0,38.75473684210526,1,0,05/02/2025 11:02,0,0,1
72,0,0,0,0,0,0,0,05/02/2025 11:10,0,1,0,0,17.816315789473684,0,0,0,529,39,1.4141403508771928,0,0,0,0.021606,2,0,0,0,0,0,0,0,Success,0,0,0,0,0,0,0,5.946280014,None,05/02/2025 11:18,6.28.1,0,373,0,2025-02-05 D,05/02/2025 11:19,None,0,0,406,1,0,62,0,0.042011903,0,6.28.1,None,0,529,529,201,0,203,5,0,0,0,0,17.816315789473684,0,121,0,42.29357894736842,0,0,0,26,0,0,0,0,0,0,0,0,0,0,None,0,0,0.822,0,0,0,38.183912280701755,1,0,05/02/2025 11:12,0,0,1
71,0,0,0,0,0,0,0,05/02/2025 11:19,0,1,0,0,17.77421052631579,0,0,0,653,205,1.4019824561403509,0,0,0,0.021652,2,0,0,0,27,0,0,0,Success,0,0,0,0,0,0,0,5.91538249,None,05/02/2025 11:27,6.28.1,0,371,0,2025-02-05 D,05/02/2025 11:30,None,0,0,401,1,0,61,0,0.056035703,0,6.28.1,None,0,680,680,201,0,203,5,0,0,0,0,17.77421052631579,0,122,0,42.31528070175439,0,0,0,26,0,0,0,0,0,0,0,0,0,0,None,0,0,0.828,0,0,0,37.489456140350875,1,0,05/02/2025 11:20,0,0,1
74,0,0,0,0,0,0,0,05/02/2025 11:30,0,1,0,0,17.72625,0,0,0,885,39,1.4983392857142857,0,0,0,0.01865,2,0,0,0,1318,0,0,0,Success,0,0,0,0,0,0,0,5.746127914,None,05/02/2025 12:24,6.28.1,0,420,0,2025-02-05 D,05/02/2025 12:25,None,0,0,3281,1,0,64,1069,0.086371292,0,6.28.1,None,0,3272,3272,222,0,203,5,0,0,0,0,17.72625,0,147,0,41.93882142857143,0,0,0,26,0,0,0,0,0,0,0,0,0,0,None,0,0,0.788,0,0,0,38.78928571428571,1,0,05/02/2025 12:17,0,0,1
71,0,0,0,0,0,0,0,05/02/2025 12:25,0,1,0,0,17.672410714285714,0,0,0,535,39,1.5849464285714288,0,0,0,0.021794,2,0,0,0,0,0,0,0,Success,0,0,0,0,0,0,0,5.818701573,None,05/02/2025 12:32,6.28.1,0,368,0,2025-02-05 D,05/02/2025 12:34,None,0,0,386,1,0,61,0,0.030413812,0,6.28.1,None,0,535,535,179,0,203,5,0,0,0,0,17.672410714285714,0,140,0,42.315267857142864,0,0,0,26,0,0,0,0,0,0,0,0,0,0,None,0,0,0.851,0,0,0,39.98235714285715,1,0,05/02/2025 12:26,0,0,0
69,0,0,0,0,0,0,0,05/02/2025 12:34,0,1,0,0,17.470636363636363,0,0,0,496,38,1.787909090909091,0,0,0,0.023075,2,0,0,0,0,0,0,0,Success,0,0,0,0,0,0,0,5.784423913,None,05/02/2025 12:41,6.28.1,0,344,0,2025-02-05 D,05/02/2025 12:42,None,0,0,385,1,0,59,0,0.026870057,0,6.28.1,None,0,496,496,170,0,203,5,0,0,0,0,17.470636363636363,0,127,0,42.067218181818184,0,0,0,26,0,0,0,0,0,0,0,0,0,0,None,0,0,0.808,0,0,0,38.37321818181818,1,0,05/02/2025 12:35,0,0,0
71,0,0,0,0,0,0,0,05/02/2025 12:42,0,1,0,0,17.18672727272727,0,0,0,469,39,1.8959272727272727,0,0,0,0.027083,2,0,0,0,0,0,0,0,Success,0,0,0,0,0,0,0,5.813598025,None,05/02/2025 12:49,6.28.1,0,314,0,2025-02-05 D,05/02/2025 12:50,None,0,0,353,1,0,61,0,0.022472205,0,6.28.1,None,0,469,469,151,0,203,5,0,0,0,0,17.18672727272727,0,114,0,42.12678181818182,0,0,0,26,0,0,0,0,0,0,0,0,0,0,None,0,0,0.842,0,0,0,38.595290909090906,1,0,05/02/2025 12:44,0,0,0
70,0,0,0,0,0,0,0,05/02/2025 12:50,0,1,0,0,17.366842105263157,0,0,0,506,39,1.5505087719298247,0,0,0,0.023181,2,0,0,0,0,0,0,0,Success,0,0,0,0,0,0,0,5.885073491,None,05/02/2025 12:57,6.28.1,0,347,0,2025-02-05 D,05/02/2025 12:58,None,0,0,378,1,0,60,0,0.013,0,6.28.1,None,0,506,506,173,0,203,5,0,0,0,0,17.366842105263157,0,126,0,41.352438596491226,0,0,0,26,0,0,0,0,0,0,0,0,0,0,None,0,0,0.836,0,0,0,38.82689474,1,0,05/02/2025 12:51,0,0,0
70,0,0,0,0,0,0,0,05/02/2025 12:58,0,1,0,0,16.999285714285715,0,0,0,486,38,1.7379642857142859,0,0,0,0.024448,2,0,0,0,0,0,0,0,Success,0,0,0,0,0,0,0,5.908813502,None,05/02/2025 13:05,6.28.1,0,338,0,2025-02-05 D,05/02/2025 13:06,None,0,0,372,1,0,60,0,0.063007936,0,6.28.1,None,0,486,486,172,0,203,5,0,0,0,0,16.999285714285715,0,117,0,41.87216071428571,0,0,0,26,0,0,0,0,0,0,0,0,0,0,None,0,0,0.833,0,0,0,39.28951785714286,1,0,05/02/2025 13:00,0,0,0
72,0,0,0,0,0,0,0,05/02/2025 13:06,0,1,0,0,17.567946428571428,0,0,0,477,39,1.7064821428571428,0,0,0,0.026127,2,0,0,0,0,0,0,0,Success,0,0,0,0,0,0,0,5.881736648,None,05/02/2025 13:13,6.28.1,0,325,0,2025-02-05 D,05/02/2025 13:14,None,0,0,361,1,0,62,0,0.012165525,0,6.28.1,None,0,477,477,162,0,203,5,0,0,0,0,17.567946428571428,0,113,0,42.02630357142857,0,0,0,26,0,0,0,0,0,0,0,0,0,0,None,0,0,0.836,0,0,0,39.04323214285714,1,0,05/02/2025 13:08,0,0,0
70,0,0,0,0,0,0,0,05/02/2025 13:14,0,1,0,0,17.440982142857145,0,0,0,554,523,1.913142857142857,0,0,0,0.027023,2,0,0,0,0,0,0,0,Success,0,0,0,0,0,0,0,5.842805576,None,05/02/2025 13:21,6.28.1,0,311,0,2025-02-05 D,05/02/2025 13:30,None,0,526,353,1,0,60,0,0.03959798,0,6.28.1,None,0,950,424,145,0,203,4,0,0,0,0,17.440982142857145,0,116,0,42.18451785714286,0,0,0,31,0,0,0,0,0,0,0,0,0,0,None,0,0,0.855,0,0,0,38.74851785714286,1,0,05/02/2025 13:16,0,0,0
71,0,0,0,0,0,0,0,05/02/2025 13:30,0,1,0,0,17.486517857142857,0,0,0,492,39,1.6449642857142857,0,0,0,0.023926,2,0,0,0,0,0,0,0,Success,0,0,0,0,0,0,0,5.854857129,None,05/02/2025 13:37,6.28.1,0,339,0,2025-02-05 D,05/02/2025 13:38,None,0,492,855,1,0,61,0,0.016552945,0,6.28.1,None,0,492,0,172,0,203,4,0,0,0,0,17.486517857142857,0,118,0,42.13094642857143,0,0,0,26,0,0,0,0,0,0,0,0,0,0,None,0,0,0.879,0,0,0,38.09914285714286,1,0,05/02/2025 13:32,0,0,0
70,0,0,0,0,0,0,0,05/02/2025 13:38,0,1,0,0,17.352,0,0,0,457,38,1.8724545454545454,0,0,0,0.027148,2,0,0,0,0,0,0,0,Success,0,0,0,0,0,0,0,5.799609728,None,05/02/2025 13:45,6.28.1,0,309,0,2025-02-05 D,05/02/2025 13:46,None,0,457,349,1,0,60,0,0.030149627,0,6.28.1,None,0,457,0,152,0,203,5,0,0,0,0,17.352,0,108,0,41.77476363636364,0,0,0,26,0,0,0,0,0,0,0,0,0,0,None,0,0,0.843,0,0,0,37.48072727272727,1,0,05/02/2025 13:40,0,0,0
70,0,0,0,0,0,0,0,05/02/2025 13:46,0,1,0,0,17.334375,0,0,0,467,38,1.8576428571428572,0,0,0,0.026492,2,0,0,0,0,0,0,0,Success,0,0,0,0,0,0,0,5.848130385,None,05/02/2025 13:53,6.28.1,0,316,0,2025-02-05 D,05/02/2025 13:54,None,0,467,351,1,0,60,0,0.048259714,0,6.28.1,None,0,467,0,147,0,203,5,0,0,0,0,17.334375,0,119,0,42.089214285714284,0,0,0,26,0,0,0,0,0,0,0,0,0,0,None,0,0,0.839,0,0,0,37.99953571428572,1,0,05/02/2025 13:47,0,0,0
71,0,0,0,0,0,0,0,05/02/2025 13:54,0,1,0,0,18.103157894736842,0,0,0,486,38,1.7961578947368422,0,0,0,0.025171,2,0,0,0,0,0,0,0,Success,0,0,0,0,0,0,0,5.925953847,None,05/02/2025 14:01,6.28.1,0,336,0,2025-02-05 D,05/02/2025 14:02,None,0,486,371,1,0,61,0,0.036138622,0,6.28.1,None,0,486,0,173,0,203,5,0,0,0,0,18.103157894736842,0,113,0,42.274087719298244,0,0,0,26,0,0,0,0,0,0,0,0,0,0,None,0,0,0.813,0,0,0,36.690105263157896,1,0,05/02/2025 13:55,0,0,0
70,0,0,0,0,0,0,0,05/02/2025 14:11,0,1,0,0,18.328706896551726,0,0,0,565,39,1.5043448275862068,0,0,0,0.020347,2,0,0,0,0,0,0,0,Success,0,0,0,0,0,0,0,6.031859663,None,05/02/2025 14:20,6.28.1,0,409,0,2025-02-05 D,05/02/2025 14:21,None,0,565,442,1,0,60,0,0.048373547,0,6.28.1,None,0,565,0,239,0,203,5,0,0,0,0,18.328706896551726,0,122,0,42.13943103448276,0,0,0,27,0,0,0,0,0,0,0,0,0,0,None,0,0,0.824,0,0,0,36.16801724137931,1,0,05/02/2025 14:13,0,0,0
71,0,0,0,0,0,0,0,05/02/2025 14:21,0,1,0,0,18.423362068965517,0,0,0,566,39,1.4087068965517242,0,0,0,0.020098,2,0,0,0,0,0,0,0,Success,0,0,0,0,0,0,0,5.996855176,None,05/02/2025 14:29,6.28.1,0,410,0,2025-02-05 D,05/02/2025 14:30,None,0,566,437,1,0,61,0,0.01118034,0,6.28.1,None,0,566,0,234,0,203,5,0,0,0,0,18.423362068965517,0,127,0,42.287241379310345,0,0,0,27,0,0,0,0,0,0,0,0,0,0,None,0,0,0.858,0,0,0,37.44320689655173,1,0,05/02/2025 14:22,0,0,0
70,0,0,0,0,0,0,0,05/02/2025 14:30,0,1,0,0,17.517931034482757,0,0,0,536,39,1.3535172413793104,0,0,0,0.021036,2,0,0,0,0,0,0,0,Success,0,0,0,0,0,0,0,6.04500794,None,05/02/2025 14:38,6.28.1,0,385,0,2025-02-05 D,05/02/2025 14:39,None,0,536,406,1,0,60,0,0.054083269,0,6.28.1,None,0,536,0,204,0,203,5,0,0,0,0,17.517931034482757,0,132,0,42.118362068965524,0,0,0,26,0,0,0,0,0,0,0,0,0,0,None,0,0,0.84,0,0,0,37.879,1,0,05/02/2025 14:32,0,0,0
71,0,0,0,0,0,0,0,05/02/2025 14:39,0,1,0,0,17.713448275862067,0,0,0,526,38,1.378741379310345,0,0,0,0.021857,2,0,0,0,0,0,0,0,Success,0,0,0,0,0,0,0,5.995155711,None,05/02/2025 14:47,6.28.1,0,372,0,2025-02-05 D,05/02/2025 14:48,None,0,526,399,1,0,60,0,0.058694123,0,6.28.1,None,0,526,0,197,0,203,5,0,0,0,0,17.713448275862067,0,126,0,42.54791379310345,0,0,0,26,0,0,0,0,0,0,0,0,0,0,None,0,0,0.837,0,0,0,38.31751724137931,1,0,05/02/2025 14:41,0,0,0
70,0,0,0,0,0,0,0,05/02/2025 14:48,0,1,0,0,17.558684210526316,0,0,0,513,38,1.4182105263157894,0,0,0,0.022026,2,0,0,0,0,0,0,0,Success,0,0,0,0,0,0,0,5.954788073,None,05/02/2025 14:55,6.28.1,0,364,0,2025-02-05 D,05/02/2025 14:57,None,0,513,389,1,0,60,0,0.048414874,0,6.28.1,None,0,513,0,190,0,203,5,0,0,0,0,17.558684210526316,0,126,0,42.09135087719298,0,0,0,26,0,0,0,0,0,0,0,0,0,0,None,0,0,0.804,0,0,0,37.28891228070175,1,0,05/02/2025 14:49,0,0,0
70,0,0,0,0,0,0,0,05/02/2025 15:05,0,1,0,0,17.773189655172413,0,0,0,517,39,1.4553793103448276,0,0,0,0.022366,2,0,0,0,0,0,0,0,Success,0,0,0,0,0,0,0,6.00986697,None,05/02/2025 15:13,6.28.1,0,365,0,2025-02-05 D,05/02/2025 15:14,None,0,517,396,1,0,60,0,0.036345564,0,6.28.1,None,0,517,0,193,0,203,4,0,0,0,0,17.773189655172413,0,123,0,42.31413793103448,0,0,0,26,0,0,0,0,0,0,0,0,0,0,None,0,0,0.85,0,0,0,37.58375862068966,1,0,05/02/2025 15:07,0,0,0
70,0,0,0,0,0,0,0,05/02/2025 15:14,0,1,0,0,17.51736842105263,0,0,0,514,39,1.4472456140350876,0,0,0,0.021856,2,0,0,0,0,0,0,0,Success,0,0,0,0,0,0,0,5.92786184,None,05/02/2025 15:21,6.28.1,0,367,0,2025-02-05 D,05/02/2025 15:22,None,0,514,389,1,0,60,0,0.042520583,0,6.28.1,None,0,514,0,193,0,203,5,0,0,0,0,17.51736842105263,0,126,0,42.41219298245614,0,0,0,26,0,0,0,0,0,0,0,0,0,0,None,0,0,0.841,0,0,0,36.88914035087719,1,0,05/02/2025 15:15,0,0,0
70,0,0,0,0,0,0,0,05/02/2025 15:22,0,1,0,0,17.61605263157895,0,0,0,530,39,1.4744912280701756,0,0,0,0.021664,2,0,0,0,0,0,0,0,Success,0,0,0,0,0,0,0,5.904830311,None,05/02/2025 15:30,6.28.1,0,369,0,2025-02-05 D,05/02/2025 15:31,None,0,530,403,1,0,60,0,0.041785165,0,6.28.1,None,0,530,0,197,0,203,5,0,0,0,0,17.61605263157895,0,123,0,42.463070175438595,0,0,0,26,0,0,0,0,0,0,0,0,0,0,None,0,0,0.803,0,0,0,37.43387719298246,1,0,05/02/2025 15:24,0,0,0
71,0,0,0,0,0,0,0,05/02/2025 15:31,0,1,0,0,17.232894736842105,0,0,0,551,38,1.4876666666666667,0,0,0,0.022367,2,0,0,0,0,0,0,0,Success,0,0,0,0,0,0,0,5.921891083,None,05/02/2025 15:39,6.28.1,0,359,0,2025-02-05 D,05/02/2025 15:40,None,0,551,422,1,0,61,0,0.057428216,0,6.28.1,None,0,551,0,184,0,203,5,0,0,0,0,17.232894736842105,0,125,0,41.80659649122807,0,0,0,25,0,0,0,0,0,0,0,0,0,0,None,0,0,0.835,0,0,0,37.23647368421052,1,0,05/02/2025 15:33,0,0,0
70,0,0,0,0,0,0,0,05/02/2025 15:40,0,1,0,0,17.521339285714287,0,0,0,827,38,1.3362678571428572,0,0,0,0.018781,2,0,0,0,0,0,0,0,Success,0,0,0,0,0,0,0,5.831724531,None,05/02/2025 15:53,6.28.1,0,408,0,2025-02-05 D,05/02/2025 15:54,None,0,827,703,1,0,60,0,0.100448992,0,6.28.1,None,0,827,0,230,0,203,5,0,0,0,0,17.521339285714287,0,129,0,42.31985714285714,0,0,0,26,0,0,0,0,0,0,0,0,0,0,None,0,0,0.82,0,0,0,39.237607142857144,1,0,05/02/2025 15:46,0,0,1
78,0,0,0,0,0,0,0,05/02/2025 16:04,0,1,0,0,16.59346153846154,0,0,0,467,39,2.8482307692307693,0,0,0,0.028516,2,0,0,0,0,0,0,0,Success,0,0,0,0,0,0,0,5.735754092,None,05/02/2025 16:10,6.28.1,0,310,0,2025-02-05 D,05/02/2025 16:12,None,0,467,328,1,0,68,0,0.015811389,0,6.28.1,None,0,467,0,118,0,203,4,0,0,0,0,16.59346153846154,0,134,0,41.17584615384616,0,0,0,26,0,0,0,0,0,0,0,0,0,0,None,0,0,0.831,0,0,0,38.104173076923075,1,0,05/02/2025 16:05,0,0,0
69,0,0,0,0,0,0,0,05/02/2025 16:12,0,1,0,0,17.424,0,0,0,523,38,1.5790727272727274,0,0,0,0.021561,2,0,0,0,0,0,0,0,Success,0,0,0,0,0,0,0,5.800879675,None,05/02/2025 16:19,6.28.1,0,367,0,2025-02-05 D,05/02/2025 16:20,None,0,523,394,1,0,59,0,0.030479501,0,6.28.1,None,0,523,0,183,0,203,4,0,0,0,0,17.424,0,136,0,42.18105454545455,0,0,0,26,0,0,0,0,0,0,0,0,0,0,None,0,0,0.833,0,0,0,38.06916363636364,1,0,05/02/2025 16:13,0,0,0
75,0,0,0,0,0,0,0,05/02/2025 16:20,0,1,0,0,16.549017857142857,0,0,835,509,40,1.710857142857143,0,0,0,0.024905,2,0,0,0,7,0,0,0,Success,0,0,0,0,0,0,0,5.831356703,None,05/02/2025 16:47,6.28.1,0,1495,0,2025-02-05 D,05/02/2025 16:48,None,0,1639,1531,1,0,65,0,0.044181444,0,6.28.1,None,0,1646,7,1332,0,203,5,0,0,0,0,16.549017857142857,0,110,0,41.42314285714286,0,0,0,27,0,0,0,0,0,0,0,0,0,0,None,0,0,0.862,0,0,0,43.01783928571429,1,0,05/02/2025 16:22,0,0,0
71,0,0,0,0,0,0,0,05/02/2025 16:48,0,1,0,0,18.001052631578947,0,0,0,552,40,1.366859649122807,0,0,0,0.020033,2,0,0,0,0,0,0,0,Success,0,0,0,0,0,0,0,5.924991224,None,05/02/2025 16:56,6.28.1,0,391,0,2025-02-05 D,05/02/2025 16:57,None,0,552,404,1,0,61,0,0.033734255,0,6.28.1,None,0,552,0,192,0,203,5,0,0,0,0,18.001052631578947,0,149,0,41.93080701754386,0,0,0,27,0,0,0,0,0,0,0,0,0,0,None,0,0,0.838,0,0,0,38.711754385964916,1,0,05/02/2025 16:49,0,0,0
71,0,0,0,0,0,0,0,05/02/2025 16:57,0,1,0,0,17.28184210526316,0,0,0,517,40,1.6271754385964912,0,0,0,0.023642,2,0,0,0,0,0,0,0,Success,0,0,0,0,0,0,0,5.896613011,None,05/02/2025 17:12,6.28.1,0,348,0,2025-02-05 D,05/02/2025 17:14,None,0,1001,872,1,0,61,0,0.078721026,0,6.28.1,None,0,1001,0,172,0,203,6,0,0,0,0,17.28184210526316,0,132,0,41.37607018,0,0,0,27,0,0,0,0,0,0,0,0,0,0,None,0,0,0.932,0,0,0,38.39464912280702,1,0,05/02/2025 17:07,0,0,0
48,0,0,0,0,0,0,0,05/02/2025 17:14,0,1,0,0,17.641607142857143,0,0,0,469,477,1.739875,0,0,0,0.024413,2,0,0,0,63,0,0,0,Success,0,0,0,0,0,0,0,5.813903422,None,05/02/2025 17:20,6.28.1,0,323,0,2025-02-05 D,05/02/2025 17:29,None,0,412,361,1,0,48,383,0.054129474,0,6.28.1,None,0,915,503,161,0,203,5,0,0,0,0,17.641607142857143,0,127,0,42.01005357142857,0,0,0,20,0,0,0,0,0,0,0,0,0,0,None,0,0,0.799,0,0,0,37.80282142857143,1,0,05/02/2025 17:15,0,0,0
69,0,0,0,0,0,0,0,05/02/2025 17:29,0,1,0,0,17.421,0,0,0,501,38,1.6805272727272729,0,0,0,0.023603,2,0,0,0,0,0,0,0,Success,0,0,0,0,0,0,0,5.783656542,None,05/02/2025 17:36,6.28.1,0,345,0,2025-02-05 D,05/02/2025 17:37,None,0,0,793,1,0,59,0,0.059439044,0,6.28.1,None,0,501,501,163,0,203,4,0,0,0,0,17.421,0,133,0,41.946436363636366,0,0,0,26,0,0,0,0,0,0,0,0,0,0,None,0,0,0.808,0,0,0,39.52676363636364,1,0,05/02/2025 17:30,0,0,0
69,0,0,0,0,0,0,0,05/02/2025 17:37,0,1,0,0,16.889196428571427,0,0,0,501,39,1.704392857142857,0,0,0,0.023394,2,0,0,0,0,0,0,0,Success,0,0,0,0,0,0,0,5.858831966,None,05/02/2025 17:44,6.28.1,0,346,0,2025-02-05 D,05/02/2025 17:46,None,0,0,371,1,0,59,0,0.048662101,0,6.28.1,None,0,501,501,168,0,203,4,0,0,0,0,16.889196428571427,0,129,0,40.71325,0,0,0,26,0,0,0,0,0,0,0,0,0,0,None,0,0,0.839,0,0,0,39.49046428571428,1,0,05/02/2025 17:39,0,0,0
71,0,0,0,0,0,0,0,05/02/2025 18:07,0,1,0,0,17.09842105263158,0,0,0,512,38,1.4749473684210528,0,0,0,0.022763,2,0,0,0,0,0,0,0,Success,0,0,0,0,0,0,0,5.97063397,None,05/02/2025 18:14,6.28.1,0,360,0,2025-02-05 N,05/02/2025 18:15,None,0,0,435,1,0,61,0,0.032388269,0,6.28.1,None,0,512,512,190,0,203,4,0,0,0,0,17.09842105263158,0,121,0,42.18517543859649,0,0,0,25,0,0,0,0,0,0,0,0,0,0,None,0,0,0.831,0,0,0,41.44894736842105,1,0,05/02/2025 18:08,0,0,0
69,0,0,0,0,0,0,0,05/02/2025 18:15,0,1,0,0,16.800849056603774,0,0,0,484,39,1.5038490566037734,0,0,0,0.023343,2,0,0,0,0,0,0,0,Success,0,0,0,0,0,0,0,5.617866588,None,05/02/2025 18:22,6.28.1,0,335,0,2025-02-05 N,05/02/2025 18:23,None,0,0,381,1,0,59,0,0.042154478,0,6.28.1,None,0,484,484,180,0,203,4,0,0,0,0,16.800849056603774,0,108,0,42.04041509433962,0,0,0,26,0,0,0,0,0,0,0,0,0,0,None,0,0,0.426,0,0,0,40.791547169811324,1,0,05/02/2025 18:16,0,0,0
68,0,0,0,0,0,0,0,05/02/2025 18:23,0,1,0,0,17.077358490566038,0,0,0,519,38,1.5026415094339622,0,0,0,0.022678,2,0,0,0,330,0,0,0,Success,0,0,0,0,0,0,0,5.538953782,None,05/02/2025 18:30,6.28.1,0,340,0,2025-02-05 N,05/02/2025 18:37,None,0,0,386,1,0,58,0,0.050289164,0,6.28.1,None,0,849,849,189,0,203,4,0,0,0,0,17.077358490566038,0,105,0,42.04135849056604,0,0,0,25,0,0,0,0,0,0,0,0,0,0,None,0,0,0.336,0,0,0,40.480924528301884,1,0,05/02/2025 18:25,0,0,0
69,0,0,0,0,0,0,0,05/02/2025 18:37,0,1,0,0,16.927924528301887,0,0,0,500,39,1.4206981132075471,0,0,0,0.021637,2,0,0,0,0,0,0,0,Success,0,0,0,0,0,0,0,5.494943858,None,05/02/2025 18:44,6.28.1,0,346,0,2025-02-05 N,05/02/2025 18:46,None,0,0,750,1,0,59,0,0.049244289,0,6.28.1,None,0,500,500,195,0,203,5,0,0,0,0,16.927924528301887,0,104,0,42.137113207547166,0,0,0,26,0,0,0,0,0,0,0,0,0,0,None,0,0,0.339,0,0,0,40.693698113207546,1,0,05/02/2025 18:39,0,0,0
70,0,0,0,0,0,0,0,05/02/2025 18:46,0,1,0,0,16.78932692307692,0,0,0,488,38,1.545326923076923,0,0,0,0.023255,2,0,0,0,0,0,0,0,Success,0,0,0,0,0,0,0,5.501997274,None,05/02/2025 18:53,6.28.1,0,334,0,2025-02-05 N,05/02/2025 18:54,None,0,0,379,1,0,60,0,0.015264337,0,6.28.1,None,0,488,488,176,0,203,4,0,0,0,0,16.78932692307692,0,111,0,41.72005769230769,0,0,0,26,0,0,0,0,0,0,0,0,0,0,None,0,0,0.306,0,0,0,39.968192307692306,1,0,05/02/2025 18:47,0,0,0
67,0,0,0,0,0,0,0,05/02/2025 18:54,0,1,0,0,16.994423076923077,0,0,0,485,38,1.477153846153846,0,0,0,0.02195,2,0,0,0,0,0,0,0,Success,0,0,0,0,0,0,0,5.430934082,None,05/02/2025 19:01,6.28.1,0,340,0,2025-02-05 N,05/02/2025 19:02,None,0,0,379,1,0,57,0,0.042953463,0,6.28.1,None,0,485,485,186,0,203,4,0,0,0,0,16.994423076923077,0,107,0,42.11667307692308,0,0,0,25,0,0,0,0,0,0,0,0,0,0,None,0,0,0.322,0,0,0,40.013423076923075,1,0,05/02/2025 18:55,0,0,0
68,0,0,0,0,0,0,0,05/02/2025 19:31,0,1,0,0,16.763076923076923,0,0,0,493,38,1.4340576923076922,0,0,0,0.021788,2,0,0,0,0,0,0,0,Success,0,0,0,0,0,0,0,5.392656581,None,05/02/2025 19:38,6.28.1,0,338,0,2025-02-05 N,05/02/2025 19:39,None,0,493,393,1,0,58,0,0.029274562,0,6.28.1,None,0,493,0,190,0,203,4,0,0,0,0,16.763076923076923,0,103,0,42.105423076923074,0,0,0,26,0,0,0,0,0,0,0,0,0,0,None,0,0,0.353,0,0,0,40.7245,1,0,05/02/2025 19:33,0,0,0
69,0,0,0,0,0,0,0,05/02/2025 19:39,0,1,0,0,16.55323529411765,0,0,0,452,38,1.856686274509804,0,0,0,0.026587,2,0,0,0,0,0,0,0,Success,0,0,0,0,0,0,0,5.411965817,None,05/02/2025 19:46,6.28.1,0,298,0,2025-02-05 N,05/02/2025 19:47,None,0,452,357,1,0,59,0,0.052201533,0,6.28.1,None,0,452,0,155,0,203,5,0,0,0,0,16.55323529411765,0,96,0,41.597156862745095,0,0,0,25,0,0,0,0,0,0,0,0,0,0,None,0,0,0.336,0,0,0,40.25719607843138,1,0,05/02/2025 19:41,0,0,0
86,0,0,0,0,0,0,0,05/02/2025 19:47,0,1,0,0,16.73019230769231,0,0,0,592,39,1.4699807692307691,0,0,0,0.02082,3,0,0,0,208,0,0,0,Success,0,0,0,0,0,0,0,5.359658665,None,05/02/2025 20:08,6.28.1,0,378,0,2025-02-05 N,05/02/2025 20:09,None,0,1054,1248,1,0,76,0,0.03104835,0,6.28.1,None,0,1352,298,218,0,203,5,0,0,0,0,16.73019230769231,0,100,0,42.501384615384616,0,0,0,26,0,0,0,0,0,0,0,0,0,0,None,0,0,0.34,0,0,0,42.93063461538462,1,0,05/02/2025 20:02,0,0,0
74,0,0,0,0,0,0,0,05/02/2025 20:09,0,1,0,0,16.973365384615384,0,0,0,799,39,1.5310384615384616,0,0,0,0.019222,2,0,0,0,0,0,0,0,Success,0,0,0,0,0,0,0,5.376525737,None,05/02/2025 20:22,6.28.1,0,392,0,2025-02-05 N,05/02/2025 20:23,None,0,799,671,1,0,64,0,0.02118962,0,6.28.1,None,0,799,0,214,0,203,4,0,0,0,0,16.973365384615384,0,124,0,41.00507692307693,0,0,0,26,0,0,0,0,0,0,0,0,0,0,None,0,0,0.346,0,0,0,42.80626923076923,1,0,05/02/2025 20:15,0,0,1
69,0,0,0,0,0,0,0,05/02/2025 20:23,0,1,0,0,16.823653846153846,0,0,0,560,452,1.2997692307692306,0,0,0,0.018396,2,0,0,0,406,0,0,0,Success,0,0,0,0,0,0,0,5.348003459,None,05/02/2025 20:31,6.28.1,0,396,0,2025-02-05 N,05/02/2025 20:39,None,0,524,433,1,0,59,0,0.019104973,0,6.28.1,None,0,966,442,223,0,203,5,0,0,0,0,16.823653846153846,0,124,0,41.78776923076923,0,0,0,26,0,0,0,0,0,0,0,0,0,0,None,0,0,0.347,0,0,0,43.14328846153846,1,0,05/02/2025 20:24,0,0,0
70,0,0,0,0,0,0,0,05/02/2025 20:39,0,1,0,0,16.695588235294117,0,0,0,555,39,1.3563529411764708,0,0,0,0.017802,2,0,0,0,0,0,0,0,Success,0,0,0,0,0,0,0,5.340693307,None,05/02/2025 20:47,6.28.1,0,394,0,2025-02-05 N,05/02/2025 20:48,None,0,0,820,1,0,60,0,0.015811389,0,6.28.1,None,0,555,555,199,0,203,5,0,0,0,0,16.695588235294117,0,147,0,41.784627450980395,0,0,0,26,0,0,0,0,0,0,0,0,0,0,None,0,0,0.337,0,0,0,42.37084314,1,0,05/02/2025 20:40,0,0,0
69,0,0,0,0,0,0,0,05/02/2025 20:48,0,1,0,0,16.923173076923078,0,0,0,523,38,1.3602884615384616,0,0,0,0.019659,2,0,0,0,0,0,0,0,Success,0,0,0,0,0,0,0,5.3956918,None,05/02/2025 20:56,6.28.1,0,374,0,2025-02-05 N,05/02/2025 20:57,None,0,0,406,1,0,59,0,0.015620499,0,6.28.1,None,0,523,523,203,0,203,5,0,0,0,0,16.923173076923078,0,123,0,41.66509615384616,0,0,0,25,0,0,0,0,0,0,0,0,0,0,None,0,0,0.376,0,0,0,41.959634615384616,1,0,05/02/2025 20:50,0,0,0
69,0,0,0,0,0,0,0,05/02/2025 20:57,0,1,0,0,16.613365384615385,0,0,0,530,38,1.3034999999999999,0,0,0,0.01901,2,0,0,0,0,0,0,0,Success,0,0,0,0,0,0,0,5.399933518,None,05/02/2025 21:05,6.28.1,0,377,0,2025-02-05 N,05/02/2025 21:06,None,0,0,390,1,0,59,0,0.033837849,0,6.28.1,None,0,530,530,193,0,203,4,0,0,0,0,16.613365384615385,0,136,0,41.39763461538462,0,0,0,25,0,0,0,0,0,0,0,0,0,0,None,0,0,0.336,0,0,0,41.24594230769231,1,0,05/02/2025 20:58,0,0,0
69,0,0,0,0,0,0,0,05/02/2025 21:06,0,1,0,0,16.74264705882353,0,0,0,501,39,1.4464313725490197,0,0,0,0.021466,2,0,0,0,0,0,0,0,Success,0,0,0,0,0,0,0,5.353374543,None,05/02/2025 21:13,6.28.1,0,347,0,2025-02-05 N,05/02/2025 21:14,None,0,0,379,1,0,59,0,0.026683328,0,6.28.1,None,0,501,501,177,0,203,5,0,0,0,0,16.74264705882353,0,122,0,41.942882352941176,0,0,0,26,0,0,0,0,0,0,0,0,0,0,None,0,0,0.334,0,0,0,41.73096078431372,1,0,05/02/2025 21:07,0,0,0
70,0,0,0,0,0,0,0,05/02/2025 21:22,0,1,0,0,16.67451923076923,0,0,0,478,38,1.700673076923077,0,0,0,0.022975,2,0,0,0,0,0,0,0,Success,0,0,0,0,0,0,0,5.355772027,None,05/02/2025 21:29,6.28.1,0,327,0,2025-02-05 N,05/02/2025 21:30,None,0,0,365,1,0,59,0,0.030870698,0,6.28.1,None,0,478,478,169,0,203,4,0,0,0,0,16.67451923076923,0,109,0,41.49238461538461,0,0,0,25,0,0,0,0,0,0,0,0,0,0,None,0,0,0.332,0,0,0,40.70469230769231,1,0,05/02/2025 21:23,0,0,0
69,0,0,0,0,0,0,0,05/02/2025 21:30,0,1,0,0,16.509117647058826,0,0,0,460,38,1.7470588235294116,0,0,0,0.025568,2,0,0,0,0,0,0,0,Success,0,0,0,0,0,0,0,5.374654314,None,05/02/2025 21:36,6.28.1,0,309,0,2025-02-05 N,05/02/2025 21:38,None,0,0,357,1,0,59,0,0.034058772,0,6.28.1,None,0,460,460,154,0,203,4,0,0,0,0,16.509117647058826,0,106,0,41.65698039215686,0,0,0,25,0,0,0,0,0,0,0,0,0,0,None,0,0,0.33,0,0,0,40.571745098039216,1,0,05/02/2025 21:31,0,0,0
69,0,0,0,0,0,0,0,05/02/2025 21:38,0,1,0,0,16.84096153846154,0,0,0,473,39,1.7758076923076922,0,0,0,0.024731,2,0,0,0,0,0,0,0,Success,0,0,0,0,0,0,0,5.428908638,None,05/02/2025 21:44,6.28.1,0,313,0,2025-02-05 N,05/02/2025 21:45,None,0,0,363,1,0,59,0,0.047169906,0,6.28.1,None,0,473,473,161,0,203,4,0,0,0,0,16.84096153846154,0,103,0,41.810884615384616,0,0,0,26,0,0,0,0,0,0,0,0,0,0,None,0,0,0.32,0,0,0,40.42673076923077,1,0,05/02/2025 21:39,0,0,0
68,0,0,0,0,0,0,0,05/02/2025 21:45,0,1,0,0,16.87811320754717,0,0,0,464,38,1.8347169811320754,0,0,0,0.02593,2,0,0,0,0,0,0,0,Success,0,0,0,0,0,0,0,5.48562877,None,05/02/2025 21:52,6.28.1,0,311,0,2025-02-05 N,05/02/2025 21:53,None,0,0,362,1,0,58,0,0.012083046,0,6.28.1,None,0,464,464,158,0,203,4,0,0,0,0,16.87811320754717,0,106,0,41.347433962264155,0,0,0,26,0,0,0,0,0,0,0,0,0,0,None,0,0,0.318,0,0,0,40.76239623,1,0,05/02/2025 21:47,0,0,0
70,0,0,0,0,0,0,0,05/02/2025 21:53,0,1,0,0,17.27433962264151,0,0,0,486,39,1.5044716981132074,0,0,0,0.023219,2,0,0,0,0,0,0,0,Success,0,0,0,0,0,0,0,5.530852828,None,05/02/2025 22:00,6.28.1,0,335,0,2025-02-05 N,05/02/2025 22:01,None,0,0,385,1,0,60,0,0.020248456,0,6.28.1,None,0,486,486,181,0,203,5,0,0,0,0,17.27433962264151,0,105,0,41.99769811320755,0,0,0,26,0,0,0,0,0,0,0,0,0,0,None,0,0,0.369,0,0,0,41.479547169811326,1,0,05/02/2025 21:55,0,0,0
70,0,0,0,0,0,0,0,05/02/2025 22:01,0,2,0,0,16.56254716981132,0,0,0,740,39,1.4480943396226413,0,0,0,0.012714,2,0,0,0,75,0,0,0,Success,0,0,0,0,0,0,0,5.517784157,None,05/02/2025 22:14,6.28.1,0,662,0,2025-02-05 N,05/02/2025 22:15,None,0,0,736,1,0,60,0,0.031144823,0,6.28.1,None,0,815,815,204,0,203,4,0,0,0,0,16.56254716981132,0,77,0,47.85816981132076,0,0,0,26,0,0,0,0,0,0,0,0,0,0,None,0,0,0.333,0,0,0,40.24471698113207,1,0,05/02/2025 22:03,0,0,0
70,0,0,0,0,0,0,0,05/02/2025 22:15,0,1,0,0,17.24490566037736,0,0,0,460,38,2.0749811320754716,0,0,0,0.025773,2,0,0,0,0,0,0,0,Success,0,0,0,0,0,0,0,5.523783033,None,05/02/2025 22:21,6.28.1,0,309,0,2025-02-05 N,05/02/2025 22:23,None,0,0,364,1,0,60,0,0.037202151,0,6.28.1,None,0,460,460,160,0,203,4,0,0,0,0,17.24490566037736,0,98,0,41.47907547169812,0,0,0,26,0,0,0,0,0,0,0,0,0,0,None,0,0,0.364,0,0,0,40.77850943396226,1,0,05/02/2025 22:16,0,0,0
70,0,0,0,0,0,0,0,05/02/2025 22:23,0,1,0,0,17.069423076923076,0,0,0,490,38,1.5030961538461538,0,0,0,0.022786,2,0,0,0,0,0,0,0,Success,0,0,0,0,0,0,0,5.471946454,None,05/02/2025 22:30,6.28.1,0,334,0,2025-02-05 N,05/02/2025 22:31,None,0,0,391,1,0,60,0,0.026076809,0,6.28.1,None,0,490,490,188,0,203,5,0,0,0,0,17.069423076923076,0,97,0,41.71217307692307,0,0,0,26,0,0,0,0,0,0,0,0,0,0,None,0,0,0.335,0,0,0,41.197480769230765,1,0,05/02/2025 22:24,0,0,0
67,0,0,0,0,0,0,0,05/02/2025 22:31,0,1,0,0,17.14903846153846,0,0,0,447,39,1.5935,0,0,0,0.024976,2,0,0,0,0,0,0,0,Success,0,0,0,0,0,0,0,5.444812302,None,05/02/2025 22:37,6.28.1,0,289,0,2025-02-05 N,05/02/2025 22:38,None,0,0,308,1,0,57,0,0.021260291,0,6.28.1,None,0,447,447,106,0,203,4,0,0,0,0,17.14903846153846,0,137,0,42.08415384615385,0,0,0,26,0,0,0,0,0,0,0,0,0,0,None,0,0,0.342,0,0,0,40.40346153846154,1,0,05/02/2025 22:32,0,0,0
67,0,0,0,0,0,0,0,05/02/2025 22:38,0,1,0,0,17.481346153846154,0,0,0,449,38,1.5905576923076923,0,0,0,0.023445,2,0,0,0,0,0,0,0,Success,0,0,0,0,0,0,0,5.44280571,None,05/02/2025 22:45,6.28.1,0,302,0,2025-02-05 N,05/02/2025 22:46,None,0,0,308,1,0,57,0,0.058830264,0,6.28.1,None,0,449,449,112,0,203,4,0,0,0,0,17.481346153846154,0,144,0,42.915653846153845,0,0,0,25,0,0,0,0,0,0,0,0,0,0,None,0,0,0.334,0,0,0,41.10601923076923,1,0,05/02/2025 22:40,0,0,0
66,0,0,0,0,0,0,0,05/02/2025 23:43,0,1,0,0,17.436764705882354,0,0,0,461,39,1.4399215686274511,0,0,0,0.022286,2,0,0,0,0,0,0,0,Success,0,0,0,0,0,0,0,5.265823962,None,05/02/2025 23:49,6.28.1,0,306,0,2025-02-05 N,05/02/2025 23:50,None,0,0,320,1,0,56,0,0.033600595,0,6.28.1,None,0,461,461,117,0,203,4,0,0,0,0,17.436764705882354,0,143,0,42.484156862745095,0,0,0,27,0,0,0,0,0,0,0,0,0,0,None,0,0,0.332,0,0,0,42.57823529411764,1,0,05/02/2025 23:44,0,0,0
68,0,0,0,0,0,0,0,05/02/2025 23:50,0,1,0,0,17.624411764705883,0,0,0,473,39,1.4010980392156864,0,0,0,0.022058,2,0,0,0,0,0,0,0,Success,0,0,0,0,0,0,0,5.344399031,None,05/02/2025 23:57,6.28.1,0,313,0,2025-02-05 N,05/02/2025 23:58,None,0,0,326,1,0,58,0,0.044102154,0,6.28.1,None,0,473,473,123,0,203,5,0,0,0,0,17.624411764705883,0,144,0,42.85568627,0,0,0,26,0,0,0,0,0,0,0,0,0,0,None,0,0,0.308,0,0,0,41.574098039215684,1,0,05/02/2025 23:52,0,0,0
67,0,0,0,0,0,0,0,05/02/2025 23:58,0,1,0,0,17.604300000000002,0,0,0,474,39,1.5183600000000002,0,0,0,0.02376,2,0,0,0,0,0,0,0,Success,0,0,0,0,0,0,0,5.288450246,None,06/02/2025 00:05,6.28.1,0,295,0,2025-02-05 N,06/02/2025 00:06,None,0,0,340,1,0,57,0,0.042,0,6.28.1,None,0,474,474,118,0,203,4,0,0,0,0,17.604300000000002,0,131,0,42.9118,0,0,0,26,0,0,0,0,0,0,0,0,0,0,None,0,0,0.326,0,0,0,42.565380000000005,1,0,06/02/2025 00:00,0,0,0
66,0,0,0,0,0,0,0,06/02/2025 00:20,0,1,0,0,17.365961538461537,0,0,0,552,38,1.0772307692307692,0,0,0,0.016585,2,0,0,0,0,0,0,0,Success,0,0,0,0,0,0,0,5.376599762,None,06/02/2025 00:28,6.28.1,0,392,0,2025-02-05 N,06/02/2025 00:29,None,0,0,370,1,0,56,0,0.001,0,6.28.1,None,0,552,552,158,0,203,5,0,0,0,0,17.365961538461537,0,189,0,43.01071153846154,0,0,0,26,0,0,0,0,0,0,0,0,0,0,None,0,0,0.336,0,0,0,44.55644230769231,1,0,06/02/2025 00:21,0,0,1
66,0,0,0,0,0,0,0,06/02/2025 00:29,0,1,0,0,17.563235294117646,0,0,0,521,39,1.2470980392156863,0,0,0,0.017991,2,0,0,0,0,0,0,0,Success,0,0,0,0,0,0,0,5.324684592,None,06/02/2025 00:36,6.28.1,0,367,0,2025-02-05 N,06/02/2025 00:37,None,0,0,341,1,0,56,0,0.048600412,0,6.28.1,None,0,521,521,137,0,203,5,0,0,0,0,17.563235294117646,0,185,0,43.54772549019607,0,0,0,26,0,0,0,0,0,0,0,0,0,0,None,0,0,0.35,0,0,0,44.100509803921575,1,0,06/02/2025 00:30,0,0,0
67,0,0,0,0,0,0,0,06/02/2025 00:37,0,1,0,0,17.493529411764705,0,0,0,510,39,1.326686274509804,0,0,0,0.019047,2,0,0,0,0,0,0,0,Success,0,0,0,0,0,0,0,5.347819275,None,06/02/2025 00:45,6.28.1,0,351,0,2025-02-05 N,06/02/2025 00:46,None,0,0,310,1,0,57,0,0.013892444,0,6.28.1,None,0,510,510,111,0,203,4,0,0,0,0,17.493529411764705,0,195,0,43.993607843137255,0,0,0,26,0,0,0,0,0,0,0,0,0,0,None,0,0,0.32,0,0,0,43.62996078431373,1,0,06/02/2025 00:39,0,0,0
67,0,0,0,0,0,0,0,06/02/2025 00:46,0,1,0,0,17.329117647058823,0,0,0,505,39,1.311686274509804,0,0,0,0.018955,2,0,0,0,0,0,0,0,Success,0,0,0,0,0,0,0,5.341032297,None,06/02/2025 00:53,6.28.1,0,346,0,2025-02-05 N,06/02/2025 00:54,None,0,0,316,1,0,57,0,0.079056942,0,6.28.1,None,0,505,505,111,0,203,4,0,0,0,0,17.329117647058823,0,190,0,44.20649019607843,0,0,0,26,0,0,0,0,0,0,0,0,0,0,None,0,0,0.319,0,0,0,43.40213725490196,1,0,06/02/2025 00:47,0,0,0
66,0,0,0,0,0,0,0,06/02/2025 00:54,0,1,0,0,17.168235294117647,0,0,0,480,39,1.5387450980392157,0,0,0,0.022307,2,0,0,0,0,0,0,0,Success,0,0,0,0,0,0,0,5.32259232,None,06/02/2025 01:07,6.28.1,0,310,0,2025-02-05 N,06/02/2025 01:08,None,0,758,670,1,0,56,0,0.038078866,0,6.28.1,None,0,838,80,100,0,203,4,0,0,0,0,17.168235294117647,0,166,0,43.90660784313726,0,0,0,26,0,0,0,0,0,0,0,0,0,0,None,0,0,0.363,0,0,0,43.111254901960784,1,0,06/02/2025 01:02,0,0,0
65,0,0,0,0,0,0,0,06/02/2025 01:08,0,1,0,0,17.392941176470586,0,0,0,475,39,1.3979803921568628,0,0,0,0.021537,2,0,0,0,0,0,0,0,Success,0,0,0,0,0,0,0,5.337616135,None,06/02/2025 01:15,6.28.1,0,315,0,2025-02-05 N,06/02/2025 01:16,None,0,475,314,1,0,55,0,0.057008771,0,6.28.1,None,0,475,0,111,0,203,4,0,0,0,0,17.392941176470586,0,161,0,44.15382352941176,0,0,0,26,0,0,0,0,0,0,0,0,0,0,None,0,0,0.302,0,0,0,44.39227450980392,1,0,06/02/2025 01:10,0,0,0
65,0,0,0,0,0,0,0,06/02/2025 01:16,0,1,0,0,17.18019230769231,0,0,0,485,39,1.4547500000000002,0,0,0,0.021916,2,0,0,0,0,0,0,0,Success,0,0,0,0,0,0,0,5.372509656,None,06/02/2025 01:23,6.28.1,0,316,0,2025-02-05 N,06/02/2025 01:24,None,0,485,319,1,0,55,0,0.034669872,0,6.28.1,None,0,485,0,110,0,203,4,0,0,0,0,17.18019230769231,0,162,0,43.587096153846154,0,0,0,26,0,0,0,0,0,0,0,0,0,0,None,0,0,0.325,0,0,0,42.66269230769231,1,0,06/02/2025 01:18,0,0,0
65,0,0,0,0,0,0,0,06/02/2025 01:24,0,1,0,0,17.470882352941175,0,0,0,425,38,1.9233333333333333,0,0,0,0.027019,2,0,0,0,0,0,0,0,Success,0,0,0,0,0,0,0,5.398664742,None,06/02/2025 01:30,6.28.1,0,269,0,2025-02-05 N,06/02/2025 01:31,None,0,425,296,1,0,55,0,0.015811388,0,6.28.1,None,0,425,0,92,0,203,4,0,0,0,0,17.470882352941175,0,131,0,43.775,0,0,0,26,0,0,0,0,0,0,0,0,0,0,None,0,0,0.321,0,0,0,41.50311764705882,1,0,06/02/2025 01:26,0,0,0
67,0,0,0,0,0,0,0,06/02/2025 01:31,0,1,0,0,17.569903846153846,0,0,0,456,39,1.7120576923076922,0,0,0,0.024269,2,0,0,0,0,0,0,0,Success,0,0,0,0,0,0,0,5.455664487,None,06/02/2025 01:38,6.28.1,0,291,0,2025-02-05 N,06/02/2025 01:39,None,0,456,316,1,0,57,0,0.022847319,0,6.28.1,None,0,456,0,103,0,203,4,0,0,0,0,17.569903846153846,0,142,0,43.619076923076925,0,0,0,26,0,0,0,0,0,0,0,0,0,0,None,0,0,0.329,0,0,0,41.936519230769235,1,0,06/02/2025 01:33,0,0,0
66,0,0,0,0,0,0,0,06/02/2025 01:46,0,1,0,0,17.70861111111111,0,0,0,444,39,1.596259259259259,0,0,0,0.024769,2,0,0,0,0,0,0,0,Success,0,0,0,0,0,0,0,5.609877984,None,06/02/2025 01:53,6.28.1,0,293,0,2025-02-05 N,06/02/2025 01:54,None,0,444,308,1,0,56,0,0.041785165,0,6.28.1,None,0,444,0,108,0,203,5,0,0,0,0,17.70861111111111,0,142,0,43.73961111111111,0,0,0,26,0,0,0,0,0,0,0,0,0,0,None,0,0,0.336,0,0,0,42.642500000000005,1,0,06/02/2025 01:48,0,0,0
66,0,0,0,0,0,0,0,06/02/2025 01:54,0,1,0,0,17.669999999999998,0,0,0,466,39,1.4674074074074073,0,0,0,0.023138,2,0,0,0,0,0,0,0,Success,0,0,0,0,0,0,0,5.600830028,None,06/02/2025 02:00,6.28.1,0,310,0,2025-02-05 N,06/02/2025 02:02,None,0,466,319,1,0,56,0,0.024698178,0,6.28.1,None,0,466,0,119,0,203,4,0,0,0,0,17.669999999999998,0,146,0,44.37035185185185,0,0,0,26,0,0,0,0,0,0,0,0,0,0,None,0,0,0.343,0,0,0,42.26603703703704,1,0,06/02/2025 01:55,0,0,0
66,0,0,0,0,0,0,0,06/02/2025 02:02,0,1,0,0,17.54527777777778,0,0,0,453,39,1.5545555555555555,0,0,0,0.023803,2,0,0,0,0,0,0,0,Success,0,0,0,0,0,0,0,5.554182118,None,06/02/2025 02:08,6.28.1,0,301,0,2025-02-05 N,06/02/2025 02:09,None,0,453,305,1,0,56,0,0.058591808,0,6.28.1,None,0,453,0,109,0,203,5,0,0,0,0,17.54527777777778,0,148,0,43.74827777777778,0,0,0,26,0,0,0,0,0,0,0,0,0,0,None,0,0,0.333,0,0,0,41.08177777777778,1,0,06/02/2025 02:03,0,0,0
66,0,0,0,0,0,0,0,06/02/2025 02:09,0,1,0,0,17.728867924528302,0,0,0,448,39,1.5422075471698111,0,0,0,0.024283,2,0,0,0,0,0,0,0,Success,0,0,0,0,0,0,0,5.517094616,None,06/02/2025 02:15,6.28.1,0,297,0,2025-02-05 N,06/02/2025 02:17,None,0,448,317,1,0,56,0,0.056035703,0,6.28.1,None,0,448,0,118,0,203,4,0,0,0,0,17.728867924528302,0,134,0,44.20896226415094,0,0,0,26,0,0,0,0,0,0,0,0,0,0,None,0,0,0.348,0,0,0,43.09735849056604,1,0,06/02/2025 02:11,0,0,0
66,0,0,0,0,0,0,0,06/02/2025 02:17,0,1,0,0,18.314423076923077,0,0,0,534,38,1.4777500000000001,0,0,0,0.017865,2,0,0,0,0,0,0,0,Success,0,0,0,0,0,0,0,5.427687261,None,06/02/2025 02:24,6.28.1,0,383,0,2025-02-05 N,06/02/2025 02:25,None,0,534,310,1,0,56,0,0.043600459,0,6.28.1,None,0,534,0,111,0,203,5,0,0,0,0,18.314423076923077,0,208,0,44.021884615384614,0,0,0,26,0,0,0,0,0,0,0,0,0,0,None,0,0,0.298,0,0,0,44.97538461538461,1,0,06/02/2025 02:18,0,0,0
64,0,0,0,0,0,0,0,06/02/2025 02:25,0,1,0,0,17.47811320754717,0,0,0,441,38,1.6699056603773583,0,0,0,0.024761,2,0,0,0,0,0,0,0,Success,0,0,0,0,0,0,0,5.461702116,None,06/02/2025 02:32,6.28.1,0,289,0,2025-02-05 N,06/02/2025 02:33,None,0,441,314,1,0,54,0,0.05186521,0,6.28.1,None,0,441,0,105,0,203,5,0,0,0,0,17.47811320754717,0,142,0,44.05535849056604,0,0,0,25,0,0,0,0,0,0,0,0,0,0,None,0,0,0.358,0,0,0,41.74630188679245,1,0,06/02/2025 02:27,0,0,0
64,0,0,0,0,0,0,0,06/02/2025 02:33,0,1,0,0,17.443557692307692,0,0,0,449,38,1.5253269230769229,0,0,0,0.023754,2,0,0,0,0,0,0,0,Success,0,0,0,0,0,0,0,5.47285748,None,06/02/2025 02:39,6.28.1,0,299,0,2025-02-05 N,06/02/2025 02:40,None,0,449,302,1,0,54,0,0.038418746,0,6.28.1,None,0,449,0,107,0,203,5,0,0,0,0,17.443557692307692,0,149,0,44.065711538461535,0,0,0,25,0,0,0,0,0,0,0,0,0,0,None,0,0,0.322,0,0,0,41.845615384615385,1,0,06/02/2025 02:34,0,0,0
66,0,0,0,0,0,0,0,06/02/2025 02:40,0,1,0,0,17.69855769230769,0,0,0,453,39,1.5782115384615383,0,0,0,0.023735,2,0,0,0,0,0,0,0,Success,0,0,0,0,0,0,0,5.435907008,None,06/02/2025 02:47,6.28.1,0,297,0,2025-02-05 N,06/02/2025 02:48,None,0,453,301,1,0,56,0,0.05186521,0,6.28.1,None,0,453,0,106,0,203,5,0,0,0,0,17.69855769230769,0,147,0,44.29271153846154,0,0,0,26,0,0,0,0,0,0,0,0,0,0,None,0,0,0.328,0,0,0,41.54828846153846,1,0,06/02/2025 02:42,0,0,0
65,0,0,0,0,0,0,0,06/02/2025 02:48,0,1,0,0,17.58778846153846,0,0,0,451,39,1.531173076923077,0,0,0,0.023269,2,0,0,0,0,0,0,0,Success,0,0,0,0,0,0,0,5.397829749,None,06/02/2025 02:54,6.28.1,0,299,0,2025-02-05 N,06/02/2025 02:55,None,0,451,307,1,0,54,0,0.00781025,0,6.28.1,None,0,451,0,108,0,203,5,0,0,0,0,17.58778846153846,0,149,0,44.22653846153847,0,0,0,25,0,0,0,0,0,0,0,0,0,0,None,0,0,0.318,0,0,0,41.852096153846155,1,0,06/02/2025 02:49,0,0,0
66,0,0,0,0,0,0,0,06/02/2025 02:55,0,1,0,0,17.323529411764707,0,0,0,438,38,1.961941176470588,0,0,0,0.024702,2,0,0,0,0,0,0,0,Success,0,0,0,0,0,0,0,5.347145033,None,06/02/2025 03:02,6.28.1,0,284,0,2025-02-05 N,06/02/2025 03:03,None,0,438,303,1,0,56,0,0.033615473,0,6.28.1,None,0,438,0,105,0,203,4,0,0,0,0,17.323529411764707,0,133,0,43.89437254901961,0,0,0,25,0,0,0,0,0,0,0,0,0,0,None,0,0,0.314,0,0,0,42.102117647058826,1,0,06/02/2025 02:57,0,0,0
95,0,0,0,0,0,0,0,06/02/2025 03:03,0,1,0,0,17.55676470588235,0,0,0,505,38,1.5441176470588236,0,0,0,0.023807,2,0,0,0,0,0,0,0,Success,0,0,0,0,0,0,0,5.340245968,None,06/02/2025 03:10,6.28.1,0,325,0,2025-02-05 N,06/02/2025 03:11,None,0,505,327,1,0,85,0,0.041109609,0,6.28.1,None,0,505,0,113,0,203,5,0,0,0,0,17.55676470588235,0,138,0,43.95658823529412,0,0,0,25,0,0,0,0,0,0,0,0,0,0,None,0,0,0.333,0,0,0,42.55868627,1,0,06/02/2025 03:04,0,0,0
56,0,0,0,0,0,0,0,06/02/2025 03:11,0,1,0,0,14.71342105263158,0,0,0,734,40,3.255,0,0,0,0.025987,2,0,0,0,0,0,0,0,Success,0,0,0,0,0,0,0,5.502243361,None,06/02/2025 03:30,6.28.1,0,778,0,2025-02-05 N,06/02/2025 03:31,None,0,1186,1063,1,0,46,0,0.086162637,0,6.28.1,None,0,1186,0,98,0,203,4,0,0,0,0,14.71342105263158,0,151,0,38.34110526315789,0,0,0,27,0,0,0,0,0,0,0,0,0,0,None,0,0,0.336,0,0,0,38.704368421052635,1,0,06/02/2025 03:17,0,0,1
66,0,0,0,0,0,0,0,06/02/2025 03:31,0,1,0,0,17.384716981132076,0,0,0,552,39,1.0375283018867925,0,0,0,0.016426,2,0,0,0,0,0,0,0,Success,0,0,0,0,0,0,0,5.418535319,None,06/02/2025 03:39,6.28.1,0,398,0,2025-02-05 N,06/02/2025 03:40,None,0,552,380,1,0,56,0,0.034365681,0,6.28.1,None,0,552,0,171,0,203,5,0,0,0,0,17.384716981132076,0,183,0,43.87466037735849,0,0,0,26,0,0,0,0,0,0,0,0,0,0,None,0,0,0.314,0,0,0,45.942113207547166,1,0,06/02/2025 03:32,0,0,0
65,0,0,0,0,0,0,0,06/02/2025 03:49,0,1,0,0,17.24105769230769,0,0,0,502,38,1.3035576923076921,0,0,0,0.019275,2,0,0,0,0,0,0,0,Success,0,0,0,0,0,0,0,5.373914588,None,06/02/2025 03:56,6.28.1,0,349,0,2025-02-05 N,06/02/2025 03:57,None,0,502,311,1,0,55,0,0.036796739,0,6.28.1,None,0,502,0,109,0,203,4,0,0,0,0,17.24105769230769,0,195,0,43.34780769230769,0,0,0,25,0,0,0,0,0,0,0,0,0,0,None,0,0,0.327,0,0,0,43.940769230769234,1,0,06/02/2025 03:50,0,0,0
66,0,0,0,0,0,0,0,06/02/2025 03:57,0,1,0,0,17.539615384615384,0,0,0,482,38,1.49375,0,0,0,0.021064,2,0,0,0,0,0,0,0,Success,0,0,0,0,0,0,0,5.450243481,None,06/02/2025 04:04,6.28.1,0,329,0,2025-02-05 N,06/02/2025 04:05,None,0,482,308,1,0,56,0,0.062169124,0,6.28.1,None,0,482,0,109,0,203,4,0,0,0,0,17.539615384615384,0,175,0,44.21459615384616,0,0,0,26,0,0,0,0,0,0,0,0,0,0,None,0,0,0.347,0,0,0,43.738326923076926,1,0,06/02/2025 03:59,0,0,0
66,0,0,0,0,0,0,0,06/02/2025 04:05,0,1,0,0,17.076509433962265,0,0,0,513,38,1.3881886792452829,0,0,0,0.019853,2,0,0,0,453,0,0,0,Success,0,0,0,0,0,0,0,5.44191198,None,06/02/2025 04:20,6.28.1,0,341,0,2025-02-05 N,06/02/2025 04:21,None,0,32,770,1,0,56,0,0.01640122,0,6.28.1,None,0,966,934,109,0,203,4,0,0,0,0,17.076509433962265,0,187,0,43.850188679245285,0,0,0,25,0,0,0,0,0,0,0,0,0,0,None,0,0,0.342,0,0,0,43.627471698113204,1,0,06/02/2025 04:14,0,0,0
66,0,0,0,0,0,0,0,06/02/2025 04:21,0,1,0,0,17.198490566037737,0,0,0,452,38,1.6204528301886794,0,0,0,0.024385,2,0,0,0,0,0,0,0,Success,0,0,0,0,0,0,0,5.482792081,None,06/02/2025 04:28,6.28.1,0,295,0,2025-02-05 N,06/02/2025 04:29,None,0,0,302,1,0,56,0,0.023769729,0,6.28.1,None,0,452,452,97,0,203,5,0,0,0,0,17.198490566037737,0,153,0,43.55166037735849,0,0,0,25,0,0,0,0,0,0,0,0,0,0,None,0,0,0.349,0,0,0,42.14724528301887,1,0,06/02/2025 04:23,0,0,0
66,0,0,0,0,0,0,0,06/02/2025 04:29,0,1,0,0,17.443584905660376,0,0,0,465,38,1.579245283018868,0,0,0,0.022967,2,0,0,0,0,0,0,0,Success,0,0,0,0,0,0,0,5.554967957,None,06/02/2025 04:35,6.28.1,0,309,0,2025-02-05 N,06/02/2025 04:37,None,0,0,301,1,0,56,0,0.050447993,0,6.28.1,None,0,465,465,101,0,203,4,0,0,0,0,17.443584905660376,0,162,0,44.04230188679246,0,0,0,25,0,0,0,0,0,0,0,0,0,0,None,0,0,0.328,0,0,0,42.99573585,1,0,06/02/2025 04:30,0,0,0
67,0,0,0,0,0,0,0,06/02/2025 04:37,0,1,0,0,17.645943396226414,0,0,0,480,759,1.5280566037735848,0,0,0,0.022911,2,0,0,0,2,0,0,0,Success,0,0,0,0,0,0,0,5.571110302,None,06/02/2025 04:43,6.28.1,0,311,0,2025-02-05 N,06/02/2025 04:56,None,0,701,306,1,0,57,0,0.055317267,0,6.28.1,None,0,1183,482,106,0,203,4,0,0,0,0,17.645943396226414,0,158,0,44.26486792,0,0,0,28,0,0,0,0,0,0,0,0,0,0,None,0,0,0.307,0,0,0,42.615018867924526,1,0,06/02/2025 04:38,0,0,0
68,0,0,0,0,0,0,0,06/02/2025 04:56,0,1,0,0,17.364272727272727,0,0,0,490,38,1.3845272727272728,0,0,0,0.021707,2,0,0,0,0,0,0,0,Success,0,0,0,0,0,0,0,5.646037991,None,06/02/2025 05:03,6.28.1,0,331,0,2025-02-05 N,06/02/2025 05:04,None,0,0,1046,1,0,58,0,0.005000001,0,6.28.1,None,0,490,490,122,0,203,5,0,0,0,0,17.364272727272727,0,162,0,43.95436363636364,0,0,0,25,0,0,0,0,0,0,0,0,0,0,None,0,0,0.365,0,0,0,43.852836363636364,1,0,06/02/2025 04:58,0,0,0
67,0,0,0,0,0,0,0,06/02/2025 05:04,0,1,0,0,17.365833333333335,0,0,0,453,39,1.6186666666666667,0,0,0,0.024446,2,0,0,0,0,0,0,0,Success,0,0,0,0,0,0,0,5.625785456,None,06/02/2025 05:11,6.28.1,0,299,0,2025-02-05 N,06/02/2025 05:12,None,0,0,311,1,0,57,0,0.045453273,0,6.28.1,None,0,453,453,107,0,203,4,0,0,0,0,17.365833333333335,0,146,0,43.198907407407404,0,0,0,26,0,0,0,0,0,0,0,0,0,0,None,0,0,0.343,0,0,0,41.747425925925924,1,0,06/02/2025 05:06,0,0,0
66,0,0,0,0,0,0,0,06/02/2025 05:12,0,1,0,0,17.525277777777777,0,0,0,454,38,1.5912962962962964,0,0,0,0.023936,2,0,0,0,0,0,0,0,Success,0,0,0,0,0,0,0,5.587567091,None,06/02/2025 05:18,6.28.1,0,300,0,2025-02-05 N,06/02/2025 05:20,None,0,0,312,1,0,56,0,0.041617304,0,6.28.1,None,0,454,454,113,0,203,5,0,0,0,0,17.525277777777777,0,142,0,43.67748148148148,0,0,0,25,0,0,0,0,0,0,0,0,0,0,None,0,0,0.327,0,0,0,42.226333333333336,1,0,06/02/2025 05:13,0,0,0
100,0,0,0,0,0,0,0,06/02/2025 05:20,0,2,0,0,17.44132075471698,0,0,0,520,38,1.5312075471698112,0,0,0,0.020678,3,0,0,0,0,0,0,0,Success,0,0,0,0,0,0,0,5.543701742,None,06/02/2025 05:27,6.28.1,0,370,0,2025-02-05 N,06/02/2025 05:28,None,0,0,401,1,0,90,0,0.040496913,0,6.28.1,None,0,520,520,105,0,203,4,0,0,0,0,17.44132075471698,0,122,0,50.41337735849057,0,0,0,25,0,0,0,0,0,0,0,0,0,0,None,0,0,0.326,0,0,0,40.66145283018867,1,0,06/02/2025 05:21,0,0,0
67,0,0,0,0,0,0,0,06/02/2025 05:28,0,1,0,0,17.88923076923077,0,0,0,455,38,1.5154999999999998,0,0,0,0.024178,2,0,0,0,0,0,0,0,Success,0,0,0,0,0,0,0,5.497884502,None,06/02/2025 05:35,6.28.1,0,298,0,2025-02-05 N,06/02/2025 05:36,None,0,0,314,1,0,57,0,0.058180753,0,6.28.1,None,0,455,455,112,0,203,4,0,0,0,0,17.88923076923077,0,140,0,44.098499999999994,0,0,0,25,0,0,0,0,0,0,0,0,0,0,None,0,0,0.311,0,0,0,43.36488461538462,1,0,06/02/2025 05:30,0,0,0
66,0,0,0,0,0,0,0,06/02/2025 05:36,0,1,0,0,17.470471698113208,0,0,0,467,39,1.4509245283018868,0,0,0,0.022436,2,0,0,0,0,0,0,0,Success,0,0,0,0,0,0,0,5.476958462,None,06/02/2025 05:42,6.28.1,0,314,0,2025-02-05 N,06/02/2025 05:44,None,0,0,311,1,0,56,0,0.012806249,0,6.28.1,None,0,467,467,113,0,203,4,0,0,0,0,17.470471698113208,0,156,0,43.82286792,0,0,0,26,0,0,0,0,0,0,0,0,0,0,None,0,0,0.347,0,0,0,42.61569811320755,1,0,06/02/2025 05:37,0,0,0
67,0,0,0,0,0,0,0,06/02/2025 05:44,0,1,0,0,17.83673076923077,0,0,0,445,38,1.6094230769230768,0,0,0,0.024683,2,0,0,0,0,0,0,0,Success,0,0,0,0,0,0,0,5.411766532,None,06/02/2025 05:50,6.28.1,0,292,0,2025-02-05 N,06/02/2025 05:51,None,0,0,309,1,0,57,0,0.045122057,0,6.28.1,None,0,445,445,110,0,203,4,0,0,0,0,17.83673076923077,0,136,0,44.115,0,0,0,26,0,0,0,0,0,0,0,0,0,0,None,0,0,0.347,0,0,0,42.68713461538461,1,0,06/02/2025 05:45,0,0,0
67,0,0,0,0,0,0,0,06/02/2025 05:51,0,2,0,0,17.01058823529412,0,0,0,439,38,1.6805098039215687,0,0,0,0.02522,2,0,0,0,0,0,0,0,Success,0,0,0,0,0,0,0,5.346055555,None,06/02/2025 05:57,6.28.1,0,284,0,2025-02-05 N,06/02/2025 05:58,None,0,0,303,1,0,57,0,0.049193495,0,6.28.1,None,0,439,439,92,0,203,4,0,0,0,0,17.01058823529412,0,135,0,43.68092156862745,0,0,0,25,0,0,0,0,0,0,0,0,0,0,None,0,0,0.324,0,0,0,42.19207843137254,1,0,06/02/2025 05:52,0,0,0
67,0,0,0,0,0,0,0,06/02/2025 05:58,0,1,0,0,16.7382,0,0,0,416,39,2.23428,0,0,0,0.028092,2,0,0,0,0,0,0,0,Success,0,0,0,0,0,0,0,5.400836232,None,06/02/2025 06:04,6.28.1,0,261,0,2025-02-06 D,06/02/2025 06:05,None,0,0,281,1,0,57,0,0.033376639,0,6.28.1,None,0,416,416,79,0,203,12,0,0,0,0,16.7382,0,136,0,43.05948,0,0,0,26,0,0,0,0,0,0,0,0,0,0,None,0,0,0.361,0,0,0,42.37894,1,0,06/02/2025 06:00,0,0,0
94,0,0,0,0,0,0,0,06/02/2025 06:05,0,3,0,0,16.401,0,0,0,2507,39,1.98102,0,0,0,0.022008,3,0,0,0,387,0,0,0,Success,0,0,0,0,0,0,0,5.382814691,None,06/02/2025 06:52,6.28.1,0,369,0,2025-02-06 D,06/02/2025 06:53,None,0,0,2792,1,0,84,0,0.044407206,0,6.28.1,None,0,2894,2894,112,0,203,5,0,0,0,0,16.401,0,98,0,42.525,0,0,0,26,0,0,0,0,0,0,0,0,0,0,None,0,0,0.336,0,0,0,48.13334,1,0,06/02/2025 06:46,0,0,0
68,0,0,0,0,0,0,0,06/02/2025 06:53,0,1,0,0,17.61441176470588,0,0,0,438,40,1.6310392156862747,0,0,0,0.025018,2,0,0,0,0,0,0,0,Success,0,0,0,0,0,0,0,5.361677536,None,06/02/2025 07:00,6.28.1,0,282,0,2025-02-06 D,06/02/2025 07:01,None,0,0,312,1,0,58,0,0.008,0,6.28.1,None,0,438,438,106,0,203,5,0,0,0,0,17.61441176470588,0,130,0,43.996196078431375,0,0,0,27,0,0,0,0,0,0,0,0,0,0,None,0,0,0.331,0,0,0,43.033274509803924,1,0,06/02/2025 06:55,0,0,0
67,0,0,0,0,0,0,0,06/02/2025 07:08,0,1,0,0,17.910899999999998,0,0,0,432,39,1.7368000000000001,0,0,0,0.025997,2,0,0,0,0,0,0,0,Success,0,0,0,0,0,0,0,5.230803476,None,06/02/2025 07:14,6.28.1,0,267,0,2025-02-06 D,06/02/2025 07:16,None,0,0,318,1,0,57,0,0.034205263,0,6.28.1,None,0,432,432,99,0,203,7,0,0,0,0,17.910899999999998,0,126,0,43.96928,0,0,0,27,0,0,0,0,0,0,0,0,0,0,None,0,0,0.362,0,0,0,42.15594,1,0,06/02/2025 07:10,0,0,0
67,0,0,0,0,0,0,0,06/02/2025 07:16,0,1,0,0,17.3442,0,0,0,431,39,1.56826,0,0,0,0.024131,2,0,0,0,0,0,0,0,Success,0,0,0,0,0,0,0,5.165258561,None,06/02/2025 07:22,6.28.1,0,283,0,2025-02-06 D,06/02/2025 07:23,None,0,0,300,1,0,57,0,0.064202804,0,6.28.1,None,0,431,431,109,0,203,4,0,0,0,0,17.3442,0,128,0,43.5408,0,0,0,26,0,0,0,0,0,0,0,0,0,0,None,0,0,0.328,0,0,0,43.187219999999996,1,0,06/02/2025 07:17,0,0,0
65,0,0,0,0,0,0,0,06/02/2025 07:23,0,1,0,0,17.2521,0,0,0,440,38,1.476,0,0,0,0.022874,2,0,0,0,0,0,0,0,Success,0,0,0,0,0,0,0,5.177649467,None,06/02/2025 07:29,6.28.1,0,292,0,2025-02-06 D,06/02/2025 07:30,None,0,0,314,1,0,55,0,0.024515301,0,6.28.1,None,0,440,440,120,0,203,5,0,0,0,0,17.2521,0,128,0,44.132,0,0,0,25,0,0,0,0,0,0,0,0,0,0,None,0,0,0.337,0,0,0,44.41486,1,0,06/02/2025 07:24,0,0,0
67,0,0,0,0,0,0,0,06/02/2025 07:30,0,2,0,0,16.7262,0,0,0,486,38,1.60256,0,0,0,0.022038,2,0,0,0,45,0,0,0,Success,0,0,0,0,0,0,0,5.170953974,None,06/02/2025 07:55,6.28.1,0,304,0,2025-02-06 D,06/02/2025 07:56,None,0,1067,1463,1,0,58,0,0.05186521,0,6.28.1,None,0,1586,519,131,0,203,5,0,0,0,0,16.7262,0,117,0,43.85938,0,0,0,26,0,0,0,0,0,0,0,0,0,0,None,0,0,0.304,0,0,0,45.084920000000004,1,0,06/02/2025 07:50,0,0,0
67,0,0,0,0,0,0,0,06/02/2025 07:56,0,1,0,0,17.2575,0,0,0,451,38,1.50072,0,0,0,0.023058,2,0,0,0,0,0,0,0,Success,0,0,0,0,0,0,0,5.19108322,None,06/02/2025 08:03,6.28.1,0,294,0,2025-02-06 D,06/02/2025 08:04,None,0,0,322,1,0,57,0,0.041976184,0,6.28.1,None,0,451,451,116,0,203,5,0,0,0,0,17.2575,0,132,0,44.26602,0,0,0,26,0,0,0,0,0,0,0,0,0,0,None,0,0,0.356,0,0,0,43.689899999999994,1,0,06/02/2025 07:58,0,0,0
64,0,0,0,0,0,0,0,06/02/2025 08:11,0,1,0,0,16.971176470588233,0,0,0,565,39,1.5871568627450978,0,0,0,0.024108,2,0,0,0,0,0,0,0,Success,0,0,0,0,0,0,0,5.286182176,None,06/02/2025 08:19,6.28.1,0,289,0,2025-02-06 D,06/02/2025 08:21,None,0,0,421,1,0,54,0,0.051088159,0,6.28.1,None,0,565,565,107,0,203,5,0,0,0,0,16.971176470588233,0,140,0,43.50001960784314,0,0,0,26,0,0,0,0,0,0,0,0,0,0,None,0,0,0.346,0,0,0,42.756156862745094,1,0,06/02/2025 08:15,0,0,0
65,0,0,0,0,0,0,0,06/02/2025 08:21,0,1,0,0,17.036176470588234,0,0,0,455,38,1.5483921568627452,0,0,0,0.022898,2,0,0,0,0,0,0,0,Success,0,0,0,0,0,0,0,5.260153705,None,06/02/2025 08:27,6.28.1,0,296,0,2025-02-06 D,06/02/2025 08:28,None,0,0,322,1,0,55,0,0.02284732,0,6.28.1,None,0,455,455,118,0,203,4,0,0,0,0,17.036176470588234,0,135,0,43.77650980392156,0,0,0,26,0,0,0,0,0,0,0,0,0,0,None,0,0,0.349,0,0,0,42.34088235294117,1,0,06/02/2025 08:22,0,0,0
64,0,0,0,0,0,0,0,06/02/2025 08:43,0,1,0,0,16.9854,0,0,0,440,38,1.4819200000000001,0,0,0,0.023066,2,0,0,0,0,0,0,0,Success,0,0,0,0,0,0,0,5.175932573,None,06/02/2025 08:49,6.28.1,0,287,0,2025-02-06 D,06/02/2025 08:50,None,0,0,318,1,0,54,0,0.008062258,0,6.28.1,None,0,440,440,118,0,203,5,0,0,0,0,16.9854,0,126,0,43.48479999999999,0,0,0,25,0,0,0,0,0,0,0,0,0,0,None,0,0,0.346,0,0,0,42.592560000000006,1,0,06/02/2025 08:44,0,0,0
65,0,0,0,0,0,0,0,06/02/2025 08:50,0,1,0,0,16.97142857142857,0,0,0,449,38,1.6662857142857141,0,0,0,0.023649,2,0,0,0,0,0,0,0,Success,0,0,0,0,0,0,0,5.136752476,None,06/02/2025 08:56,6.28.1,0,285,0,2025-02-06 D,06/02/2025 08:58,None,0,0,304,1,0,55,0,0.031622776,0,6.28.1,None,0,449,449,99,0,203,4,0,0,0,0,16.97142857142857,0,142,0,43.85110204081633,0,0,0,26,0,0,0,0,0,0,0,0,0,0,None,0,0,0.334,0,0,0,43.988244897959184,1,0,06/02/2025 08:52,0,0,0
88,0,0,0,0,0,0,0,06/02/2025 08:58,0,2,0,0,17.67903409090909,0,0,0,788,117,1.563602272727273,0,0,0,0.022956,3,0,0,0,0,0,0,0,Success,0,0,0,0,0,0,0,9.114110544,None,06/02/2025 09:08,6.28.1,0,548,0,2025-02-06 D,06/02/2025 09:11,None,0,0,422,1,0,78,0,0.033734255,0,6.28.1,None,0,788,788,113,0,203,5,0,0,0,0,17.67903409090909,0,306,0,45.16746590909091,0,0,0,103,0,0,0,0,0,0,0,0,0,0,None,0,0,0.319,0,0,0,44.61843181818182,1,0,06/02/2025 08:59,0,0,0
88,0,0,0,0,0,0,0,06/02/2025 09:11,0,2,0,0,17.31331395348837,0,0,0,742,131,2.039058139534884,0,0,0,0.026445,2,0,0,0,0,0,0,0,Success,0,0,0,0,0,0,0,9.160481974,None,06/02/2025 09:20,6.28.1,0,483,0,2025-02-06 D,06/02/2025 09:23,None,0,0,482,1,0,64,0,0.015297058,0,6.28.1,None,0,742,742,109,0,203,8,0,0,0,0,17.31331395348837,0,266,0,44.81212790697674,0,0,0,103,0,0,0,0,0,0,0,0,0,0,None,0,0,0.366,0,0,0,43.35246511627907,1,0,06/02/2025 09:12,0,0,0
63,0,0,0,0,0,0,0,06/02/2025 09:34,0,1,0,0,17.11264705882353,0,0,0,449,38,1.4976666666666667,0,0,0,0.023389,2,0,0,0,0,0,0,0,Success,0,0,0,0,0,0,0,5.259685732,None,06/02/2025 09:40,6.28.1,0,291,0,2025-02-06 D,06/02/2025 09:41,None,0,0,318,1,0,53,0,0.014764822,0,6.28.1,None,0,449,449,115,0,203,5,0,0,0,0,17.11264705882353,0,135,0,43.497235294117644,0,0,0,25,0,0,0,0,0,0,0,0,0,0,None,0,0,0.299,0,0,0,42.40427450980392,1,0,06/02/2025 09:35,0,0,0
88,0,0,0,0,0,0,0,06/02/2025 09:41,0,2,0,0,17.079117647058823,0,0,0,604,38,1.371078431372549,0,0,0,0.016303,3,0,0,0,0,0,0,0,Success,0,0,0,0,0,0,0,5.297881275,None,06/02/2025 09:50,6.28.1,0,455,0,2025-02-06 D,06/02/2025 09:51,None,0,0,458,1,0,78,0,0.052924474,0,6.28.1,None,0,604,604,119,0,203,4,0,0,0,0,17.079117647058823,0,149,0,44.05468627,0,0,0,26,0,0,0,0,0,0,0,0,0,0,None,0,0,0.346,0,0,0,43.956745098039214,1,0,06/02/2025 09:42,0,0,0
86,0,0,0,0,0,0,0,06/02/2025 09:51,0,2,0,0,16.908,0,0,0,808,38,1.3844,0,0,0,0.019011,3,0,0,0,0,0,0,0,Success,0,0,0,0,0,0,0,5.244556797,None,06/02/2025 10:03,6.28.1,0,648,0,2025-02-06 D,06/02/2025 10:05,None,0,0,663,1,0,76,0,0.031906112,0,6.28.1,None,0,808,808,112,0,203,5,0,0,0,0,16.908,0,141,0,45.490140000000004,0,0,0,26,0,0,0,0,0,0,0,0,0,0,None,0,0,0.333,0,0,0,44.399499999999996,1,0,06/02/2025 09:53,0,0,0
65,0,0,0,0,0,0,0,06/02/2025 10:05,0,1,0,0,17.428529411764707,0,0,0,485,37,1.353078431372549,0,0,0,0.021283,2,0,0,0,0,0,0,0,Success,0,0,0,0,0,0,0,5.2460691,None,06/02/2025 10:11,6.28.1,0,312,0,2025-02-06 D,06/02/2025 10:13,None,0,0,332,1,0,54,0,0.026400758,0,6.28.1,None,0,485,485,119,0,203,4,0,0,0,0,17.428529411764707,0,149,0,43.910215686274505,0,0,0,25,0,0,0,0,0,0,0,0,0,0,None,0,0,0.337,0,0,0,45.64933333333333,1,0,06/02/2025 10:06,0,0,0
65,0,0,0,0,0,0,0,06/02/2025 10:13,0,1,0,0,16.99361111111111,0,0,0,1010,38,1.1698518518518517,0,0,0,0.015958,2,0,0,0,108,0,0,0,Success,0,0,0,0,0,0,0,5.607687759,None,06/02/2025 10:30,6.28.1,0,416,0,2025-02-06 D,06/02/2025 10:31,None,0,0,897,1,0,55,0,0.075802375,0,6.28.1,None,0,1118,1118,150,0,203,4,0,0,0,0,16.99361111111111,0,221,0,44.2707037,0,0,0,25,0,0,0,0,0,0,0,0,0,0,None,0,0,0.334,0,0,0,46.833518518518524,1,0,06/02/2025 10:23,0,0,1
65,0,0,0,0,0,0,0,06/02/2025 10:31,0,1,0,0,17.448962264150943,0,0,0,517,38,1.2416415094339623,0,0,0,0.018926,2,0,0,0,0,0,0,0,Success,0,0,0,0,0,0,0,5.53966795,None,06/02/2025 10:39,6.28.1,0,359,0,2025-02-06 D,06/02/2025 10:40,None,0,0,327,1,0,55,0,0.025317978,0,6.28.1,None,0,517,517,126,0,203,4,0,0,0,0,17.448962264150943,0,188,0,44.17067924528302,0,0,0,25,0,0,0,0,0,0,0,0,0,0,None,0,0,0.371,0,0,0,43.53628301886792,1,0,06/02/2025 10:33,0,0,1
64,0,0,0,0,0,0,0,06/02/2025 10:40,0,1,0,0,16.780188679245285,0,0,0,548,38,1.0753018867924529,0,0,0,0.016805,2,0,0,0,0,0,0,0,Success,0,0,0,0,0,0,0,5.438767967,None,06/02/2025 10:48,6.28.1,0,390,0,2025-02-06 D,06/02/2025 10:49,None,0,0,374,1,0,54,0,0.069354163,0,6.28.1,None,0,548,548,168,0,203,5,0,0,0,0,16.780188679245285,0,174,0,43.48337735849057,0,0,0,25,0,0,0,0,0,0,0,0,0,0,None,0,0,0.327,0,0,0,43.51862264150944,1,0,06/02/2025 10:41,0,0,0
63,0,0,0,0,0,0,0,06/02/2025 10:49,0,1,0,0,17.387884615384614,0,0,0,523,38,1.2566153846153845,0,0,0,0.017818,2,0,0,0,0,0,0,0,Success,0,0,0,0,0,0,0,5.406097576,None,06/02/2025 10:57,6.28.1,0,368,0,2025-02-06 D,06/02/2025 10:58,None,0,0,340,1,0,53,0,0.038327535,0,6.28.1,None,0,523,523,138,0,203,4,0,0,0,0,17.387884615384614,0,187,0,44.27644230769231,0,0,0,25,0,0,0,0,0,0,0,0,0,0,None,0,0,0.315,0,0,0,43.74505769230769,1,0,06/02/2025 10:50,0,0,0
65,0,0,0,0,0,0,0,06/02/2025 10:58,0,1,0,0,17.04990566037736,0,0,0,471,38,1.451698113207547,0,0,0,0.021486,2,0,0,0,0,0,0,0,Success,0,0,0,0,0,0,0,5.435490594,None,06/02/2025 11:04,6.28.1,0,321,0,2025-02-06 D,06/02/2025 11:06,None,0,0,313,1,0,55,0,0.010816653,0,6.28.1,None,0,471,471,115,0,203,4,0,0,0,0,17.04990566037736,0,162,0,43.54286792,0,0,0,26,0,0,0,0,0,0,0,0,0,0,None,0,0,0.316,0,0,0,43.27666037735849,1,0,06/02/2025 10:59,0,0,0
68,0,0,0,0,0,0,0,06/02/2025 11:06,0,1,0,0,16.829716981132076,0,0,0,518,38,1.4471886792452828,0,0,0,0.018753,2,0,0,0,0,0,0,0,Success,0,0,0,0,0,0,0,5.47246069,None,06/02/2025 11:13,6.28.1,0,366,0,2025-02-06 D,06/02/2025 11:14,None,0,0,300,1,0,58,0,0.021931712,0,6.28.1,None,0,518,518,103,0,203,4,0,0,0,0,16.829716981132076,0,216,0,43.63462264150944,0,0,0,25,0,0,0,0,0,0,0,0,0,0,None,0,0,0.313,0,0,0,43.15956603773585,1,0,06/02/2025 11:07,0,0,0
66,0,0,0,0,0,0,0,06/02/2025 11:14,0,1,0,0,16.882641509433963,0,0,0,481,39,1.5413584905660376,0,0,0,0.0216,2,0,0,0,0,0,0,0,Success,0,0,0,0,0,0,0,5.615614837,None,06/02/2025 11:21,6.28.1,0,328,0,2025-02-06 D,06/02/2025 11:22,None,0,0,290,1,0,56,0,0.058215118,0,6.28.1,None,0,481,481,90,0,203,4,0,0,0,0,16.882641509433963,0,193,0,44.069471698113205,0,0,0,26,0,0,0,0,0,0,0,0,0,0,None,0,0,0.327,0,0,0,42.92775471698113,1,0,06/02/2025 11:16,0,0,0
65,0,0,0,0,0,0,0,06/02/2025 11:22,0,2,0,0,15.856132075471699,0,0,0,616,38,1.9988867924528302,0,0,0,0.024314,2,0,0,0,0,0,0,0,Success,0,0,0,0,0,0,0,5.688419904,None,06/02/2025 11:39,6.28.1,0,944,0,2025-02-06 D,06/02/2025 11:40,None,0,867,938,1,0,55,0,0.013928389,0,6.28.1,None,0,1094,227,105,0,203,4,0,0,0,0,15.856132075471699,0,152,0,42.961528301886794,0,0,0,26,0,0,0,0,0,0,0,0,0,0,None,0,0,0.326,0,0,0,42.17328301886793,1,0,06/02/2025 11:24,0,0,0
66,0,0,0,0,0,0,0,06/02/2025 11:40,0,1,0,0,17.288999999999998,0,0,0,484,38,1.413781818181818,0,0,0,0.021711,2,0,0,0,0,0,0,0,Success,0,0,0,0,0,0,0,5.729081078,None,06/02/2025 11:47,6.28.1,0,333,0,2025-02-06 D,06/02/2025 11:49,None,0,484,310,1,0,56,0,0.036124784,0,6.28.1,None,0,484,0,113,0,203,4,0,0,0,0,17.288999999999998,0,175,0,44.39763636363636,0,0,0,26,0,0,0,0,0,0,0,0,0,0,None,0,0,0.348,0,0,0,43.303363636363635,1,0,06/02/2025 11:42,0,0,0
65,0,0,0,0,0,0,0,06/02/2025 11:49,0,1,0,0,16.911964285714284,0,0,0,450,38,1.6984642857142858,0,0,0,0.024556,2,0,0,0,0,0,0,0,Success,0,0,0,0,0,0,0,6.016335845,None,06/02/2025 11:55,6.28.1,0,308,0,2025-02-06 D,06/02/2025 11:56,None,0,450,275,1,0,55,0,0.009433981,0,6.28.1,None,0,450,0,80,0,203,4,0,0,0,0,16.911964285714284,0,175,0,43.58491071428572,0,0,0,25,0,0,0,0,0,0,0,0,0,0,None,0,0,0.351,0,0,0,42.17075,1,0,06/02/2025 11:50,0,0,0
65,0,0,0,0,0,0,0,06/02/2025 12:03,0,1,0,0,16.8775,0,0,0,464,38,1.4884074074074074,0,0,0,0.022783,2,0,0,0,0,0,0,0,Success,0,0,0,0,0,0,0,5.575173719,None,06/02/2025 12:10,6.28.1,0,312,0,2025-02-06 D,06/02/2025 12:11,None,0,464,309,1,0,55,0,0.007211102,0,6.28.1,None,0,464,0,110,0,203,4,0,0,0,0,16.8775,0,158,0,43.89490741,0,0,0,25,0,0,0,0,0,0,0,0,0,0,None,0,0,0.326,0,0,0,43.353796296296295,1,0,06/02/2025 12:05,0,0,0
65,0,0,0,0,0,0,0,06/02/2025 12:11,0,1,0,0,17.12179245283019,0,0,0,435,38,1.7283584905660376,0,0,0,0.025883,2,0,0,0,0,0,0,0,Success,0,0,0,0,0,0,0,5.547813804,None,06/02/2025 12:17,6.28.1,0,281,0,2025-02-06 D,06/02/2025 12:18,None,0,435,296,1,0,55,0,0.01421267,0,6.28.1,None,0,435,0,96,0,203,5,0,0,0,0,17.12179245283019,0,142,0,43.944415094339625,0,0,0,26,0,0,0,0,0,0,0,0,0,0,None,0,0,0.332,0,0,0,42.88662264150943,1,0,06/02/2025 12:13,0,0,0
64,0,0,0,0,0,0,0,06/02/2025 12:18,0,1,0,0,17.33480769230769,0,0,0,448,38,1.5701153846153846,0,0,0,0.0243,2,0,0,0,0,0,0,0,Success,0,0,0,0,0,0,0,5.481838925,None,06/02/2025 12:25,6.28.1,0,293,0,2025-02-06 D,06/02/2025 12:26,None,0,448,305,1,0,54,0,0.031827661,0,6.28.1,None,0,448,0,109,0,203,4,0,0,0,0,17.33480769230769,0,141,0,44.17009615384615,0,0,0,26,0,0,0,0,0,0,0,0,0,0,None,0,0,0.337,0,0,0,42.36821153846154,1,0,06/02/2025 12:20,0,0,0
64,0,0,0,0,0,0,0,06/02/2025 12:26,0,1,0,0,17.320673076923075,0,0,0,453,38,1.4752307692307693,0,0,0,0.023419,2,0,0,0,0,0,0,0,Success,0,0,0,0,0,0,0,5.463307972,None,06/02/2025 12:32,6.28.1,0,303,0,2025-02-06 D,06/02/2025 12:33,None,0,453,317,1,0,54,0,0.010198039,0,6.28.1,None,0,453,0,121,0,203,4,0,0,0,0,17.320673076923075,0,138,0,44.115788461538465,0,0,0,25,0,0,0,0,0,0,0,0,0,0,None,0,0,0.328,0,0,0,42.49705769,1,0,06/02/2025 12:27,0,0,0
64,0,0,0,0,0,0,0,06/02/2025 12:41,0,1,0,0,16.963823529411766,0,0,0,429,39,1.8235490196078432,0,0,0,0.025817,2,0,0,0,0,0,0,0,Success,0,0,0,0,0,0,0,5.43249197,None,06/02/2025 12:47,6.28.1,0,275,0,2025-02-06 D,06/02/2025 12:48,None,0,429,294,1,0,54,0,0.044102154,0,6.28.1,None,0,429,0,93,0,203,4,0,0,0,0,16.963823529411766,0,139,0,43.82652941,0,0,0,26,0,0,0,0,0,0,0,0,0,0,None,0,0,0.351,0,0,0,41.73972549019608,1,0,06/02/2025 12:42,0,0,0
66,0,0,0,0,0,0,0,06/02/2025 12:48,0,1,0,0,16.871176470588235,0,0,0,448,39,1.7092745098039217,0,0,0,0.024014,2,0,0,0,0,0,0,0,Success,0,0,0,0,0,0,0,5.361897985,None,06/02/2025 12:54,6.28.1,0,290,0,2025-02-06 D,06/02/2025 12:55,None,0,448,299,1,0,56,0,0.02236068,0,6.28.1,None,0,448,0,99,0,203,4,0,0,0,0,16.871176470588235,0,146,0,43.86717647058824,0,0,0,26,0,0,0,0,0,0,0,0,0,0,None,0,0,0.326,0,0,0,41.73594117647059,1,0,06/02/2025 12:49,0,0,0
65,0,0,0,0,0,0,0,06/02/2025 12:55,0,1,0,0,17.052692307692308,0,0,0,447,39,1.713423076923077,0,0,0,0.024545,2,0,0,0,0,0,0,0,Success,0,0,0,0,0,0,0,5.392535953,None,06/02/2025 13:01,6.28.1,0,289,0,2025-02-06 D,06/02/2025 13:03,None,0,447,307,1,0,55,0,0.042154478,0,6.28.1,None,0,447,0,104,0,203,4,0,0,0,0,17.052692307692308,0,141,0,44.364384615384616,0,0,0,26,0,0,0,0,0,0,0,0,0,0,None,0,0,0.334,0,0,0,42.99311538461538,1,0,06/02/2025 12:57,0,0,0
63,0,0,0,0,0,0,0,06/02/2025 13:03,0,1,0,0,17.16029411764706,0,0,0,440,38,1.6258627450980392,0,0,0,0.023754,2,0,0,0,0,0,0,0,Success,0,0,0,0,0,0,0,5.344557606,None,06/02/2025 13:09,6.28.1,0,291,0,2025-02-06 D,06/02/2025 13:10,None,0,440,310,1,0,53,0,0.035510562,0,6.28.1,None,0,440,0,113,0,203,4,0,0,0,0,17.16029411764706,0,135,0,44.02874509803922,0,0,0,25,0,0,0,0,0,0,0,0,0,0,None,0,0,0.332,0,0,0,42.72843137254902,1,0,06/02/2025 13:04,0,0,0
64,0,0,0,0,0,0,0,06/02/2025 13:10,0,1,0,0,17.2395,0,0,0,441,38,1.6934200000000001,0,0,0,0.024502,2,0,0,0,0,0,0,0,Success,0,0,0,0,0,0,0,5.267653557,None,06/02/2025 13:16,6.28.1,0,284,0,2025-02-06 D,06/02/2025 13:17,None,0,441,306,1,0,54,0,0.026,0,6.28.1,None,0,441,0,110,0,203,4,0,0,0,0,17.2395,0,131,0,44.0853,0,0,0,26,0,0,0,0,0,0,0,0,0,0,None,0,0,0.314,0,0,0,43.73254,1,0,06/02/2025 13:11,0,0,0
90,0,0,0,0,0,0,0,06/02/2025 13:25,0,2,0,0,16.9332,0,0,0,471,38,1.80054,0,0,0,0.023286,3,0,0,0,0,0,0,0,Success,0,0,0,0,0,0,0,5.193187942,None,06/02/2025 13:32,6.28.1,0,318,0,2025-02-06 D,06/02/2025 13:33,None,0,471,332,1,0,80,0,0.069856997,0,6.28.1,None,0,471,0,88,0,203,4,0,0,0,0,16.9332,0,139,0,44.14408,0,0,0,26,0,0,0,0,0,0,0,0,0,0,None,0,0,0.339,0,0,0,42.47808,1,0,06/02/2025 13:26,0,0,0
64,0,0,0,0,0,0,0,06/02/2025 14:29,0,1,0,0,17.201020408163266,0,0,0,454,39,1.4562244897959185,0,0,0,0.022469,2,0,0,0,0,0,0,0,Success,0,0,0,0,0,0,0,5.133895013,None,06/02/2025 14:35,6.28.1,0,292,0,2025-02-06 D,06/02/2025 14:36,None,0,0,321,1,0,54,0,0.020099751,0,6.28.1,None,0,454,454,119,0,203,4,0,0,0,0,17.201020408163266,0,130,0,44.19636734693877,0,0,0,26,0,0,0,0,0,0,0,0,0,0,None,0,0,0.336,0,0,0,44.10055102040817,1,0,06/02/2025 14:30,0,0,0
66,0,0,0,0,0,0,0,06/02/2025 14:36,0,2,0,0,16.522021276595744,0,0,0,553,39,1.9387872340425534,0,0,0,0.024145,2,0,0,0,0,0,0,0,Success,0,0,0,0,0,0,0,5.141623965,None,06/02/2025 14:51,6.28.1,0,795,0,2025-02-06 D,06/02/2025 14:52,None,0,700,838,1,0,56,0,0.065253352,0,6.28.1,None,0,961,261,121,0,203,8,0,0,0,0,16.522021276595744,0,121,0,42.642382978723404,0,0,0,27,0,0,0,0,0,0,0,0,0,0,None,0,0,0.381,0,0,0,42.51355319148936,1,0,06/02/2025 14:38,0,0,0
84,0,0,0,0,0,0,0,06/02/2025 15:00,0,1,0,0,16.592553191489362,0,0,0,3136,2656,1.7165744680851065,0,0,0,0.018581,3,0,0,0,0,0,0,0,Success,0,0,0,0,0,0,0,5.081695878,None,06/02/2025 15:08,6.28.1,0,368,0,2025-02-06 D,06/02/2025 15:52,None,0,3136,378,1,0,74,0,0.058600341,0,6.28.1,None,0,3136,0,164,0,203,4,0,0,0,0,16.592553191489362,0,141,0,43.56165957446808,0,0,0,26,0,0,0,0,0,0,0,0,0,0,None,0,0,0.36,0,0,0,44.82757446808511,1,0,06/02/2025 15:01,0,0,0
67,0,0,0,0,0,0,0,06/02/2025 15:52,0,2,0,0,16.8465625,0,0,0,1435,39,1.4550833333333333,0,0,0,0.019095,2,0,0,0,37,0,0,0,Success,0,0,0,0,0,0,0,5.022833165,None,06/02/2025 16:16,6.28.1,0,406,0,2025-02-06 D,06/02/2025 16:17,None,0,1230,3974,1,0,57,0,0.122118795,0,6.28.1,None,0,1472,242,162,0,203,5,0,0,0,0,16.8465625,0,112,0,45.00920833333333,0,0,0,26,0,0,0,0,0,0,0,0,0,0,None,0,0,0.334,0,0,0,43.26741666666666,1,0,06/02/2025 16:09,0,0,0
113,0,0,0,0,0,0,0,06/02/2025 16:17,0,2,0,0,17.84135294117647,0,0,0,909,122,1.8777529411764706,0,0,0,0,4,0,0,0,0,0,0,0,Success,0,0,0,0,0,0,0,9.043116941,None,06/02/2025 16:29,6.28.1,0,667,0,2025-02-06 D,06/02/2025 16:32,None,0,0,566,1,0,103,0,0.044407206,0,6.28.1,None,0,909,909,180,0,203,5,0,0,0,0,17.84135294117647,0,284,0,44.53288235294118,0,0,0,108,0,0,0,0,0,0,0,0,0,0,None,0,0,0.321,0,0,0,45.63498823529412,1,0,06/02/2025 16:18,0,0,0
94,0,0,0,0,0,0,0,06/02/2025 16:32,0,2,0,0,17.015470588235296,0,0,0,1294,121,2.3741764705882353,0,0,0,0.024732,3,0,0,0,158,0,0,0,Success,0,0,0,0,0,0,0,9.135650661,None,06/02/2025 16:57,6.28.1,0,1401,0,2025-02-06 D,06/02/2025 17:02,None,0,332,1386,1,0,84,0,0.002828427,0,6.28.1,None,0,1784,1452,134,0,203,9,0,0,0,0,17.015470588235296,0,261,0,44.10810588235294,0,0,0,107,0,0,0,0,0,0,0,0,0,0,None,0,0,0.372,0,0,0,45.116400000000006,1,0,06/02/2025 16:34,0,0,0
130,0,0,0,0,0,0,0,06/02/2025 17:02,0,3,0,0,17.682554347826088,0,0,0,859,119,1.3868152173913044,0,0,0,0.02051,4,0,0,0,131,0,0,0,Success,0,0,0,0,0,0,0,9.433830081,None,06/02/2025 17:16,6.28.1,0,647,0,2025-02-06 D,06/02/2025 17:18,None,0,0,801,1,0,120,0,0.148475587,0,6.28.1,None,0,990,990,124,0,203,5,0,0,0,0,17.682554347826088,0,328,0,44.77126086956522,0,0,0,104,0,0,0,0,0,0,0,0,0,0,None,0,0,0.327,0,0,0,48.23709782608696,1,0,06/02/2025 17:05,0,0,1
92,0,0,0,0,0,0,0,06/02/2025 18:13,0,2,0,0,17.952443181818182,0,0,0,796,119,1.578125,0,0,0,0.02275,3,0,0,0,0,0,0,0,Success,0,0,0,0,0,0,0,9.136363062,None,06/02/2025 18:24,6.28.1,0,554,0,2025-02-06 N,06/02/2025 18:26,None,0,0,484,1,0,82,0,0.018439089,0,6.28.1,None,0,796,796,105,0,203,8,0,0,0,0,17.952443181818182,0,318,0,44.71580681818182,0,0,0,105,0,0,0,0,0,0,0,0,0,0,None,0,0,0.35,0,0,0,47.07060227272727,1,0,06/02/2025 18:14,0,0,0
93,0,0,0,0,0,0,0,06/02/2025 18:26,0,2,0,0,17.053953488372095,0,0,0,724,136,2.6278488372093025,0,0,0,0.028736,2,0,0,0,0,0,0,0,Success,0,0,0,0,0,0,0,9.600796946,None,06/02/2025 18:35,6.28.1,0,471,0,2025-02-06 N,06/02/2025 18:38,None,0,0,459,1,0,67,0,0.019849433,0,6.28.1,None,0,724,724,93,0,203,5,0,0,0,0,17.053953488372095,0,256,0,44.223430232558144,0,0,0,105,0,0,0,0,0,0,0,0,0,0,None,0,0,0.322,0,0,0,44.62289534883721,1,0,06/02/2025 18:27,0,0,0
92,0,0,0,0,0,0,0,06/02/2025 18:38,0,2,0,0,17.61174418604651,0,0,0,781,119,2.202453488372093,0,0,0,0,3,0,0,0,0,0,0,0,Success,0,0,0,0,0,0,0,9.183753917,None,06/02/2025 18:48,6.28.1,0,509,0,2025-02-06 N,06/02/2025 18:59,None,0,519,528,1,0,82,0,0.058940648,0,6.28.1,None,0,1260,741,133,0,203,4,0,0,0,0,17.61174418604651,0,240,0,44.55605813953488,0,0,0,104,0,0,0,0,0,0,0,0,0,0,None,0,0,0.286,0,0,0,43.477755813953486,1,0,06/02/2025 18:40,0,0,0
92,0,0,0,0,0,0,0,06/02/2025 18:59,0,2,0,0,17.652228260869567,0,0,0,922,196,1.536054347826087,0,0,0,0.021384,3,0,0,0,29,0,0,0,Success,0,0,0,0,0,0,0,9.576628112,None,06/02/2025 19:11,6.28.1,0,596,0,2025-02-06 N,06/02/2025 19:15,None,0,922,1018,1,0,82,0,0.079056942,0,6.28.1,None,0,951,29,101,0,203,5,0,0,0,0,17.652228260869567,0,356,0,44.56227173913044,0,0,0,104,0,0,0,0,0,0,0,0,0,0,None,0,0,0.331,0,0,0,44.93961956521739,1,0,06/02/2025 19:01,0,0,0
0,0,0,0,0,0,0,0,06/02/2025 19:15,0,0,0,0,17.824,0,0,0,0,152,1.5043444444444443,0,0,0,0.021946,0,0,0,0,1116,0,0,0,Success,0,0,0,0,0,0,0,9.353832583,None,06/02/2025 19:31,6.28.1,0,577,0,2025-02-06 N,06/02/2025 19:34,None,0,0,0,1,0,0,0,0.098351411,0,6.28.1,None,0,1116,1116,0,0,203,4,0,0,0,0,17.824,0,0,0,44.959944444444446,0,0,0,0,0,0,0,0,0,0,0,0,0,0,None,0,0,0.329,0,0,0,47.1578,1,0,06/02/2025 19:21,0,0,1
0,0,0,0,0,0,0,0,06/02/2025 19:34,0,0,0,0,17.791483516483517,0,0,0,0,139,1.5833956043956043,0,0,0,0.023207,0,0,0,0,911,0,0,0,Success,0,0,0,0,0,0,0,9.427840633,None,06/02/2025 19:46,6.28.1,0,560,0,2025-02-06 N,06/02/2025 19:49,None,0,0,0,1,0,0,0,0.064845972,0,6.28.1,None,0,911,911,0,0,203,3,0,0,0,0,17.791483516483517,0,0,0,44.90279120879121,0,0,0,0,0,0,0,0,0,0,0,0,0,0,None,0,0,0.301,0,0,0,47.61752747252747,1,0,06/02/2025 19:37,0,0,1
106,0,0,0,0,0,0,0,06/02/2025 20:51,0,11,0,0,16.737906976744185,0,0,0,1323,120,2.716813953488372,0,0,0,0.012203,4,0,0,0,533,0,0,0,Success,0,0,0,0,0,0,0,9.31022395,None,06/02/2025 21:32,6.28.1,0,1843,0,2025-02-06 N,06/02/2025 21:35,None,0,780,7914,1,0,96,0,0.109877204,0,6.28.1,None,0,2636,1856,165,0,203,4,0,0,0,0,16.737906976744185,0,536,0,41.52286046511628,0,0,0,105,0,0,0,0,0,0,0,0,0,0,None,0,0,0.308,0,0,0,43.04467441860465,1,0,06/02/2025 21:01,0,0,1
91,0,0,0,0,0,0,0,06/02/2025 21:35,0,2,0,0,17.643,0,0,0,1003,120,1.454388888888889,0,0,0,0.022378,3,0,0,0,47,0,0,0,Success,0,0,0,0,0,0,0,9.271470056,None,06/02/2025 21:50,6.28.1,0,800,0,2025-02-06 N,06/02/2025 21:52,None,0,0,736,1,0,81,0,0.041677332,0,6.28.1,None,0,1050,1050,123,0,203,4,0,0,0,0,17.643,0,314,0,44.733266666666665,0,0,0,105,0,0,0,0,0,0,0,0,0,0,None,0,0,0.33,0,0,0,47.55877777777778,1,0,06/02/2025 21:36,0,0,0
117,0,0,0,0,0,0,0,06/02/2025 21:52,0,4,0,0,17.60110465116279,0,0,162,999,975,2.0285348837209303,0,0,0,0.021847,4,0,0,0,225,0,0,0,Success,0,0,0,0,0,0,0,9.221242758,None,06/02/2025 22:04,6.28.1,0,650,0,2025-02-06 N,06/02/2025 22:22,None,0,549,600,1,0,107,0,0.008062258,0,6.28.1,None,0,1773,1224,112,0,203,4,0,0,0,0,17.60110465116279,0,292,0,44.17412790697674,0,0,0,62,0,0,0,0,0,0,0,0,0,0,None,0,0,0.357,0,0,0,45.5685,1,0,06/02/2025 21:54,0,0,0
106,0,0,0,0,0,0,0,06/02/2025 22:22,0,3,0,0,16.914767441860466,0,0,0,1711,120,1.9436744186046513,0,0,0,0.024606,4,0,0,0,110,0,0,0,Success,0,0,0,0,0,0,0,9.270332357,None,06/02/2025 22:44,6.28.1,0,1281,0,2025-02-06 N,06/02/2025 22:52,None,0,0,1875,1,0,96,0,0.028284271,0,6.28.1,None,0,1821,1821,175,0,203,5,0,0,0,0,16.914767441860466,0,270,0,44.74001162790698,0,0,0,246,0,0,0,0,0,0,0,0,0,0,None,0,0,0.383,0,0,0,48.60748837209302,1,0,06/02/2025 22:23,0,0,0
0,0,0,0,0,0,0,0,06/02/2025 23:19,0,0,0,0,17.491271186440677,0,0,74619,0,184,1.6790677966101695,0,0,0,0.024091,0,0,0,0,0,0,0,0,Success,0,0,0,0,0,0,0,6.14800431,None,07/02/2025 19:59,6.28.1,0,358,0,2025-02-07 N,07/02/2025 20:02,None,0,74619,0,1,0,0,5,-10000,0,6.28.1,None,0,74624,5,0,0,203,1,0,0,0,0,17.491271186440677,0,0,0,45.56922033898305,0,0,0,0,0,0,0,0,0,0,0,0,0,0,None,0,0,-10000,0,0,0,46.34291525423729,1,0,07/02/2025 19:53,0,0,0
0,0,0,0,0,0,0,0,07/02/2025 20:02,0,0,0,0,17.680677966101698,0,0,1733,0,67,1.9113898305084747,0,0,0,0.022746,0,0,0,0,1531,0,0,0,Success,0,0,0,0,0,0,0,6.099376853,None,07/02/2025 21:12,6.28.1,0,331,0,2025-02-07 N,07/02/2025 21:14,None,0,1849,0,1,0,0,899,0.017,0,6.28.1,None,0,4279,2430,0,0,203,5,0,0,0,0,17.680677966101698,0,0,0,46.872440677966104,0,0,0,0,0,0,0,0,0,0,0,0,0,0,None,0,0,0.344,0,0,0,49.98216949152542,1,0,07/02/2025 21:07,0,0,0
86,0,0,0,0,0,0,0,07/02/2025 21:14,0,1,0,0,18.39909836065574,0,0,0,838,40,1.2505409836065573,0,0,0,0.01461,1,0,0,0,151,0,0,0,Success,0,0,0,0,0,0,0,6.267177674,None,07/02/2025 21:29,6.28.1,0,519,0,2025-02-07 N,07/02/2025 21:30,None,0,0,80324,1,0,76,0,0.087097646,0,6.28.1,None,0,989,989,78,0,0,4,0,0,0,0,18.39909836065574,0,378,0,47.293918032786884,0,0,0,27,0,0,0,0,0,0,0,0,0,0,None,0,0,0.334,0,0,0,43.824737704918036,1,0,07/02/2025 21:20,0,0,1
53,0,0,0,0,0,0,0,07/02/2025 21:30,0,2,0,0,18.58925,0,0,0,1131,40,1.38645,0,0,0,0.016236,1,0,0,0,0,0,0,0,Success,0,0,0,0,0,0,0,6.208451659,None,07/02/2025 21:48,6.28.1,0,520,0,2025-02-07 N,07/02/2025 21:49,None,0,373,863,1,0,43,0,0.053712196,0,6.28.1,None,0,1164,791,84,0,203,4,0,0,0,0,18.58925,0,328,0,48.08121666666667,0,0,0,27,0,0,0,0,0,0,0,0,0,0,None,0,0,0.337,0,0,0,44.247566666666664,1,0,07/02/2025 21:40,0,0,0
49,0,0,0,0,0,0,0,07/02/2025 21:49,0,1,0,0,18.93516393442623,0,0,0,644,40,1.3004262295081965,0,0,0,0.016295,1,0,0,0,0,0,0,0,Success,0,0,0,0,0,0,0,6.258553267,None,07/02/2025 21:59,6.28.1,0,440,0,2025-02-07 N,07/02/2025 22:00,None,0,644,320,1,0,39,0,0.049396356,0,6.28.1,None,0,644,0,84,0,203,5,0,0,0,0,18.93516393442623,0,329,0,48.13562295081967,0,0,0,27,0,0,0,0,0,0,0,0,0,0,None,0,0,0.334,0,0,0,44.22447540983607,1,0,07/02/2025 21:52,0,0,0
50,0,0,0,0,0,0,0,07/02/2025 22:00,0,1,0,0,18.00565573770492,0,0,0,641,40,1.2659836065573769,0,0,0,0.015677,1,0,0,0,0,0,0,0,Success,0,0,0,0,0,0,0,6.272581925,None,07/02/2025 22:10,6.28.1,0,475,0,2025-02-07 N,07/02/2025 22:11,None,0,641,304,1,0,40,0,0.063126857,0,6.28.1,None,0,641,0,87,0,203,4,0,0,0,0,18.00565573770492,0,341,0,47.848622950819674,0,0,0,27,0,0,0,0,0,0,0,0,0,0,None,0,0,0.351,0,0,0,43.11785245901639,1,0,07/02/2025 22:02,0,0,0
49,0,0,0,0,0,0,0,07/02/2025 22:11,0,1,0,0,18.622377049180326,0,0,0,662,40,1.3452131147540984,0,0,0,0.01591,1,0,0,0,0,0,0,0,Success,0,0,0,0,0,0,0,6.266674876,None,07/02/2025 22:21,6.28.1,0,451,0,2025-02-07 N,07/02/2025 22:22,None,0,662,306,1,0,39,0,0.059665735,0,6.28.1,None,0,662,0,73,0,203,5,0,0,0,0,18.622377049180326,0,352,0,47.42019672131148,0,0,0,28,0,0,0,0,0,0,0,0,0,0,None,0,0,0.352,0,0,0,42.81259016393443,1,0,07/02/2025 22:13,0,0,0
85,0,0,0,0,0,0,0,07/02/2025 22:32,0,1,0,0,18.403983050847458,0,0,0,704,40,1.3029661016949152,0,0,0,0,1,0,0,0,0,0,0,0,Success,0,0,0,0,0,0,0,6.126298801,None,07/02/2025 22:42,6.28.1,0,490,0,2025-02-07 N,07/02/2025 22:43,None,0,704,312,1,0,75,0,0.03324154,0,6.28.1,None,0,704,0,72,0,203,5,0,0,0,0,18.403983050847458,0,356,0,47.99101694915254,0,0,0,27,0,0,0,0,0,0,0,0,0,0,None,0,0,0.324,0,0,0,45.89069491525424,1,0,07/02/2025 22:34,0,0,0
49,0,0,0,0,0,0,0,07/02/2025 22:43,0,1,0,0,17.76635593220339,0,0,0,642,40,1.1956949152542373,0,0,0,0.014664,1,0,0,0,0,0,0,0,Success,0,0,0,0,0,0,0,6.117960526,None,07/02/2025 22:53,6.28.1,0,475,0,2025-02-07 N,07/02/2025 22:54,None,0,642,311,1,0,39,0,0.028284271,0,6.28.1,None,0,642,0,94,0,203,4,0,0,0,0,17.76635593220339,0,353,0,48.082389830508475,0,0,0,27,0,0,0,0,0,0,0,0,0,0,None,0,0,0.331,0,0,0,44.050728813559324,1,0,07/02/2025 22:45,0,0,0
51,0,0,0,0,0,0,0,07/02/2025 22:54,0,1,0,0,17.86325,0,0,0,615,41,1.3174833333333333,0,0,0,0.018205,1,0,0,0,0,0,0,0,Success,0,0,0,0,0,0,0,6.188862577,None,07/02/2025 23:03,6.28.1,0,397,0,2025-02-07 N,07/02/2025 23:04,None,0,615,328,1,0,41,0,0.09284934,0,6.28.1,None,0,615,0,81,0,203,4,0,0,0,0,17.86325,0,287,0,47.9515,0,0,0,28,0,0,0,0,0,0,0,0,0,0,None,0,0,0.298,0,0,0,44.52141666666667,1,0,07/02/2025 22:57,0,0,0
54,0,0,0,0,0,0,0,07/02/2025 23:04,0,1,0,0,18.00975,0,0,0,635,41,1.3312,0,0,0,0.019596,1,0,0,0,56,0,0,0,Success,0,0,0,0,0,0,0,6.166053925,None,07/02/2025 23:20,6.28.1,0,376,0,2025-02-07 N,07/02/2025 23:22,None,0,449,770,1,0,44,0,0.022090722,0,6.28.1,None,0,1031,582,82,0,203,4,0,0,0,0,18.00975,0,262,0,48.25181666666666,0,0,0,28,0,0,0,0,0,0,0,0,0,0,None,0,0,0.301,0,0,0,45.1026,1,0,07/02/2025 23:14,0,0,0
50,0,0,0,0,0,0,0,07/02/2025 23:22,0,1,0,0,18.549661016949155,0,0,0,462,40,1.7038305084745762,0,0,0,0.027336,1,0,0,0,0,0,0,0,Success,0,0,0,0,0,0,0,6.183998545,None,07/02/2025 23:28,6.28.1,0,284,0,2025-02-07 N,07/02/2025 23:29,None,0,0,292,1,0,40,0,0.029698485,0,6.28.1,None,0,462,462,71,0,203,4,0,0,0,0,18.549661016949155,0,185,0,47.87825423728813,0,0,0,27,0,0,0,0,0,0,0,0,0,0,None,0,0,0.349,0,0,0,44.02477966101695,1,0,07/02/2025 23:23,0,0,0
53,0,0,0,0,0,0,0,07/02/2025 23:29,0,1,0,0,17.935862068965516,0,0,0,704,138,2.3173620689655174,0,0,0,0.031257,1,0,0,0,0,0,0,0,Success,0,0,0,0,0,0,0,6.17407078,None,07/02/2025 23:38,6.28.1,0,259,0,2025-02-07 N,07/02/2025 23:41,None,0,0,435,1,0,43,0,0.119519873,0,6.28.1,None,0,704,704,64,0,203,4,0,0,0,0,17.935862068965516,0,165,0,47.556275862068965,0,0,0,28,0,0,0,0,0,0,0,0,0,0,None,0,0,0.318,0,0,0,44.23037931034483,1,0,07/02/2025 23:34,0,0,0
51,0,0,0,0,0,0,0,07/02/2025 23:41,0,1,0,0,19.75075,0,0,0,699,41,2.56635,0,0,0,0.037034,1,0,0,0,0,0,0,0,Success,0,0,0,0,0,0,0,6.321980465,None,07/02/2025 23:51,6.28.1,0,226,0,2025-02-07 N,07/02/2025 23:53,None,0,0,665,1,0,41,0,0.108046287,0,6.28.1,None,0,699,699,67,0,203,4,0,0,0,0,19.75075,0,131,0,46.92541666666667,0,0,0,28,0,0,0,0,0,0,0,0,0,0,None,0,0,0.344,0,0,0,38.33228333333333,1,0,07/02/2025 23:48,0,0,0
49,0,0,0,0,0,0,0,07/02/2025 23:53,0,1,0,0,18.9635,0,0,0,434,40,1.95085,0,0,0,0.029795,1,0,0,0,0,0,0,0,Success,0,0,0,0,0,0,0,6.299623084,None,07/02/2025 23:59,6.28.1,0,267,0,2025-02-07 N,08/02/2025 00:00,None,0,0,269,1,0,39,0,0.033000001,0,6.28.1,None,0,434,434,68,0,203,5,0,0,0,0,18.9635,0,172,0,48.125816666666665,0,0,0,28,0,0,0,0,0,0,0,0,0,0,None,0,0,0.322,0,0,0,41.66961666666667,1,0,07/02/2025 23:54,0,0,0
62,0,0,0,0,0,0,0,08/02/2025 00:00,0,1,0,0,18.575901639344263,0,0,0,488,41,1.7777540983606557,0,0,0,0.026328,1,0,0,0,0,0,0,0,Success,0,0,0,0,0,0,0,6.352089499,None,08/02/2025 00:07,6.28.1,0,311,0,2025-02-07 N,08/02/2025 00:08,None,0,0,266,1,0,52,0,0.013601471,0,6.28.1,None,0,488,488,75,0,203,4,0,0,0,0,18.575901639344263,0,195,0,48.30019672131147,0,0,0,28,0,0,0,0,0,0,0,0,0,0,None,0,0,0.301,0,0,0,42.338852459016394,1,0,08/02/2025 00:02,0,0,0
51,0,0,0,0,0,0,0,08/02/2025 00:08,0,1,0,0,18.67306451612903,0,0,0,535,40,1.5536451612903224,0,0,0,0.020955,1,0,0,0,0,0,0,0,Success,0,0,0,0,0,0,0,6.403248394,None,08/02/2025 00:16,6.28.1,0,366,0,2025-02-07 N,08/02/2025 00:17,None,0,0,293,1,0,41,0,0.016278821,0,6.28.1,None,0,535,535,88,0,203,4,0,0,0,0,18.67306451612903,0,250,0,48.14716129032258,0,0,0,27,0,0,0,0,0,0,0,0,0,0,None,0,0,0.285,0,0,0,43.123693548387095,1,0,08/02/2025 00:10,0,0,0
49,0,0,0,0,0,0,0,08/02/2025 00:17,0,1,0,0,18.524516129032257,0,0,0,539,40,1.8404677419354838,0,0,0,0.020208,1,0,0,0,0,0,0,0,Success,0,0,0,0,0,0,0,6.399883983,None,08/02/2025 00:25,6.28.1,0,370,0,2025-02-07 N,08/02/2025 00:26,None,0,0,282,1,0,39,0,0.064660652,0,6.28.1,None,0,539,539,83,0,203,4,0,0,0,0,18.524516129032257,0,260,0,47.40287096774194,0,0,0,27,0,0,0,0,0,0,0,0,0,0,None,0,0,0.318,0,0,0,40.638129032258064,1,0,08/02/2025 00:19,0,0,0
51,0,0,0,0,0,0,0,08/02/2025 00:26,0,1,0,0,18.253064516129033,0,0,0,694,41,1.4403064516129034,0,0,0,0.015573,1,0,0,0,0,0,0,0,Success,0,0,0,0,0,0,0,6.386795206,None,08/02/2025 00:36,6.28.1,0,467,0,2025-02-07 N,08/02/2025 00:38,None,0,0,340,1,0,41,0,0.054589376,0,6.28.1,None,0,694,694,72,0,203,4,0,0,0,0,18.253064516129033,0,367,0,47.71332258064516,0,0,0,28,0,0,0,0,0,0,0,0,0,0,None,0,0,0.324,0,0,0,43.00877419354838,1,0,08/02/2025 00:29,0,0,0
50,0,0,0,0,0,0,0,08/02/2025 00:38,0,1,0,0,19.251393442622952,0,0,0,519,40,2.4291147540983604,0,0,0,0.034811,1,0,0,0,0,0,0,0,Success,0,0,0,0,0,0,0,6.380119983,None,08/02/2025 00:45,6.28.1,0,240,0,2025-02-07 N,08/02/2025 00:46,None,0,0,369,1,0,40,0,0.107280008,0,6.28.1,None,0,519,519,63,0,203,4,0,0,0,0,19.251393442622952,0,148,0,47.60695081967213,0,0,0,27,0,0,0,0,0,0,0,0,0,0,None,0,0,0.323,0,0,0,40.729262295081966,1,0,08/02/2025 00:41,0,0,0
50,0,0,0,0,0,0,0,08/02/2025 00:46,0,1,0,0,19.09766129032258,0,0,0,449,40,1.8477419354838711,0,0,0,0.028876,1,0,0,0,0,0,0,0,Success,0,0,0,0,0,0,0,6.416751437,None,08/02/2025 00:52,6.28.1,0,276,0,2025-02-07 N,08/02/2025 00:54,None,0,0,280,1,0,40,0,0.056797887,0,6.28.1,None,0,449,449,77,0,203,8,0,0,0,0,19.09766129032258,0,174,0,47.80924193548387,0,0,0,27,0,0,0,0,0,0,0,0,0,0,None,0,0,0.347,0,0,0,40.92454838709678,1,0,08/02/2025 00:48,0,0,0
50,0,0,0,0,0,0,0,08/02/2025 00:54,0,1,0,0,19.09967213114754,0,0,0,518,40,1.8667377049180327,0,0,0,0.027971,1,0,0,0,0,0,0,0,Success,0,0,0,0,0,0,0,6.347167951,None,08/02/2025 01:01,6.28.1,0,283,0,2025-02-07 N,08/02/2025 01:02,None,0,0,335,1,0,40,0,0.03324154,0,6.28.1,None,0,518,518,74,0,203,4,0,0,0,0,19.09967213114754,0,181,0,47.886327868852455,0,0,0,27,0,0,0,0,0,0,0,0,0,0,None,0,0,0.318,0,0,0,41.73611475409837,1,0,08/02/2025 00:56,0,0,0
54,0,0,0,0,0,0,0,08/02/2025 01:10,0,1,0,0,17.66758064516129,0,0,0,1354,259,1.3942903225806451,0,0,0,0.015776,1,0,0,0,944,0,0,0,Success,0,0,0,0,0,0,0,6.325848006,None,08/02/2025 01:55,6.28.1,0,465,0,2025-02-07 N,08/02/2025 01:59,None,0,648,2376,1,0,44,0,0.256743062,0,6.28.1,None,0,2946,2298,73,0,203,4,0,0,0,0,17.66758064516129,0,360,0,47.403822580645155,0,0,0,28,0,0,0,0,0,0,0,0,0,0,None,0,0,0.356,0,0,0,41.88187096774193,1,0,08/02/2025 01:47,0,0,0
0,0,0,0,0,0,0,0,08/02/2025 01:59,0,0,0,0,18.77032258064516,0,0,0,456,330,1.9207419354838708,0,0,0,0.029311,0,0,0,0,2368,0,0,0,Success,0,0,0,0,0,0,0,6.470458175,None,08/02/2025 02:41,6.28.1,0,1410,0,2025-02-07 N,08/02/2025 02:52,None,0,0,0,1,0,0,320,0.097247108,0,6.28.1,None,0,3144,3144,0,0,203,5,0,0,0,0,18.77032258064516,0,0,0,47.75022580645162,0,0,0,0,0,0,0,0,0,0,0,0,0,0,None,0,0,0.349,0,0,0,42.00056451612903,1,0,08/02/2025 02:18,0,0,0
0,0,0,0,0,0,0,0,08/02/2025 02:52,0,0,0,0,17.39201612903226,0,0,400,235,176,1.6791774193548386,0,0,0,0.022147,0,0,0,0,1110,0,0,0,Success,0,0,0,0,0,0,0,6.40352848,None,08/02/2025 03:30,6.28.1,0,349,0,2025-02-07 N,08/02/2025 03:33,None,0,1004,0,1,0,0,162,0.974044146,0,6.28.1,None,0,2492,1488,0,0,203,5,0,0,0,0,17.39201612903226,0,0,0,47.33438709677419,0,0,0,0,0,0,0,0,0,0,0,0,0,0,None,0,0,0.344,0,0,0,43.159370967741935,1,0,08/02/2025 03:24,0,0,0
52,0,0,0,0,0,0,0,08/02/2025 03:33,0,1,0,0,18.644516129032258,0,0,0,497,41,1.8755483870967742,0,0,0,0.029265,1,0,0,0,212,0,0,0,Success,0,0,0,0,0,0,0,6.440723174,None,08/02/2025 03:44,6.28.1,0,279,0,2025-02-07 N,08/02/2025 03:45,None,0,0,6396,1,0,42,0,0.05215362,0,6.28.1,None,0,709,709,79,0,203,5,0,0,0,0,18.644516129032258,0,172,0,48.23124193548387,0,0,0,28,0,0,0,0,0,0,0,0,0,0,None,0,0,0.328,0,0,0,42.72888709677419,1,0,08/02/2025 03:39,0,0,0
93,0,0,0,0,0,0,0,08/02/2025 03:45,0,1,0,0,19.695245901639346,0,0,0,619,41,2.088360655737705,0,0,0,0.028377,1,0,0,0,38,0,0,0,Success,0,0,0,0,0,0,0,6.376162561,None,08/02/2025 03:55,6.28.1,0,318,0,2025-02-07 N,08/02/2025 03:56,None,0,0,440,1,0,83,0,0.055785302,0,6.28.1,None,0,657,657,81,0,203,5,0,0,0,0,19.695245901639346,0,168,0,47.564868852459014,0,0,0,28,0,0,0,0,0,0,0,0,0,0,None,0,0,0.3,0,0,0,42.99624590163935,1,0,08/02/2025 03:50,0,0,0
45,0,0,0,0,0,0,0,08/02/2025 03:56,0,3,0,0,19.642377049180325,0,0,0,1942,39,1.7485573770491805,0,0,0,0.092357,1,0,0,0,624,0,0,0,Success,0,0,0,0,0,0,0,5.970596871,None,08/02/2025 04:45,6.28.1,0,732,0,2025-02-07 N,08/02/2025 04:46,None,0,456,3044,1,0,35,0,0.054781384,0,6.28.1,None,0,3022,2566,105,0,203,5,0,0,0,0,19.642377049180325,0,21,0,47.98778689,0,0,0,27,0,0,0,0,0,0,0,0,0,0,None,0,0,-0.121,0,0,0,41.30437704918033,1,0,08/02/2025 04:33,0,0,0
50,0,0,0,0,0,0,0,08/02/2025 05:06,0,1,0,0,18.771774193548385,0,0,0,1420,41,1.2488709677419354,0,0,0,0.015323,1,0,0,0,0,0,0,0,Success,0,0,0,0,0,0,0,6.359830422,None,08/02/2025 05:16,6.28.1,0,471,0,2025-02-07 N,08/02/2025 05:29,None,0,1420,334,1,0,40,0,0.063245553,0,6.28.1,None,0,1420,0,85,0,203,5,0,0,0,0,18.771774193548385,0,360,0,47.22080645,0,0,0,28,0,0,0,0,0,0,0,0,0,0,None,0,0,0.323,0,0,0,41.40383870967742,1,0,08/02/2025 05:08,0,0,0
88,0,0,0,0,0,0,0,08/02/2025 05:29,0,1,0,0,18.853548387096776,0,0,0,622,41,1.8831290322580645,0,0,0,0.027887,1,0,0,0,0,0,0,0,Success,0,0,0,0,0,0,0,6.425114007,None,08/02/2025 05:38,6.28.1,0,319,0,2025-02-07 N,08/02/2025 05:40,None,0,622,1136,1,0,78,0,0.059464275,0,6.28.1,None,0,622,0,65,0,203,5,0,0,0,0,18.853548387096776,0,190,0,47.82703225806451,0,0,0,28,0,0,0,0,0,0,0,0,0,0,None,0,0,0.346,0,0,0,44.02912903225806,1,0,08/02/2025 05:33,0,0,0
0,0,0,0,0,0,0,0,08/02/2025 05:40,0,0,0,0,19.512249999999998,0,0,0,1234,65,1.8446,0,0,0,0.022315,0,0,0,0,2092,0,0,0,Success,0,0,0,0,0,0,0,6.234307179,None,08/02/2025 06:33,6.28.1,0,335,0,2025-02-08 D,08/02/2025 06:35,None,0,401,0,1,0,0,0,0.014764822,0,6.28.1,None,0,3326,2925,0,0,203,6,0,0,0,0,19.512249999999998,0,0,0,48.0233,0,0,0,0,0,0,0,0,0,0,0,0,0,0,None,0,0,0.325,0,0,0,42.9214,1,0,08/02/2025 06:28,0,0,0
0,0,0,0,0,0,0,0,08/02/2025 06:35,0,0,0,0,18.59625,0,0,0,37,1267,1.6616833333333332,0,0,0,0.020365,0,0,0,0,694,0,0,0,Success,0,0,0,0,0,0,0,6.266954763,None,08/02/2025 06:46,6.28.1,0,369,0,2025-02-08 D,08/02/2025 07:08,None,0,875,0,1,0,0,380,0.065802735,0,6.28.1,None,0,1949,1074,0,0,203,5,0,0,0,0,18.59625,0,0,0,47.80771666666667,0,0,0,0,0,0,0,0,0,0,0,0,0,0,None,0,0,0.308,0,0,0,42.8603,1,0,08/02/2025 06:40,0,0,0
49,0,0,0,0,0,0,0,08/02/2025 07:08,0,1,0,0,18.19275,0,0,0,602,40,1.4480833333333334,0,0,0,0.017942,1,0,0,0,0,0,0,0,Success,0,0,0,0,0,0,0,6.214909171,None,08/02/2025 07:16,6.28.1,0,404,0,2025-02-08 D,08/02/2025 07:18,None,0,602,5621,1,0,39,0,0.052810984,0,6.28.1,None,0,602,0,98,0,203,5,0,0,0,0,18.19275,0,280,0,48.04946666666667,0,0,0,27,0,0,0,0,0,0,0,0,0,0,None,0,0,0.325,0,0,0,42.640883333333335,1,0,08/02/2025 07:10,0,0,0
49,0,0,0,0,0,0,0,08/02/2025 07:18,0,1,0,0,18.3525,0,0,0,548,40,1.8667903225806453,0,0,0,0.028252,1,0,0,0,0,0,0,0,Success,0,0,0,0,0,0,0,6.484381466,None,08/02/2025 07:26,6.28.1,0,281,0,2025-02-08 D,08/02/2025 07:27,None,0,548,370,1,0,39,0,0.050990195,0,6.28.1,None,0,548,0,62,0,203,4,0,0,0,0,18.3525,0,192,0,47.65901612903226,0,0,0,27,0,0,0,0,0,0,0,0,0,0,None,0,0,0.327,0,0,0,45.18558064516129,1,0,08/02/2025 07:21,0,0,0
49,0,0,0,0,0,0,0,08/02/2025 07:27,0,1,0,0,19.266774193548386,0,0,0,469,40,1.7011612903225806,0,0,0,0.025957,1,0,0,0,0,0,0,0,Success,0,0,0,0,0,0,0,6.467792436,None,08/02/2025 07:33,6.28.1,0,302,0,2025-02-08 D,08/02/2025 07:35,None,0,469,264,1,0,39,0,0.023086793,0,6.28.1,None,0,469,0,68,0,203,5,0,0,0,0,19.266774193548386,0,208,0,48.280822580645165,0,0,0,27,0,0,0,0,0,0,0,0,0,0,None,0,0,0.297,0,0,0,45.291,1,0,08/02/2025 07:28,0,0,0
49,0,0,0,0,0,0,0,08/02/2025 07:35,0,1,0,0,18.20090163934426,0,0,0,483,41,1.6561639344262296,0,0,0,0.023894,1,0,0,0,0,0,0,0,Success,0,0,0,0,0,0,0,6.289535038,None,08/02/2025 07:41,6.28.1,0,316,0,2025-02-08 D,08/02/2025 07:43,None,0,483,257,1,0,38,0,0.05565968,0,6.28.1,None,0,483,0,73,0,203,4,0,0,0,0,18.20090163934426,0,217,0,48.102622950819665,0,0,0,27,0,0,0,0,0,0,0,0,0,0,None,0,0,0.294,0,0,0,43.975459016393444,1,0,08/02/2025 07:36,0,0,0
49,0,0,0,0,0,0,0,08/02/2025 07:43,0,1,0,0,18.680409836065575,0,0,0,552,39,1.3145409836065574,0,0,0,0.01949,1,0,0,0,0,0,0,0,Success,0,0,0,0,0,0,0,6.286042714,None,08/02/2025 07:51,6.28.1,0,379,0,2025-02-08 D,08/02/2025 07:52,None,0,552,290,1,0,39,0,0.032649656,0,6.28.1,None,0,552,0,86,0,203,4,0,0,0,0,18.680409836065575,0,265,0,48.25849180327869,0,0,0,27,0,0,0,0,0,0,0,0,0,0,None,0,0,0.318,0,0,0,45.24170491803279,1,0,08/02/2025 07:44,0,0,0
87,0,0,0,0,0,0,0,08/02/2025 07:52,0,1,0,0,19.436311475409838,0,0,0,679,39,1.3040819672131145,0,0,0,0.015919,1,0,0,0,0,0,0,0,Success,0,0,0,0,0,0,0,6.28306995,None,08/02/2025 08:02,6.28.1,0,483,0,2025-02-08 D,08/02/2025 08:03,None,0,679,309,1,0,77,0,0.051623638,0,6.28.1,None,0,679,0,90,0,203,5,0,0,0,0,19.436311475409838,0,328,0,47.900606557377046,0,0,0,27,0,0,0,0,0,0,0,0,0,0,None,0,0,0.323,0,0,0,44.03183606557377,1,0,08/02/2025 07:54,0,0,0
49,0,0,0,0,0,0,0,08/02/2025 08:03,0,1,0,0,18.2085,0,0,0,683,40,1.3879333333333332,0,0,0,0.01584,1,0,0,0,0,0,0,0,Success,0,0,0,0,0,0,0,6.24863169,None,08/02/2025 08:13,6.28.1,0,444,0,2025-02-08 D,08/02/2025 08:15,None,0,683,377,1,0,39,0,0.055317267,0,6.28.1,None,0,683,0,72,0,203,4,0,0,0,0,18.2085,0,345,0,48.090333333333334,0,0,0,27,0,0,0,0,0,0,0,0,0,0,None,0,0,0.325,0,0,0,43.41616666666666,1,0,08/02/2025 08:06,0,0,0
48,0,0,0,0,0,0,0,08/02/2025 08:15,0,1,0,0,18.537966101694916,0,0,0,566,40,1.8124745762711865,0,0,0,0.027433,1,0,0,0,0,0,0,0,Success,0,0,0,0,0,0,0,6.241155182,None,08/02/2025 08:23,6.28.1,0,278,0,2025-02-08 D,08/02/2025 08:24,None,0,566,386,1,0,38,0,0.105261579,0,6.28.1,None,0,566,0,65,0,203,3,0,0,0,0,18.537966101694916,0,186,0,47.81706779661017,0,0,0,27,0,0,0,0,0,0,0,0,0,0,None,0,0,0.349,0,0,0,45.43388135593221,1,0,08/02/2025 08:18,0,0,0
50,0,0,0,0,0,0,0,08/02/2025 08:24,0,1,0,0,19.673360655737707,0,0,0,1010,40,2.0341311475409833,0,0,0,0.029239,1,0,0,0,3,0,0,0,Success,0,0,0,0,0,0,0,6.380063714,None,08/02/2025 08:30,6.28.1,0,271,0,2025-02-08 D,08/02/2025 08:41,None,0,1010,281,1,0,40,0,0.063031738,0,6.28.1,None,0,1013,3,76,0,203,4,0,0,0,0,19.673360655737707,0,167,0,48.04331147540983,0,0,0,27,0,0,0,0,0,0,0,0,0,0,None,0,0,0.329,0,0,0,42.94909836065574,1,0,08/02/2025 08:26,0,0,0
49,0,0,0,0,0,0,0,08/02/2025 08:41,0,1,0,0,19.27775,0,0,0,452,40,2.4663,0,0,0,0.036697,1,0,0,0,49,0,0,0,Success,0,0,0,0,0,0,0,6.370727196,None,08/02/2025 08:48,6.28.1,0,226,0,2025-02-08 D,08/02/2025 08:49,None,0,0,934,1,0,39,0,0.064031242,0,6.28.1,None,0,501,501,67,0,203,8,0,0,0,0,19.27775,0,136,0,48.043083333333335,0,0,0,27,0,0,0,0,0,0,0,0,0,0,None,0,0,0.328,0,0,0,40.13023333333333,1,0,08/02/2025 08:44,0,0,0
49,0,0,0,0,0,0,0,08/02/2025 08:49,0,1,0,0,18.60811475409836,0,0,0,934,40,2.087344262295082,0,0,0,0.030347,1,0,0,0,73,0,0,0,Success,0,0,0,0,0,0,0,6.381835708,None,08/02/2025 09:07,6.28.1,0,260,0,2025-02-08 D,08/02/2025 09:08,None,0,0,937,1,0,39,103,0.036124784,0,6.28.1,None,0,1110,1110,60,0,203,5,0,0,0,0,18.60811475409836,0,174,0,47.79454098360656,0,0,0,28,0,0,0,0,0,0,0,0,0,0,None,0,0,0.368,0,0,0,41.93906557377049,1,0,08/02/2025 09:02,0,0,0
49,0,0,0,0,0,0,0,08/02/2025 09:08,0,1,0,0,19.148852459016393,0,0,0,461,40,2.5177049180327873,0,0,0,0.035832,1,0,0,0,0,0,0,0,Success,0,0,0,0,0,0,0,6.436395342,None,08/02/2025 09:14,6.28.1,0,231,0,2025-02-08 D,08/02/2025 09:15,None,0,0,312,1,0,39,0,0.031384709,0,6.28.1,None,0,461,461,56,0,203,4,0,0,0,0,19.148852459016393,0,148,0,47.411442622950815,0,0,0,27,0,0,0,0,0,0,0,0,0,0,None,0,0,0.376,0,0,0,41.03514754,1,0,08/02/2025 09:10,0,0,1
47,0,0,0,0,0,0,0,08/02/2025 09:15,0,1,0,0,17.669999999999998,0,0,0,401,40,3.0615862068965516,0,0,0,0.036146,1,0,0,0,0,0,0,0,Success,0,0,0,0,0,0,0,6.174055474,None,08/02/2025 09:21,6.28.1,0,224,0,2025-02-08 D,08/02/2025 09:22,None,0,0,266,1,0,37,0,0.02884441,0,6.28.1,None,0,401,401,70,0,203,10,0,0,0,0,17.669999999999998,0,136,0,46.58737931034483,0,0,0,28,0,0,0,0,0,0,0,0,0,0,None,0,0,0.35,0,0,0,39.791155172413795,1,0,08/02/2025 09:17,0,0,0
48,0,0,0,0,0,0,0,08/02/2025 09:22,0,1,0,0,18.200499999999998,0,0,0,455,40,1.9427999999999999,0,0,0,0.029732,1,0,0,0,0,0,0,0,Success,0,0,0,0,0,0,0,6.302079101,None,08/02/2025 09:29,6.28.1,0,262,0,2025-02-08 D,08/02/2025 09:30,None,0,0,294,1,0,38,0,0.030610456,0,6.28.1,None,0,455,455,73,0,203,5,0,0,0,0,18.200499999999998,0,163,0,47.60903333333333,0,0,0,27,0,0,0,0,0,0,0,0,0,0,None,0,0,0.297,0,0,0,45.07711666666667,1,0,08/02/2025 09:24,0,0,0
47,0,0,0,0,0,0,0,08/02/2025 09:30,0,1,0,0,18.536379310344827,0,0,0,367,40,3.182241379310345,0,0,0,0.039353,1,0,0,0,0,0,0,0,Success,0,0,0,0,0,0,0,6.275851337,None,08/02/2025 09:35,6.28.1,0,208,0,2025-02-08 D,08/02/2025 09:36,None,0,0,245,1,0,37,0,0.014035669,0,6.28.1,None,0,367,367,57,0,203,4,0,0,0,0,18.536379310344827,0,125,0,46.44918965517241,0,0,0,27,0,0,0,0,0,0,0,0,0,0,None,0,0,0.348,0,0,0,39.490017241379306,1,0,08/02/2025 09:31,0,0,0
47,0,0,0,0,0,0,0,08/02/2025 09:36,0,1,0,0,19.258706896551722,0,0,0,451,39,2.4212241379310346,0,0,0,0.035216,1,0,0,0,0,0,0,0,Success,0,0,0,0,0,0,0,6.218836226,None,08/02/2025 09:42,6.28.1,0,225,0,2025-02-08 D,08/02/2025 09:43,None,0,0,306,1,0,37,0,0.057706152,0,6.28.1,None,0,451,451,58,0,203,5,0,0,0,0,19.258706896551722,0,143,0,46.95463793103448,0,0,0,27,0,0,0,0,0,0,0,0,0,0,None,0,0,0.311,0,0,0,39.27865517241379,1,0,08/02/2025 09:38,0,0,0
49,0,0,0,0,0,0,0,08/02/2025 09:43,0,2,0,0,18.53475,0,0,0,434,40,2.2003166666666667,0,0,0,0.031656,1,0,0,0,0,0,0,0,Success,0,0,0,0,0,0,0,6.274628595,None,08/02/2025 09:56,6.28.1,0,658,0,2025-02-08 D,08/02/2025 09:57,None,0,567,660,1,0,39,0,0.026476404,0,6.28.1,None,0,821,254,67,0,203,4,0,0,0,0,18.53475,0,155,0,47.72123333333333,0,0,0,27,0,0,0,0,0,0,0,0,0,0,None,0,0,0.324,0,0,0,44.12343333333333,1,0,08/02/2025 09:45,0,0,0
48,0,0,0,0,0,0,0,08/02/2025 09:57,0,1,0,0,17.94516393442623,0,0,0,455,40,2.3346065573770494,0,0,0,0.031174,1,0,0,0,0,0,0,0,Success,0,0,0,0,0,0,0,6.35698246,None,08/02/2025 10:03,6.28.1,0,252,0,2025-02-08 D,08/02/2025 10:05,None,0,455,286,1,0,38,0,0.030232433,0,6.28.1,None,0,455,0,58,0,203,5,0,0,0,0,17.94516393442623,0,167,0,47.95652459016394,0,0,0,27,0,0,0,0,0,0,0,0,0,0,None,0,0,0.337,0,0,0,44.213163934426234,1,0,08/02/2025 09:59,0,0,0
48,0,0,0,0,0,0,0,08/02/2025 10:05,0,2,0,0,16.4725,0,0,0,470,40,1.9509333333333332,0,0,0,0.026198,1,0,0,0,0,0,0,0,Success,0,0,0,0,0,0,0,6.354977734,None,08/02/2025 10:11,6.28.1,0,297,0,2025-02-08 D,08/02/2025 10:12,None,0,470,273,1,0,38,0,0.071217975,0,6.28.1,None,0,470,0,65,0,203,8,0,0,0,0,16.4725,0,201,0,47.874766666666666,0,0,0,27,0,0,0,0,0,0,0,0,0,0,None,0,0,0.382,0,0,0,49.30041666666667,1,0,08/02/2025 10:06,0,0,0
50,0,0,0,0,0,0,0,08/02/2025 10:12,0,1,0,0,17.6945,0,0,2389,456,40,1.9834666666666665,0,0,0,0.026897,1,0,0,0,114,0,0,0,Success,0,0,0,0,0,0,0,6.305661742,None,08/02/2025 11:06,6.28.1,0,285,0,2025-02-08 D,08/02/2025 11:07,None,0,2509,3064,1,0,40,187,0.047801673,0,6.28.1,None,0,3262,753,57,0,203,4,0,0,0,0,17.6945,0,201,0,48.06151666666666,0,0,0,27,0,0,0,0,0,0,0,0,0,0,None,0,0,0.316,0,0,0,45.65338333333333,1,0,08/02/2025 11:01,0,0,0
50,0,0,0,0,0,0,0,08/02/2025 11:07,0,1,0,0,17.85,0,0,0,453,40,2.0876949152542372,0,0,0,0.027761,1,0,0,0,0,0,0,0,Success,0,0,0,0,0,0,0,6.270719895,None,08/02/2025 11:13,6.28.1,0,283,0,2025-02-08 D,08/02/2025 11:14,None,0,0,257,1,0,40,0,0.052354561,0,6.28.1,None,0,453,453,63,0,203,4,0,0,0,0,17.85,0,192,0,47.556576271186444,0,0,0,27,0,0,0,0,0,0,0,0,0,0,None,0,0,0.306,0,0,0,45.41883050847458,1,0,08/02/2025 11:08,0,0,0
48,0,0,0,0,0,0,0,08/02/2025 11:14,0,1,0,0,18.02262295081967,0,0,0,1534,40,2.106590163934426,0,0,0,0.030616,1,0,0,0,0,0,0,0,Success,0,0,0,0,0,0,0,6.351192486,None,08/02/2025 11:39,6.28.1,0,258,0,2025-02-08 D,08/02/2025 11:40,None,0,0,1362,1,0,38,0,0.046529561,0,6.28.1,None,0,1534,1534,61,0,203,5,0,0,0,0,18.02262295081967,0,172,0,47.37150819672131,0,0,0,27,0,0,0,0,0,0,0,0,0,0,None,0,0,0.343,0,0,0,46.09498360655738,1,0,08/02/2025 11:34,0,0,0
47,0,0,0,0,0,0,0,08/02/2025 11:40,0,1,0,0,17.892540983606555,0,0,0,975,40,2.340639344262295,0,0,0,0.028969,1,0,0,0,0,0,0,0,Success,0,0,0,0,0,0,0,6.410815627,None,08/02/2025 11:46,6.28.1,0,271,0,2025-02-08 D,08/02/2025 11:56,None,0,0,283,1,0,37,0,0.037,0,6.28.1,None,0,975,975,78,0,203,4,0,0,0,0,17.892540983606555,0,167,0,46.99067213114754,0,0,0,27,0,0,0,0,0,0,0,0,0,0,None,0,0,0.367,0,0,0,45.91378689,1,0,08/02/2025 11:42,0,0,0
48,0,0,0,0,0,0,0,08/02/2025 11:56,0,1,0,0,18.95357142857143,0,0,0,477,39,3.3074464285714287,0,0,0,0.038743,1,0,0,0,0,0,0,0,Success,0,0,0,0,0,0,0,6.144111164,None,08/02/2025 12:03,6.28.1,0,211,0,2025-02-08 D,08/02/2025 12:04,None,0,0,885,1,0,37,0,0.050447993,0,6.28.1,None,0,477,477,70,0,203,9,0,0,0,0,18.95357142857143,0,121,0,47.56525,0,0,0,26,0,0,0,0,0,0,0,0,0,0,None,0,0,0.357,0,0,0,44.37094642857143,1,0,08/02/2025 11:59,0,0,0
48,0,0,0,0,0,0,0,08/02/2025 12:04,0,1,0,0,18.2195,0,0,0,418,40,2.2222166666666667,0,0,0,0.029875,1,0,0,0,0,0,0,0,Success,0,0,0,0,0,0,0,6.278185805,None,08/02/2025 12:10,6.28.1,0,261,0,2025-02-08 D,08/02/2025 12:11,None,0,0,252,1,0,38,0,0.043185646,0,6.28.1,None,0,418,418,68,0,203,5,0,0,0,0,18.2195,0,167,0,47.541466666666665,0,0,0,27,0,0,0,0,0,0,0,0,0,0,None,0,0,0.324,0,0,0,45.41305,1,0,08/02/2025 12:06,0,0,0
57,0,0,0,0,0,0,0,08/02/2025 12:11,0,1,0,0,17.811864406779662,0,0,0,457,41,2.316813559322034,0,0,0,0.032998,1,0,0,0,0,0,0,0,Success,0,0,0,0,0,0,0,6.364204428,None,08/02/2025 12:17,6.28.1,0,253,0,2025-02-08 D,08/02/2025 12:19,None,0,0,288,1,0,47,0,0.073593478,0,6.28.1,None,0,457,457,67,0,203,5,0,0,0,0,17.811864406779662,0,151,0,47.776474576271184,0,0,0,28,0,0,0,0,0,0,0,0,0,0,None,0,0,0.33,0,0,0,47.55671186440678,1,0,08/02/2025 12:13,0,0,0
48,0,0,0,0,0,0,0,08/02/2025 12:19,0,1,0,0,17.657459016393442,0,0,0,389,40,2.6296229508196722,0,0,0,0.037284,1,0,0,0,0,0,0,0,Success,0,0,0,0,0,0,0,6.44190298,None,08/02/2025 12:24,6.28.1,0,220,0,2025-02-08 D,08/02/2025 12:25,None,0,0,264,1,0,38,0,0.024186773,0,6.28.1,None,0,389,389,53,0,203,5,0,0,0,0,17.657459016393442,0,142,0,47.08614754098361,0,0,0,28,0,0,0,0,0,0,0,0,0,0,None,0,0,0.333,0,0,0,46.10996721311476,1,0,08/02/2025 12:20,0,0,0
48,0,0,0,0,0,0,0,08/02/2025 12:25,0,1,0,0,18.383249999999997,0,0,0,500,41,2.417016666666667,0,0,0,0.031845,1,0,0,0,0,0,0,0,Success,0,0,0,0,0,0,0,6.330580147,None,08/02/2025 12:32,6.28.1,0,248,0,2025-02-08 D,08/02/2025 12:34,None,0,0,339,1,0,38,0,0.098005102,0,6.28.1,None,0,500,500,68,0,203,5,0,0,0,0,18.383249999999997,0,155,0,48.16648333333333,0,0,0,28,0,0,0,0,0,0,0,0,0,0,None,0,0,0.322,0,0,0,46.42095,1,0,08/02/2025 12:28,0,0,0
47,0,0,0,0,0,0,0,08/02/2025 12:34,0,1,0,0,17.906694915254235,0,0,0,423,40,2.2449661016949154,0,0,0,0.029844,1,0,0,0,0,0,0,0,Success,0,0,0,0,0,0,0,6.245107605,None,08/02/2025 12:39,6.28.1,0,262,0,2025-02-08 D,08/02/2025 12:41,None,0,0,258,1,0,37,0,0.061073726,0,6.28.1,None,0,423,423,68,0,203,4,0,0,0,0,17.906694915254235,0,168,0,47.89108474576271,0,0,0,27,0,0,0,0,0,0,0,0,0,0,None,0,0,0.327,0,0,0,44.08850847457627,1,0,08/02/2025 12:35,0,0,0
55,0,0,0,0,0,0,0,08/02/2025 12:41,0,1,0,0,17.729,0,0,0,428,40,2.391383333333333,0,0,0,0.032582,1,0,0,0,0,0,0,0,Success,0,0,0,0,0,0,0,6.331530226,None,08/02/2025 12:47,6.28.1,0,251,0,2025-02-08 D,08/02/2025 12:48,None,0,0,268,1,0,45,0,0.035693136,0,6.28.1,None,0,428,428,62,0,203,4,0,0,0,0,17.729,0,156,0,47.82658333333333,0,0,0,28,0,0,0,0,0,0,0,0,0,0,None,0,0,0.324,0,0,0,47.597316666666664,1,0,08/02/2025 12:42,0,0,0
48,0,0,0,0,0,0,0,08/02/2025 13:02,0,1,0,0,18.044999999999998,0,0,0,500,40,1.8989180327868853,0,0,0,0.029383,1,0,0,0,0,0,0,0,Success,0,0,0,0,0,0,0,6.422473277,None,08/02/2025 13:09,6.28.1,0,272,0,2025-02-08 D,08/02/2025 13:11,None,0,500,334,1,0,38,0,0.072,0,6.28.1,None,0,500,0,78,0,203,9,0,0,0,0,18.044999999999998,0,174,0,48.31155737704918,0,0,0,28,0,0,0,0,0,0,0,0,0,0,None,0,0,0.346,0,0,0,48.30493442622951,1,0,08/02/2025 13:05,0,0,0
48,0,0,0,0,0,0,0,08/02/2025 13:11,0,1,0,0,17.745983606557374,0,0,0,410,40,3.094639344262295,0,0,0,0.038793,1,0,0,0,0,0,0,0,Success,0,0,0,0,0,0,0,6.517939705,None,08/02/2025 13:16,6.28.1,0,220,0,2025-02-08 D,08/02/2025 13:17,None,0,410,271,1,0,38,0,0.031016125,0,6.28.1,None,0,410,0,54,0,203,4,0,0,0,0,17.745983606557374,0,138,0,47.09555737704918,0,0,0,27,0,0,0,0,0,0,0,0,0,0,None,0,0,0.367,0,0,0,44.47375409836065,1,0,08/02/2025 13:13,0,0,0
86,0,0,0,0,0,0,0,08/02/2025 13:17,0,3,0,0,17.595000000000002,0,0,0,628,41,2.1116774193548387,0,0,0,0.024477,2,0,0,0,0,0,0,0,Success,0,0,0,0,0,0,0,6.449744646,None,08/02/2025 13:27,6.28.1,0,460,0,2025-02-08 D,08/02/2025 13:28,None,0,628,390,1,0,76,0,0.046097722,0,6.28.1,None,0,628,0,73,0,203,4,0,0,0,0,17.595000000000002,0,235,0,47.26477419354839,0,0,0,28,0,0,0,0,0,0,0,0,0,0,None,0,0,0.358,0,0,0,46.492306451612905,1,0,08/02/2025 13:19,0,0,0
49,0,0,0,0,0,0,0,08/02/2025 13:28,0,1,0,0,18.044262295081968,0,0,0,612,40,1.6404098360655737,0,0,0,0.02613,1,0,0,0,0,0,0,0,Success,0,0,0,0,0,0,0,6.345320559,None,08/02/2025 13:37,6.28.1,0,295,0,2025-02-08 D,08/02/2025 13:38,None,0,612,420,1,0,39,0,0.027294688,0,6.28.1,None,0,612,0,74,0,203,4,0,0,0,0,18.044262295081968,0,195,0,48.26491803278688,0,0,0,28,0,0,0,0,0,0,0,0,0,0,None,0,0,0.337,0,0,0,47.06480327868852,1,0,08/02/2025 13:32,0,0,0
94,0,0,0,0,0,0,0,08/02/2025 13:38,0,1,0,0,17.444262295081966,0,0,0,537,40,1.586377049180328,0,0,0,0.024738,1,0,0,0,0,0,0,0,Success,0,0,0,0,0,0,0,6.354278795,None,08/02/2025 13:46,6.28.1,0,354,0,2025-02-08 D,08/02/2025 13:47,None,0,537,272,1,0,84,0,0.058694122,0,6.28.1,None,0,537,0,67,0,203,5,0,0,0,0,17.444262295081966,0,215,0,48.00775409836066,0,0,0,27,0,0,0,0,0,0,0,0,0,0,None,0,0,0.351,0,0,0,46.81550819672131,1,0,08/02/2025 13:40,0,0,0
49,0,0,0,0,0,0,0,08/02/2025 13:47,0,1,0,0,17.704426229508197,0,0,0,470,41,1.9137868852459017,0,0,0,0.028343,1,0,0,0,0,0,0,0,Success,0,0,0,0,0,0,0,6.365441462,None,08/02/2025 13:54,6.28.1,0,276,0,2025-02-08 D,08/02/2025 13:55,None,0,470,336,1,0,39,0,0.057280015,0,6.28.1,None,0,470,0,66,0,203,5,0,0,0,0,17.704426229508197,0,184,0,48.091131147540985,0,0,0,28,0,0,0,0,0,0,0,0,0,0,None,0,0,0.341,0,0,0,43.81178689,1,0,08/02/2025 13:49,0,0,0
50,0,0,0,0,0,0,0,08/02/2025 14:03,0,1,0,0,17.576,0,0,0,618,41,1.8014000000000001,0,0,0,0.023917,1,0,0,0,0,0,0,0,Success,0,0,0,0,0,0,0,6.303388057,None,08/02/2025 14:12,6.28.1,0,429,0,2025-02-08 D,08/02/2025 14:14,None,0,618,400,1,0,40,0,0.0818352,0,6.28.1,None,0,618,0,121,0,203,4,0,0,0,0,17.576,0,212,0,48.19693333333333,0,0,0,28,0,0,0,0,0,0,0,0,0,0,None,0,0,0.31,0,0,0,45.16786666666667,1,0,08/02/2025 14:05,0,0,0
48,0,0,0,0,0,0,0,08/02/2025 14:14,0,1,0,0,17.85725,0,0,0,440,41,2.0196166666666664,0,0,0,0.02872,1,0,0,0,0,0,0,0,Success,0,0,0,0,0,0,0,6.29798047,None,08/02/2025 14:20,6.28.1,0,270,0,2025-02-08 D,08/02/2025 14:21,None,0,440,277,1,0,38,0,0.029017236,0,6.28.1,None,0,440,0,73,0,203,4,0,0,0,0,17.85725,0,171,0,48.05883333333334,0,0,0,28,0,0,0,0,0,0,0,0,0,0,None,0,0,0.312,0,0,0,44.436233333333334,1,0,08/02/2025 14:15,0,0,0
49,0,0,0,0,0,0,0,08/02/2025 14:21,0,1,0,0,17.881967213114752,0,0,0,1797,41,1.8279999999999998,0,0,0,0.028683,1,0,0,0,0,0,0,0,Success,0,0,0,0,0,0,0,6.340010173,None,08/02/2025 14:50,6.28.1,0,273,0,2025-02-08 D,08/02/2025 14:51,None,0,1797,1623,1,0,39,0,0.064327288,0,6.28.1,None,0,1797,0,64,0,203,4,0,0,0,0,17.881967213114752,0,182,0,47.968360655737705,0,0,0,28,0,0,0,0,0,0,0,0,0,0,None,0,0,0.36,0,0,0,45.75329508196722,1,0,08/02/2025 14:45,0,0,0
55,0,0,0,0,0,0,0,08/02/2025 14:51,0,1,0,0,17.428032786885243,0,0,0,1289,41,1.5621147540983606,0,0,0,0.022047,1,0,0,0,0,0,0,0,Success,0,0,0,0,0,0,0,6.332468239,None,08/02/2025 15:11,6.28.1,0,348,0,2025-02-08 D,08/02/2025 15:12,None,0,1289,1026,1,0,45,0,0.024698178,0,6.28.1,None,0,1289,0,63,0,203,4,0,0,0,0,17.428032786885243,0,253,0,48.07095081967213,0,0,0,29,0,0,0,0,0,0,0,0,0,0,None,0,0,0.341,0,0,0,46.76062295081967,1,0,08/02/2025 15:05,0,0,0
99,0,0,0,0,0,0,0,08/02/2025 15:12,0,6,0,0,17.348114754098358,0,0,0,1632,41,1.7824918032786885,0,0,0,0.015919,1,0,0,0,0,0,0,0,Success,0,0,0,0,0,0,0,6.367532725,None,08/02/2025 15:38,6.28.1,0,1420,0,2025-02-08 D,08/02/2025 15:40,None,0,1632,1267,1,0,89,0,0.05077401,0,6.28.1,None,0,1632,0,75,0,203,5,0,0,0,0,17.348114754098358,0,321,0,47.86790163934426,0,0,0,28,0,0,0,0,0,0,0,0,0,0,None,0,0,0.335,0,0,0,46.597459016393444,1,0,08/02/2025 15:15,0,0,0
56,0,0,0,0,0,0,0,08/02/2025 15:40,0,2,0,0,17.47088709677419,0,0,0,690,627,1.756516129032258,0,0,0,0.022824,1,0,0,0,0,0,0,0,Success,0,0,0,0,0,0,0,6.455463655,None,08/02/2025 15:50,6.28.1,0,440,0,2025-02-08 D,08/02/2025 16:01,None,0,1266,470,1,0,46,0,0.025942244,0,6.28.1,None,0,1266,0,59,0,203,4,0,0,0,0,17.47088709677419,0,251,0,48.187612903225805,0,0,0,28,0,0,0,0,0,0,0,0,0,0,None,0,0,0.337,0,0,0,47.492999999999995,1,0,08/02/2025 15:42,0,0,0
53,0,0,0,0,0,0,0,08/02/2025 16:01,0,1,0,0,17.786311475409835,0,0,0,492,40,1.6965573770491802,0,0,0,0.026468,1,0,0,0,0,0,0,0,Success,0,0,0,0,0,0,0,6.352722015,None,08/02/2025 16:08,6.28.1,0,295,0,2025-02-08 D,08/02/2025 16:09,None,0,492,882,1,0,43,0,0.059008474,0,6.28.1,None,0,492,0,64,0,203,5,0,0,0,0,17.786311475409835,0,201,0,48.106081967213115,0,0,0,28,0,0,0,0,0,0,0,0,0,0,None,0,0,0.325,0,0,0,46.46734426229508,1,0,08/02/2025 16:03,0,0,0
110,0,0,0,0,0,0,0,08/02/2025 16:17,0,1,0,0,17.572499999999998,0,0,0,644,41,1.7142333333333333,0,0,0,0.024137,1,0,0,0,0,0,0,0,Success,0,0,0,0,0,0,0,6.32038733,None,08/02/2025 16:26,6.28.1,0,374,0,2025-02-08 D,08/02/2025 16:28,None,0,644,372,1,0,100,0,0.014317821,0,6.28.1,None,0,644,0,88,0,203,5,0,0,0,0,17.572499999999998,0,199,0,43.98635,0,0,0,28,0,0,0,0,0,0,0,0,0,0,None,0,0,0.33,0,0,0,44.39893333333334,1,0,08/02/2025 16:20,0,0,0
51,0,0,0,0,0,0,0,08/02/2025 16:28,0,1,0,0,17.606065573770493,0,0,0,473,40,1.7731967213114754,0,0,0,0.027177,1,0,0,0,0,0,0,0,Success,0,0,0,0,0,0,0,6.357440208,None,08/02/2025 16:34,6.28.1,0,288,0,2025-02-08 D,08/02/2025 16:35,None,0,473,347,1,0,41,0,0.030413813,0,6.28.1,None,0,473,0,72,0,203,4,0,0,0,0,17.606065573770493,0,188,0,43.94562295081967,0,0,0,28,0,0,0,0,0,0,0,0,0,0,None,0,0,0.319,0,0,0,42.69729508196721,1,0,08/02/2025 16:29,0,0,0
49,0,0,0,0,0,0,0,08/02/2025 16:44,0,1,0,0,17.44925,0,0,0,539,40,1.5642,0,0,0,0.021099,1,0,0,0,0,0,0,0,Success,0,0,0,0,0,0,0,6.242986945,None,08/02/2025 16:52,6.28.1,0,347,0,2025-02-08 D,08/02/2025 16:53,None,0,539,339,1,0,39,0,0.045694639,0,6.28.1,None,0,539,0,84,0,203,4,0,0,0,0,17.44925,0,235,0,43.876549999999995,0,0,0,27,0,0,0,0,0,0,0,0,0,0,None,0,0,0.294,0,0,0,42.0507,1,0,08/02/2025 16:46,0,0,0
51,0,0,0,0,0,0,0,08/02/2025 17:06,0,1,0,0,17.534499999999998,0,0,0,507,40,1.6194333333333333,0,0,0,0.022738,1,0,0,0,0,0,0,0,Success,0,0,0,0,0,0,0,6.2448771,None,08/02/2025 17:13,6.28.1,0,327,0,2025-02-08 D,08/02/2025 17:14,None,0,507,325,1,0,41,0,0.034,0,6.28.1,None,0,507,0,70,0,203,4,0,0,0,0,17.534499999999998,0,228,0,43.83141666666667,0,0,0,27,0,0,0,0,0,0,0,0,0,0,None,0,0,0.316,0,0,0,43.122049999999994,1,0,08/02/2025 17:08,0,0,0
51,0,0,0,0,0,0,0,08/02/2025 17:14,0,1,0,0,17.93921052631579,0,0,0,486,40,2.2858070175438594,0,0,0,0.025003,1,0,0,0,0,0,0,0,Success,0,0,0,0,0,0,0,6.116113308,None,08/02/2025 17:21,6.28.1,0,298,0,2025-02-08 D,08/02/2025 17:23,None,0,486,282,1,0,41,0,0.026172505,0,6.28.1,None,0,486,0,81,0,203,8,0,0,0,0,17.93921052631579,0,193,0,43.55836842105263,0,0,0,27,0,0,0,0,0,0,0,0,0,0,None,0,0,0.352,0,0,0,40.632964912280706,1,0,08/02/2025 17:16,0,0,0
51,0,0,0,0,0,0,0,08/02/2025 17:23,0,1,0,0,17.535,0,0,0,1058,40,1.6056271186440678,0,0,0,0.02476,1,0,0,0,0,0,0,0,Success,0,0,0,0,0,0,0,6.082018251,None,08/02/2025 17:39,6.28.1,0,882,0,2025-02-08 D,08/02/2025 17:40,None,0,1058,874,1,0,41,0,0.025317978,0,6.28.1,None,0,1058,0,74,0,203,5,0,0,0,0,17.535,0,206,0,44.01237288135593,0,0,0,28,0,0,0,0,0,0,0,0,0,0,None,0,0,0.318,0,0,0,43.354169491525425,1,0,08/02/2025 17:24,0,0,0
51,0,0,0,0,0,0,0,08/02/2025 17:40,0,1,0,0,17.62271186440678,0,0,0,490,40,1.7125254237288137,0,0,0,0.026,1,0,0,0,0,0,0,0,Success,0,0,0,0,0,0,0,6.132493294,None,08/02/2025 17:47,6.28.1,0,289,0,2025-02-08 D,08/02/2025 17:48,None,0,490,284,1,0,41,0,0.03959798,0,6.28.1,None,0,490,0,62,0,203,4,0,0,0,0,17.62271186440678,0,198,0,43.90644068,0,0,0,27,0,0,0,0,0,0,0,0,0,0,None,0,0,0.336,0,0,0,43.48779661,1,0,08/02/2025 17:42,0,0,0
50,0,0,0,0,0,0,0,08/02/2025 17:48,0,1,0,0,17.700499999999998,0,0,0,476,40,1.6847833333333333,0,0,0,0.026734,1,0,0,0,0,0,0,0,Success,0,0,0,0,0,0,0,6.162907187,None,08/02/2025 17:55,6.28.1,0,280,0,2025-02-08 D,08/02/2025 17:56,None,0,476,294,1,0,40,0,0.058034473,0,6.28.1,None,0,476,0,65,0,203,5,0,0,0,0,17.700499999999998,0,188,0,43.7105,0,0,0,27,0,0,0,0,0,0,0,0,0,0,None,0,0,0.31,0,0,0,43.79431666666667,1,0,08/02/2025 17:50,0,0,0
48,0,0,0,0,0,0,0,08/02/2025 17:56,0,1,0,0,17.974322033898304,0,0,0,476,39,1.6307118644067797,0,0,0,0.026042,1,0,0,0,0,0,0,0,Success,0,0,0,0,0,0,0,6.140316034,None,08/02/2025 18:03,6.28.1,0,286,0,2025-02-08 D,08/02/2025 18:04,None,0,476,285,1,0,38,0,0.054918121,0,6.28.1,None,0,476,0,67,0,203,5,0,0,0,0,17.974322033898304,0,193,0,44.278135593220334,0,0,0,27,0,0,0,0,0,0,0,0,0,0,None,0,0,0.339,0,0,0,44.39915254237288,1,0,08/02/2025 17:58,0,0,0
47,0,0,0,0,0,0,0,08/02/2025 18:04,0,1,0,0,17.60157894736842,0,0,0,451,39,1.7333859649122807,0,0,0,0.025492,1,0,0,0,0,0,0,0,Success,0,0,0,0,0,0,0,5.969006115,None,08/02/2025 18:11,6.28.1,0,284,0,2025-02-08 N,08/02/2025 18:12,None,0,451,254,1,0,37,0,0.031890437,0,6.28.1,None,0,451,0,65,0,203,4,0,0,0,0,17.60157894736842,0,193,0,43.64914035,0,0,0,27,0,0,0,0,0,0,0,0,0,0,None,0,0,0.309,0,0,0,44.61880701754386,1,0,08/02/2025 18:06,0,0,0
47,0,0,0,0,0,0,0,08/02/2025 18:12,0,1,0,0,17.318421052631578,0,0,0,496,40,1.5219824561403508,0,0,0,0.021947,1,0,0,0,0,0,0,0,Success,0,0,0,0,0,0,0,5.925010886,None,08/02/2025 18:19,6.28.1,0,321,0,2025-02-08 N,08/02/2025 18:20,None,0,496,274,1,0,37,0,0.057271284,0,6.28.1,None,0,496,0,74,0,203,4,0,0,0,0,17.318421052631578,0,222,0,43.361789473684205,0,0,0,27,0,0,0,0,0,0,0,0,0,0,None,0,0,0.308,0,0,0,42.81898245614035,1,0,08/02/2025 18:14,0,0,0
50,0,0,0,0,0,0,0,08/02/2025 18:49,0,1,0,0,17.865000000000002,0,0,0,530,41,1.5652542372881355,0,0,0,0.021787,1,0,0,0,0,0,0,0,Success,0,0,0,0,0,0,0,6.116723633,None,08/02/2025 18:57,6.28.1,0,333,0,2025-02-08 N,08/02/2025 18:58,None,0,0,307,1,0,40,0,0.024515302,0,6.28.1,None,0,530,530,78,0,203,5,0,0,0,0,17.865000000000002,0,229,0,43.928118644067794,0,0,0,28,0,0,0,0,0,0,0,0,0,0,None,0,0,0.335,0,0,0,43.39642372881356,1,0,08/02/2025 18:51,0,0,0
51,0,0,0,0,0,0,0,08/02/2025 18:58,0,1,0,0,17.86008620689655,0,0,0,544,40,1.4249310344827586,0,0,0,0.019467,1,0,0,0,0,0,0,0,Success,0,0,0,0,0,0,0,6.045749747,None,08/02/2025 19:06,6.28.1,0,366,0,2025-02-08 N,08/02/2025 19:07,None,0,0,292,1,0,41,0,0.043908997,0,6.28.1,None,0,544,544,81,0,203,5,0,0,0,0,17.86008620689655,0,258,0,43.99963793103448,0,0,0,27,0,0,0,0,0,0,0,0,0,0,None,0,0,0.32,0,0,0,43.16827586206897,1,0,08/02/2025 19:00,0,0,0
48,0,0,0,0,0,0,0,08/02/2025 19:07,0,1,0,0,18.429473684210528,0,0,0,404,40,2.0166491228070176,0,0,0,0.0315,1,0,0,0,0,0,0,0,Success,0,0,0,0,0,0,0,5.995534839,None,08/02/2025 19:13,6.28.1,0,240,0,2025-02-08 N,08/02/2025 19:14,None,0,0,276,1,0,38,0,0.017464249,0,6.28.1,None,0,404,404,69,0,203,4,0,0,0,0,18.429473684210528,0,145,0,43.160228070175435,0,0,0,27,0,0,0,0,0,0,0,0,0,0,None,0,0,0.323,0,0,0,43.04873684210526,1,0,08/02/2025 19:09,0,0,0
52,0,0,0,0,0,0,0,08/02/2025 19:14,0,1,0,0,18.41078947368421,0,0,0,391,40,2.4677017543859647,0,0,0,0.035347,1,0,0,0,0,0,0,0,Success,0,0,0,0,0,0,0,6.108110755,None,08/02/2025 19:19,6.28.1,0,227,0,2025-02-08 N,08/02/2025 19:20,None,0,0,253,1,0,42,0,0.049254441,0,6.28.1,None,0,391,391,63,0,203,5,0,0,0,0,18.41078947368421,0,135,0,43.74150877192982,0,0,0,27,0,0,0,0,0,0,0,0,0,0,None,0,0,0.326,0,0,0,43.13154385964912,1,0,08/02/2025 19:15,0,0,0
48,0,0,0,0,0,0,0,08/02/2025 19:20,0,1,0,0,17.61788136,0,0,1231,1385,289,1.6103050847457627,0,0,0,0.025039,1,0,0,0,0,0,0,0,Success,0,0,0,0,0,0,0,6.120523589,None,08/02/2025 20:02,6.28.1,0,296,0,2025-02-08 N,08/02/2025 20:08,None,0,2702,2394,1,0,38,0,0.0948736,0,6.28.1,None,0,2841,139,76,0,203,5,0,0,0,0,17.61788136,0,194,0,43.83111864,0,0,0,27,0,0,0,0,0,0,0,0,0,0,None,0,0,0.322,0,0,0,45.45777966101695,1,0,08/02/2025 19:57,0,0,0
48,0,0,0,0,0,0,0,08/02/2025 20:08,0,1,0,0,18.685081967213115,0,0,0,547,40,2.6607868852459013,0,0,0,0.0367,1,0,0,0,0,0,0,0,Success,0,0,0,0,0,0,0,6.441979044,None,08/02/2025 20:15,6.28.1,0,227,0,2025-02-08 N,08/02/2025 20:17,None,0,547,668,1,0,38,0,0.059933296,0,6.28.1,None,0,547,0,72,0,203,5,0,0,0,0,18.685081967213115,0,128,0,43.85650819672131,0,0,0,28,0,0,0,0,0,0,0,0,0,0,None,0,0,0.345,0,0,0,44.82944262295082,1,0,08/02/2025 20:12,0,0,0
49,0,0,0,0,0,0,0,08/02/2025 20:17,0,2,0,0,16.390588235294118,0,0,0,427,40,1.8308235294117647,0,0,0,0.033382,1,0,0,0,1,0,0,0,Success,0,0,0,0,0,0,0,6.383588568,None,08/02/2025 20:38,6.28.1,0,1199,0,2025-02-08 N,08/02/2025 20:39,None,0,1114,1230,1,0,39,0,0.028231188,0,6.28.1,None,0,1364,250,77,0,203,4,0,0,0,0,16.390588235294118,0,139,0,41.66641176470588,0,0,0,27,0,0,0,0,0,0,0,0,0,0,None,0,0,0.32,0,0,0,43.29141176470588,1,0,08/02/2025 20:18,0,0,0
56,0,0,0,0,0,0,0,08/02/2025 20:39,0,1,0,0,17.656475409836066,0,0,0,426,41,2.2501639344262294,0,0,0,0.034031,1,0,0,0,0,0,0,0,Success,0,0,0,0,0,0,0,6.390571179,None,08/02/2025 20:45,6.28.1,0,248,0,2025-02-08 N,08/02/2025 20:47,None,0,0,259,1,0,46,0,0.031240998,0,6.28.1,None,0,426,426,60,0,203,8,0,0,0,0,17.656475409836066,0,158,0,43.664459016393444,0,0,0,28,0,0,0,0,0,0,0,0,0,0,None,0,0,0.341,0,0,0,44.584393442622954,1,0,08/02/2025 20:41,0,0,0
69,0,0,0,0,0,0,0,08/02/2025 20:47,0,1,0,0,18.42172131147541,0,0,0,514,40,1.7232622950819672,0,0,0,0.025389,1,0,0,0,0,0,0,0,Success,0,0,0,0,0,0,0,6.394651593,None,08/02/2025 20:54,6.28.1,0,348,0,2025-02-08 N,08/02/2025 20:55,None,0,0,310,1,0,59,0,0.027294688,0,6.28.1,None,0,514,514,110,0,203,5,0,0,0,0,18.42172131147541,0,191,0,44.108688524590164,0,0,0,28,0,0,0,0,0,0,0,0,0,0,None,0,0,0.347,0,0,0,46.34468852459016,1,0,08/02/2025 20:48,0,0,0
53,0,0,0,0,0,0,0,08/02/2025 20:55,0,1,0,0,18.075,0,0,0,443,39,1.8227868852459017,0,0,0,0.028457,1,0,0,0,0,0,0,0,Success,0,0,0,0,0,0,0,6.331851072,None,08/02/2025 21:01,6.28.1,0,278,0,2025-02-08 N,08/02/2025 21:02,None,0,0,277,1,0,43,0,0.024186773,0,6.28.1,None,0,443,443,65,0,203,5,0,0,0,0,18.075,0,182,0,44.09062295081967,0,0,0,27,0,0,0,0,0,0,0,0,0,0,None,0,0,0.295,0,0,0,44.44913114754098,1,0,08/02/2025 20:57,0,0,0
52,0,0,0,0,0,0,0,08/02/2025 21:02,0,1,0,0,17.940749999999998,0,0,0,470,40,1.6845999999999999,0,0,0,0.025094,1,0,0,0,0,0,0,0,Success,0,0,0,0,0,0,0,6.227656782,None,08/02/2025 21:09,6.28.1,0,306,0,2025-02-08 N,08/02/2025 21:10,None,0,0,269,1,0,42,0,0.038327536,0,6.28.1,None,0,470,470,75,0,203,4,0,0,0,0,17.940749999999998,0,200,0,43.29918333333333,0,0,0,27,0,0,0,0,0,0,0,0,0,0,None,0,0,0.302,0,0,0,44.7693,1,0,08/02/2025 21:04,0,0,0
49,0,0,0,0,0,0,0,08/02/2025 21:10,0,1,0,0,18.564406779661017,0,0,0,447,40,1.7882542372881356,0,0,0,0.027058,1,0,0,0,0,0,0,0,Success,0,0,0,0,0,0,0,6.189067862,None,08/02/2025 21:17,6.28.1,0,280,0,2025-02-08 N,08/02/2025 21:18,None,0,0,291,1,0,39,0,0.031144823,0,6.28.1,None,0,447,447,93,0,203,5,0,0,0,0,18.564406779661017,0,160,0,44.22211864,0,0,0,27,0,0,0,0,0,0,0,0,0,0,None,0,0,0.322,0,0,0,42.36650847457627,1,0,08/02/2025 21:12,0,0,0
90,0,0,0,0,0,0,0,08/02/2025 21:18,0,1,0,0,17.10228813559322,0,0,0,461,39,2.0493389830508475,0,0,0,0.030114,1,0,0,0,0,0,0,0,Success,0,0,0,0,0,0,0,6.139083156,None,08/02/2025 21:24,6.28.1,0,294,0,2025-02-08 N,08/02/2025 21:25,None,0,0,258,1,0,80,0,0.032984845,0,6.28.1,None,0,461,461,66,0,203,5,0,0,0,0,17.10228813559322,0,162,0,43.72216949152543,0,0,0,26,0,0,0,0,0,0,0,0,0,0,None,0,0,0.337,0,0,0,44.119745762711865,1,0,08/02/2025 21:19,0,0,0
49,0,0,0,0,0,0,0,08/02/2025 21:25,0,1,0,0,17.821271186440676,0,0,0,439,40,1.763677966101695,0,0,0,0.027979,1,0,0,0,0,0,0,0,Success,0,0,0,0,0,0,0,6.142946931,None,08/02/2025 21:32,6.28.1,0,274,0,2025-02-08 N,08/02/2025 21:33,None,0,0,300,1,0,39,0,0.022825424,0,6.28.1,None,0,439,439,65,0,203,5,0,0,0,0,17.821271186440676,0,182,0,43.751830508474576,0,0,0,27,0,0,0,0,0,0,0,0,0,0,None,0,0,0.345,0,0,0,43.226898305084745,1,0,08/02/2025 21:27,0,0,0
54,0,0,0,0,0,0,0,08/02/2025 21:33,0,2,0,0,17.488474576271184,0,0,0,850,266,1.9514915254237288,0,0,0,0.023022,1,0,0,0,65,0,0,0,Success,0,0,0,0,0,0,0,6.146591739,None,08/02/2025 21:43,6.28.1,0,432,0,2025-02-08 N,08/02/2025 21:48,None,0,0,422,1,0,44,0,0.028635642,0,6.28.1,None,0,915,915,60,0,203,5,0,0,0,0,17.488474576271184,0,232,0,43.59794915254237,0,0,0,27,0,0,0,0,0,0,0,0,0,0,None,0,0,0.378,0,0,0,43.737050847457624,1,0,08/02/2025 21:35,0,0,0
576,0,0,0,0,0,0,0,08/02/2025 21:48,0,1,0,0,17.5845,0,0,0,1584,852,1.55065,0,0,0,0.021128,1,0,0,0,299,0,0,0,Success,0,0,0,0,0,0,0,6.20699267,None,08/02/2025 22:10,6.28.1,0,901,0,2025-02-08 N,08/02/2025 22:24,None,0,305,868,1,0,576,0,0.060959003,0,6.28.1,None,0,2188,1883,113,0,203,5,0,0,0,0,17.5845,0,226,0,43.544983333333334,0,0,0,529,0,0,0,0,0,0,0,0,0,0,None,0,0,0.33,0,0,0,46.35648333333334,1,0,08/02/2025 21:55,0,0,0
0,0,0,0,0,0,0,0,08/02/2025 22:24,0,0,0,0,15.159166666666668,0,0,0,567,139,2.0211851851851854,0,0,0,0.020116,0,0,0,0,1103,0,0,0,Success,0,0,0,0,0,0,0,6.136705712,None,08/02/2025 22:50,6.28.1,0,486,0,2025-02-08 N,08/02/2025 22:52,None,0,0,0,1,0,0,0,0.745555498,0,6.28.1,None,0,1670,1670,295,0,203,4,0,0,0,0,15.159166666666668,0,0,0,41.342055555555554,0,0,0,0,0,0,0,0,0,0,0,0,0,0,None,0,0,0.346,0,0,0,46.72222222222222,0,0,08/02/2025 22:41,0,0,0
230,0,0,0,0,0,0,0,08/02/2025 22:52,0,2,0,0,17.532457627118642,0,0,0,751,40,1.461220338983051,0,0,0,0.018097,2,0,0,0,0,0,0,0,Success,0,0,0,0,0,0,0,6.106629267,None,08/02/2025 23:04,6.28.1,0,587,0,2025-02-08 N,08/02/2025 23:05,None,0,0,3575,1,0,220,0,0.052345009,0,6.28.1,None,0,751,751,108,0,203,4,0,0,0,0,17.532457627118642,0,186,0,48.33455932,0,0,0,27,0,0,0,0,0,0,0,0,0,0,None,0,0,0.32,0,0,0,43.92823728813559,1,0,08/02/2025 22:54,0,0,0
68,0,0,0,0,0,0,0,08/02/2025 23:05,0,1,0,0,18.12543103448276,0,0,0,501,42,1.5656896551724138,0,0,0,0.022945,1,0,0,0,0,0,0,0,Success,0,0,0,0,0,0,0,6.023074049,None,08/02/2025 23:12,6.28.1,0,334,0,2025-02-08 N,08/02/2025 23:13,None,0,0,292,1,0,58,0,0.047759816,0,6.28.1,None,0,501,501,87,0,203,4,0,0,0,0,18.12543103448276,0,199,0,43.56456896551724,0,0,0,29,0,0,0,0,0,0,0,0,0,0,None,0,0,0.299,0,0,0,44.797293103448276,1,0,08/02/2025 23:06,0,0,0
75,0,0,0,0,0,0,0,08/02/2025 23:13,0,1,0,0,18.184396551724138,0,0,0,504,40,1.581310344827586,0,0,0,0.023426,1,0,0,0,0,0,0,0,Success,0,0,0,0,0,0,0,6.016049701,None,08/02/2025 23:20,6.28.1,0,337,0,2025-02-08 N,08/02/2025 23:22,None,0,0,292,1,0,65,0,0.044598206,0,6.28.1,None,0,504,504,76,0,203,4,0,0,0,0,18.184396551724138,0,206,0,43.841206896551725,0,0,0,27,0,0,0,0,0,0,0,0,0,0,None,0,0,0.297,0,0,0,45.593775862068966,1,0,08/02/2025 23:15,0,0,0
177,0,0,0,0,0,0,0,08/02/2025 23:22,0,3,0,0,18.300775862068964,0,0,0,1125,40,1.4440172413793104,0,0,0,0.015331,3,0,0,0,0,0,0,0,Success,0,0,0,0,0,0,0,6.034707367,None,08/02/2025 23:39,6.28.1,0,957,0,2025-02-08 N,08/02/2025 23:40,None,0,0,847,1,0,167,0,0.03342155,0,6.28.1,None,0,1125,1125,61,0,203,5,0,0,0,0,18.300775862068964,0,304,0,46.235672413793104,0,0,0,27,0,0,0,0,0,0,0,0,0,0,None,0,0,0.358,0,0,0,46.97894827586207,1,0,08/02/2025 23:23,0,0,0
48,0,0,0,0,0,0,0,08/02/2025 23:40,0,1,0,0,18.11793103448276,0,0,0,524,40,1.3553275862068965,0,0,0,0.0202,1,0,0,0,0,0,0,0,Success,0,0,0,0,0,0,0,6.000100916,None,08/02/2025 23:48,6.28.1,0,354,0,2025-02-08 N,08/02/2025 23:49,None,0,0,278,1,0,38,0,0.023259406,0,6.28.1,None,0,524,524,80,0,203,4,0,0,0,0,18.11793103448276,0,248,0,43.81213793103448,0,0,0,27,0,0,0,0,0,0,0,0,0,0,None,0,0,0.332,0,0,0,46.191879310344824,1,0,08/02/2025 23:42,0,0,0
52,0,0,0,0,0,0,0,08/02/2025 23:58,0,1,0,0,18.304830508474573,0,0,0,517,40,1.3552372881355932,0,0,0,0.020386,1,0,0,0,0,0,0,0,Success,0,0,0,0,0,0,0,6.097148514,None,09/02/2025 00:06,6.28.1,0,355,0,2025-02-08 N,09/02/2025 00:07,None,0,0,263,1,0,42,0,0.019104973,0,6.28.1,None,0,517,517,78,0,203,5,0,0,0,0,18.304830508474573,0,248,0,43.98377966101695,0,0,0,28,0,0,0,0,0,0,0,0,0,0,None,0,0,0.332,0,0,0,45.93249152542373,1,0,09/02/2025 00:00,0,0,0
48,0,0,0,0,0,0,0,09/02/2025 00:07,0,1,0,0,18.525254237288134,0,0,0,467,41,1.648542372881356,0,0,0,0.02619,1,0,0,0,0,0,0,0,Success,0,0,0,0,0,0,0,6.123906106,None,09/02/2025 00:14,6.28.1,0,286,0,2025-02-08 N,09/02/2025 00:15,None,0,0,287,1,0,38,0,0.032202484,0,6.28.1,None,0,467,467,77,0,203,5,0,0,0,0,18.525254237288134,0,184,0,43.85549152542373,0,0,0,28,0,0,0,0,0,0,0,0,0,0,None,0,0,0.329,0,0,0,45.993610169491525,1,0,09/02/2025 00:09,0,0,0
48,0,0,0,0,0,0,0,09/02/2025 00:15,0,1,0,0,18.56948275862069,0,0,0,660,175,1.6992586206896552,0,0,0,0.025949,1,0,0,0,0,0,0,0,Success,0,0,0,0,0,0,0,6.138953005,None,09/02/2025 00:22,6.28.1,0,285,0,2025-02-08 N,09/02/2025 00:26,None,0,0,332,1,0,38,0,0.069115845,0,6.28.1,None,0,660,660,73,0,203,5,0,0,0,0,18.56948275862069,0,187,0,43.46715517241379,0,0,0,28,0,0,0,0,0,0,0,0,0,0,None,0,0,0.308,0,0,0,45.983896551724136,1,0,09/02/2025 00:17,0,0,0
50,0,0,0,0,0,0,0,09/02/2025 00:26,0,1,0,0,18.33270491803279,0,0,0,785,40,2.0600819672131148,0,0,0,0.028714,1,0,0,0,70,0,0,0,Success,0,0,0,0,0,0,0,6.432346151,None,09/02/2025 00:43,6.28.1,0,277,0,2025-02-08 N,09/02/2025 00:47,None,0,1092,1067,1,0,40,0,0.085866175,0,6.28.1,None,0,1266,174,65,0,203,4,0,0,0,0,18.33270491803279,0,184,0,43.576098360655735,0,0,0,27,0,0,0,0,0,0,0,0,0,0,None,0,0,0.344,0,0,0,45.75798360655738,1,0,09/02/2025 00:38,0,0,0
50,0,0,0,0,0,0,0,09/02/2025 00:47,0,1,0,0,18.750245901639346,0,0,0,441,41,1.9359016393442623,0,0,0,0.029833,1,0,0,0,0,0,0,0,Success,0,0,0,0,0,0,0,6.342916758,None,09/02/2025 00:53,6.28.1,0,264,0,2025-02-08 N,09/02/2025 00:54,None,0,0,421,1,0,40,0,0.038327536,0,6.28.1,None,0,441,441,69,0,203,4,0,0,0,0,18.750245901639346,0,168,0,43.951918032786885,0,0,0,28,0,0,0,0,0,0,0,0,0,0,None,0,0,0.317,0,0,0,46.95536065573771,1,0,09/02/2025 00:48,0,0,0
0,0,0,0,0,0,0,0,09/02/2025 00:54,0,0,0,0,18.589180327868853,0,0,0,348,114,2.0911803278688526,0,0,0,0.030625,0,0,0,0,560,0,0,0,Success,0,0,0,0,0,0,0,6.36014819,None,09/02/2025 01:06,6.28.1,0,266,0,2025-02-08 N,09/02/2025 01:09,None,0,0,0,1,0,0,0,5.424033278,0,6.28.1,None,0,908,908,0,0,203,4,0,0,0,0,18.589180327868853,0,0,0,43.74924590163935,0,0,0,0,0,0,0,0,0,0,0,0,0,0,None,0,0,0.354,0,0,0,47.89896721311475,1,0,09/02/2025 01:02,0,0,0
55,0,0,0,0,0,0,0,09/02/2025 01:20,0,1,0,0,17.431967213114753,0,0,0,445,40,2.021409836065574,0,0,0,0.03084,1,0,0,0,0,0,0,0,Success,0,0,0,0,0,0,0,6.375752975,None,09/02/2025 01:26,6.28.1,0,267,0,2025-02-08 N,09/02/2025 01:28,None,0,0,265,1,0,45,0,0.068249542,0,6.28.1,None,0,445,445,62,0,203,5,0,0,0,0,17.431967213114753,0,172,0,43.78173770491804,0,0,0,27,0,0,0,0,0,0,0,0,0,0,None,0,0,0.281,0,0,0,47.31365573770491,1,0,09/02/2025 01:22,0,0,0
97,0,0,0,0,0,0,0,09/02/2025 01:28,0,1,0,0,17.85991935483871,0,0,0,500,41,1.8864516129032256,0,0,0,0.028223,1,0,0,0,0,0,0,0,Success,0,0,0,0,0,0,0,6.429045652,None,09/02/2025 01:35,6.28.1,0,327,0,2025-02-08 N,09/02/2025 01:36,None,0,0,269,1,0,87,0,0.106282642,0,6.28.1,None,0,500,500,69,0,203,8,0,0,0,0,17.85991935483871,0,189,0,44.110516129032256,0,0,0,28,0,0,0,0,0,0,0,0,0,0,None,0,0,0.353,0,0,0,47.55714516129032,1,0,09/02/2025 01:29,0,0,0
84,0,0,0,0,0,0,0,09/02/2025 01:36,0,2,0,0,17.48950819672131,0,0,0,497,40,1.725721311,0,0,0,0.024876,2,0,0,0,0,0,0,0,Success,0,0,0,0,0,0,0,6.290567621,None,09/02/2025 01:43,6.28.1,0,339,0,2025-02-08 N,09/02/2025 01:44,None,0,0,371,1,0,74,0,0.015132746,0,6.28.1,None,0,497,497,62,0,203,5,0,0,0,0,17.48950819672131,0,176,0,48.59795081967213,0,0,0,27,0,0,0,0,0,0,0,0,0,0,None,0,0,0.318,0,0,0,44.30365573770492,1,0,09/02/2025 01:37,0,0,0
49,0,0,0,0,0,0,0,09/02/2025 01:44,0,1,0,0,18.00825,0,0,0,472,40,1.6782666666666666,0,0,0,0.025098,1,0,0,0,0,0,0,0,Success,0,0,0,0,0,0,0,6.243004885,None,09/02/2025 01:51,6.28.1,0,302,0,2025-02-08 N,09/02/2025 01:52,None,0,0,257,1,0,39,0,0.036124784,0,6.28.1,None,0,472,472,64,0,203,5,0,0,0,0,18.00825,0,212,0,43.829299999999996,0,0,0,27,0,0,0,0,0,0,0,0,0,0,None,0,0,0.313,0,0,0,46.20733333333333,1,0,09/02/2025 01:46,0,0,0
49,0,0,0,0,0,0,0,09/02/2025 01:52,0,2,0,0,16.848,0,0,15867,2002,40,1.2378,0,0,0,0.023195,1,0,0,0,1209,0,0,0,Success,0,0,0,0,0,0,0,6.253275941,None,09/02/2025 07:46,6.28.1,0,918,0,2025-02-09 D,09/02/2025 07:47,None,0,18797,21102,1,0,39,491,0.104560987,0,6.28.1,None,0,21298,2501,107,0,203,6,0,0,0,0,16.848,0,193,0,42.698899999999995,0,0,0,28,0,0,0,0,0,0,0,0,0,0,None,0,0,0.343,0,0,0,47.8021,1,0,09/02/2025 07:31,0,0,0
50,0,0,0,0,0,0,0,09/02/2025 08:28,0,1,0,0,18.486610169491527,0,0,0,419,40,1.8496271186440678,0,0,0,0.028398,1,0,0,0,32,0,0,0,Success,0,0,0,0,0,0,0,6.195083857,None,09/02/2025 08:34,6.28.1,0,275,0,2025-02-09 D,09/02/2025 08:35,None,0,0,2733,1,0,40,0,0.152869225,0,6.28.1,None,0,451,451,83,0,203,4,0,0,0,0,18.486610169491527,0,164,0,43.991745762711865,0,0,0,27,0,0,0,0,0,0,0,0,0,0,None,0,0,0.331,0,0,0,47.75420338983051,1,0,09/02/2025 08:30,0,0,0
51,0,0,0,0,0,0,0,09/02/2025 08:35,0,1,0,0,17.842241379310344,0,0,0,869,41,2.3357758620689655,0,0,0,0.030018,1,0,0,0,0,0,0,0,Success,0,0,0,0,0,0,0,6.142762327,None,09/02/2025 08:52,6.28.1,0,261,0,2025-02-09 D,09/02/2025 08:54,None,0,899,924,1,0,41,0,0.022203603,0,6.28.1,None,0,1090,191,62,0,203,4,0,0,0,0,17.842241379310344,0,172,0,42.91705172413793,0,0,0,28,0,0,0,0,0,0,0,0,0,0,None,0,0,0.325,0,0,0,46.752293103448274,1,0,09/02/2025 08:48,0,0,0
48,0,0,0,0,0,0,0,09/02/2025 09:01,0,1,0,0,18.777672413793105,0,0,0,444,40,1.783741379310345,0,0,0,0.027261,1,0,0,0,0,0,0,0,Success,0,0,0,0,0,0,0,6.032704534,None,09/02/2025 09:07,6.28.1,0,274,0,2025-02-09 D,09/02/2025 09:09,None,0,444,278,1,0,38,0,0.044687806,0,6.28.1,None,0,444,0,79,0,203,4,0,0,0,0,18.777672413793105,0,169,0,43.93687931034483,0,0,0,27,0,0,0,0,0,0,0,0,0,0,None,0,0,0.31,0,0,0,45.74831034482759,1,0,09/02/2025 09:03,0,0,0
48,0,0,0,0,0,0,0,09/02/2025 09:09,0,1,0,0,18.119224137931035,0,0,0,461,40,1.6329137931034483,0,0,0,0.024887,1,0,0,0,0,0,0,0,Success,0,0,0,0,0,0,0,6.057786559,None,09/02/2025 09:15,6.28.1,0,293,0,2025-02-09 D,09/02/2025 09:16,None,0,461,263,1,0,38,0,0.028231188,0,6.28.1,None,0,461,0,70,0,203,4,0,0,0,0,18.119224137931035,0,197,0,43.89558620689655,0,0,0,27,0,0,0,0,0,0,0,0,0,0,None,0,0,0.334,0,0,0,47.078896551724135,1,0,09/02/2025 09:10,0,0,0
49,0,0,0,0,0,0,0,09/02/2025 09:16,0,1,0,0,18.003103448275862,0,0,0,450,40,1.6833620689655173,0,0,0,0.025191,1,0,0,0,0,0,0,0,Success,0,0,0,0,0,0,0,6.029876118,None,09/02/2025 09:23,6.28.1,0,289,0,2025-02-09 D,09/02/2025 09:24,None,0,450,263,1,0,39,0,0.042720019,0,6.28.1,None,0,450,0,72,0,203,5,0,0,0,0,18.003103448275862,0,191,0,43.91341379310345,0,0,0,27,0,0,0,0,0,0,0,0,0,0,None,0,0,0.324,0,0,0,46.997689655172415,1,0,09/02/2025 09:18,0,0,0
87,0,0,0,0,0,0,0,09/02/2025 09:32,0,1,0,0,17.57948275862069,0,0,0,525,40,1.406551724137931,0,0,0,0.021462,1,0,0,0,0,0,0,0,Success,0,0,0,0,0,0,0,5.959671216,None,09/02/2025 09:40,6.28.1,0,366,0,2025-02-09 D,09/02/2025 09:41,None,0,525,264,1,0,77,0,0.031064449,0,6.28.1,None,0,525,0,74,0,203,5,0,0,0,0,17.57948275862069,0,227,0,47.448827586206896,0,0,0,27,0,0,0,0,0,0,0,0,0,0,None,0,0,0.339,0,0,0,49.79231034482759,1,0,09/02/2025 09:34,0,0,0
52,0,0,0,0,0,0,0,09/02/2025 09:41,0,1,0,0,17.161315789473687,0,0,0,520,40,1.6791929824561402,0,0,0,0.025389,1,0,0,0,0,0,0,0,Success,0,0,0,0,0,0,0,5.943930854,None,09/02/2025 09:55,6.28.1,0,705,0,2025-02-09 D,09/02/2025 09:56,None,0,881,716,1,0,42,0,0.044045431,0,6.28.1,None,0,881,0,69,0,203,4,0,0,0,0,17.161315789473687,0,198,0,47.684245614035085,0,0,0,28,0,0,0,0,0,0,0,0,0,0,None,0,0,0.332,0,0,0,50.57498245614035,1,0,09/02/2025 09:43,0,0,0
52,0,0,0,0,0,0,0,09/02/2025 09:56,0,3,0,0,15.712641509433961,0,0,0,537,39,2.5433584905660376,0,0,0,0.02564,1,0,0,0,0,0,0,0,Success,0,0,0,0,0,0,0,5.958622744,None,09/02/2025 10:04,6.28.1,0,327,0,2025-02-09 D,09/02/2025 10:05,None,0,537,371,1,0,42,0,0.063560994,0,6.28.1,None,0,537,0,85,0,203,5,0,0,0,0,15.712641509433961,0,168,0,44.482452830188684,0,0,0,26,0,0,0,0,0,0,0,0,0,0,None,0,0,0.321,0,0,0,47.031,1,0,09/02/2025 09:58,0,0,0
50,0,0,0,0,0,0,0,09/02/2025 10:05,0,1,0,0,17.76155172413793,0,0,0,553,40,1.425,0,0,0,0.019518,1,0,0,0,0,0,0,0,Success,0,0,0,0,0,0,0,6.030852759,None,09/02/2025 10:13,6.28.1,0,358,0,2025-02-09 D,09/02/2025 10:14,None,0,553,334,1,0,40,0,0.067601775,0,6.28.1,None,0,553,0,111,0,203,5,0,0,0,0,17.76155172413793,0,219,0,47.962017241379314,0,0,0,27,0,0,0,0,0,0,0,0,0,0,None,0,0,0.335,0,0,0,49.495620689655176,1,0,09/02/2025 10:07,0,0,0
106,0,0,0,0,0,0,0,09/02/2025 10:14,0,1,0,0,17.34915254237288,0,0,0,845,283,1.4826779661016949,0,0,0,0.020928,2,0,0,0,0,0,0,0,Success,0,0,0,0,0,0,0,6.125451004,None,09/02/2025 10:23,6.28.1,0,404,0,2025-02-09 D,09/02/2025 10:28,None,0,845,344,1,0,96,0,0.069771054,0,6.28.1,None,0,845,0,97,0,203,5,0,0,0,0,17.34915254237288,0,222,0,49.46418644067797,0,0,0,26,0,0,0,0,0,0,0,0,0,0,None,0,0,0.326,0,0,0,50.58820338983051,1,0,09/02/2025 10:16,0,0,0
50,0,0,0,0,0,0,0,09/02/2025 10:36,0,1,0,0,17.211315789473684,0,0,0,533,40,1.4049649122807017,0,0,0,0.019005,1,0,0,0,0,0,0,0,Success,0,0,0,0,0,0,0,5.967663027,None,09/02/2025 10:44,6.28.1,0,365,0,2025-02-09 D,09/02/2025 10:45,None,0,533,252,1,0,40,0,0.015264338,0,6.28.1,None,0,533,0,71,0,203,4,0,0,0,0,17.211315789473684,0,265,0,47.97759649122807,0,0,0,27,0,0,0,0,0,0,0,0,0,0,None,0,0,0.308,0,0,0,51.093228070175435,1,0,09/02/2025 10:38,0,0,0
53,0,0,0,0,0,0,0,09/02/2025 10:45,0,1,0,0,17.304473684210528,0,0,0,480,39,1.5084912280701754,0,0,0,0.022125,1,0,0,0,0,0,0,0,Success,0,0,0,0,0,0,0,5.953107844,None,09/02/2025 10:52,6.28.1,0,322,0,2025-02-09 D,09/02/2025 10:53,None,0,480,265,1,0,43,0,0.043046487,0,6.28.1,None,0,480,0,67,0,203,4,0,0,0,0,17.304473684210528,0,223,0,47.25138596491228,0,0,0,27,0,0,0,0,0,0,0,0,0,0,None,0,0,0.323,0,0,0,49.724000000000004,1,0,09/02/2025 10:46,0,0,0
50,0,0,0,0,0,0,0,09/02/2025 10:53,0,2,0,0,17.15342105263158,0,0,0,479,40,1.4945964912280703,0,0,0,0.022957,1,0,0,0,0,0,0,0,Success,0,0,0,0,0,0,0,5.936882431,None,09/02/2025 11:05,6.28.1,0,635,0,2025-02-09 D,09/02/2025 11:06,None,0,790,593,1,0,40,0,0.054488531,0,6.28.1,None,0,790,0,77,0,203,4,0,0,0,0,17.15342105263158,0,205,0,47.786403508771926,0,0,0,27,0,0,0,0,0,0,0,0,0,0,None,0,0,0.326,0,0,0,50.868736842105264,1,0,09/02/2025 10:54,0,0,0
53,0,0,0,0,0,0,0,09/02/2025 11:06,0,1,0,0,17.631842105263157,0,0,0,413,40,1.979122807017544,0,0,0,0.029575,1,0,0,0,0,0,0,0,Success,0,0,0,0,0,0,0,5.982063691,None,09/02/2025 11:12,6.28.1,0,256,0,2025-02-09 D,09/02/2025 11:13,None,0,413,247,1,0,43,0,0.093904207,0,6.28.1,None,0,413,0,62,0,203,4,0,0,0,0,17.631842105263157,0,162,0,47.87643859649123,0,0,0,27,0,0,0,0,0,0,0,0,0,0,None,0,0,0.334,0,0,0,47.58501754385965,1,0,09/02/2025 11:08,0,0,0
88,0,0,0,0,0,0,0,09/02/2025 11:20,0,1,0,0,17.75405172413793,0,0,0,491,39,1.7340344827586207,0,0,0,0.024938,1,0,0,0,0,0,0,0,Success,0,0,0,0,0,0,0,6.087752377,None,09/02/2025 11:27,6.28.1,0,333,0,2025-02-09 D,09/02/2025 11:29,None,0,491,255,1,0,78,0,0.007211102,0,6.28.1,None,0,491,0,70,0,203,5,0,0,0,0,17.75405172413793,0,197,0,47.83725862068966,0,0,0,27,0,0,0,0,0,0,0,0,0,0,None,0,0,0.338,0,0,0,48.20065517241379,1,0,09/02/2025 11:22,0,0,0
47,0,0,0,0,0,0,0,09/02/2025 11:29,0,1,0,0,17.408135593220337,0,0,0,485,40,1.585457627118644,0,0,0,0.022251,1,0,0,0,0,0,0,0,Success,0,0,0,0,0,0,0,6.071911561,None,09/02/2025 11:35,6.28.1,0,322,0,2025-02-09 D,09/02/2025 11:37,None,0,485,295,1,0,37,0,0.029,0,6.28.1,None,0,485,0,70,0,203,5,0,0,0,0,17.408135593220337,0,228,0,47.893033898305085,0,0,0,27,0,0,0,0,0,0,0,0,0,0,None,0,0,0.361,0,0,0,48.226118644067796,1,0,09/02/2025 11:30,0,0,0
47,0,0,0,0,0,0,0,09/02/2025 11:37,0,1,0,0,17.53736842105263,0,0,0,433,39,1.8436140350877193,0,0,0,0.026386,1,0,0,0,0,0,0,0,Success,0,0,0,0,0,0,0,5.998937739,None,09/02/2025 11:43,6.28.1,0,276,0,2025-02-09 D,09/02/2025 11:44,None,0,433,250,1,0,37,0,0.052801515,0,6.28.1,None,0,433,0,67,0,203,4,0,0,0,0,17.53736842105263,0,184,0,47.942157894736845,0,0,0,27,0,0,0,0,0,0,0,0,0,0,None,0,0,0.343,0,0,0,46.913438596491225,1,0,09/02/2025 11:38,0,0,0
50,0,0,0,0,0,0,0,09/02/2025 11:52,0,1,0,0,17.61025423728814,0,0,0,459,39,1.8939661016949152,0,0,0,0.024738,1,0,0,0,0,0,0,0,Success,0,0,0,0,0,0,0,6.16342997,None,09/02/2025 11:58,6.28.1,0,302,0,2025-02-09 D,09/02/2025 12:00,None,0,459,250,1,0,40,0,0.03,0,6.28.1,None,0,459,0,73,0,203,4,0,0,0,0,17.61025423728814,0,200,0,48.07320338983051,0,0,0,27,0,0,0,0,0,0,0,0,0,0,None,0,0,0.335,0,0,0,46.68947457627119,1,0,09/02/2025 11:53,0,0,0
91,0,0,0,0,0,0,0,09/02/2025 12:00,0,1,0,0,17.705,0,0,0,551,40,1.3839000000000001,0,0,0,0.020294,1,0,0,0,0,0,0,0,Success,0,0,0,0,0,0,0,6.182549959,None,09/02/2025 12:08,6.28.1,0,396,0,2025-02-09 D,09/02/2025 12:09,None,0,551,279,1,0,81,0,0.006324555,0,6.28.1,None,0,551,0,84,0,203,4,0,0,0,0,17.705,0,242,0,47.71725,0,0,0,27,0,0,0,0,0,0,0,0,0,0,None,0,0,0.329,0,0,0,46.47011666666666,1,0,09/02/2025 12:01,0,0,0
48,0,0,0,0,0,0,0,09/02/2025 12:09,0,1,0,0,17.40445313,0,0,0,483,39,1.648984375,0,0,0,0.022948,1,0,0,0,0,0,0,0,Success,0,0,0,0,0,0,0,6.628974355,None,09/02/2025 12:16,6.28.1,0,334,0,2025-02-09 D,09/02/2025 12:17,None,0,483,294,1,0,38,0,0.020396079,0,6.28.1,None,0,483,0,68,0,203,5,0,0,0,0,17.40445313,0,232,0,47.56739063,0,0,0,27,0,0,0,0,0,0,0,0,0,0,None,0,0,0.327,0,0,0,45.91420313,1,0,09/02/2025 12:10,0,0,0
95,0,0,0,0,0,0,0,09/02/2025 12:17,0,1,0,0,17.850245901639344,0,0,0,513,40,1.7660491803278688,0,0,0,0.026037,1,0,0,0,0,0,0,0,Success,0,0,0,0,0,0,0,6.398931473,None,09/02/2025 12:24,6.28.1,0,351,0,2025-02-09 D,09/02/2025 12:25,None,0,513,277,1,0,85,0,0.013038405,0,6.28.1,None,0,513,0,89,0,203,5,0,0,0,0,17.850245901639344,0,189,0,47.222770491803274,0,0,0,27,0,0,0,0,0,0,0,0,0,0,None,0,0,0.341,0,0,0,44.808983606557376,1,0,09/02/2025 12:18,0,0,0
49,0,0,0,0,0,0,0,09/02/2025 12:25,0,1,0,0,17.56451612903226,0,0,0,472,40,1.6841129032258066,0,0,0,0.024956,1,0,0,0,0,0,0,0,Success,0,0,0,0,0,0,0,6.427057569,None,09/02/2025 12:32,6.28.1,0,311,0,2025-02-09 D,09/02/2025 12:33,None,0,472,316,1,0,39,0,0.027294688,0,6.28.1,None,0,472,0,84,0,203,4,0,0,0,0,17.56451612903226,0,199,0,47.99924193548387,0,0,0,27,0,0,0,0,0,0,0,0,0,0,None,0,0,0.324,0,0,0,47.833919354838706,1,0,09/02/2025 12:27,0,0,0
89,0,0,0,0,0,0,0,09/02/2025 12:33,0,1,0,0,17.837704918032784,0,0,0,464,40,1.9656885245901639,0,0,0,0.029688,1,0,0,0,0,0,0,0,Success,0,0,0,0,0,0,0,6.417134641,None,09/02/2025 12:40,6.28.1,0,308,0,2025-02-09 D,09/02/2025 12:41,None,0,464,250,1,0,79,0,0.06,0,6.28.1,None,0,464,0,63,0,203,5,0,0,0,0,17.837704918032784,0,177,0,48.02188524590164,0,0,0,27,0,0,0,0,0,0,0,0,0,0,None,0,0,0.355,0,0,0,48.71518032786886,1,0,09/02/2025 12:35,0,0,0
50,0,0,0,0,0,0,0,09/02/2025 12:50,0,1,0,0,17.75415254237288,0,0,0,431,41,1.849457627118644,0,0,0,0.028896,1,0,0,0,0,0,0,0,Success,0,0,0,0,0,0,0,6.172959744,None,09/02/2025 12:56,6.28.1,0,266,0,2025-02-09 D,09/02/2025 12:57,None,0,431,346,1,0,40,0,0.05500909,0,6.28.1,None,0,431,0,69,0,203,4,0,0,0,0,17.75415254237288,0,169,0,48.115288135593225,0,0,0,28,0,0,0,0,0,0,0,0,0,0,None,0,0,0.321,0,0,0,48.838406779661014,1,0,09/02/2025 12:52,0,0,0
86,0,0,0,0,0,0,0,09/02/2025 12:57,0,1,0,0,17.419576271186443,0,0,0,468,40,2.0356610169491525,0,0,0,0.029047,1,0,0,0,0,0,0,0,Success,0,0,0,0,0,0,0,6.187732541,None,09/02/2025 13:04,6.28.1,0,304,0,2025-02-09 D,09/02/2025 13:05,None,0,468,252,1,0,76,0,0.016031219,0,6.28.1,None,0,468,0,63,0,203,4,0,0,0,0,17.419576271186443,0,175,0,47.913677966101694,0,0,0,27,0,0,0,0,0,0,0,0,0,0,None,0,0,0.302,0,0,0,49.33471186440678,1,0,09/02/2025 12:59,0,0,0
99,0,0,0,0,0,0,0,09/02/2025 13:05,0,1,0,0,17.841206896551725,0,0,0,453,40,2.883448275862069,0,0,0,0.036939,1,0,0,0,0,0,0,0,Success,0,0,0,0,0,0,0,6.210688046,None,09/02/2025 13:21,6.28.1,0,862,0,2025-02-09 D,09/02/2025 13:22,None,0,1022,893,1,0,89,0,0.030528675,0,6.28.1,None,0,1022,0,91,0,203,4,0,0,0,0,17.841206896551725,0,122,0,47.58094827586207,0,0,0,27,0,0,0,0,0,0,0,0,0,0,None,0,0,0.337,0,0,0,45.4705,1,0,09/02/2025 13:06,0,0,0
48,0,0,0,0,0,0,0,09/02/2025 13:22,0,1,0,0,17.746750000000002,0,0,0,428,40,2.35165,0,0,0,0.035095,1,0,0,0,0,0,0,0,Success,0,0,0,0,0,0,0,6.304091211,None,09/02/2025 13:28,6.28.1,0,232,0,2025-02-09 D,09/02/2025 13:29,None,0,428,338,1,0,38,0,0.125590605,0,6.28.1,None,0,428,0,64,0,203,4,0,0,0,0,17.746750000000002,0,142,0,47.94678333333333,0,0,0,27,0,0,0,0,0,0,0,0,0,0,None,0,0,0.335,0,0,0,46.64753333333333,1,0,09/02/2025 13:24,0,0,0
600,0,0,0,0,0,0,0,09/02/2025 13:29,0,1,0,0,18.316475409836066,0,0,0,1273,6320,1.5750327868852458,0,0,0,0.018984,1,0,0,0,6107,0,0,0,Success,0,0,0,0,0,0,0,6.370819492,None,09/02/2025 13:47,6.28.1,0,949,0,2025-02-09 D,09/02/2025 15:33,None,0,1229,283,1,0,600,47,0.06041523,0,6.28.1,None,0,7427,6198,66,0,203,4,0,0,0,0,18.316475409836066,0,295,0,47.71519672131147,0,0,0,0,0,0,0,0,0,0,0,0,0,0,None,0,0,0.305,0,0,0,48.47003278688525,1,0,09/02/2025 13:31,0,0,0
50,0,0,0,0,0,0,0,09/02/2025 15:33,0,2,0,0,17.7745,0,0,0,558,41,3.47505,0,0,0,0.045586,1,0,0,0,97,0,0,0,Success,0,0,0,0,0,0,0,6.46561946,None,09/02/2025 15:56,6.28.1,0,1273,0,2025-02-09 D,09/02/2025 15:57,None,0,1109,8207,1,0,40,0,0.071700767,0,6.28.1,None,0,1473,364,90,0,203,5,0,0,0,0,17.7745,0,107,0,46.15535,0,0,0,28,0,0,0,0,0,0,0,0,0,0,None,0,0,0.335,0,0,0,49.0907,1,0,09/02/2025 15:35,0,0,0
49,0,0,0,0,0,0,0,09/02/2025 15:57,0,1,0,0,17.752868852459017,0,0,5,529,40,1.517049180327869,0,0,0,0.022573,1,0,0,0,0,0,0,0,Success,0,0,0,0,0,0,0,6.372365495,None,09/02/2025 16:05,6.28.1,0,334,0,2025-02-09 D,09/02/2025 16:08,None,0,629,302,1,0,39,0,0.079246451,0,6.28.1,None,0,629,0,79,0,203,5,0,0,0,0,17.752868852459017,0,229,0,47.67488524590164,0,0,0,28,0,0,0,0,0,0,0,0,0,0,None,0,0,0.335,0,0,0,47.67573770491803,1,0,09/02/2025 15:59,0,0,1
0,0,0,0,0,0,0,0,09/02/2025 16:08,0,0,0,0,17.679,0,0,2561,0,642,1.9433,0,0,0,0.028991,0,0,0,0,343,0,0,0,Success,0,0,0,0,0,0,0,6.227984024,None,09/02/2025 17:07,6.28.1,0,269,0,2025-02-09 D,09/02/2025 17:18,None,0,3143,0,1,0,0,731,0.210679852,0,6.28.1,None,0,4217,1074,0,0,203,4,0,0,0,0,17.679,0,0,0,47.84858333333333,0,0,0,0,0,0,0,0,0,0,0,0,0,0,None,0,0,0.333,0,0,0,47.65406666666667,1,0,09/02/2025 17:03,0,0,0
0,0,0,0,0,0,0,0,09/02/2025 17:18,0,0,0,0,18.144661016949154,0,0,0,262,75,2.6052372881355934,0,0,0,0.034728,0,0,0,0,412,0,0,0,Success,0,0,0,0,0,0,0,6.280717555,None,09/02/2025 17:28,6.28.1,0,240,0,2025-02-09 D,09/02/2025 17:29,None,0,0,0,1,0,0,0,0.127781062,0,6.28.1,None,0,674,674,0,0,203,5,0,0,0,0,18.144661016949154,0,0,0,47.65257627118644,0,0,0,0,0,0,0,0,0,0,0,0,0,0,None,0,0,0.275,0,0,0,50.70447457627118,1,0,09/02/2025 17:24,0,0,0
50,0,0,0,0,0,0,0,09/02/2025 17:29,0,1,0,0,18.021250000000002,0,0,0,423,40,2.3562333333333334,0,0,0,0.034865,1,0,0,0,0,0,0,0,Success,0,0,0,0,0,0,0,6.278132684,None,09/02/2025 17:35,6.28.1,0,234,0,2025-02-09 D,09/02/2025 17:36,None,0,0,5264,1,0,40,0,0.025495098,0,6.28.1,None,0,423,423,61,0,203,4,0,0,0,0,18.021250000000002,0,146,0,47.608983333333335,0,0,0,28,0,0,0,0,0,0,0,0,0,0,None,0,0,0.361,0,0,0,50.19155,1,0,09/02/2025 17:31,0,0,0
132,0,0,0,0,0,0,0,09/02/2025 17:36,0,1,0,0,17.87975,0,0,0,488,40,2.514016666666667,0,0,0,0.033688,1,0,0,0,0,0,0,0,Success,0,0,0,0,0,0,0,6.349146872,None,09/02/2025 17:43,6.28.1,0,324,0,2025-02-09 D,09/02/2025 17:45,None,0,0,264,1,0,122,0,0.034409301,0,6.28.1,None,0,488,488,68,0,203,4,0,0,0,0,17.87975,0,146,0,47.51106666666667,0,0,0,28,0,0,0,0,0,0,0,0,0,0,None,0,0,0.338,0,0,0,50.28255,1,0,09/02/2025 17:38,0,0,0
56,0,0,0,0,0,0,0,09/02/2025 17:45,0,1,0,0,17.992250000000002,0,0,0,430,40,2.1473500000000003,0,0,0,0.030109,1,0,0,0,0,0,0,0,Success,0,0,0,0,0,0,0,6.32829993,None,09/02/2025 17:51,6.28.1,0,271,0,2025-02-09 D,09/02/2025 17:52,None,0,0,331,1,0,46,0,0.024020825,0,6.28.1,None,0,430,430,60,0,203,5,0,0,0,0,17.992250000000002,0,177,0,47.85301666666667,0,0,0,28,0,0,0,0,0,0,0,0,0,0,None,0,0,0.354,0,0,0,52.12121666666667,1,0,09/02/2025 17:46,0,0,0
48,0,0,0,0,0,0,0,09/02/2025 17:52,0,1,0,0,18.19,0,0,0,446,40,1.7682166666666668,0,0,0,0.027207,1,0,0,0,0,0,0,0,Success,0,0,0,0,0,0,0,6.287981075,None,09/02/2025 17:58,6.28.1,0,281,0,2025-02-09 D,09/02/2025 17:59,None,0,0,272,1,0,38,0,0.067475921,0,6.28.1,None,0,446,446,75,0,203,4,0,0,0,0,18.19,0,181,0,48.02381666666667,0,0,0,27,0,0,0,0,0,0,0,0,0,0,None,0,0,0.364,0,0,0,51.842983333333336,1,0,09/02/2025 17:53,0,0,0
49,0,0,0,0,0,0,0,09/02/2025 17:59,0,1,0,0,18.088,0,0,0,425,39,1.9502,0,0,0,0.029886,1,0,0,0,0,0,0,0,Success,0,0,0,0,0,0,0,6.275110915,None,09/02/2025 18:05,6.28.1,0,266,0,2025-02-09 N,09/02/2025 18:06,None,0,0,257,1,0,39,0,0.025,0,6.28.1,None,0,425,425,70,0,203,5,0,0,0,0,18.088,0,170,0,47.77288333333333,0,0,0,28,0,0,0,0,0,0,0,0,0,0,None,0,0,0.368,0,0,0,51.99781666666667,1,0,09/02/2025 18:01,0,0,0
49,0,0,0,0,0,0,0,09/02/2025 18:06,0,1,0,0,18.06925,0,0,0,428,39,1.8842666666666665,0,0,0,0.02914,1,0,0,0,0,0,0,0,Success,0,0,0,0,0,0,0,6.239182318,None,09/02/2025 18:12,6.28.1,0,267,0,2025-02-09 N,09/02/2025 18:13,None,0,0,254,1,0,39,0,0.05731492,0,6.28.1,None,0,428,428,67,0,203,4,0,0,0,0,18.06925,0,171,0,47.79185,0,0,0,27,0,0,0,0,0,0,0,0,0,0,None,0,0,0.331,0,0,0,51.9211,1,0,09/02/2025 18:08,0,0,0
49,0,0,0,0,0,0,0,09/02/2025 18:13,0,1,0,0,17.983,0,0,0,454,40,1.8229,0,0,0,0.026758,1,0,0,0,0,0,0,0,Success,0,0,0,0,0,0,0,6.271234408,None,09/02/2025 18:20,6.28.1,0,287,0,2025-02-09 N,09/02/2025 18:21,None,0,0,276,1,0,39,0,0.016278821,0,6.28.1,None,0,454,454,85,0,203,4,0,0,0,0,17.983,0,173,0,47.8675,0,0,0,27,0,0,0,0,0,0,0,0,0,0,None,0,0,0.298,0,0,0,52.303533333333334,1,0,09/02/2025 18:15,0,0,0
83,0,0,0,0,0,0,0,09/02/2025 18:29,0,1,0,0,18.063813559322035,0,0,0,508,40,1.4917796610169491,0,0,0,0.023657,1,0,0,0,0,0,0,0,Success,0,0,0,0,0,0,0,6.131028707,None,09/02/2025 18:36,6.28.1,0,349,0,2025-02-09 N,09/02/2025 18:37,None,0,0,276,1,0,73,0,0.069921385,0,6.28.1,None,0,508,508,84,0,203,4,0,0,0,0,18.063813559322035,0,203,0,48.02542372881356,0,0,0,28,0,0,0,0,0,0,0,0,0,0,None,0,0,0.311,0,0,0,51.715457627118646,1,0,09/02/2025 18:30,0,0,0
87,0,0,0,0,0,0,0,09/02/2025 18:49,0,1,0,0,17.97330508474576,0,0,0,466,40,2.0673898305084744,0,0,0,0.029678,1,0,0,0,0,0,0,0,Success,0,0,0,0,0,0,0,6.118573527,None,09/02/2025 18:55,6.28.1,0,299,0,2025-02-09 N,09/02/2025 18:57,None,0,0,316,1,0,77,0,0.059033888,0,6.28.1,None,0,466,466,76,0,203,4,0,0,0,0,17.97330508474576,0,158,0,47.545033898305086,0,0,0,27,0,0,0,0,0,0,0,0,0,0,None,0,0,0.316,0,0,0,50.98308474576271,1,0,09/02/2025 18:50,0,0,0
84,0,0,0,0,0,0,0,09/02/2025 18:57,0,1,0,0,17.87948275862069,0,0,0,444,40,2.3038620689655174,0,0,0,0.032523,1,0,0,0,0,0,0,0,Success,0,0,0,0,0,0,0,6.091277042,None,09/02/2025 19:03,6.28.1,0,275,0,2025-02-09 N,09/02/2025 19:04,None,0,0,312,1,0,74,0,0.024596748,0,6.28.1,None,0,444,444,77,0,203,4,0,0,0,0,17.87948275862069,0,137,0,47.960931034482755,0,0,0,27,0,0,0,0,0,0,0,0,0,0,None,0,0,0.365,0,0,0,50.61063793103448,1,0,09/02/2025 18:58,0,0,0
91,0,0,0,0,0,0,0,09/02/2025 19:04,0,1,0,0,18.12594827586207,0,0,0,489,41,1.864913793103448,0,0,0,0.026618,1,0,0,0,0,0,0,0,Success,0,0,0,0,0,0,0,6.065969584,None,09/02/2025 19:11,6.28.1,0,323,0,2025-02-09 N,09/02/2025 19:12,None,0,0,304,1,0,81,0,0.051623638,0,6.28.1,None,0,489,489,79,0,203,5,0,0,0,0,18.12594827586207,0,177,0,47.8285,0,0,0,28,0,0,0,0,0,0,0,0,0,0,None,0,0,0.339,0,0,0,50.95177586206896,1,0,09/02/2025 19:06,0,0,0
99,0,0,0,0,0,0,0,09/02/2025 19:12,0,1,0,0,17.594736842105263,0,0,0,431,40,2.3450175438596492,0,0,0,0.035099,1,0,0,0,0,0,0,0,Success,0,0,0,0,0,0,0,6.044470696,None,09/02/2025 19:18,6.28.1,0,272,0,2025-02-09 N,09/02/2025 19:19,None,0,0,289,1,0,89,0,0.032893769,0,6.28.1,None,0,431,431,60,0,203,3,0,0,0,0,17.594736842105263,0,133,0,47.64929824561404,0,0,0,28,0,0,0,0,0,0,0,0,0,0,None,0,0,0.359,0,0,0,50.86812280701755,1,0,09/02/2025 19:14,0,0,0
48,0,0,0,0,0,0,0,09/02/2025 19:32,0,1,0,0,18.406052631578948,0,0,0,397,40,2.1088771929824564,0,0,0,0.032845,1,0,0,0,0,0,0,0,Success,0,0,0,0,0,0,0,5.989982053,None,09/02/2025 19:37,6.28.1,0,237,0,2025-02-09 N,09/02/2025 19:39,None,0,397,296,1,0,38,0,0.02915476,0,6.28.1,None,0,397,0,67,0,203,4,0,0,0,0,18.406052631578948,0,144,0,48.22256140350878,0,0,0,28,0,0,0,0,0,0,0,0,0,0,None,0,0,0.326,0,0,0,49.69340350877193,1,0,09/02/2025 19:33,0,0,0
47,0,0,0,0,0,0,0,09/02/2025 19:39,0,1,0,0,17.52842105263158,0,0,0,387,40,2.2625263157894735,0,0,0,0.034244,1,0,0,0,0,0,0,0,Success,0,0,0,0,0,0,0,5.987231581,None,09/02/2025 19:44,6.28.1,0,227,0,2025-02-09 N,09/02/2025 19:45,None,0,387,244,1,0,38,0,0.016401219,0,6.28.1,None,0,387,0,59,0,203,5,0,0,0,0,17.52842105263158,0,142,0,47.59142105263158,0,0,0,28,0,0,0,0,0,0,0,0,0,0,None,0,0,0.332,0,0,0,49.42580701754386,1,0,09/02/2025 19:40,0,0,0
49,0,0,0,0,0,0,0,09/02/2025 19:45,0,1,0,0,18.010086206896553,0,0,0,425,40,1.8860344827586206,0,0,0,0.029305,1,0,0,0,0,0,0,0,Success,0,0,0,0,0,0,0,5.991635753,None,09/02/2025 19:51,6.28.1,0,258,0,2025-02-09 N,09/02/2025 19:52,None,0,425,260,1,0,39,0,0.023021729,0,6.28.1,None,0,425,0,66,0,203,4,0,0,0,0,18.010086206896553,0,165,0,48.039534482758626,0,0,0,28,0,0,0,0,0,0,0,0,0,0,None,0,0,0.344,0,0,0,51.21717241,1,0,09/02/2025 19:47,0,0,0
54,0,0,0,0,0,0,0,09/02/2025 19:52,0,1,0,0,17.585,0,0,0,413,40,2.1839824561403507,0,0,0,0.031567,1,0,0,0,0,0,0,0,Success,0,0,0,0,0,0,0,5.97903437,None,09/02/2025 19:58,6.28.1,0,247,0,2025-02-09 N,09/02/2025 19:59,None,0,413,252,1,0,44,0,0.131825643,0,6.28.1,None,0,413,0,60,0,203,5,0,0,0,0,17.585,0,155,0,47.49917543859649,0,0,0,28,0,0,0,0,0,0,0,0,0,0,None,0,0,0.331,0,0,0,51.742245614035085,1,0,09/02/2025 19:54,0,0,0
55,0,0,0,0,0,0,0,09/02/2025 20:07,0,1,0,0,17.62603448275862,0,0,0,418,41,2.293586206896552,0,0,0,0.033307,1,0,0,0,18,0,0,0,Success,0,0,0,0,0,0,0,6.088600496,None,09/02/2025 20:20,6.28.1,0,239,0,2025-02-09 N,09/02/2025 20:21,None,0,500,767,1,0,45,0,0.060415229,0,6.28.1,None,0,855,355,63,0,203,5,0,0,0,0,17.62603448275862,0,145,0,47.89891379310345,0,0,0,28,0,0,0,0,0,0,0,0,0,0,None,0,0,0.315,0,0,0,53.145896551724135,1,0,09/02/2025 20:16,0,0,0
49,0,0,0,0,0,0,0,09/02/2025 20:21,0,1,0,0,17.798000000000002,0,0,0,759,41,2.530266666666667,0,0,0,0.033593,1,0,0,0,0,0,0,0,Success,0,0,0,0,0,0,0,6.313388076,None,09/02/2025 20:33,6.28.1,0,243,0,2025-02-09 N,09/02/2025 20:34,None,0,0,623,1,0,39,0,0.04472136,0,6.28.1,None,0,759,759,70,0,203,5,0,0,0,0,17.798000000000002,0,147,0,47.3309,0,0,0,28,0,0,0,0,0,0,0,0,0,0,None,0,0,0.342,0,0,0,53.37061666666667,1,0,09/02/2025 20:29,0,0,0
49,0,0,0,0,0,0,0,09/02/2025 20:34,0,1,0,0,17.685737704918033,0,0,0,486,40,1.6255573770491805,0,0,0,0.023417,1,0,0,0,0,0,0,0,Success,0,0,0,0,0,0,0,6.370838406,None,09/02/2025 20:41,6.28.1,0,328,0,2025-02-09 N,09/02/2025 20:42,None,0,0,250,1,0,39,0,0.041785165,0,6.28.1,None,0,486,486,66,0,203,5,0,0,0,0,17.685737704918033,0,236,0,47.77488524590164,0,0,0,27,0,0,0,0,0,0,0,0,0,0,None,0,0,0.322,0,0,0,54.175262295081964,1,0,09/02/2025 20:35,0,0,0
48,0,0,0,0,0,0,0,09/02/2025 20:42,0,1,0,0,17.94122950819672,0,0,0,460,39,1.7172786885245903,0,0,0,0.025848,1,0,0,0,0,0,0,0,Success,0,0,0,0,0,0,0,6.347224354,None,09/02/2025 20:49,6.28.1,0,297,0,2025-02-09 N,09/02/2025 20:50,None,0,0,252,1,0,38,0,0.038948684,0,6.28.1,None,0,460,460,61,0,203,3,0,0,0,0,17.94122950819672,0,209,0,48.097524590163935,0,0,0,27,0,0,0,0,0,0,0,0,0,0,None,0,0,0.309,0,0,0,52.311868852459014,1,0,09/02/2025 20:44,0,0,0
49,0,0,0,0,0,0,0,09/02/2025 20:50,0,1,0,0,17.929384615384617,0,0,0,390,40,2.6794461538461536,0,0,0,0.03521,1,0,0,0,0,0,0,0,Success,0,0,0,0,0,0,0,6.859075011,None,09/02/2025 20:55,6.28.1,0,243,0,2025-02-09 N,09/02/2025 20:56,None,0,0,228,1,0,39,0,0.024041631,0,6.28.1,None,0,390,390,42,0,203,5,0,0,0,0,17.929384615384617,0,166,0,46.77181538461539,0,0,0,27,0,0,0,0,0,0,0,0,0,0,None,0,0,0.34,0,0,0,48.772861538461534,1,0,09/02/2025 20:51,0,0,0
48,0,0,0,0,0,0,0,09/02/2025 20:56,0,1,0,0,18.448064516129033,0,0,0,422,41,2.0692580645161294,0,0,0,0.03185,1,0,0,0,0,0,0,0,Success,0,0,0,0,0,0,0,6.510687905,None,09/02/2025 21:02,6.28.1,0,261,0,2025-02-09 N,09/02/2025 21:03,None,0,0,269,1,0,38,0,0.077317527,0,6.28.1,None,0,422,422,85,0,203,4,0,0,0,0,18.448064516129033,0,149,0,47.70790322580645,0,0,0,28,0,0,0,0,0,0,0,0,0,0,None,0,0,0.333,0,0,0,51.592129032258065,1,0,09/02/2025 20:58,0,0,0
48,0,0,0,0,0,0,0,09/02/2025 21:03,0,1,0,0,19.056639344262294,0,0,0,420,40,2.5173114754098362,0,0,0,0.031794,1,0,0,0,0,0,0,0,Success,0,0,0,0,0,0,0,6.452831317,None,09/02/2025 21:09,6.28.1,0,253,0,2025-02-09 N,09/02/2025 21:10,None,0,0,279,1,0,38,0,0.041436699,0,6.28.1,None,0,420,420,88,0,203,14,0,0,0,0,19.056639344262294,0,139,0,47.93865573770491,0,0,0,27,0,0,0,0,0,0,0,0,0,0,None,0,0,0.336,0,0,0,51.63177049180328,1,0,09/02/2025 21:05,0,0,0
11,0,0,0,0,0,0,0,09/02/2025 21:10,0,1,0,0,18.449754098360653,0,0,0,417,388,1.9260327868852458,0,0,0,0.028467,1,0,0,0,27,0,0,0,Success,0,0,0,0,0,0,0,6.364147233,None,09/02/2025 21:16,6.28.1,0,251,0,2025-02-09 N,09/02/2025 21:23,None,0,317,260,1,0,11,0,0.077077882,0,6.28.1,None,0,761,444,69,0,203,15,0,0,0,0,18.449754098360653,0,186,0,47.808295081967216,0,0,0,22,0,0,0,0,0,0,0,0,0,0,None,0,0,0.331,0,0,0,50.57721311,1,0,09/02/2025 21:12,0,0,0
48,0,0,0,0,0,0,0,09/02/2025 21:23,0,1,0,0,17.88701612903226,0,0,0,437,40,1.8166451612903227,0,0,0,0.028096,1,0,0,0,0,0,0,0,Success,0,0,0,0,0,0,0,6.417947491,None,09/02/2025 21:29,6.28.1,0,280,0,2025-02-09 N,09/02/2025 21:30,None,0,0,580,1,0,38,0,0.00781025,0,6.28.1,None,0,437,437,76,0,203,4,0,0,0,0,17.88701612903226,0,176,0,47.52209677419355,0,0,0,28,0,0,0,0,0,0,0,0,0,0,None,0,0,0.364,0,0,0,51.66167741935484,1,0,09/02/2025 21:24,0,0,0
49,0,0,0,0,0,0,0,09/02/2025 21:30,0,1,0,0,18.064426229508197,0,0,0,436,40,1.9531147540983607,0,0,0,0.029616,1,0,0,0,0,0,0,0,Success,0,0,0,0,0,0,0,6.341902002,None,09/02/2025 21:36,6.28.1,0,271,0,2025-02-09 N,09/02/2025 21:37,None,0,0,266,1,0,39,0,0.031906112,0,6.28.1,None,0,436,436,76,0,203,4,0,0,0,0,18.064426229508197,0,168,0,47.63172131147541,0,0,0,27,0,0,0,0,0,0,0,0,0,0,None,0,0,0.352,0,0,0,50.63514754098361,1,0,09/02/2025 21:32,0,0,0
49,0,0,0,0,0,0,0,09/02/2025 21:37,0,1,0,0,18.32434426229508,0,0,0,449,41,1.7524426229508197,0,0,0,0.026926,1,0,0,0,0,0,0,0,Success,0,0,0,0,0,0,0,6.376760933,None,09/02/2025 21:44,6.28.1,0,290,0,2025-02-09 N,09/02/2025 21:45,None,0,0,263,1,0,39,0,0.06090156,0,6.28.1,None,0,449,449,80,0,203,8,0,0,0,0,18.32434426229508,0,188,0,48.32003278688524,0,0,0,28,0,0,0,0,0,0,0,0,0,0,None,0,0,0.388,0,0,0,51.89744262295082,1,0,09/02/2025 21:39,0,0,0
50,0,0,0,0,0,0,0,09/02/2025 21:52,0,1,0,0,17.8785,0,0,0,495,40,1.4734166666666666,0,0,0,0.022425,1,0,0,0,0,0,0,0,Success,0,0,0,0,0,0,0,6.204409239,None,09/02/2025 21:59,6.28.1,0,332,0,2025-02-09 N,09/02/2025 22:00,None,0,0,278,1,0,40,0,0.049477267,0,6.28.1,None,0,495,495,82,0,203,5,0,0,0,0,17.8785,0,223,0,47.85735,0,0,0,28,0,0,0,0,0,0,0,0,0,0,None,0,0,0.359,0,0,0,52.15855,1,0,09/02/2025 21:54,0,0,0
86,0,0,0,0,0,0,0,09/02/2025 22:00,0,1,0,0,17.604750000000003,0,0,0,517,40,1.6055666666666668,0,0,0,0.023608,1,0,0,0,0,0,0,0,Success,0,0,0,0,0,0,0,6.20277712,None,09/02/2025 22:08,6.28.1,0,355,0,2025-02-09 N,09/02/2025 22:09,None,0,0,262,1,0,76,0,0.022090722,0,6.28.1,None,0,517,517,73,0,203,4,0,0,0,0,17.604750000000003,0,219,0,47.18546666666667,0,0,0,27,0,0,0,0,0,0,0,0,0,0,None,0,0,0.342,0,0,0,50.51775,1,0,09/02/2025 22:02,0,0,0
49,0,0,0,0,0,0,0,09/02/2025 22:09,0,1,0,0,17.75475,0,0,0,473,40,1.7144333333333333,0,0,0,0.024533,1,0,0,0,0,0,0,0,Success,0,0,0,0,0,0,0,6.223261524,None,09/02/2025 22:16,6.28.1,0,305,0,2025-02-09 N,09/02/2025 22:17,None,0,0,308,1,0,39,0,0.032310989,0,6.28.1,None,0,473,473,79,0,203,4,0,0,0,0,17.75475,0,200,0,47.57486666666667,0,0,0,27,0,0,0,0,0,0,0,0,0,0,None,0,0,0.327,0,0,0,51.15913333333333,1,0,09/02/2025 22:11,0,0,0
48,0,0,0,0,0,0,0,09/02/2025 22:25,0,3,0,0,17.73801724137931,0,0,0,1211,39,1.7601724137931034,0,0,0,0.022389,1,0,0,0,820,0,0,0,Success,0,0,0,0,0,0,0,6.064295013,None,09/02/2025 22:58,6.28.1,0,1874,0,2025-02-09 N,09/02/2025 22:59,None,0,0,1870,1,0,38,0,0.050328918,0,6.28.1,None,0,2031,2031,111,0,203,5,0,0,0,0,17.73801724137931,0,163,0,49.19501724137931,0,0,0,26,0,0,0,0,0,0,0,0,0,0,None,0,0,0.332,0,0,0,61.01543103448276,1,0,09/02/2025 22:27,0,0,0
61,0,0,0,0,0,0,0,09/02/2025 23:06,0,1,0,0,17.21263157894737,0,0,0,368,40,3.277105263157895,0,0,0,0.044066,1,0,0,0,0,0,0,0,Success,0,0,0,0,0,0,0,6.105265023,None,09/02/2025 23:11,6.28.1,0,205,0,2025-02-09 N,09/02/2025 23:12,None,0,0,288,1,0,51,0,0.028319604,0,6.28.1,None,0,368,368,61,0,203,4,0,0,0,0,17.21263157894737,0,104,0,43.965245614035084,0,0,0,27,0,0,0,0,0,0,0,0,0,0,None,0,0,0.326,0,0,0,61.15643859649123,1,0,09/02/2025 23:07,0,0,0
51,0,0,0,0,0,0,0,09/02/2025 23:12,0,1,0,0,17.658879310344826,0,0,0,347,39,3.158896551724138,0,0,0,0.045711,1,0,0,0,0,0,0,0,Success,0,0,0,0,0,0,0,6.138055881,None,09/02/2025 23:16,6.28.1,0,188,0,2025-02-09 N,09/02/2025 23:18,None,0,0,259,1,0,41,0,0.03622154,0,6.28.1,None,0,347,347,57,0,203,4,0,0,0,0,17.658879310344826,0,103,0,46.25889655172414,0,0,0,26,0,0,0,0,0,0,0,0,0,0,None,0,0,0.318,0,0,0,60.205241379310344,1,0,09/02/2025 23:13,0,0,0
66,0,0,0,0,0,0,0,09/02/2025 23:18,0,1,0,0,18.154473684210526,0,0,0,375,39,2.935403509,0,0,0,0.042764,1,0,0,0,0,0,0,0,Success,0,0,0,0,0,0,0,6.069829075,None,09/02/2025 23:23,6.28.1,0,214,0,2025-02-09 N,09/02/2025 23:24,None,0,0,248,1,0,56,0,0.036496575,0,6.28.1,None,0,375,375,61,0,203,5,0,0,0,0,18.154473684210526,0,110,0,45.89219298245614,0,0,0,27,0,0,0,0,0,0,0,0,0,0,None,0,0,0.322,0,0,0,60.52957894736842,1,0,09/02/2025 23:19,0,0,0
62,0,0,0,0,0,0,0,09/02/2025 23:24,0,1,0,0,18.370789473684212,0,0,0,385,39,2.674982456140351,0,0,0,0.039411,1,0,0,0,9,0,0,0,Success,0,0,0,0,0,0,0,6.033067048,None,09/02/2025 23:36,6.28.1,0,219,0,2025-02-09 N,09/02/2025 23:37,None,0,402,689,1,0,52,0,0.021400934,0,6.28.1,None,0,796,394,68,0,203,5,0,0,0,0,18.370789473684212,0,113,0,45.77057894736842,0,0,0,27,0,0,0,0,0,0,0,0,0,0,None,0,0,0.318,0,0,0,61.49761403508772,1,0,09/02/2025 23:32,0,0,0
54,0,0,0,0,0,0,0,09/02/2025 23:37,0,1,0,0,17.522368421052633,0,0,0,380,40,2.6577894736842107,0,0,0,0.038607,1,0,0,0,0,0,0,0,Success,0,0,0,0,0,0,0,6.083595072,None,09/02/2025 23:42,6.28.1,0,218,0,2025-02-09 N,09/02/2025 23:43,None,0,0,257,1,0,44,0,0.02236068,0,6.28.1,None,0,380,380,56,0,203,5,0,0,0,0,17.522368421052633,0,131,0,43.93898245614035,0,0,0,27,0,0,0,0,0,0,0,0,0,0,None,0,0,0.327,0,0,0,61.25322807017544,1,0,09/02/2025 23:39,0,0,0
49,0,0,0,0,0,0,0,09/02/2025 23:43,0,1,0,0,17.94853448275862,0,0,0,381,39,2.3137931034482757,0,0,0,0.035732,1,0,0,0,0,0,0,0,Success,0,0,0,0,0,0,0,6.102260319,None,09/02/2025 23:49,6.28.1,0,223,0,2025-02-09 N,09/02/2025 23:50,None,0,0,244,1,0,39,0,0.081252692,0,6.28.1,None,0,381,381,58,0,203,5,0,0,0,0,17.94853448275862,0,138,0,44.32568965517241,0,0,0,27,0,0,0,0,0,0,0,0,0,0,None,0,0,0.346,0,0,0,62.56608620689655,1,0,09/02/2025 23:45,0,0,0
48,0,0,0,0,0,0,0,09/02/2025 23:50,0,1,0,0,18.121451612903225,0,0,0,666,40,1.5148064516129034,0,0,0,0.021232,1,0,0,0,0,0,0,0,Success,0,0,0,0,0,0,0,6.411116985,None,10/02/2025 00:00,6.28.1,0,353,0,2025-02-09 N,10/02/2025 00:01,None,0,0,430,1,0,38,0,0.073979727,0,6.28.1,None,0,666,666,89,0,203,5,0,0,0,0,18.121451612903225,0,239,0,44.028129032258065,0,0,0,27,0,0,0,0,0,0,0,0,0,0,None,0,0,0.336,0,0,0,61.65548387096774,1,0,09/02/2025 23:54,0,0,0
108,0,0,0,0,0,0,0,10/02/2025 00:01,0,2,0,0,17.08573770491803,0,0,1745,1068,41,1.7050655737704918,0,0,0,0.015174,1,0,0,0,109,0,0,0,Success,0,0,0,0,0,0,0,6.36233212,None,10/02/2025 00:51,6.28.1,0,746,0,2025-02-09 N,10/02/2025 00:52,None,0,1924,2681,1,0,98,0,0.054589376,0,6.28.1,None,0,3099,1175,69,0,203,5,0,0,0,0,17.08573770491803,0,356,0,46.777901639344265,0,0,0,28,0,0,0,0,0,0,0,0,0,0,None,0,0,0.342,0,0,0,47.88636065573771,1,0,10/02/2025 00:39,0,0,0
47,0,0,0,0,0,0,0,10/02/2025 00:52,0,1,0,0,18.856749999999998,0,0,0,637,40,1.74335,0,0,0,0.024213,1,0,0,0,0,0,0,0,Success,0,0,0,0,0,0,0,6.187102149,None,10/02/2025 01:02,6.28.1,0,305,0,2025-02-09 N,10/02/2025 01:03,None,0,0,516,1,0,37,0,0.04118252,0,6.28.1,None,0,637,637,99,0,203,5,0,0,0,0,18.856749999999998,0,182,0,44.89723333333333,0,0,0,27,0,0,0,0,0,0,0,0,0,0,None,0,0,0.336,0,0,0,60.198,1,0,10/02/2025 00:57,0,0,0
201,0,0,0,0,0,0,0,10/02/2025 01:03,0,1,0,0,18.04779661016949,0,0,0,565,40,2.6799491525423726,0,0,0,0.033421,1,0,0,0,0,0,0,0,Success,0,0,0,0,0,0,0,6.211052568,None,10/02/2025 01:11,6.28.1,0,389,0,2025-02-09 N,10/02/2025 01:12,None,0,0,294,1,0,191,0,0.048104054,0,6.28.1,None,0,565,565,98,0,203,6,0,0,0,0,18.04779661016949,0,113,0,44.52727118644068,0,0,0,28,0,0,0,0,0,0,0,0,0,0,None,0,0,0.302,0,0,0,59.07871186440678,1,0,10/02/2025 01:05,0,0,0
48,0,0,0,0,0,0,0,10/02/2025 01:12,0,3,0,0,15.589500000000001,0,0,0,589,40,1.1908999999999998,0,0,0,0.018635,1,0,0,0,0,0,0,0,Success,0,0,0,0,0,0,0,6.337071721,None,10/02/2025 01:28,6.28.1,0,862,0,2025-02-09 N,10/02/2025 01:30,None,0,840,934,1,0,38,0,0.077155687,0,6.28.1,None,0,1023,183,110,0,203,5,0,0,0,0,15.589500000000001,0,251,0,39.9904,0,0,0,28,0,0,0,0,0,0,0,0,0,0,None,0,0,0.341,0,0,0,32.844100000000005,1,0,10/02/2025 01:14,0,0,0
52,0,0,0,0,0,0,0,10/02/2025 01:30,0,1,0,0,16.694047619047616,0,0,0,442,40,1.9695555555555555,0,0,0,0.027701,1,0,0,0,0,0,0,0,Success,0,0,0,0,0,0,0,6.6498903,None,10/02/2025 01:36,6.28.1,0,290,0,2025-02-09 N,10/02/2025 01:37,None,0,442,245,1,0,42,0,0.036069377,0,6.28.1,None,0,442,0,61,0,203,5,0,0,0,0,16.694047619047616,0,192,0,47.48187301587302,0,0,0,27,0,0,0,0,0,0,0,0,0,0,None,0,0,0.334,0,0,0,38.19085714285714,1,0,10/02/2025 01:31,0,0,0
49,0,0,0,0,0,0,0,10/02/2025 01:37,0,2,0,0,17.80448275862069,0,0,0,387,40,2.643103448275862,0,0,0,0.037996,1,0,0,0,0,0,0,0,Success,0,0,0,0,0,0,0,6.144919853,None,10/02/2025 01:42,6.28.1,0,218,0,2025-02-09 N,10/02/2025 01:43,None,0,387,288,1,0,39,0,0.052201532,0,6.28.1,None,0,387,0,76,0,203,5,0,0,0,0,17.80448275862069,0,101,0,43.972655172413795,0,0,0,27,0,0,0,0,0,0,0,0,0,0,None,0,0,0.311,0,0,0,57.48518965517241,1,0,10/02/2025 01:39,0,0,0
143,0,0,0,0,0,0,0,10/02/2025 01:43,0,1,0,0,18.10784482758621,0,0,0,486,40,2.3415689655172414,0,0,0,0.034181,1,0,0,0,0,0,0,0,Success,0,0,0,0,0,0,0,6.137590895,None,10/02/2025 01:50,6.28.1,0,322,0,2025-02-09 N,10/02/2025 01:51,None,0,486,256,1,0,133,0,0.012727922,0,6.28.1,None,0,486,0,70,0,203,8,0,0,0,0,18.10784482758621,0,136,0,47.96441379310345,0,0,0,27,0,0,0,0,0,0,0,0,0,0,None,0,0,0.358,0,0,0,49.705741379310346,1,0,10/02/2025 01:45,0,0,0
49,0,0,0,0,0,0,0,10/02/2025 01:58,0,1,0,0,17.52811475409836,0,0,0,614,40,1.5703770491803277,0,0,0,0.023818,1,0,0,0,85,0,0,0,Success,0,0,0,0,0,0,0,6.306827649,None,10/02/2025 02:08,6.28.1,0,319,0,2025-02-09 N,10/02/2025 02:10,None,0,0,485,1,0,39,0,0.063071388,0,6.28.1,None,0,699,699,63,0,203,5,0,0,0,0,17.52811475409836,0,229,0,47.23604918032787,0,0,0,27,0,0,0,0,0,0,0,0,0,0,None,0,0,0.329,0,0,0,52.21077049180328,1,0,10/02/2025 02:03,0,0,0
48,0,0,0,0,0,0,0,10/02/2025 02:10,0,1,0,0,17.509918032786885,0,0,0,507,40,1.6966393442622951,0,0,0,0.02222,1,0,0,0,0,0,0,0,Success,0,0,0,0,0,0,0,6.420656041,None,10/02/2025 02:17,6.28.1,0,339,0,2025-02-09 N,10/02/2025 02:18,None,0,0,265,1,0,38,0,0.04237924,0,6.28.1,None,0,507,507,66,0,203,5,0,0,0,0,17.509918032786885,0,247,0,46.72344262295082,0,0,0,27,0,0,0,0,0,0,0,0,0,0,None,0,0,0.334,0,0,0,50.33452459016393,1,0,10/02/2025 02:11,0,0,0
49,0,0,0,0,0,0,0,10/02/2025 02:18,0,1,0,0,18.133524590163933,0,0,0,520,40,1.4865245901639343,0,0,0,0.021104,1,0,0,0,0,0,0,0,Success,0,0,0,0,0,0,0,6.353977101,None,10/02/2025 02:26,6.28.1,0,358,0,2025-02-09 N,10/02/2025 02:27,None,0,0,257,1,0,39,0,0.058694123,0,6.28.1,None,0,520,520,75,0,203,5,0,0,0,0,18.133524590163933,0,257,0,47.99455737704918,0,0,0,28,0,0,0,0,0,0,0,0,0,0,None,0,0,0.327,0,0,0,52.577737704918036,1,0,10/02/2025 02:20,0,0,0
50,0,0,0,0,0,0,0,10/02/2025 02:27,0,2,0,0,17.54975409836066,0,0,0,538,39,1.372639344262295,0,0,0,0.019293,1,0,0,0,0,0,0,0,Success,0,0,0,0,0,0,0,6.356842141,None,10/02/2025 02:35,6.28.1,0,381,0,2025-02-09 N,10/02/2025 02:36,None,0,0,282,1,0,40,0,0.022825425,0,6.28.1,None,0,538,538,82,0,203,5,0,0,0,0,17.54975409836066,0,263,0,46.85667213114754,0,0,0,27,0,0,0,0,0,0,0,0,0,0,None,0,0,0.326,0,0,0,51.807524590163936,1,0,10/02/2025 02:28,0,0,0
94,0,0,0,0,0,0,0,10/02/2025 02:45,0,1,0,0,17.779918032786885,0,0,0,1431,449,1.9069180327868853,0,0,0,0.024661,1,0,0,0,13,0,0,0,Success,0,0,0,0,0,0,0,6.309763942,None,10/02/2025 02:52,6.28.1,0,352,0,2025-02-09 N,10/02/2025 03:15,None,0,1329,257,1,0,84,0,0.021540659,0,6.28.1,None,0,1824,495,70,0,203,5,0,0,0,0,17.779918032786885,0,212,0,47.49503278688525,0,0,0,31,0,0,0,0,0,0,0,0,0,0,None,0,0,0.359,0,0,0,50.68706557377049,1,0,10/02/2025 02:46,0,0,0
332,0,0,0,0,0,0,0,10/02/2025 03:15,0,1,0,0,18.094749999999998,0,0,0,675,40,2.3801,0,0,0,0.035575,1,0,0,0,0,0,0,0,Success,0,0,0,0,0,0,0,6.333753863,None,10/02/2025 03:25,6.28.1,0,513,0,2025-02-09 N,10/02/2025 03:26,None,0,0,1601,1,0,322,0,0.054120237,0,6.28.1,None,0,675,675,62,0,203,6,0,0,0,0,18.094749999999998,0,142,0,47.693099999999994,0,0,0,27,0,0,0,0,0,0,0,0,0,0,None,0,0,0.354,0,0,0,51.00501666666666,1,0,10/02/2025 03:17,0,0,0
252,0,0,0,0,0,0,0,10/02/2025 03:35,0,1,0,0,17.355762711864408,0,0,0,591,42,2.5236271186440677,0,0,0,0.03605,2,0,0,0,68,0,0,0,Success,0,0,0,0,0,0,0,6.222548192,None,10/02/2025 03:44,6.28.1,0,493,0,2025-02-09 N,10/02/2025 03:46,None,0,0,257,1,0,242,0,0.018027756,0,6.28.1,None,0,659,659,133,0,203,7,0,0,0,0,17.355762711864408,0,133,0,47.485593220338984,0,0,0,27,0,0,0,0,0,0,0,0,0,0,None,0,0,0.348,0,0,0,53.13655932,1,0,10/02/2025 03:36,0,0,0
88,0,0,0,0,0,0,0,10/02/2025 03:46,0,1,0,0,18.065172413793103,0,0,0,417,40,2.7795,0,0,0,0.041326,1,0,0,0,0,0,0,0,Success,0,0,0,0,0,0,0,6.189648374,None,10/02/2025 03:51,6.28.1,0,239,0,2025-02-09 N,10/02/2025 03:53,None,0,0,539,1,0,78,0,0.014317821,0,6.28.1,None,0,417,417,60,0,203,4,0,0,0,0,18.065172413793103,0,113,0,47.84293103448276,0,0,0,27,0,0,0,0,0,0,0,0,0,0,None,0,0,0.331,0,0,0,49.33108620689655,1,0,10/02/2025 03:47,0,0,0
48,0,0,0,0,0,0,0,10/02/2025 03:53,0,1,0,0,18.118474576271186,0,0,0,401,40,2.409779661016949,0,0,0,0.03534,1,0,0,0,0,0,0,0,Success,0,0,0,0,0,0,0,6.224800479,None,10/02/2025 03:58,6.28.1,0,229,0,2025-02-09 N,10/02/2025 03:59,None,0,0,294,1,0,38,0,0.020099751,0,6.28.1,None,0,401,401,61,0,203,4,0,0,0,0,18.118474576271186,0,141,0,47.65206779661017,0,0,0,27,0,0,0,0,0,0,0,0,0,0,None,0,0,0.337,0,0,0,51.467067796610166,1,0,10/02/2025 03:54,0,0,0
102,0,0,0,0,0,0,0,10/02/2025 03:59,0,1,0,0,18.121016949152544,0,0,0,458,40,2.1406101694915254,0,0,0,0.031921,1,0,0,0,0,0,0,0,Success,0,0,0,0,0,0,0,6.207904155,None,10/02/2025 04:06,6.28.1,0,298,0,2025-02-09 N,10/02/2025 04:07,None,0,0,257,1,0,92,0,0.029206164,0,6.28.1,None,0,458,458,68,0,203,4,0,0,0,0,18.121016949152544,0,151,0,48.13372881355932,0,0,0,27,0,0,0,0,0,0,0,0,0,0,None,0,0,0.337,0,0,0,51.33993220338983,1,0,10/02/2025 04:01,0,0,0
48,0,0,0,0,0,0,0,10/02/2025 04:07,0,1,0,0,18.074745762711867,0,0,0,439,40,1.7860169491525424,0,0,0,0.027597,1,0,0,0,0,0,0,0,Success,0,0,0,0,0,0,0,6.17715857,None,10/02/2025 04:13,6.28.1,0,275,0,2025-02-09 N,10/02/2025 04:14,None,0,0,311,1,0,38,0,0.01456022,0,6.28.1,None,0,439,439,70,0,203,4,0,0,0,0,18.074745762711867,0,179,0,47.890745762711866,0,0,0,27,0,0,0,0,0,0,0,0,0,0,None,0,0,0.324,0,0,0,52.13889830508475,1,0,10/02/2025 04:08,0,0,0
47,0,0,0,0,0,0,0,10/02/2025 04:14,0,2,0,0,17.81,0,0,0,465,39,1.5364166666666668,0,0,0,0.024294,1,0,0,0,0,0,0,0,Success,0,0,0,0,0,0,0,6.207185594,None,10/02/2025 04:21,6.28.1,0,305,0,2025-02-09 N,10/02/2025 04:22,None,0,0,268,1,0,37,0,0.020880613,0,6.28.1,None,0,465,465,75,0,203,5,0,0,0,0,17.81,0,199,0,48.04591666666667,0,0,0,27,0,0,0,0,0,0,0,0,0,0,None,0,0,0.344,0,0,0,53.2741,1,0,10/02/2025 04:16,0,0,0
67,0,0,0,0,0,0,0,10/02/2025 04:22,0,2,0,0,17.49025,0,0,0,823,328,1.5926,0,0,0,0.022017,1,0,0,0,31,0,0,0,Success,0,0,0,0,0,0,0,6.272941415,None,10/02/2025 04:36,6.28.1,0,770,0,2025-02-09 N,10/02/2025 04:42,None,0,916,691,1,0,57,0,0.016124516,0,6.28.1,None,0,1227,311,98,0,203,8,0,0,0,0,17.49025,0,225,0,47.418350000000004,0,0,0,36,0,0,0,0,0,0,0,0,0,0,None,0,0,0.363,0,0,0,52.65145,1,0,10/02/2025 04:24,0,0,0
47,0,0,0,0,0,0,0,10/02/2025 04:42,0,1,0,0,17.645084745762713,0,0,0,503,40,2.249677966101695,0,0,0,0.033403,1,0,0,0,251,0,0,0,Success,0,0,0,0,0,0,0,6.181564931,None,10/02/2025 04:54,6.28.1,0,232,0,2025-02-09 N,10/02/2025 04:55,None,0,0,926,1,0,37,0,0.054,0,6.28.1,None,0,754,754,65,0,203,5,0,0,0,0,17.645084745762713,0,141,0,47.372440677966104,0,0,0,27,0,0,0,0,0,0,0,0,0,0,None,0,0,0.352,0,0,0,47.33155932,1,0,10/02/2025 04:50,0,0,0
99,0,0,0,0,0,0,0,10/02/2025 05:02,0,1,0,0,17.57894736842105,0,0,0,429,40,2.775105263157895,0,0,0,0.03695,1,0,0,0,0,0,0,0,Success,0,0,0,0,0,0,0,6.064694634,None,10/02/2025 05:08,6.28.1,0,264,0,2025-02-09 N,10/02/2025 05:09,None,0,0,286,1,0,89,0,0.021954499,0,6.28.1,None,0,429,429,59,0,203,5,0,0,0,0,17.57894736842105,0,128,0,47.01859649122807,0,0,0,28,0,0,0,0,0,0,0,0,0,0,None,0,0,0.323,0,0,0,50.173280701754386,1,0,10/02/2025 05:03,0,0,0
89,0,0,0,0,0,0,0,10/02/2025 05:09,0,1,0,0,16.246132075471696,0,0,0,388,40,3.9536037735849057,0,0,0,0.043172,1,0,0,0,0,0,0,0,Success,0,0,0,0,0,0,0,6.017026508,None,10/02/2025 05:14,6.28.1,0,229,0,2025-02-09 N,10/02/2025 05:15,None,0,0,302,1,0,79,0,0.062,0,6.28.1,None,0,388,388,61,0,203,5,0,0,0,0,16.246132075471696,0,102,0,44.29467924528302,0,0,0,27,0,0,0,0,0,0,0,0,0,0,None,0,0,0.338,0,0,0,49.447962264150945,1,0,10/02/2025 05:10,0,0,0
47,0,0,0,0,0,0,0,10/02/2025 05:15,0,1,0,0,17.77205357142857,0,0,0,412,40,1.9986964285714284,0,0,0,0.028158,1,0,0,0,0,0,0,0,Success,0,0,0,0,0,0,0,5.980342549,None,10/02/2025 05:21,6.28.1,0,259,0,2025-02-09 N,10/02/2025 05:22,None,0,0,291,1,0,37,0,0.03448188,0,6.28.1,None,0,412,412,70,0,203,4,0,0,0,0,17.77205357142857,0,164,0,47.5265,0,0,0,28,0,0,0,0,0,0,0,0,0,0,None,0,0,0.33,0,0,0,50.22739285714285,1,0,10/02/2025 05:17,0,0,0
437,0,0,0,0,0,0,0,10/02/2025 05:22,0,1,0,0,18.08921052631579,0,0,0,900,161,2.378368421052632,0,0,0,0.033814,1,0,0,0,0,0,0,0,Success,0,0,0,0,0,0,0,6.094473972,None,10/02/2025 05:34,6.28.1,0,619,0,2025-02-09 N,10/02/2025 05:37,None,0,0,242,1,0,427,0,0.031144823,0,6.28.1,None,0,900,900,56,0,203,4,0,0,0,0,18.08921052631579,0,147,0,47.38996491,0,0,0,27,0,0,0,0,0,0,0,0,0,0,None,0,0,0.347,0,0,0,53.20510526315789,1,0,10/02/2025 05:24,0,0,0
55,0,0,0,0,0,0,0,10/02/2025 05:37,0,1,0,0,18.193220338983053,0,0,0,591,40,1.6254237288135593,0,0,0,0.023938,1,0,0,0,2,0,0,0,Success,0,0,0,0,0,0,0,6.171898411,None,10/02/2025 05:44,6.28.1,0,317,0,2025-02-09 N,10/02/2025 05:47,None,0,0,762,1,0,45,0,0.021023797,0,6.28.1,None,0,593,593,69,0,203,4,0,0,0,0,18.193220338983053,0,214,0,47.918847457627116,0,0,0,27,0,0,0,0,0,0,0,0,0,0,None,0,0,0.336,0,0,0,50.73230508474577,1,0,10/02/2025 05:39,0,0,0
48,0,0,0,0,0,0,0,10/02/2025 05:47,0,1,0,0,17.25722222222222,0,0,0,580,40,2.6019444444444444,0,0,0,0.033888,1,0,0,0,73,0,0,0,Success,0,0,0,0,0,0,0,5.898308486,None,10/02/2025 05:57,6.28.1,0,224,0,2025-02-09 N,10/02/2025 05:58,None,0,0,640,1,0,38,0,0.02624881,0,6.28.1,None,0,653,653,64,0,203,5,0,0,0,0,17.25722222222222,0,135,0,47.08203703703703,0,0,0,27,0,0,0,0,0,0,0,0,0,0,None,0,0,0.312,0,0,0,49.59038888888889,1,0,10/02/2025 05:53,0,0,0
100,0,0,0,0,0,0,0,10/02/2025 05:58,0,3,0,0,16.053545454545457,0,0,0,443,40,2.806290909090909,0,0,0,0.031804,2,0,0,0,0,0,0,0,Success,0,0,0,0,0,0,0,5.909032154,None,10/02/2025 06:04,6.28.1,0,289,0,2025-02-09 N,10/02/2025 06:05,None,0,0,324,1,0,90,0,0.038483763,0,6.28.1,None,0,443,443,64,0,203,3,0,0,0,0,16.053545454545457,0,125,0,47.67961818181818,0,0,0,27,0,0,0,0,0,0,0,0,0,0,None,0,0,0.329,0,0,0,49.95823636363637,1,0,10/02/2025 05:59,0,0,0
122,0,0,0,0,0,0,0,10/02/2025 06:05,0,1,0,0,18.14481818181818,0,0,0,504,39,2.2914545454545454,0,0,0,0.029108,1,0,0,0,0,0,0,0,Success,0,0,0,0,0,0,0,6.052513693,None,10/02/2025 06:13,6.28.1,0,332,0,2025-02-10 D,10/02/2025 06:14,None,0,0,253,1,0,112,0,0.031622777,0,6.28.1,None,0,504,504,59,0,203,4,0,0,0,0,18.14481818181818,0,172,0,47.348254545454544,0,0,0,27,0,0,0,0,0,0,0,0,0,0,None,0,0,0.332,0,0,0,50.36410909090909,1,0,10/02/2025 06:07,0,0,0
51,0,0,0,0,0,0,0,10/02/2025 06:14,0,1,0,0,17.690357142857142,0,0,0,489,40,1.9418392857142857,0,0,0,0.024111,1,0,0,0,0,0,0,0,Success,0,0,0,0,0,0,0,6.103661033,None,10/02/2025 06:21,6.28.1,0,308,0,2025-02-10 D,10/02/2025 06:22,None,0,0,344,1,0,41,0,0.061000001,0,6.28.1,None,0,489,489,65,0,203,5,0,0,0,0,17.690357142857142,0,214,0,47.66216071428572,0,0,0,27,0,0,0,0,0,0,0,0,0,0,None,0,0,0.338,0,0,0,50.325607142857145,1,0,10/02/2025 06:16,0,0,0
48,0,0,0,0,0,0,0,10/02/2025 06:22,0,1,0,0,18.196525423728815,0,0,0,432,50,1.8599322033898307,0,0,0,0.025906,1,0,0,0,33,0,0,0,Success,0,0,0,0,0,0,0,6.169713283,None,10/02/2025 06:28,6.28.1,0,289,0,2025-02-10 D,10/02/2025 06:30,None,0,0,257,1,0,38,0,0.031304952,0,6.28.1,None,0,465,465,61,0,203,5,0,0,0,0,18.196525423728815,0,202,0,47.933898305084746,0,0,0,27,0,0,0,0,0,0,0,0,0,0,None,0,0,0.328,0,0,0,52.52861016949153,1,0,10/02/2025 06:23,0,0,0
52,0,0,0,0,0,0,0,10/02/2025 06:30,0,1,0,0,17.388250000000003,0,0,0,567,40,1.9259666666666666,0,0,0,0.023545,1,0,0,0,232,0,0,0,Success,0,0,0,0,0,0,0,6.365557399,None,10/02/2025 07:10,6.28.1,0,328,0,2025-02-10 D,10/02/2025 07:11,None,0,2252,2263,1,0,42,0,0.049658836,0,6.28.1,None,0,2484,232,81,0,203,6,0,0,0,0,17.388250000000003,0,219,0,46.86555,0,0,0,28,0,0,0,0,0,0,0,0,0,0,None,0,0,0.324,0,0,0,54.15248333333333,1,0,10/02/2025 07:04,0,0,0
49,0,0,0,0,0,0,0,10/02/2025 07:11,0,1,0,0,17.998,0,0,0,541,41,1.5343833333333334,0,0,0,0.024143,1,0,0,0,2,0,0,0,Success,0,0,0,0,0,0,0,6.297782864,None,10/02/2025 07:18,6.28.1,0,313,0,2025-02-10 D,10/02/2025 07:20,None,0,541,276,1,0,39,0,0.035846897,0,6.28.1,None,0,543,2,70,0,203,4,0,0,0,0,17.998,0,215,0,48.0623,0,0,0,28,0,0,0,0,0,0,0,0,0,0,None,0,0,0.325,0,0,0,54.302683333333334,1,0,10/02/2025 07:13,0,0,0
49,0,0,0,0,0,0,0,10/02/2025 07:20,0,1,0,0,17.444000000000003,0,0,0,559,40,1.3974499999999999,0,0,0,0.020889,1,0,0,0,19,0,0,0,Success,0,0,0,0,0,0,0,6.278705838,None,10/02/2025 07:28,6.28.1,0,353,0,2025-02-10 D,10/02/2025 07:30,None,0,0,385,1,0,39,0,0.06382006,0,6.28.1,None,0,578,578,74,0,203,8,0,0,0,0,17.444000000000003,0,255,0,47.3935,0,0,0,28,0,0,0,0,0,0,0,0,0,0,None,0,0,0.373,0,0,0,55.02558333333333,1,0,10/02/2025 07:23,0,0,0
50,0,0,0,0,0,0,0,10/02/2025 07:30,0,1,0,0,17.593064516129033,0,0,0,510,41,1.5970322580645162,0,0,0,0.022895,1,0,0,0,0,0,0,0,Success,0,0,0,0,0,0,0,6.377055904,None,10/02/2025 07:37,6.28.1,0,329,0,2025-02-10 D,10/02/2025 07:38,None,0,0,282,1,0,40,0,0.036055513,0,6.28.1,None,0,510,510,76,0,203,4,0,0,0,0,17.593064516129033,0,225,0,47.654612903225804,0,0,0,28,0,0,0,0,0,0,0,0,0,0,None,0,0,0.312,0,0,0,53.930112903225805,1,0,10/02/2025 07:31,0,0,0
86,0,0,0,0,0,0,0,10/02/2025 07:38,0,1,0,0,18.068852459016394,0,0,0,498,40,1.8203442622950818,0,0,0,0.025923,1,0,0,0,0,0,0,0,Success,0,0,0,0,0,0,0,6.397842996,None,10/02/2025 07:45,6.28.1,0,334,0,2025-02-10 D,10/02/2025 07:46,None,0,0,268,1,0,76,0,0.061204575,0,6.28.1,None,0,498,498,77,0,203,5,0,0,0,0,18.068852459016394,0,194,0,47.90078689,0,0,0,28,0,0,0,0,0,0,0,0,0,0,None,0,0,0.322,0,0,0,54.81865573770492,1,0,10/02/2025 07:40,0,0,0
601,0,0,0,0,0,0,0,10/02/2025 07:46,0,1,0,0,16.531293103448274,0,0,0,1433,385,3.2291206896551725,0,0,0,0.028496,1,0,0,0,0,0,0,0,Success,0,0,0,0,0,0,0,6.285866209,None,10/02/2025 08:03,6.28.1,0,835,0,2025-02-10 D,10/02/2025 08:10,None,0,0,371,1,0,601,0,0.060440053,0,6.28.1,None,0,1433,1433,61,0,203,5,0,0,0,0,16.531293103448274,0,187,0,44.86277586206897,0,0,0,224,0,0,0,0,0,0,0,0,0,0,None,0,0,0.324,0,0,0,54.3085,1,0,10/02/2025 07:50,0,0,0
92,0,0,0,0,0,0,0,10/02/2025 08:10,0,1,0,0,17.796147540983608,0,0,0,522,41,1.7267704918032787,0,0,0,0.023339,1,0,0,0,0,0,0,0,Success,0,0,0,0,0,0,0,6.321586272,None,10/02/2025 08:18,6.28.1,0,365,0,2025-02-10 D,10/02/2025 08:19,None,0,0,1164,1,0,82,0,0.019235384,0,6.28.1,None,0,522,522,68,0,203,5,0,0,0,0,17.796147540983608,0,226,0,47.37306557377049,0,0,0,28,0,0,0,0,0,0,0,0,0,0,None,0,0,0.312,0,0,0,53.048131147540985,1,0,10/02/2025 08:12,0,0,0
53,0,0,0,0,0,0,0,10/02/2025 08:19,0,1,0,0,17.88860655737705,0,0,0,546,41,1.5677540983606557,0,0,0,0.022886,1,0,0,0,11,0,0,0,Success,0,0,0,0,0,0,0,6.347862869,None,10/02/2025 08:26,6.28.1,0,333,0,2025-02-10 D,10/02/2025 08:28,None,0,0,307,1,0,43,0,0.047539457,0,6.28.1,None,0,557,557,73,0,203,5,0,0,0,0,17.88860655737705,0,229,0,47.21744262295082,0,0,0,28,0,0,0,0,0,0,0,0,0,0,None,0,0,0.314,0,0,0,53.02013114754099,1,0,10/02/2025 08:21,0,0,0
53,0,0,0,0,0,0,0,10/02/2025 08:28,0,1,0,0,17.37864406779661,0,0,0,551,42,1.4825762711864405,0,0,0,0.019165,1,0,0,0,132,0,0,0,Success,0,0,0,0,0,0,0,6.185489633,None,10/02/2025 08:39,6.28.1,0,380,0,2025-02-10 D,10/02/2025 08:40,None,0,0,467,1,0,43,0,0.014317821,0,6.28.1,None,0,683,683,77,0,203,5,0,0,0,0,17.37864406779661,0,272,0,46.933033898305084,0,0,0,29,0,0,0,0,0,0,0,0,0,0,None,0,0,0.314,0,0,0,53.415,1,0,10/02/2025 08:32,0,0,0
0,0,0,0,0,0,0,0,10/02/2025 09:39,0,0,0,0,15.44892857142857,0,0,0,0,291,2.819714285714286,0,0,0,0,0,0,0,0,820,0,0,0,Fail,0,0,0,0,0,0,0,2.99585547,None,10/02/2025 09:50,6.28.1,0,568,0,2025-02-10 D,10/02/2025 09:56,None,0,0,0,1,0,0,178,0.145619367,0,6.28.1,None,0,998,998,0,0,203,3,0,0,0,0,15.44892857142857,0,0,0,44.21960714285715,0,0,0,0,0,0,0,0,0,0,0,0,0,0,None,0,0,-2.817,0,0,0,36.38664285714286,0,0,10/02/2025 09:41,0,0,1
51,0,0,0,0,0,0,0,10/02/2025 09:56,0,6,0,0,18.8,0,0,0,1368,41,1.9481904761904763,0,0,0,0,1,0,0,0,130,0,0,0,Success,0,0,0,0,0,0,0,6.567212042,None,10/02/2025 10:19,6.28.1,0,1042,0,2025-02-10 D,10/02/2025 10:21,None,0,0,5774,1,0,41,0,0.03522783,0,6.28.1,None,0,1498,1498,68,0,203,5,0,0,0,0,18.8,0,283,0,45.40817460317461,0,0,0,28,0,0,0,0,0,0,0,0,0,0,None,0,0,0.339,0,0,0,39.44426984126984,1,0,10/02/2025 10:02,0,0,0
44,0,0,0,0,0,0,0,10/02/2025 10:21,0,1,0,0,18.91851563,0,0,0,512,40,1.774859375,0,0,0,0.026412,1,0,0,0,0,0,0,0,Success,0,0,0,0,0,0,0,6.623094971,None,10/02/2025 10:28,6.28.1,0,358,0,2025-02-10 D,10/02/2025 10:29,None,0,0,387,1,0,34,0,0.017,0,6.28.1,None,0,512,512,202,0,203,5,0,0,0,0,18.91851563,0,133,0,42.17345313,0,0,0,28,0,0,0,0,0,0,0,0,0,0,None,0,0,0.33,0,0,0,36.61921875,1,0,10/02/2025 10:22,0,0,0
73,0,0,0,0,0,0,0,10/02/2025 10:38,0,4,0,0,16.520307692307693,0,0,0,2250,40,1.7222923076923076,0,0,0,0.01703,2,0,0,0,22,0,0,0,Success,0,0,0,0,0,0,0,6.816229236,None,10/02/2025 11:14,6.28.1,0,2115,0,2025-02-10 D,10/02/2025 11:16,None,0,0,2147,1,0,63,0,0.035,0,6.28.1,None,0,2272,2272,930,0,203,5,0,0,0,0,16.520307692307693,0,113,0,41.52304615384615,0,0,0,27,0,0,0,0,0,0,0,0,0,0,None,0,0,0.321,0,0,0,41.79446153846153,1,0,10/02/2025 10:39,0,0,0
40,0,0,0,0,0,0,0,10/02/2025 11:16,0,1,0,0,16.343307692307693,0,0,0,669,36,1.3766461538461539,0,0,0,0.01936,1,0,0,0,0,0,0,0,Success,0,0,0,0,0,0,0,6.8477627,None,10/02/2025 11:26,6.28.1,0,509,0,2025-02-10 D,10/02/2025 11:27,None,0,0,631,1,0,35,0,0.007071068,0,6.28.1,None,0,669,669,430,0,203,4,0,0,0,0,16.343307692307693,0,34,0,40.34716923076923,0,0,0,29,0,0,0,0,0,0,0,0,0,0,None,0,0,0.376,0,0,0,38.84178461538461,1,0,10/02/2025 11:17,0,0,0
39,0,0,0,0,0,0,0,10/02/2025 11:27,0,1,0,0,16.840384615384615,0,0,0,616,35,1.6040307692307691,0,0,0,0.022035,1,0,0,0,0,0,0,0,Success,0,0,0,0,0,0,0,6.751612696,None,10/02/2025 11:36,6.28.1,0,477,0,2025-02-10 D,10/02/2025 11:37,None,0,0,597,1,0,34,0,0.008944272,0,6.28.1,None,0,616,616,411,0,203,5,0,0,0,0,16.840384615384615,0,41,0,40.27455384615384,0,0,0,28,0,0,0,0,0,0,0,0,0,0,None,0,0,0.383,0,0,0,36.6358,1,0,10/02/2025 11:28,0,0,0
39,0,0,0,0,0,0,0,10/02/2025 11:37,0,2,0,0,16.083571428571428,0,0,0,666,35,1.5343968253968254,0,0,0,0.019918,1,0,0,0,0,0,0,0,Success,0,0,0,0,0,0,0,6.677516155,None,10/02/2025 11:47,6.28.1,0,514,0,2025-02-10 D,10/02/2025 11:48,None,0,0,638,1,0,34,0,0.020518285,0,6.28.1,None,0,666,666,445,0,203,4,0,0,0,0,16.083571428571428,0,26,0,40.922873015873016,0,0,0,28,0,0,0,0,0,0,0,0,0,0,None,0,0,0.349,0,0,0,37.98171428571428,1,0,10/02/2025 11:38,0,0,0
64,0,0,0,0,0,0,0,10/02/2025 11:48,0,2,0,0,16.13039063,0,0,0,810,35,1.208109375,0,0,0,0.015299,2,0,0,0,0,0,0,0,Success,0,0,0,0,0,0,0,6.668597529,None,10/02/2025 12:00,6.28.1,0,654,0,2025-02-10 D,10/02/2025 12:02,None,0,0,748,1,0,59,0,0.052201533,0,6.28.1,None,0,810,810,462,0,203,4,0,0,0,0,16.13039063,0,52,0,41.19282813,0,0,0,28,0,0,0,0,0,0,0,0,0,0,None,0,0,0.318,0,0,0,37.95770313,1,0,10/02/2025 11:50,0,0,0
79,0,0,0,0,0,0,0,10/02/2025 12:14,0,1,0,0,16.2,0,0,0,1782,36,1.2066984126984128,0,0,0,0.015492,1,0,0,0,0,0,0,0,Success,0,0,0,0,0,0,0,6.495289524,None,10/02/2025 12:49,6.28.1,0,664,0,2025-02-10 D,10/02/2025 12:50,None,0,2122,2119,1,0,74,0,0.06276942,0,6.28.1,None,0,2195,73,561,0,203,4,0,0,0,0,16.2,0,40,0,40.624761904761904,0,0,0,28,0,0,0,0,0,0,0,0,0,0,None,0,0,0.322,0,0,0,37.033952380952385,1,0,10/02/2025 12:38,0,0,0
39,0,0,0,0,0,0,0,10/02/2025 12:50,0,1,0,0,16.27450819672131,0,0,9,701,36,1.3700655737704919,0,0,0,0.018525,1,0,0,0,0,0,0,0,Success,0,0,0,0,0,0,0,6.355694927,None,10/02/2025 13:01,6.28.1,0,539,0,2025-02-10 D,10/02/2025 13:03,None,0,780,695,1,0,34,0,0.016763055,0,6.28.1,None,0,780,0,481,0,203,4,0,0,0,0,16.27450819672131,0,34,0,40.07573770491803,0,0,0,28,0,0,0,0,0,0,0,0,0,0,None,0,0,0.321,0,0,0,35.12157377049181,1,0,10/02/2025 12:52,0,0,0
49,0,0,0,0,0,0,0,10/02/2025 14:15,0,1,0,0,14.916315789473684,0,0,0,718,36,2.202,0,0,0,0.022905,1,0,0,0,0,0,0,0,Success,0,0,0,0,0,0,0,6.067125267,None,10/02/2025 14:26,6.28.1,0,506,0,2025-02-10 D,10/02/2025 14:27,None,0,0,691,1,0,44,0,0.123101584,0,6.28.1,None,0,718,718,449,0,203,4,0,0,0,0,14.916315789473684,0,21,0,39.86719298245614,0,0,0,28,0,0,0,0,0,0,0,0,0,0,None,0,0,0.295,0,0,0,32.67445614035088,1,0,10/02/2025 14:18,0,0,0
39,0,0,0,0,0,0,0,10/02/2025 14:27,0,1,0,0,14.380277777777778,0,0,0,749,36,3.1200555555555556,0,0,0,0.033562,1,0,0,0,7,0,0,0,Success,0,0,0,0,0,0,0,6.121197269,None,10/02/2025 14:38,6.28.1,0,536,0,2025-02-10 D,10/02/2025 14:40,None,0,0,701,1,0,34,0,0.106150836,0,6.28.1,None,0,756,756,477,0,203,3,0,0,0,0,14.380277777777778,0,11,0,38.43107407407407,0,0,0,28,0,0,0,0,0,0,0,0,0,0,None,0,0,0.283,0,0,0,34.467129629629625,1,0,10/02/2025 14:29,0,0,0
50,0,0,0,0,0,0,0,10/02/2025 14:40,0,1,0,0,15.741,0,0,0,889,36,2.510890909090909,0,0,0,0.016767,1,0,0,0,244,0,0,0,Success,0,0,0,0,0,0,0,6.102808206,None,10/02/2025 14:58,6.28.1,0,613,0,2025-02-10 D,10/02/2025 14:59,None,0,0,1161,1,0,45,0,0.052392747,0,6.28.1,None,0,1133,1133,557,0,203,3,0,0,0,0,15.741,0,20,0,38.78903636363636,0,0,0,28,0,0,0,0,0,0,0,0,0,0,None,0,0,0.31,0,0,0,29.898799999999998,1,0,10/02/2025 14:47,0,0,1
54,0,0,0,0,0,0,0,10/02/2025 14:59,0,1,0,0,14.010254237288136,0,0,0,1078,38,1.358677966101695,0,0,0,0.015827,1,0,0,0,43,0,0,0,Success,0,0,0,0,0,0,0,6.156550089,None,10/02/2025 15:16,6.28.1,0,864,0,2025-02-10 D,10/02/2025 15:17,None,0,0,1107,1,0,49,0,0.055443665,0,6.28.1,None,0,1121,1121,802,0,203,3,0,0,0,0,14.010254237288136,0,15,0,40.46742372881356,0,0,0,31,0,0,0,0,0,0,0,0,0,0,None,0,0,0.363,0,0,0,40.07045762711865,1,0,10/02/2025 15:02,0,0,0
89,0,0,0,0,0,0,0,10/02/2025 15:17,0,1,0,0,14.817413793103448,0,0,0,807,36,1.6445,0,0,0,0.016595,2,0,0,0,0,0,0,0,Success,0,0,0,0,0,0,0,6.098323048,None,10/02/2025 15:30,6.28.1,0,641,0,2025-02-10 D,10/02/2025 15:31,None,0,0,783,1,0,84,0,0.035355339,0,6.28.1,None,0,807,807,553,0,203,4,0,0,0,0,14.817413793103448,0,12,0,41.62724137931035,0,0,0,29,0,0,0,0,0,0,0,0,0,0,None,0,0,0.345,0,0,0,34.97782758620689,1,0,10/02/2025 15:19,0,0,0
61,0,0,0,0,0,0,0,10/02/2025 15:31,0,1,0,0,14.97646551724138,0,0,0,769,35,1.590810344827586,0,0,0,0.02106,1,0,0,0,0,0,0,0,Success,0,0,0,0,0,0,0,6.094685308,None,10/02/2025 15:50,6.28.1,0,1075,0,2025-02-10 D,10/02/2025 15:51,None,0,743,1217,1,0,56,0,0.04110961,0,6.28.1,None,0,1228,485,458,0,203,4,0,0,0,0,14.97646551724138,0,13,0,40.19527586206897,0,0,0,27,0,0,0,0,0,0,0,0,0,0,None,0,0,0.332,0,0,0,33.96805172413793,1,0,10/02/2025 15:32,0,0,0
43,0,0,0,0,0,0,0,10/02/2025 15:51,0,1,0,0,15.74542372881356,0,0,0,631,36,1.4122372881355933,0,0,0,0.019521,1,0,0,0,242,0,0,0,Success,0,0,0,0,0,0,0,6.160331322,None,10/02/2025 16:05,6.28.1,0,476,0,2025-02-10 D,10/02/2025 16:06,None,0,20,881,1,0,37,0,0.043965896,0,6.28.1,None,0,873,853,436,0,203,4,0,0,0,0,15.74542372881356,0,14,0,40.44757627118644,0,0,0,27,0,0,0,0,0,0,0,0,0,0,None,0,0,0.327,0,0,0,35.059000000000005,1,0,10/02/2025 15:57,0,0,0
39,0,0,0,0,0,0,0,10/02/2025 16:06,0,1,0,0,15.80275,0,0,0,634,35,1.3222166666666666,0,0,0,0.019235,1,0,0,0,0,0,0,0,Success,0,0,0,0,0,0,0,6.240168347,None,10/02/2025 16:15,6.28.1,0,483,0,2025-02-10 D,10/02/2025 16:16,None,0,0,614,1,0,34,0,0.032280025,0,6.28.1,None,0,634,634,435,0,203,4,0,0,0,0,15.80275,0,24,0,40.52718333333333,0,0,0,27,0,0,0,0,0,0,0,0,0,0,None,0,0,0.34,0,0,0,38.409816666666664,1,0,10/02/2025 16:07,0,0,0
39,0,0,0,0,0,0,0,10/02/2025 16:16,0,1,0,0,15.211451612903225,0,0,0,628,35,1.2818548387096773,0,0,0,0.019271,1,0,0,0,0,0,0,0,Success,0,0,0,0,0,0,0,6.403003514,None,10/02/2025 16:26,6.28.1,0,482,0,2025-02-10 D,10/02/2025 16:27,None,0,0,599,1,0,34,0,0.045,0,6.28.1,None,0,628,628,427,0,203,3,0,0,0,0,15.211451612903225,0,30,0,40.836354838709674,0,0,0,27,0,0,0,0,0,0,0,0,0,0,None,0,0,0.356,0,0,0,38.1848871,1,0,10/02/2025 16:18,0,0,0
41,0,0,0,0,0,0,0,10/02/2025 16:27,0,2,0,0,15.443951612903225,0,0,0,671,35,1.3048064516129032,0,0,0,0.018774,1,0,0,0,0,0,0,0,Success,0,0,0,0,0,0,0,6.450485951,None,10/02/2025 16:37,6.28.1,0,525,0,2025-02-10 D,10/02/2025 16:38,None,0,0,647,1,0,36,0,0.029529646,0,6.28.1,None,0,671,671,456,0,203,4,0,0,0,0,15.443951612903225,0,25,0,40.165290322580645,0,0,0,28,0,0,0,0,0,0,0,0,0,0,None,0,0,0.316,0,0,0,38.155032258064516,1,0,10/02/2025 16:28,0,0,0
50,0,0,0,0,0,0,0,10/02/2025 16:38,0,1,0,0,16.26046875,0,0,0,725,35,1.339359375,0,0,0,0.019455,1,0,0,0,0,0,0,0,Success,0,0,0,0,0,0,0,6.606828967,None,10/02/2025 16:49,6.28.1,0,574,0,2025-02-10 D,10/02/2025 16:50,None,0,0,675,1,0,45,0,0.049517674,0,6.28.1,None,0,725,725,499,0,140,3,0,0,0,0,16.26046875,0,37,0,40.71389063,0,0,0,28,0,0,0,0,0,0,0,0,0,0,None,0,0,0.304,0,0,0,40.21417188,1,0,10/02/2025 16:40,0,0,0
55,0,0,0,0,0,0,0,10/02/2025 17:04,0,1,0,0,15.937615384615384,0,0,0,733,36,1.3063384615384617,0,0,0,0.016783,2,0,0,0,0,0,0,0,Success,0,0,0,0,0,0,0,6.734655225,None,10/02/2025 17:15,6.28.1,0,580,0,2025-02-10 D,10/02/2025 17:16,None,0,0,694,1,0,50,0,0.077278716,0,6.28.1,None,0,733,733,497,0,140,4,0,0,0,0,15.937615384615384,0,43,0,46.190415384615385,0,0,0,28,0,0,0,0,0,0,0,0,0,0,None,0,0,0.331,0,0,0,37.05950769230769,1,0,10/02/2025 17:06,0,0,0
40,0,0,0,0,0,0,0,10/02/2025 17:16,0,2,0,0,15.52476923076923,0,0,0,683,36,1.2679538461538462,0,0,0,0.018687,1,0,0,0,0,0,0,0,Success,0,0,0,0,0,0,0,6.765293046,None,10/02/2025 17:27,6.28.1,0,528,0,2025-02-10 D,10/02/2025 17:28,None,0,0,645,1,0,35,0,0.016552946,0,6.28.1,None,0,683,683,438,0,140,4,0,0,0,0,15.52476923076923,0,39,0,40.40826153846154,0,0,0,29,0,0,0,0,0,0,0,0,0,0,None,0,0,0.34,0,0,0,38.68978461538461,1,0,10/02/2025 17:18,0,0,0
45,0,0,0,0,0,0,0,10/02/2025 17:28,0,1,0,0,16.339615384615385,0,0,0,699,36,1.322723076923077,0,0,0,0.018416,1,0,0,0,0,0,0,0,Success,0,0,0,0,0,0,0,6.70215346,None,10/02/2025 17:38,6.28.1,0,537,0,2025-02-10 D,10/02/2025 17:39,None,0,0,652,1,0,40,0,0.095131488,0,6.28.1,None,0,699,699,469,0,140,3,0,0,0,0,16.339615384615385,0,37,0,40.74463076923077,0,0,0,28,0,0,0,0,0,0,0,0,0,0,None,0,0,0.317,0,0,0,40.825953846153844,1,0,10/02/2025 17:29,0,0,0
0,0,0,0,0,0,0,0,10/02/2025 17:39,0,0,0,0,15.665338983050848,0,0,0,20,51,1.5678983050847457,0,0,0,0.020834,0,0,0,0,414,0,0,0,Success,0,0,0,0,0,0,0,6.109519948,None,10/02/2025 17:52,6.28.1,0,517,0,2025-02-10 D,10/02/2025 17:53,None,0,0,0,1,0,0,407,0.517730626,0,6.28.1,None,0,841,841,0,0,140,4,0,0,0,0,15.665338983050848,0,0,0,40.082186440677965,0,0,0,0,0,0,0,0,0,0,0,0,0,0,None,0,0,0.291,0,0,0,35.58698305084746,1,0,10/02/2025 17:44,0,0,1
46,0,0,0,0,0,0,0,10/02/2025 17:53,0,1,0,0,15.550526315789474,0,0,0,1104,35,1.9678421052631578,0,0,0,0.022592,1,0,0,0,18,0,0,0,Success,0,0,0,0,0,0,0,6.150002114,None,10/02/2025 18:03,6.28.1,0,449,0,2025-02-10 D,10/02/2025 18:12,None,0,0,1440,1,0,41,0,0.040607881,0,6.28.1,None,0,1122,1122,395,0,140,4,0,0,0,0,15.550526315789474,0,21,0,40.02896491,0,0,0,27,0,0,0,0,0,0,0,0,0,0,None,0,0,0.336,0,0,0,37.06635087719299,1,0,10/02/2025 17:55,0,0,0
43,0,0,0,0,0,0,0,10/02/2025 18:12,0,1,0,0,14.840357142857142,0,0,0,584,36,2.1403035714285714,0,0,0,0.023238,1,0,0,0,0,0,0,0,Success,0,0,0,0,0,0,0,6.141077267,None,10/02/2025 18:21,6.28.1,0,431,0,2025-02-10 N,10/02/2025 18:22,None,0,0,1075,1,0,37,0,0.007615772,0,6.28.1,None,0,584,584,382,0,140,4,0,0,0,0,14.840357142857142,0,21,0,39.75794642857143,0,0,0,28,0,0,0,0,0,0,0,0,0,0,None,0,0,0.31,0,0,0,36.278625,1,0,10/02/2025 18:14,0,0,0
44,0,0,0,0,0,0,0,10/02/2025 18:22,0,1,0,0,16.169482758620692,0,0,0,740,37,1.597344827586207,0,0,0,0.016725,1,0,0,0,0,0,0,0,Success,0,0,0,0,0,0,0,6.145816382,None,10/02/2025 18:38,6.28.1,0,915,0,2025-02-10 N,10/02/2025 18:40,None,0,688,1043,1,0,39,0,0.020615528,0,6.28.1,None,0,1062,374,530,0,140,4,0,0,0,0,16.169482758620692,0,20,0,39.94946551724138,0,0,0,28,0,0,0,0,0,0,0,0,0,0,None,0,0,0.319,0,0,0,37.752517241379316,1,0,10/02/2025 18:23,0,0,0
43,0,0,0,0,0,0,0,10/02/2025 18:40,0,2,0,0,15.228050847457627,0,0,0,970,35,1.5259322033898306,0,0,0,0.020077,1,0,0,0,0,0,0,0,Success,0,0,0,0,0,0,0,6.174980972,None,10/02/2025 18:55,6.28.1,0,506,0,2025-02-10 N,10/02/2025 18:56,None,0,970,953,1,0,38,0,0.061911227,0,6.28.1,None,0,970,0,434,0,140,4,0,0,0,0,15.228050847457627,0,16,0,39.91981355932204,0,0,0,28,0,0,0,0,0,0,0,0,0,0,None,0,0,0.32,0,0,0,38.99566101694916,1,0,10/02/2025 18:46,0,0,0
54,0,0,0,0,0,0,0,10/02/2025 18:56,0,1,0,0,17.942033898305084,0,0,0,702,36,1.7629661016949152,0,0,0,0.021546,2,0,0,0,1,0,0,0,Success,0,0,0,0,0,0,0,6.260456613,None,10/02/2025 19:15,6.28.1,0,1069,0,2025-02-10 N,10/02/2025 19:16,None,0,1024,541,1,0,48,0,0.02915476,0,6.28.1,None,0,1211,187,418,0,140,6,0,0,0,0,17.942033898305084,0,34,0,39.00969491525424,0,0,0,27,0,0,0,0,0,0,0,0,0,0,None,0,0,0.318,0,0,0,35.05835593220339,1,0,10/02/2025 18:57,0,0,0
68,0,0,0,0,0,0,0,10/02/2025 19:16,0,1,0,0,19.03906779661017,0,0,0,521,35,2.146779661016949,0,0,0,0.027286,1,0,0,0,0,0,0,0,Success,0,0,0,0,0,0,0,6.425682298,None,10/02/2025 19:23,6.28.1,0,372,0,2025-02-10 N,10/02/2025 19:25,None,0,0,1094,1,0,63,0,0.031112698,0,6.28.1,None,0,521,521,282,0,140,5,0,0,0,0,19.03906779661017,0,36,0,40.130237288135596,0,0,0,27,0,0,0,0,0,0,0,0,0,0,None,0,0,0.335,0,0,0,39.55974576271186,1,0,10/02/2025 19:17,0,0,0
65,0,0,0,0,0,0,0,10/02/2025 19:25,0,1,0,0,19.15258064516129,0,0,0,621,35,1.9961129032258065,0,0,0,0.019846,2,0,0,0,0,0,0,0,Success,0,0,0,0,0,0,0,6.585027031,None,10/02/2025 19:34,6.28.1,0,466,0,2025-02-10 N,10/02/2025 19:35,None,0,0,617,1,0,60,0,0.053851648,0,6.28.1,None,0,621,621,384,0,140,6,0,0,0,0,19.15258064516129,0,33,0,40.221241935483874,0,0,0,28,0,0,0,0,0,0,0,0,0,0,None,0,0,0.361,0,0,0,37.92185483870968,1,0,10/02/2025 19:26,0,0,0
40,0,0,0,0,0,0,0,10/02/2025 19:35,0,1,0,0,17.913809523809523,0,0,0,530,35,1.7275238095238097,0,0,0,0.024874,1,0,0,0,0,0,0,0,Success,0,0,0,0,0,0,0,6.668566713,None,10/02/2025 19:43,6.28.1,0,373,0,2025-02-10 N,10/02/2025 19:44,None,0,0,494,1,0,35,0,0.028017851,0,6.28.1,None,0,530,530,312,0,140,5,0,0,0,0,17.913809523809523,0,35,0,39.96649206349206,0,0,0,27,0,0,0,0,0,0,0,0,0,0,None,0,0,0.365,0,0,0,40.644492063492066,1,0,10/02/2025 19:36,0,0,0
39,0,0,0,0,0,0,0,10/02/2025 19:44,0,1,0,0,18.745714285714286,0,0,0,500,35,1.8705714285714286,0,0,0,0.027284,1,0,0,0,0,0,0,0,Success,0,0,0,0,0,0,0,6.640889248,None,10/02/2025 19:51,6.28.1,0,348,0,2025-02-10 N,10/02/2025 19:52,None,0,0,463,1,0,34,0,0.077201036,0,6.28.1,None,0,500,500,285,0,140,6,0,0,0,0,18.745714285714286,0,39,0,40.34253968253968,0,0,0,27,0,0,0,0,0,0,0,0,0,0,None,0,0,0.351,0,0,0,38.74939682539682,1,0,10/02/2025 19:45,0,0,0
40,0,0,0,0,0,0,0,10/02/2025 19:52,0,1,0,0,18.45632813,0,0,0,497,35,1.972484375,0,0,0,0.027334,1,0,0,0,0,0,0,0,Success,0,0,0,0,0,0,0,6.720771682,None,10/02/2025 19:59,6.28.1,0,345,0,2025-02-10 N,10/02/2025 20:00,None,0,0,462,1,0,35,0,0.034985711,0,6.28.1,None,0,497,497,286,0,140,6,0,0,0,0,18.45632813,0,34,0,40.73879688,0,0,0,28,0,0,0,0,0,0,0,0,0,0,None,0,0,0.343,0,0,0,40.80023438,1,0,10/02/2025 19:54,0,0,0
40,0,0,0,0,0,0,0,10/02/2025 20:15,0,1,0,0,19.28590909090909,0,0,0,535,36,1.585621212121212,0,0,0,0.024472,1,0,0,0,0,0,0,0,Success,0,0,0,0,0,0,0,6.788990278,None,10/02/2025 20:23,6.28.1,0,379,0,2025-02-10 N,10/02/2025 20:24,None,0,535,493,1,0,35,0,0.038483762,0,6.28.1,None,0,535,0,311,0,140,6,0,0,0,0,19.28590909090909,0,43,0,40.488181818181815,0,0,0,28,0,0,0,0,0,0,0,0,0,0,None,0,0,0.323,0,0,0,39.10412121212121,1,0,10/02/2025 20:17,0,0,0
71,0,0,0,0,0,0,0,10/02/2025 20:24,0,1,0,0,18.96164063,0,0,0,536,36,1.6985625,0,0,0,0.025573,1,0,0,0,0,0,0,0,Success,0,0,0,0,0,0,0,6.731226114,None,10/02/2025 20:32,6.28.1,0,385,0,2025-02-10 N,10/02/2025 20:33,None,0,536,463,1,0,66,0,0.017492855,0,6.28.1,None,0,536,0,288,0,140,6,0,0,0,0,18.96164063,0,42,0,40.75967188,0,0,0,28,0,0,0,0,0,0,0,0,0,0,None,0,0,0.343,0,0,0,39.66501563,1,0,10/02/2025 20:26,0,0,0
44,0,0,0,0,0,0,0,10/02/2025 20:33,0,1,0,0,19.440238095238094,0,0,0,520,36,1.7927936507936508,0,0,0,0.026089,1,0,0,0,0,0,0,0,Success,0,0,0,0,0,0,0,6.55911831,None,10/02/2025 20:41,6.28.1,0,366,0,2025-02-10 N,10/02/2025 20:42,None,0,520,513,1,0,39,0,0.026172504,0,6.28.1,None,0,520,0,306,0,140,5,0,0,0,0,19.440238095238094,0,32,0,40.10487301587302,0,0,0,28,0,0,0,0,0,0,0,0,0,0,None,0,0,0.335,0,0,0,44.78350793650794,1,0,10/02/2025 20:35,0,0,0
62,0,0,0,0,0,0,0,10/02/2025 20:42,0,1,0,0,18.791370967741937,0,0,0,808,35,1.7543064516129032,0,0,0,0.018143,1,0,0,0,0,0,0,0,Success,0,0,0,0,0,0,0,6.500859712,None,10/02/2025 20:54,6.28.1,0,530,0,2025-02-10 N,10/02/2025 20:55,None,0,808,636,1,0,56,0,0.0884138,0,6.28.1,None,0,808,0,338,0,140,6,0,0,0,0,18.791370967741937,0,146,0,40.20248387096775,0,0,0,27,0,0,0,0,0,0,0,0,0,0,None,0,0,0.315,0,0,0,39.168290322580646,1,0,10/02/2025 20:45,0,0,0
40,0,0,0,0,0,0,0,10/02/2025 20:55,0,1,0,0,19.123770491803278,0,0,0,595,36,1.7156721311475411,0,0,0,0.024025,1,0,0,0,0,0,0,0,Success,0,0,0,0,0,0,0,6.425176885,None,10/02/2025 21:04,6.28.1,0,386,0,2025-02-10 N,10/02/2025 21:05,None,0,595,598,1,0,34,0,0.059615434,0,6.28.1,None,0,595,0,334,0,140,6,0,0,0,0,19.123770491803278,0,28,0,40.51045901639344,0,0,0,27,0,0,0,0,0,0,0,0,0,0,None,0,0,0.339,0,0,0,40.96857377,1,0,10/02/2025 20:58,0,0,0
44,0,0,0,0,0,0,0,10/02/2025 21:05,0,2,0,0,15.911428571428571,0,0,0,1208,37,1.6874761904761906,0,0,0,0.021186,1,0,0,0,0,0,0,0,Success,0,0,0,0,0,0,0,6.539506556,None,10/02/2025 21:29,6.28.1,0,1314,0,2025-02-10 N,10/02/2025 21:30,None,0,1493,1467,1,0,39,0,0.042190046,0,6.28.1,None,0,1493,0,933,0,140,5,0,0,0,0,15.911428571428571,0,21,0,38.896857142857144,0,0,0,30,0,0,0,0,0,0,0,0,0,0,None,0,0,0.346,0,0,0,45.18690476190476,1,0,10/02/2025 21:07,0,0,0
41,0,0,0,0,0,0,0,10/02/2025 21:30,0,1,0,0,19.596048387096772,0,0,0,566,36,2.058967741935484,0,0,0,0.025624,1,0,0,0,0,0,0,0,Success,0,0,0,0,0,0,0,6.529791574,None,10/02/2025 21:38,6.28.1,0,406,0,2025-02-10 N,10/02/2025 21:40,None,0,566,544,1,0,36,0,0.024,0,6.28.1,None,0,566,0,352,0,140,6,0,0,0,0,19.596048387096772,0,28,0,40.42406451612903,0,0,0,28,0,0,0,0,0,0,0,0,0,0,None,0,0,0.361,0,0,0,39.58317741935484,1,0,10/02/2025 21:32,0,0,0
41,0,0,0,0,0,0,0,10/02/2025 21:40,0,2,0,0,18.400615384615385,0,0,0,637,36,1.851646153846154,0,0,0,0.02727,1,0,0,0,0,0,0,0,Success,0,0,0,0,0,0,0,6.790328858,None,10/02/2025 21:49,6.28.1,0,382,0,2025-02-10 N,10/02/2025 21:50,None,0,637,600,1,0,36,0,0.054817881,0,6.28.1,None,0,637,0,278,0,140,8,0,0,0,0,18.400615384615385,0,30,0,39.97093846153846,0,0,0,29,0,0,0,0,0,0,0,0,0,0,None,0,0,0.365,0,0,0,41.77503076923077,1,0,10/02/2025 21:43,0,0,0
40,0,0,0,0,0,0,0,10/02/2025 21:50,0,1,0,0,18.669761904761902,0,0,0,487,35,2.063031746031746,0,0,0,0.02905,1,0,0,0,0,0,0,0,Success,0,0,0,0,0,0,0,6.661116198,None,10/02/2025 21:57,6.28.1,0,336,0,2025-02-10 N,10/02/2025 21:58,None,0,487,458,1,0,35,0,0.034655447,0,6.28.1,None,0,487,0,274,0,140,6,0,0,0,0,18.669761904761902,0,36,0,40.26746031746032,0,0,0,28,0,0,0,0,0,0,0,0,0,0,None,0,0,0.347,0,0,0,38.029380952380954,1,0,10/02/2025 21:52,0,0,0
39,0,0,0,0,0,0,0,10/02/2025 21:58,0,1,0,0,19.062380952380952,0,0,0,476,36,2.019825396825397,0,0,0,0.030228,1,0,0,0,0,0,0,0,Success,0,0,0,0,0,0,0,6.621773554,None,10/02/2025 22:05,6.28.1,0,327,0,2025-02-10 N,10/02/2025 22:06,None,0,476,450,1,0,34,0,0.059464275,0,6.28.1,None,0,476,0,274,0,140,5,0,0,0,0,19.062380952380952,0,30,0,40.47196825396825,0,0,0,28,0,0,0,0,0,0,0,0,0,0,None,0,0,0.344,0,0,0,37.22119047619047,1,0,10/02/2025 22:00,0,0,0
64,0,0,0,0,0,0,0,10/02/2025 22:06,0,1,0,0,18.1845,0,0,0,1034,36,2.31055,0,0,0,0.019086,1,0,0,0,0,0,0,0,Success,0,0,0,0,0,0,0,6.527097594,None,10/02/2025 22:22,6.28.1,0,879,0,2025-02-10 N,10/02/2025 22:23,None,0,1034,958,1,0,59,0,0.01,0,6.28.1,None,0,1034,0,787,0,140,15,0,0,0,0,18.1845,0,44,0,39.97808333333333,0,0,0,29,0,0,0,0,0,0,0,0,0,0,None,0,0,0.337,0,0,0,36.519816666666664,1,0,10/02/2025 22:08,0,0,0
59,0,0,0,0,0,0,0,10/02/2025 22:23,0,1,0,0,17.531612903225806,0,0,0,693,36,2.017758064516129,0,0,0,0.023045,2,0,0,0,0,0,0,0,Success,0,0,0,0,0,0,0,6.626150693,None,10/02/2025 22:34,6.28.1,0,454,0,2025-02-10 N,10/02/2025 22:35,None,0,693,688,1,0,54,0,0.025019992,0,6.28.1,None,0,693,0,378,0,140,6,0,0,0,0,17.531612903225806,0,31,0,40.06409677419355,0,0,0,28,0,0,0,0,0,0,0,0,0,0,None,0,0,0.321,0,0,0,40.14875806451613,1,0,10/02/2025 22:26,0,0,0
46,0,0,0,0,0,0,0,10/02/2025 22:35,0,1,0,0,18.85571428571429,0,0,0,546,36,1.9413968253968255,0,0,0,0.028026,1,0,0,0,0,0,0,0,Success,0,0,0,0,0,0,0,6.568933247,None,10/02/2025 22:43,6.28.1,0,343,0,2025-02-10 N,10/02/2025 22:44,None,0,546,502,1,0,41,0,0.046010868,0,6.28.1,None,0,546,0,272,0,140,6,0,0,0,0,18.85571428571429,0,40,0,40.346222222222224,0,0,0,28,0,0,0,0,0,0,0,0,0,0,None,0,0,0.331,0,0,0,40.04365079365079,1,0,10/02/2025 22:37,0,0,0
51,0,0,0,0,0,0,0,10/02/2025 22:44,0,1,0,0,18.803951612903226,0,0,0,614,36,2.174758064516129,0,0,0,0.023081,1,0,0,0,0,0,0,0,Success,0,0,0,0,0,0,0,6.5588345,None,10/02/2025 22:53,6.28.1,0,457,0,2025-02-10 N,10/02/2025 22:54,None,0,614,562,1,0,46,0,0.036249138,0,6.28.1,None,0,614,0,377,0,140,6,0,0,0,0,18.803951612903226,0,44,0,40.33370967741936,0,0,0,28,0,0,0,0,0,0,0,0,0,0,None,0,0,0.348,0,0,0,37.83322580645161,1,0,10/02/2025 22:46,0,0,0
61,0,0,0,0,0,0,0,10/02/2025 22:54,0,1,0,0,18.762822580645164,0,0,0,765,40,2.006258064516129,0,0,0,0.023482,1,0,0,0,0,0,0,0,Success,0,0,0,0,0,0,0,6.560842172,None,10/02/2025 23:06,6.28.1,0,608,0,2025-02-10 N,10/02/2025 23:07,None,0,765,717,1,0,51,0,0.038600518,0,6.28.1,None,0,765,0,525,0,140,4,0,0,0,0,18.762822580645164,0,42,0,39.85614516129032,0,0,0,28,0,0,0,0,0,0,0,0,0,0,None,0,0,0.341,0,0,0,39.99770967741936,1,0,10/02/2025 22:56,0,0,0
155,0,0,0,0,0,0,0,10/02/2025 23:07,0,1,0,0,18.60445313,0,0,0,1182,414,1.8627031250000001,0,0,0,0.024451,2,0,0,0,0,0,0,0,Success,0,0,0,0,0,0,0,6.624741655,None,10/02/2025 23:25,6.28.1,0,1013,0,2025-02-10 N,10/02/2025 23:33,None,0,1548,1153,1,0,145,0,0.002828427,0,6.28.1,None,0,1548,0,392,0,140,6,0,0,0,0,18.60445313,0,37,0,39.79303125,0,0,0,28,0,0,0,0,0,0,0,0,0,0,None,0,0,0.372,0,0,0,38.3743125,1,0,10/02/2025 23:09,0,0,0
100,0,0,0,0,0,0,0,10/02/2025 23:33,0,1,0,0,18.958809523809524,0,0,0,620,41,1.866,0,0,0,0.025714,1,0,0,0,0,0,0,0,Success,0,0,0,0,0,0,0,6.6021058,None,10/02/2025 23:42,6.28.1,0,458,0,2025-02-10 N,10/02/2025 23:43,None,0,620,894,1,0,90,0,0.037363083,0,6.28.1,None,0,620,0,335,0,140,7,0,0,0,0,18.958809523809524,0,44,0,40.34139682539682,0,0,0,28,0,0,0,0,0,0,0,0,0,0,None,0,0,0.321,0,0,0,40.11106349206349,1,0,10/02/2025 23:34,0,0,0
45,0,0,0,0,0,0,0,10/02/2025 23:43,0,1,0,0,18.91595238095238,0,0,0,498,41,2.039079365079365,0,0,0,0.029544,1,0,0,0,0,0,0,0,Success,0,0,0,0,0,0,0,6.649995113,None,10/02/2025 23:50,6.28.1,0,332,0,2025-02-10 N,10/02/2025 23:51,None,0,498,516,1,0,35,0,0.024999999,0,6.28.1,None,0,498,0,273,0,140,6,0,0,0,0,18.91595238095238,0,35,0,40.66419047619048,0,0,0,28,0,0,0,0,0,0,0,0,0,0,None,0,0,0.325,0,0,0,38.87874603174603,1,0,10/02/2025 23:45,0,0,0
49,0,0,0,0,0,0,0,10/02/2025 23:51,0,1,0,0,18.55359375,0,0,0,592,40,2.02934375,0,0,0,0.024919,1,0,0,0,0,0,0,0,Success,0,0,0,0,0,0,0,6.66716169,None,11/02/2025 00:00,6.28.1,0,431,0,2025-02-10 N,11/02/2025 00:01,None,0,592,557,1,0,39,0,0.055578773,0,6.28.1,None,0,592,0,367,0,140,6,0,0,0,0,18.55359375,0,35,0,40.29417188,0,0,0,28,0,0,0,0,0,0,0,0,0,0,None,0,0,0.321,0,0,0,38.09398438,1,0,10/02/2025 23:53,0,0,0
47,0,0,0,0,0,0,0,11/02/2025 00:01,0,1,0,0,18.673125,0,0,0,537,40,1.639484375,0,0,0,0.02486,1,0,0,0,0,0,0,0,Success,0,0,0,0,0,0,0,6.743158681,None,11/02/2025 00:09,6.28.1,0,371,0,2025-02-10 N,11/02/2025 00:10,None,0,537,494,1,0,36,0,0.065053823,0,6.28.1,None,0,537,0,309,0,140,6,0,0,0,0,18.673125,0,39,0,40.564890625000004,0,0,0,28,0,0,0,0,0,0,0,0,0,0,None,0,0,0.33,0,0,0,42.08378125,1,0,11/02/2025 00:03,0,0,0
46,0,0,0,0,0,0,0,11/02/2025 00:10,0,1,0,0,18.350238095238097,0,0,0,1313,784,1.7984603174603173,0,0,0,0.024627,1,0,0,0,0,0,0,0,Success,0,0,0,0,0,0,0,6.641103071,None,11/02/2025 00:18,6.28.1,0,389,0,2025-02-10 N,11/02/2025 00:32,None,0,1313,528,1,0,36,0,0.049040799,0,6.28.1,None,0,1313,0,328,0,140,6,0,0,0,0,18.350238095238097,0,36,0,40.517920634920635,0,0,0,28,0,0,0,0,0,0,0,0,0,0,None,0,0,0.315,0,0,0,40.41834920634921,1,0,11/02/2025 00:12,0,0,0
54,0,0,0,0,0,0,0,11/02/2025 00:32,0,1,0,0,19.81357142857143,0,0,0,601,41,1.9607777777777777,0,0,0,0.02239,1,0,0,0,0,0,0,0,Success,0,0,0,0,0,0,0,6.570388953,None,11/02/2025 00:41,6.28.1,0,417,0,2025-02-10 N,11/02/2025 00:42,None,0,601,1305,1,0,44,0,0.05235456,0,6.28.1,None,0,601,0,354,0,140,6,0,0,0,0,19.81357142857143,0,29,0,40.30319047619048,0,0,0,28,0,0,0,0,0,0,0,0,0,0,None,0,0,0.332,0,0,0,37.87042857142857,1,0,11/02/2025 00:34,0,0,0
48,0,0,0,0,0,0,0,11/02/2025 00:42,0,1,0,0,18.88672131147541,0,0,0,508,41,1.9012459016393441,0,0,0,0.027325,1,0,0,0,0,0,0,0,Success,0,0,0,0,0,0,0,6.432512029,None,11/02/2025 00:49,6.28.1,0,340,0,2025-02-10 N,11/02/2025 00:51,None,0,508,505,1,0,38,0,0.072422372,0,6.28.1,None,0,508,0,294,0,140,5,0,0,0,0,18.88672131147541,0,18,0,40.35396721311476,0,0,0,28,0,0,0,0,0,0,0,0,0,0,None,0,0,0.344,0,0,0,38.973163934426225,1,0,11/02/2025 00:44,0,0,0
44,0,0,0,0,0,0,0,11/02/2025 00:51,0,1,0,0,18.873050847457627,0,0,0,476,41,2.058372881355932,0,0,0,0.029497,1,0,0,0,0,0,0,0,Success,0,0,0,0,0,0,0,6.300206822,None,11/02/2025 00:57,6.28.1,0,316,0,2025-02-10 N,11/02/2025 00:59,None,0,476,470,1,0,34,0,0.048836461,0,6.28.1,None,0,476,0,279,0,140,6,0,0,0,0,18.873050847457627,0,13,0,40.19623728813559,0,0,0,28,0,0,0,0,0,0,0,0,0,0,None,0,0,0.338,0,0,0,39.16430508474576,1,0,11/02/2025 00:52,0,0,0
44,0,0,0,0,0,0,0,11/02/2025 00:59,0,1,0,0,18.69925,0,0,0,442,41,2.3592166666666667,0,0,0,0.032977,1,0,0,0,0,0,0,0,Success,0,0,0,0,0,0,0,6.300346498,None,11/02/2025 01:05,6.28.1,0,287,0,2025-02-10 N,11/02/2025 01:06,None,0,442,435,1,0,34,0,0.058180752,0,6.28.1,None,0,442,0,252,0,140,7,0,0,0,0,18.69925,0,13,0,39.6321,0,0,0,28,0,0,0,0,0,0,0,0,0,0,None,0,0,0.34,0,0,0,37.42563333333333,1,0,11/02/2025 01:00,0,0,0
91,0,0,0,0,0,0,0,11/02/2025 01:14,0,1,0,0,17.747946428571428,0,0,0,626,40,2.7119642857142856,0,0,0,0.022473,1,0,0,0,0,0,0,0,Success,0,0,0,0,0,0,0,6.124153329,None,11/02/2025 01:23,6.28.1,0,469,0,2025-02-10 N,11/02/2025 01:24,None,0,626,573,1,0,81,0,0.05186521,0,6.28.1,None,0,626,0,389,0,140,6,0,0,0,0,17.747946428571428,0,8,0,39.226375000000004,0,0,0,28,0,0,0,0,0,0,0,0,0,0,None,0,0,0.338,0,0,0,38.471446428571426,1,0,11/02/2025 01:15,0,0,0
54,0,0,0,0,0,0,0,11/02/2025 01:24,0,1,0,0,18.337500000000002,0,0,0,655,40,2.4317678571428574,0,0,0,0.025548,1,0,0,0,0,0,0,0,Success,0,0,0,0,0,0,0,6.082956271,None,11/02/2025 01:34,6.28.1,0,482,0,2025-02-10 N,11/02/2025 01:35,None,0,655,681,1,0,44,0,0.043011627,0,6.28.1,None,0,655,0,449,0,140,17,0,0,0,0,18.337500000000002,0,9,0,39.571464285714285,0,0,0,27,0,0,0,0,0,0,0,0,0,0,None,0,0,0.34,0,0,0,39.16614285714286,1,0,11/02/2025 01:26,0,0,0
0,0,0,0,0,0,0,0,11/02/2025 01:35,0,0,0,0,18.099818181818183,0,0,0,51,45,4.2726,0,0,0,0.031938,0,0,0,0,650,0,0,0,Success,0,0,0,0,0,0,0,6.265446991,None,11/02/2025 01:46,6.28.1,0,511,0,2025-02-10 N,11/02/2025 01:47,None,0,37,0,1,0,0,0,0.21362116,0,6.28.1,None,0,701,664,0,0,140,9,0,0,0,0,18.099818181818183,0,0,0,38.935872727272724,0,0,0,0,0,0,0,0,0,0,0,0,0,0,None,0,0,0.382,0,0,0,35.432309090909094,1,0,11/02/2025 01:37,0,0,0
0,0,0,0,0,0,0,0,11/02/2025 01:47,0,0,0,0,17.6675,0,0,0,0,58,3.8295370370370367,0,0,0,0.041834,0,0,0,0,473,0,0,0,Success,0,0,0,0,0,0,0,6.250579893,None,11/02/2025 01:54,6.28.1,0,328,0,2025-02-10 N,11/02/2025 01:55,None,0,0,0,1,0,0,0,0.40428208,0,6.28.1,None,0,473,473,0,0,140,17,0,0,0,0,17.6675,0,0,0,39.84642592592592,0,0,0,0,0,0,0,0,0,0,0,0,0,0,None,0,0,0.373,0,0,0,36.92692592592593,1,0,11/02/2025 01:48,0,0,1
0,0,0,0,0,0,0,0,11/02/2025 01:55,0,0,0,0,18.59951612903226,0,0,0,0,146,2.1185,0,0,0,0.025408,0,0,0,0,644,0,0,0,Success,0,0,0,0,0,0,0,6.569742613,None,11/02/2025 02:03,6.28.1,0,407,0,2025-02-10 N,11/02/2025 02:06,None,0,0,0,1,0,0,0,0.182477396,0,6.28.1,None,0,644,644,0,0,140,8,0,0,0,0,18.59951612903226,0,0,0,40.397145161290325,0,0,0,0,0,0,0,0,0,0,0,0,0,0,None,0,0,0.333,0,0,0,39.73808064516129,1,0,11/02/2025 01:56,0,0,1
0,0,0,0,0,0,0,0,11/02/2025 02:06,0,0,0,0,18.362454545454547,0,0,0,0,45,3.751363636363636,0,0,0,0.035787,0,0,0,0,698,0,0,0,Success,0,0,0,0,0,0,0,6.375019843,None,11/02/2025 02:21,6.28.1,0,827,0,2025-02-10 N,11/02/2025 02:22,None,0,276,0,1,0,0,0,0.255515166,0,6.28.1,None,0,974,698,0,0,140,17,0,0,0,0,18.362454545454547,0,0,0,39.34665454545454,0,0,0,0,0,0,0,0,0,0,0,0,0,0,None,0,0,0.347,0,0,0,36.377418181818186,1,0,11/02/2025 02:07,0,0,1
0,0,0,0,0,0,0,0,11/02/2025 02:22,0,0,0,0,17.59173913043478,0,0,0,0,42,5.416652173913043,0,0,0,0.034823,0,0,0,0,1011,0,0,0,Success,0,0,0,0,0,0,0,6.363086122,None,11/02/2025 02:38,6.28.1,0,863,0,2025-02-10 N,11/02/2025 02:39,None,0,0,0,1,0,0,0,0.549015483,0,6.28.1,None,0,1011,1011,0,0,140,17,0,0,0,0,17.59173913043478,0,0,0,36.58806522,0,0,0,0,0,0,0,0,0,0,0,0,0,0,None,0,0,0.33,0,0,0,35.76726086956522,1,0,11/02/2025 02:24,0,0,1
0,0,0,0,0,0,0,0,11/02/2025 02:39,0,0,0,0,18.671388888888888,0,0,0,0,35,3.7724814814814813,0,0,0,0.040005,0,0,0,0,593,0,0,0,Success,0,0,0,0,0,0,0,6.328585071,None,11/02/2025 02:48,6.28.1,0,501,0,2025-02-10 N,11/02/2025 02:49,None,0,0,0,1,0,0,0,0.277622045,0,6.28.1,None,0,593,593,0,0,140,10,0,0,0,0,18.671388888888888,0,0,0,39.2082037,0,0,0,0,0,0,0,0,0,0,0,0,0,0,None,0,0,0.391,0,0,0,39.210388888888886,1,0,11/02/2025 02:40,0,0,1
0,0,0,0,0,0,0,0,11/02/2025 02:49,0,0,0,0,19.140258620689654,0,0,0,0,22,2.868655172413793,0,0,0,0.027962,0,0,0,0,585,0,0,0,Success,0,0,0,0,0,0,0,6.339850314,None,11/02/2025 02:58,6.28.1,0,463,0,2025-02-10 N,11/02/2025 02:58,None,0,0,0,1,0,0,0,0.434412246,0,6.28.1,None,0,585,585,0,0,140,17,0,0,0,0,19.140258620689654,0,0,0,38.81231034482759,0,0,0,0,0,0,0,0,0,0,0,0,0,0,None,0,0,0.308,0,0,0,43.688603448275856,1,0,11/02/2025 02:50,0,0,1
0,0,0,0,0,0,0,0,11/02/2025 02:58,0,0,0,0,11.502692307692307,0,0,0,34,26,3.98625,0,0,0,0.031752,0,0,0,0,640,0,0,0,Success,0,0,0,0,0,0,0,6.30029539,None,11/02/2025 03:08,6.28.1,0,522,0,2025-02-10 N,11/02/2025 03:10,None,0,0,0,1,0,0,0,0.291075592,0,6.28.1,None,0,674,674,0,0,140,17,0,0,0,0,11.502692307692307,0,0,0,35.91515384615384,0,0,0,0,0,0,0,0,0,0,0,0,0,0,None,0,0,0.296,0,0,0,48.97967307692308,1,0,11/02/2025 02:59,0,0,1
0,0,0,0,0,0,0,0,11/02/2025 03:10,0,0,0,0,15.787241379310345,0,0,0,17,8,2.2407241379310343,0,0,0,0.019036,0,0,0,0,888,0,0,0,Success,0,0,0,0,0,0,0,6.216821857,None,11/02/2025 03:24,6.28.1,0,775,0,2025-02-10 N,11/02/2025 03:25,None,0,0,0,1,0,0,0,0.415326378,0,6.28.1,None,0,905,905,0,0,140,17,0,0,0,0,15.787241379310345,0,0,0,38.72905172413793,0,0,0,0,0,0,0,0,0,0,0,0,0,0,None,0,0,0.308,0,0,0,46.46836206896552,1,0,11/02/2025 03:11,0,0,1
42,0,0,0,0,0,0,0,11/02/2025 03:25,0,1,0,0,18.317894736842106,0,0,0,454,40,2.8512105263157896,0,0,0,0.037797,1,0,0,0,11,0,0,0,Success,0,0,0,0,0,0,0,6.168943913,None,11/02/2025 03:31,6.28.1,0,264,0,2025-02-10 N,11/02/2025 03:32,None,0,0,7030,1,0,32,0,0.056603887,0,6.28.1,None,0,465,465,233,0,140,6,0,0,0,0,18.317894736842106,0,9,0,39.395087719298246,0,0,0,28,0,0,0,0,0,0,0,0,0,0,None,0,0,0.36,0,0,0,38.51331578947369,1,0,11/02/2025 03:27,0,0,0
64,0,0,0,0,0,0,0,11/02/2025 03:32,0,1,0,0,18.4764,0,0,0,416,41,4.8779,0,0,0,0.052199,1,0,0,0,0,0,0,0,Success,0,0,0,0,0,0,0,6.051774864,None,11/02/2025 03:38,6.28.1,0,247,0,2025-02-10 N,11/02/2025 03:39,None,0,0,374,1,0,54,0,0.015033296,0,6.28.1,None,0,416,416,189,0,140,6,0,0,0,0,18.4764,0,12,0,39.02734,0,0,0,29,0,0,0,0,0,0,0,0,0,0,None,0,0,0.328,0,0,0,37.09744,1,0,11/02/2025 03:34,0,0,0
66,0,0,0,0,0,0,0,11/02/2025 03:39,0,1,0,0,18.5775,0,0,0,437,41,4.257057692307692,0,0,0,0.049477,1,0,0,0,0,0,0,0,Success,0,0,0,0,0,0,0,6.007879326,None,11/02/2025 03:45,6.28.1,0,276,0,2025-02-10 N,11/02/2025 03:47,None,0,0,436,1,0,56,0,0.047010637,0,6.28.1,None,0,437,437,224,0,140,6,0,0,0,0,18.5775,0,5,0,38.66978846153846,0,0,0,28,0,0,0,0,0,0,0,0,0,0,None,0,0,0.318,0,0,0,38.09303846153846,1,0,11/02/2025 03:41,0,0,0
56,0,0,0,0,0,0,0,11/02/2025 03:47,0,1,0,0,18.77798076923077,0,0,0,651,40,3.7073653846153842,0,0,0,0.035891,1,0,0,0,0,0,0,0,Success,0,0,0,0,0,0,0,5.96396001,None,11/02/2025 03:56,6.28.1,0,489,0,2025-02-10 N,11/02/2025 03:57,None,0,0,650,1,0,46,0,0.032526912,0,6.28.1,None,0,651,651,441,0,140,6,0,0,0,0,18.77798076923077,0,11,0,39.24090384615385,0,0,0,28,0,0,0,0,0,0,0,0,0,0,None,0,0,0.317,0,0,0,39.33363461538461,1,0,11/02/2025 03:48,0,0,0
46,0,0,0,0,0,0,0,11/02/2025 03:57,0,1,0,0,18.83388888888889,0,0,0,478,41,3.380611111111111,0,0,0,0.030378,1,0,0,0,0,0,0,0,Success,0,0,0,0,0,0,0,6.101143663,None,11/02/2025 04:04,6.28.1,0,316,0,2025-02-10 N,11/02/2025 04:05,None,0,0,486,1,0,36,0,0.08000625,0,6.28.1,None,0,478,478,285,0,140,6,0,0,0,0,18.83388888888889,0,8,0,39.581259259259255,0,0,0,28,0,0,0,0,0,0,0,0,0,0,None,0,0,0.349,0,0,0,40.18824074074074,1,0,11/02/2025 03:59,0,0,0
44,0,0,0,0,0,0,0,11/02/2025 04:05,0,1,0,0,20.46956896551724,0,0,0,478,41,2.6176551724137935,0,0,0,0.03239,1,0,0,0,0,0,0,0,Success,0,0,0,0,0,0,0,6.124424299,None,11/02/2025 04:12,6.28.1,0,318,0,2025-02-10 N,11/02/2025 04:13,None,0,0,467,1,0,34,0,0.075690158,0,6.28.1,None,0,478,478,287,0,140,7,0,0,0,0,20.46956896551724,0,9,0,40.22962068965517,0,0,0,29,0,0,0,0,0,0,0,0,0,0,None,0,0,0.323,0,0,0,40.60868965517241,1,0,11/02/2025 04:07,0,0,0
43,0,0,0,0,0,0,0,11/02/2025 04:21,0,1,0,0,19.9015,0,0,0,464,41,2.17835,0,0,0,0.029507,1,0,0,0,0,0,0,0,Success,0,0,0,0,0,0,0,6.344488789,None,11/02/2025 04:28,6.28.1,0,307,0,2025-02-10 N,11/02/2025 04:29,None,0,0,450,1,0,33,0,0.017088008,0,6.28.1,None,0,464,464,269,0,140,5,0,0,0,0,19.9015,0,14,0,40.004599999999996,0,0,0,28,0,0,0,0,0,0,0,0,0,0,None,0,0,0.334,0,0,0,41.3401,1,0,11/02/2025 04:23,0,0,0
45,0,0,0,0,0,0,0,11/02/2025 04:46,0,2,0,0,18.50595238095238,0,0,0,689,42,2.6265079365079367,0,0,0,0.033787,1,0,0,0,0,0,0,0,Success,0,0,0,0,0,0,0,6.700197236,None,11/02/2025 04:58,6.28.1,0,353,0,2025-02-10 N,11/02/2025 05:02,None,0,925,805,1,0,35,0,0.057280015,0,6.28.1,None,0,996,71,287,0,140,7,0,0,0,0,18.50595238095238,0,16,0,39.83842857142857,0,0,0,30,0,0,0,0,0,0,0,0,0,0,None,0,0,0.34,0,0,0,43.936,1,0,11/02/2025 04:52,0,0,0
44,0,0,0,0,0,0,0,11/02/2025 05:02,0,1,0,0,20.374761904761904,0,0,0,477,41,2.1842698412698414,0,0,0,0.030539,1,0,0,0,0,0,0,0,Success,0,0,0,0,0,0,0,6.679358727,None,11/02/2025 05:09,6.28.1,0,316,0,2025-02-10 N,11/02/2025 05:10,None,0,477,621,1,0,34,0,0.03471311,0,6.28.1,None,0,477,0,267,0,140,7,0,0,0,0,20.374761904761904,0,25,0,39.376507936507934,0,0,0,29,0,0,0,0,0,0,0,0,0,0,None,0,0,0.358,0,0,0,41.01836507936508,1,0,11/02/2025 05:04,0,0,0
46,0,0,0,0,0,0,0,11/02/2025 05:10,0,1,0,0,20.001290322580644,0,0,0,488,43,2.502,0,0,0,0.032444,1,0,0,0,0,0,0,0,Success,0,0,0,0,0,0,0,6.701091627,None,11/02/2025 05:17,6.28.1,0,328,0,2025-02-10 N,11/02/2025 05:18,None,0,488,462,1,0,36,0,0.016124515,0,6.28.1,None,0,488,0,278,0,140,7,0,0,0,0,20.001290322580644,0,28,0,39.52020967741936,0,0,0,30,0,0,0,0,0,0,0,0,0,0,None,0,0,0.354,0,0,0,42.63408064516129,1,0,11/02/2025 05:12,0,0,0
44,0,0,0,0,0,0,0,11/02/2025 05:18,0,1,0,0,19.673095238095236,0,0,0,488,42,2.538111111111111,0,0,0,0.029073,1,0,0,0,0,0,0,0,Success,0,0,0,0,0,0,0,6.641485677,None,11/02/2025 05:25,6.28.1,0,328,0,2025-02-10 N,11/02/2025 05:26,None,0,488,447,1,0,34,0,0.021260292,0,6.28.1,None,0,488,0,268,0,140,7,0,0,0,0,19.673095238095236,0,38,0,40.004126984126984,0,0,0,29,0,0,0,0,0,0,0,0,0,0,None,0,0,0.344,0,0,0,41.28731746031746,1,0,11/02/2025 05:20,0,0,0
45,0,0,0,0,0,0,0,11/02/2025 05:26,0,1,0,0,19.8928125,0,0,0,563,42,1.8979375,0,0,0,0.022361,1,0,0,0,0,0,0,0,Success,0,0,0,0,0,0,0,6.659377448,None,11/02/2025 05:35,6.28.1,0,404,0,2025-02-10 N,11/02/2025 05:36,None,0,563,527,1,0,35,0,0.027784888,0,6.28.1,None,0,563,0,344,0,140,5,0,0,0,0,19.8928125,0,36,0,40.10157813,0,0,0,29,0,0,0,0,0,0,0,0,0,0,None,0,0,0.369,0,0,0,41.51351563,1,0,11/02/2025 05:28,0,0,0
48,0,0,0,0,0,0,0,11/02/2025 05:36,0,1,0,0,20.59572580645161,0,0,0,549,42,2.1939516129032257,0,0,0,0.028113,1,0,0,0,0,0,0,0,Success,0,0,0,0,0,0,0,6.546773022,None,11/02/2025 05:44,6.28.1,0,339,0,2025-02-10 N,11/02/2025 05:45,None,0,549,516,1,0,37,0,0.037696154,0,6.28.1,None,0,549,0,282,0,140,7,0,0,0,0,20.59572580645161,0,31,0,40.04366129032258,0,0,0,29,0,0,0,0,0,0,0,0,0,0,None,0,0,0.332,0,0,0,42.36116129032258,1,0,11/02/2025 05:38,0,0,0
44,0,0,0,0,0,0,0,11/02/2025 05:55,0,1,0,0,14.75484375,0,0,0,599,40,1.452578125,0,0,0,0.020776,1,0,0,0,0,0,0,0,Success,0,0,0,0,0,0,0,6.57277818,None,11/02/2025 06:03,6.28.1,0,412,0,2025-02-10 N,11/02/2025 06:05,None,0,599,559,1,0,34,0,0.04494441,0,6.28.1,None,0,599,0,350,0,140,4,0,0,0,0,14.75484375,0,39,0,39.69760938,0,0,0,28,0,0,0,0,0,0,0,0,0,0,None,0,0,0.352,0,0,0,42.68803125,1,0,11/02/2025 05:57,0,0,0
47,0,0,0,0,0,0,0,11/02/2025 06:05,0,1,0,0,14.962619047619047,0,0,0,703,42,1.4416507936507936,0,0,0,0.018881,1,0,0,0,34,0,0,0,Success,0,0,0,0,0,0,0,6.583722199,None,11/02/2025 06:30,6.28.1,0,473,0,2025-02-11 D,11/02/2025 06:31,None,0,894,1506,1,0,37,94,0.050119856,0,6.28.1,None,0,1585,691,373,0,140,4,0,0,0,0,14.962619047619047,0,76,0,40.212761904761905,0,0,0,29,0,0,0,0,0,0,0,0,0,0,None,0,0,0.318,0,0,0,46.11960317460317,1,0,11/02/2025 06:22,0,0,0
44,0,0,0,0,0,0,0,11/02/2025 06:31,0,2,0,0,14.420901639344262,0,0,0,582,41,1.8370655737704917,0,0,0,0.024054,1,0,0,0,0,0,0,0,Success,0,0,0,0,0,0,0,6.450871647,None,11/02/2025 06:40,6.28.1,0,421,0,2025-02-11 D,11/02/2025 06:41,None,0,0,535,1,0,34,0,0.042520583,0,6.28.1,None,0,582,582,315,0,140,4,0,0,0,0,14.420901639344262,0,14,0,40.09342623,0,0,0,28,0,0,0,0,0,0,0,0,0,0,None,0,0,0.304,0,0,0,42.18675409836065,1,0,11/02/2025 06:33,0,0,0
44,0,0,0,0,0,0,0,11/02/2025 06:41,0,2,0,0,14.917983870967742,0,0,0,683,40,1.580741935483871,0,0,0,0.019645,1,0,0,0,506,0,0,0,Success,0,0,0,0,0,0,0,6.551564775,None,11/02/2025 07:00,6.28.1,0,471,0,2025-02-11 D,11/02/2025 07:01,None,0,0,1253,1,0,34,40,0.150658554,0,6.28.1,None,0,1229,1229,409,0,140,5,0,0,0,0,14.917983870967742,0,18,0,39.97504838709678,0,0,0,27,0,0,0,0,0,0,0,0,0,0,None,0,0,0.35,0,0,0,40.52595161290323,1,0,11/02/2025 06:52,0,0,0
45,0,0,0,0,0,0,0,11/02/2025 07:01,0,1,0,0,15.346666666666668,0,0,0,727,40,1.7106031746031747,0,0,0,0.017656,1,0,0,0,0,0,0,0,Success,0,0,0,0,0,0,0,6.637328981,None,11/02/2025 07:12,6.28.1,0,543,0,2025-02-11 D,11/02/2025 07:13,None,0,0,688,1,0,35,0,0.072173402,0,6.28.1,None,0,727,727,490,0,140,4,0,0,0,0,15.346666666666668,0,29,0,40.77428571428572,0,0,0,27,0,0,0,0,0,0,0,0,0,0,None,0,0,0.335,0,0,0,41.02149206349206,1,0,11/02/2025 07:03,0,0,0
77,0,0,0,0,0,0,0,11/02/2025 07:13,0,1,0,0,14.208809523809524,0,0,0,606,42,2.5029523809523813,0,0,0,0.030221,1,0,0,0,0,0,0,0,Success,0,0,0,0,0,0,0,6.740664433,None,11/02/2025 07:45,6.28.1,0,1795,0,2025-02-11 D,11/02/2025 07:46,None,0,1855,1893,1,0,67,0,0.052497619,0,6.28.1,None,0,1962,107,328,0,140,8,0,0,0,0,14.208809523809524,0,44,0,39.80939682539683,0,0,0,29,0,0,0,0,0,0,0,0,0,0,None,0,0,0.375,0,0,0,43.918682539682536,1,0,11/02/2025 07:15,0,0,0
44,0,0,0,0,0,0,0,11/02/2025 07:46,0,1,0,0,14.69648438,0,0,0,559,40,1.94809375,0,0,0,0.026779,1,0,0,0,0,0,0,0,Success,0,0,0,0,0,0,0,6.655187526,None,11/02/2025 07:54,6.28.1,0,397,0,2025-02-11 D,11/02/2025 07:55,None,0,559,542,1,0,34,0,0.024515301,0,6.28.1,None,0,559,0,321,0,140,5,0,0,0,0,14.69648438,0,24,0,39.46921875,0,0,0,28,0,0,0,0,0,0,0,0,0,0,None,0,0,0.354,0,0,0,42.31510938,1,0,11/02/2025 07:48,0,0,0
96,0,0,0,0,0,0,0,11/02/2025 07:55,0,1,0,0,15.156666666666666,0,0,0,697,40,1.4503015873015872,0,0,0,0.018796,1,0,0,0,0,0,0,0,Success,0,0,0,0,0,0,0,6.606467967,None,11/02/2025 08:06,6.28.1,0,524,0,2025-02-11 D,11/02/2025 08:07,None,0,697,610,1,0,86,0,0.055946403,0,6.28.1,None,0,697,0,397,0,140,4,0,0,0,0,15.156666666666666,0,52,0,40.54377777777778,0,0,0,27,0,0,0,0,0,0,0,0,0,0,None,0,0,0.331,0,0,0,42.63753968253968,1,0,11/02/2025 07:57,0,0,0
43,0,0,0,0,0,0,0,11/02/2025 08:07,0,1,0,0,14.77309523809524,0,0,0,546,40,2.013571428571429,0,0,0,0.02565,1,0,0,0,0,0,0,0,Success,0,0,0,0,0,0,0,6.59210634,None,11/02/2025 08:15,6.28.1,0,387,0,2025-02-11 D,11/02/2025 08:16,None,0,546,585,1,0,33,0,0.065802735,0,6.28.1,None,0,546,0,343,0,140,5,0,0,0,0,14.77309523809524,0,22,0,40.63025396825397,0,0,0,27,0,0,0,0,0,0,0,0,0,0,None,0,0,0.347,0,0,0,40.46157142857143,1,0,11/02/2025 08:09,0,0,0
44,0,0,0,0,0,0,0,11/02/2025 08:16,0,1,0,0,14.817580645161291,0,0,0,528,40,1.8686290322580645,0,0,0,0.026152,1,0,0,0,0,0,0,0,Success,0,0,0,0,0,0,0,6.480338417,None,11/02/2025 08:24,6.28.1,0,358,0,2025-02-11 D,11/02/2025 08:25,None,0,528,496,1,0,34,0,0.026076809,0,6.28.1,None,0,528,0,310,0,140,5,0,0,0,0,14.817580645161291,0,24,0,40.42582258064516,0,0,0,28,0,0,0,0,0,0,0,0,0,0,None,0,0,0.306,0,0,0,42.36995161290322,1,0,11/02/2025 08:18,0,0,0
45,0,0,0,0,0,0,0,11/02/2025 08:25,0,2,0,0,14.074047619047619,0,0,0,695,40,1.6846984126984126,0,0,0,0.022959,1,0,0,0,0,0,0,0,Success,0,0,0,0,0,0,0,6.518383542,None,11/02/2025 08:35,6.28.1,0,513,0,2025-02-11 D,11/02/2025 08:37,None,0,695,684,1,0,35,0,0.043081319,0,6.28.1,None,0,695,0,440,0,140,5,0,0,0,0,14.074047619047619,0,17,0,39.76239682539683,0,0,0,28,0,0,0,0,0,0,0,0,0,0,None,0,0,0.349,0,0,0,47.59977777777778,1,0,11/02/2025 08:27,0,0,0
43,0,0,0,0,0,0,0,11/02/2025 08:37,0,1,0,0,14.674918032786884,0,0,0,528,40,1.7770983606557378,0,0,0,0.024702,1,0,0,0,0,0,0,0,Success,0,0,0,0,0,0,0,6.319235713,None,11/02/2025 08:44,6.28.1,0,350,0,2025-02-11 D,11/02/2025 08:45,None,0,528,513,1,0,33,0,0.017,0,6.28.1,None,0,528,0,311,0,140,4,0,0,0,0,14.674918032786884,0,16,0,40.14390163934426,0,0,0,27,0,0,0,0,0,0,0,0,0,0,None,0,0,0.365,0,0,0,43.03373770491803,1,0,11/02/2025 08:38,0,0,0
59,0,0,0,0,0,0,0,11/02/2025 08:54,0,1,0,0,14.994827586206897,0,0,0,641,39,2.3821206896551725,0,0,0,0.025498,1,0,0,0,0,0,0,0,Success,0,0,0,0,0,0,0,6.157871142,None,11/02/2025 09:03,6.28.1,0,398,0,2025-02-11 D,11/02/2025 09:05,None,0,641,603,1,0,49,0,0.042201896,0,6.28.1,None,0,641,0,341,0,140,4,0,0,0,0,14.994827586206897,0,18,0,39.90884482758621,0,0,0,27,0,0,0,0,0,0,0,0,0,0,None,0,0,0.312,0,0,0,38.78670689655172,1,0,11/02/2025 08:57,0,0,0
43,0,0,0,0,0,0,0,11/02/2025 09:05,0,1,0,0,15.316016949152543,0,0,0,609,40,2.0587966101694914,0,0,0,0.022304,1,0,0,0,0,0,0,0,Success,0,0,0,0,0,0,0,6.195543721,None,11/02/2025 09:14,6.28.1,0,410,0,2025-02-11 D,11/02/2025 09:15,None,0,609,620,1,0,33,0,0.02,0,6.28.1,None,0,609,0,378,0,140,5,0,0,0,0,15.316016949152543,0,11,0,40.16474576271186,0,0,0,27,0,0,0,0,0,0,0,0,0,0,None,0,0,0.314,0,0,0,39.48096610169492,1,0,11/02/2025 09:07,0,0,0
42,0,0,0,0,0,0,0,11/02/2025 09:15,0,1,0,0,14.732586206896553,0,0,0,463,39,2.4150862068965515,0,0,0,0.029876,1,0,0,0,0,0,0,0,Success,0,0,0,0,0,0,0,6.19433241,None,11/02/2025 09:21,6.28.1,0,297,0,2025-02-11 D,11/02/2025 09:23,None,0,463,450,1,0,32,0,0.04554119,0,6.28.1,None,0,463,0,264,0,140,6,0,0,0,0,14.732586206896553,0,13,0,39.90515517241379,0,0,0,27,0,0,0,0,0,0,0,0,0,0,None,0,0,0.357,0,0,0,38.05555172413793,1,0,11/02/2025 09:16,0,0,0
44,0,0,0,0,0,0,0,11/02/2025 09:23,0,1,0,0,14.848983050847458,0,0,0,462,39,2.2588813559322034,0,0,0,0.032338,1,0,0,0,0,0,0,0,Success,0,0,0,0,0,0,0,6.273091263,None,11/02/2025 09:29,6.28.1,0,296,0,2025-02-11 D,11/02/2025 09:30,None,0,462,439,1,0,34,0,0.043185645,0,6.28.1,None,0,462,0,252,0,140,4,0,0,0,0,14.848983050847458,0,20,0,40.11401694915254,0,0,0,27,0,0,0,0,0,0,0,0,0,0,None,0,0,0.327,0,0,0,40.71503389830508,1,0,11/02/2025 09:24,0,0,0
47,0,0,0,0,0,0,0,11/02/2025 09:45,0,2,0,0,14.183898305084746,0,0,0,455,39,2.8183898305084747,0,0,0,0.034027,1,0,0,0,0,0,0,0,Success,0,0,0,0,0,0,0,6.414104692,None,11/02/2025 09:51,6.28.1,0,306,0,2025-02-11 D,11/02/2025 09:52,None,0,455,446,1,0,37,0,0.048010416,0,6.28.1,None,0,455,0,250,0,140,4,0,0,0,0,14.183898305084746,0,14,0,40.028372881355935,0,0,0,27,0,0,0,0,0,0,0,0,0,0,None,0,0,0.309,0,0,0,39.05281355932203,1,0,11/02/2025 09:46,0,0,0
46,0,0,0,0,0,0,0,11/02/2025 09:52,0,1,0,0,14.86275,0,0,0,456,40,2.4241,0,0,0,0.033896,1,0,0,0,0,0,0,0,Success,0,0,0,0,0,0,0,6.373414548,None,11/02/2025 09:59,6.28.1,0,301,0,2025-02-11 D,11/02/2025 10:00,None,0,456,436,1,0,36,0,0.035902646,0,6.28.1,None,0,456,0,258,0,140,5,0,0,0,0,14.86275,0,17,0,40.35975,0,0,0,27,0,0,0,0,0,0,0,0,0,0,None,0,0,0.317,0,0,0,40.06875,1,0,11/02/2025 09:54,0,0,0
43,0,0,0,0,0,0,0,11/02/2025 10:00,0,2,0,0,14.334919354838709,0,0,0,498,40,1.932822580645161,0,0,0,0.026924,1,0,0,0,0,0,0,0,Success,0,0,0,0,0,0,0,6.498261998,None,11/02/2025 10:07,6.28.1,0,342,0,2025-02-11 D,11/02/2025 10:08,None,0,498,487,1,0,33,0,0.014317821,0,6.28.1,None,0,498,0,291,0,140,4,0,0,0,0,14.334919354838709,0,13,0,39.385548387096776,0,0,0,27,0,0,0,0,0,0,0,0,0,0,None,0,0,0.333,0,0,0,39.20988709677419,1,0,11/02/2025 10:01,0,0,0
46,0,0,0,0,0,0,0,11/02/2025 10:08,0,1,0,0,15.037741935483872,0,0,0,547,39,1.7478225806451613,0,0,0,0.022185,1,0,0,0,0,0,0,0,Success,0,0,0,0,0,0,0,6.528359825,None,11/02/2025 10:16,6.28.1,0,389,0,2025-02-11 D,11/02/2025 10:17,None,0,547,520,1,0,36,0,0.073006849,0,6.28.1,None,0,547,0,340,0,140,4,0,0,0,0,15.037741935483872,0,23,0,40.62672580645161,0,0,0,27,0,0,0,0,0,0,0,0,0,0,None,0,0,0.328,0,0,0,40.83975806451613,1,0,11/02/2025 10:10,0,0,0
44,0,0,0,0,0,0,0,11/02/2025 10:17,0,1,0,0,14.92016129032258,0,0,0,1102,40,1.8854516129032257,0,0,0,0.026821,1,0,0,0,0,0,0,0,Success,0,0,0,0,0,0,0,6.519915414,None,11/02/2025 10:34,6.28.1,0,343,0,2025-02-11 D,11/02/2025 10:36,None,0,1102,1080,1,0,34,0,0.038013156,0,6.28.1,None,0,1102,0,297,0,140,5,0,0,0,0,14.92016129032258,0,23,0,40.68291935483871,0,0,0,27,0,0,0,0,0,0,0,0,0,0,None,0,0,0.332,0,0,0,41.517645161290325,1,0,11/02/2025 10:29,0,0,0
48,0,0,0,0,0,0,0,11/02/2025 10:36,0,1,0,0,14.999761904761906,0,0,1824,642,41,1.978079365079365,0,0,0,0.025874,1,0,0,0,57,0,0,0,Success,0,0,0,0,0,0,0,6.587953096,None,11/02/2025 11:19,6.28.1,0,379,0,2025-02-11 D,11/02/2025 11:20,None,0,2042,2622,1,0,38,2,0.056850682,0,6.28.1,None,0,2644,602,332,0,140,5,0,0,0,0,14.999761904761906,0,22,0,40.593666666666664,0,0,0,28,0,0,0,0,0,0,0,0,0,0,None,0,0,0.33,0,0,0,42.04120634920635,1,0,11/02/2025 11:12,0,0,0
62,0,0,0,0,0,0,0,11/02/2025 11:20,0,3,0,0,14.045409836065573,0,0,0,726,40,1.9573442622950818,0,0,0,0.024866,2,0,0,0,0,0,0,0,Success,0,0,0,0,0,0,0,6.506947518,None,11/02/2025 11:31,6.28.1,0,444,0,2025-02-11 D,11/02/2025 11:32,None,0,0,711,1,0,52,0,0.038327536,0,6.28.1,None,0,726,726,325,0,140,4,0,0,0,0,14.045409836065573,0,22,0,40.38665573770492,0,0,0,27,0,0,0,0,0,0,0,0,0,0,None,0,0,0.307,0,0,0,41.017311475409834,1,0,11/02/2025 11:23,0,0,0
44,0,0,0,0,0,0,0,11/02/2025 11:32,0,1,0,0,14.97690476190476,0,0,0,1509,41,1.658920634920635,0,0,0,0.019747,1,0,0,0,0,0,0,0,Success,0,0,0,0,0,0,0,6.506229707,None,11/02/2025 11:56,6.28.1,0,448,0,2025-02-11 D,11/02/2025 11:57,None,0,0,1469,1,0,34,0,0.03195309,0,6.28.1,None,0,1509,1509,392,0,140,4,0,0,0,0,14.97690476190476,0,34,0,40.400507936507935,0,0,0,29,0,0,0,0,0,0,0,0,0,0,None,0,0,0.344,0,0,0,38.61309523809524,1,0,11/02/2025 11:48,0,0,0
44,0,0,0,0,0,0,0,11/02/2025 11:57,0,1,0,0,15.170322580645163,0,0,0,593,40,1.776258064516129,0,0,0,0.026794,1,0,0,0,0,0,0,0,Success,0,0,0,0,0,0,0,6.443080707,None,11/02/2025 12:06,6.28.1,0,364,0,2025-02-11 D,11/02/2025 12:07,None,0,0,562,1,0,34,0,0.017492855,0,6.28.1,None,0,593,593,310,0,140,4,0,0,0,0,15.170322580645163,0,31,0,40.766322580645166,0,0,0,27,0,0,0,0,0,0,0,0,0,0,None,0,0,0.347,0,0,0,38.25588709677419,1,0,11/02/2025 12:00,0,0,0
47,0,0,0,0,0,0,0,11/02/2025 12:07,0,2,0,0,14.480322580645161,0,0,0,574,41,2.0186451612903227,0,0,0,0.029583,1,0,0,0,0,0,0,0,Success,0,0,0,0,0,0,0,6.479619896,None,11/02/2025 12:33,6.28.1,0,1511,0,2025-02-11 D,11/02/2025 12:35,None,0,1363,1653,1,0,37,0,0.058180753,0,6.28.1,None,0,1669,306,298,0,140,4,0,0,0,0,14.480322580645161,0,16,0,40.402112903225806,0,0,0,28,0,0,0,0,0,0,0,0,0,0,None,0,0,0.344,0,0,0,42.79782258064516,1,0,11/02/2025 12:08,0,0,0
44,0,0,0,0,0,0,0,11/02/2025 12:35,0,2,0,0,13.882,0,0,0,546,40,2.362983333333333,0,0,0,0.028534,1,0,0,0,0,0,0,0,Success,0,0,0,0,0,0,0,6.563359887,None,11/02/2025 12:43,6.28.1,0,367,0,2025-02-11 D,11/02/2025 12:44,None,0,546,534,1,0,34,0,0.060207972,0,6.28.1,None,0,546,0,270,0,140,4,0,0,0,0,13.882,0,11,0,39.60758333333333,0,0,0,28,0,0,0,0,0,0,0,0,0,0,None,0,0,0.327,0,0,0,41.61378333333334,1,0,11/02/2025 12:36,0,0,0
45,0,0,0,0,0,0,0,11/02/2025 12:44,0,1,0,0,14.819516129032257,0,0,0,478,40,2.1930161290322583,0,0,0,0.031182,1,0,0,0,0,0,0,0,Success,0,0,0,0,0,0,0,6.629856258,None,11/02/2025 12:51,6.28.1,0,319,0,2025-02-11 D,11/02/2025 12:52,None,0,478,459,1,0,35,0,0.072422372,0,6.28.1,None,0,478,0,272,0,140,4,0,0,0,0,14.819516129032257,0,24,0,40.62441935483871,0,0,0,28,0,0,0,0,0,0,0,0,0,0,None,0,0,0.353,0,0,0,39.60817741935484,1,0,11/02/2025 12:45,0,0,0
44,0,0,0,0,0,0,0,11/02/2025 12:52,0,1,0,0,14.531370967741937,0,0,0,516,40,2.481193548387097,0,0,0,0.026118,1,0,0,0,0,0,0,0,Success,0,0,0,0,0,0,0,6.603718422,None,11/02/2025 12:59,6.28.1,0,366,0,2025-02-11 D,11/02/2025 13:00,None,0,516,493,1,0,34,0,0.030479501,0,6.28.1,None,0,516,0,319,0,140,5,0,0,0,0,14.531370967741937,0,24,0,40.37577419354838,0,0,0,27,0,0,0,0,0,0,0,0,0,0,None,0,0,0.37,0,0,0,36.83317741935484,1,0,11/02/2025 12:53,0,0,0
43,0,0,0,0,0,0,0,11/02/2025 13:00,0,1,0,0,14.796048387096775,0,0,0,447,40,2.1427096774193553,0,0,0,0.031386,1,0,0,0,0,0,0,0,Success,0,0,0,0,0,0,0,6.488934735,None,11/02/2025 13:07,6.28.1,0,299,0,2025-02-11 D,11/02/2025 13:08,None,0,447,420,1,0,33,0,0.040360872,0,6.28.1,None,0,447,0,248,0,140,4,0,0,0,0,14.796048387096775,0,28,0,40.72901612903226,0,0,0,28,0,0,0,0,0,0,0,0,0,0,None,0,0,0.342,0,0,0,35.895500000000006,1,0,11/02/2025 13:02,0,0,0
44,0,0,0,0,0,0,0,11/02/2025 13:08,0,2,0,0,13.692413793103448,0,0,0,507,40,2.7810517241379307,0,0,0,0.03329,1,0,0,0,0,0,0,0,Success,0,0,0,0,0,0,0,6.495475117,None,11/02/2025 13:15,6.28.1,0,349,0,2025-02-11 D,11/02/2025 13:16,None,0,507,467,1,0,34,0,0.030594117,0,6.28.1,None,0,507,0,269,0,140,4,0,0,0,0,13.692413793103448,0,4,0,38.906689655172414,0,0,0,29,0,0,0,0,0,0,0,0,0,0,None,0,0,0.342,0,0,0,39.52739655172414,1,0,11/02/2025 13:09,0,0,0
44,0,0,0,0,0,0,0,11/02/2025 13:16,0,1,0,0,14.059426229508198,0,0,0,626,40,2.2844262295081967,0,0,0,0.03045,1,0,0,0,31,0,0,0,Success,0,0,0,0,0,0,0,6.415278716,None,11/02/2025 13:26,6.28.1,0,324,0,2025-02-11 D,11/02/2025 13:27,None,0,89,673,1,0,34,0,0.042520583,0,6.28.1,None,0,657,568,285,0,140,5,0,0,0,0,14.059426229508198,0,15,0,40.269688524590165,0,0,0,28,0,0,0,0,0,0,0,0,0,0,None,0,0,0.357,0,0,0,40.279786885245905,1,0,11/02/2025 13:21,0,0,0
45,0,0,0,0,0,0,0,11/02/2025 13:27,0,1,0,0,14.329672131147541,0,0,0,822,40,2.0205409836065575,0,0,0,0.030242,1,0,0,0,0,0,0,0,Success,0,0,0,0,0,0,0,6.382585526,None,11/02/2025 13:40,6.28.1,0,306,0,2025-02-11 D,11/02/2025 13:41,None,0,0,800,1,0,34,0,0.076026311,0,6.28.1,None,0,822,822,258,0,140,4,0,0,0,0,14.329672131147541,0,24,0,40.26967213114754,0,0,0,27,0,0,0,0,0,0,0,0,0,0,None,0,0,0.317,0,0,0,38.17929508196721,1,0,11/02/2025 13:35,0,0,0
73,0,0,0,0,0,0,0,11/02/2025 13:41,0,1,0,0,14.267542372881355,0,0,0,614,40,2.3768644067796614,0,0,0,0.034387,1,0,0,0,0,0,0,0,Success,0,0,0,0,0,0,0,6.3208149,None,11/02/2025 13:50,6.28.1,0,312,0,2025-02-11 D,11/02/2025 13:51,None,0,0,557,1,0,63,0,0.036013887,0,6.28.1,None,0,614,614,232,0,140,4,0,0,0,0,14.267542372881355,0,27,0,40.16845762711864,0,0,0,28,0,0,0,0,0,0,0,0,0,0,None,0,0,0.339,0,0,0,38.05401694915254,1,0,11/02/2025 13:45,0,0,0
53,0,0,0,0,0,0,0,11/02/2025 14:23,0,1,0,0,14.413421052631579,0,0,0,597,40,2.7652807017543863,0,0,0,0.024,1,0,0,0,0,0,0,0,Success,0,0,0,0,0,0,0,6.351863821,None,11/02/2025 14:32,6.28.1,0,385,0,2025-02-11 D,11/02/2025 14:33,None,0,0,1870,1,0,43,0,0.034234486,0,6.28.1,None,0,597,597,327,0,140,5,0,0,0,0,14.413421052631579,0,27,0,40.16001754385965,0,0,0,28,0,0,0,0,0,0,0,0,0,0,None,0,0,0.293,0,0,0,39.261315789473684,1,0,11/02/2025 14:25,0,0,0
44,0,0,0,0,0,0,0,11/02/2025 14:33,0,1,0,0,14.643050847457628,0,0,0,485,41,1.9237118644067797,0,0,0,0.027596,1,0,0,0,0,0,0,0,Success,0,0,0,0,0,0,0,6.271848452,None,11/02/2025 14:40,6.28.1,0,323,0,2025-02-11 D,11/02/2025 14:41,None,0,0,461,1,0,34,0,0.086214848,0,6.28.1,None,0,485,485,272,0,140,4,0,0,0,0,14.643050847457628,0,29,0,40.48588136,0,0,0,28,0,0,0,0,0,0,0,0,0,0,None,0,0,0.338,0,0,0,36.67455932,1,0,11/02/2025 14:34,0,0,0
47,0,0,0,0,0,0,0,11/02/2025 14:50,0,2,0,0,14.18725,0,0,0,508,120,2.187,0,0,0,0.02965,1,0,0,0,0,0,0,0,Success,0,0,0,0,0,0,0,6.442985954,None,11/02/2025 14:57,6.28.1,0,333,0,2025-02-11 D,11/02/2025 14:59,None,0,134,474,1,0,37,0,0.029546573,0,6.28.1,None,0,564,430,281,0,140,4,0,0,0,0,14.18725,0,10,0,39.857499999999995,0,0,0,28,0,0,0,0,0,0,0,0,0,0,None,0,0,0.327,0,0,0,38.45946666666667,1,0,11/02/2025 14:51,0,0,0
45,0,0,0,0,0,0,0,11/02/2025 14:59,0,2,0,0,14.913145161290323,0,0,0,535,41,2.2920000000000003,0,0,0,0.026693,1,0,0,0,0,0,0,0,Success,0,0,0,0,0,0,0,6.587107484,None,11/02/2025 15:07,6.28.1,0,377,0,2025-02-11 D,11/02/2025 15:08,None,0,535,568,1,0,35,0,0.038897301,0,6.28.1,None,0,535,0,268,0,140,4,0,0,0,0,14.913145161290323,0,48,0,39.703967741935486,0,0,0,29,0,0,0,0,0,0,0,0,0,0,None,0,0,0.365,0,0,0,37.35687096774194,1,0,11/02/2025 15:01,0,0,0
46,0,0,0,0,0,0,0,11/02/2025 15:08,0,1,0,0,14.94095238095238,0,0,0,561,42,1.6624285714285716,0,0,0,0.023354,1,0,0,0,2,0,0,0,Success,0,0,0,0,0,0,0,6.548549381,None,11/02/2025 15:16,6.28.1,0,378,0,2025-02-11 D,11/02/2025 15:18,None,0,561,479,1,0,36,0,0.070235319,0,6.28.1,None,0,563,2,295,0,140,4,0,0,0,0,14.94095238095238,0,58,0,39.79506349206349,0,0,0,29,0,0,0,0,0,0,0,0,0,0,None,0,0,0.349,0,0,0,39.78257142857143,1,0,11/02/2025 15:10,0,0,0
45,0,0,0,0,0,0,0,11/02/2025 15:18,0,2,0,0,14.302741935483871,0,0,0,1011,41,1.8811290322580645,0,0,0,0.022711,1,0,0,0,568,0,0,0,Success,0,0,0,0,0,0,0,6.530392178,None,11/02/2025 15:44,6.28.1,0,855,0,2025-02-11 D,11/02/2025 15:54,None,0,1289,1571,1,0,35,2,0.102083299,0,6.28.1,None,0,2178,889,350,0,140,4,0,0,0,0,14.302741935483871,0,31,0,39.74566129032259,0,0,0,28,0,0,0,0,0,0,0,0,0,0,None,0,0,0.371,0,0,0,38.375,1,0,11/02/2025 15:30,0,0,0
45,0,0,0,0,0,0,0,11/02/2025 15:54,0,1,0,0,13.971048387096776,0,0,0,1049,41,1.9945645161290322,0,0,0,0.028363,1,0,0,0,48,0,0,0,Success,0,0,0,0,0,0,0,6.532070039,None,11/02/2025 16:03,6.28.1,0,390,0,2025-02-11 D,11/02/2025 16:12,None,0,0,1171,1,0,35,0,0.026683328,0,6.28.1,None,0,1097,1097,345,0,140,4,0,0,0,0,13.971048387096776,0,22,0,39.862870967741934,0,0,0,28,0,0,0,0,0,0,0,0,0,0,None,0,0,0.348,0,0,0,41.60969354838709,1,0,11/02/2025 15:56,0,0,0
45,0,0,0,0,0,0,0,11/02/2025 16:12,0,1,0,0,14.083770491803278,0,0,0,518,41,2.0995573770491807,0,0,0,0.027085,1,0,0,0,32,0,0,0,Success,0,0,0,0,0,0,0,6.646116234,None,11/02/2025 16:20,6.28.1,0,367,0,2025-02-11 D,11/02/2025 16:21,None,0,0,1037,1,0,35,0,0.083150466,0,6.28.1,None,0,550,550,324,0,140,5,0,0,0,0,14.083770491803278,0,21,0,40.29972131147541,0,0,0,28,0,0,0,0,0,0,0,0,0,0,None,0,0,0.379,0,0,0,39.12783606557377,1,0,11/02/2025 16:14,0,0,0
46,0,0,0,0,0,0,0,11/02/2025 16:21,0,1,0,0,14.142540983606558,0,0,0,758,40,2.496131147540984,0,0,0,0.034481,1,0,0,0,0,0,0,0,Success,0,0,0,0,0,0,0,6.545991903,None,11/02/2025 16:33,6.28.1,0,337,0,2025-02-11 D,11/02/2025 16:34,None,0,0,686,1,0,35,0,0.044721359,0,6.28.1,None,0,758,758,245,0,140,4,0,0,0,0,14.142540983606558,0,15,0,40.11450819672131,0,0,0,27,0,0,0,0,0,0,0,0,0,0,None,0,0,0.346,0,0,0,42.60911475409836,1,0,11/02/2025 16:27,0,0,0
45,0,0,0,0,0,0,0,11/02/2025 17:01,0,1,0,0,14.465499999999999,0,0,0,457,40,2.38955,0,0,0,0.032728,1,0,0,0,0,0,0,0,Success,0,0,0,0,0,0,0,6.42408725,None,11/02/2025 17:07,6.28.1,0,295,0,2025-02-11 D,11/02/2025 17:08,None,0,0,426,1,0,35,0,0.060406953,0,6.28.1,None,0,457,457,238,0,140,4,0,0,0,0,14.465499999999999,0,33,0,40.19958333333333,0,0,0,27,0,0,0,0,0,0,0,0,0,0,None,0,0,0.332,0,0,0,38.873450000000005,1,0,11/02/2025 17:02,0,0,0
77,0,0,0,0,0,0,0,11/02/2025 17:08,0,1,0,0,14.737377049180328,0,0,0,495,40,2.1978688524590164,0,0,0,0.030222,1,0,0,0,0,0,0,0,Success,0,0,0,0,0,0,0,6.485831404,None,11/02/2025 17:15,6.28.1,0,342,0,2025-02-11 D,11/02/2025 17:17,None,0,0,431,1,0,67,0,0.011045361,0,6.28.1,None,0,495,495,254,0,140,4,0,0,0,0,14.737377049180328,0,32,0,40.469868852459015,0,0,0,28,0,0,0,0,0,0,0,0,0,0,None,0,0,0.374,0,0,0,38.03216393442623,1,0,11/02/2025 17:10,0,0,0
45,0,0,0,0,0,0,0,11/02/2025 17:17,0,1,0,0,15.526475409836065,0,0,0,443,40,2.7934262295081966,0,0,0,0.037443,1,0,0,0,0,0,0,0,Success,0,0,0,0,0,0,0,6.519727678,None,11/02/2025 17:23,6.28.1,0,277,0,2025-02-11 D,11/02/2025 17:24,None,0,0,454,1,0,35,0,0.049396356,0,6.28.1,None,0,443,443,233,0,140,4,0,0,0,0,15.526475409836065,0,18,0,39.666803278688526,0,0,0,27,0,0,0,0,0,0,0,0,0,0,None,0,0,0.369,0,0,0,38.89109836065574,1,0,11/02/2025 17:18,0,0,0
49,0,0,0,0,0,0,0,11/02/2025 17:24,0,1,0,0,16.812631578947368,0,0,0,388,40,3.941298245614035,0,0,0,0.047894,1,0,0,0,0,0,0,0,Success,0,0,0,0,0,0,0,6.447785821,None,11/02/2025 17:29,6.28.1,0,232,0,2025-02-11 D,11/02/2025 17:31,None,0,0,371,1,0,39,0,0.018973666,0,6.28.1,None,0,388,388,190,0,140,6,0,0,0,0,16.812631578947368,0,16,0,39.377947368421054,0,0,0,28,0,0,0,0,0,0,0,0,0,0,None,0,0,0.311,0,0,0,37.87684210526316,1,0,11/02/2025 17:25,0,0,0
44,0,0,0,0,0,0,0,11/02/2025 17:31,0,2,0,0,17.926,0,0,0,913,40,2.95865,0,0,0,0.036098,1,0,0,0,0,0,0,0,Success,0,0,0,0,0,0,0,6.429314427,None,11/02/2025 17:44,6.28.1,0,286,0,2025-02-11 D,11/02/2025 17:46,None,0,0,890,1,0,34,0,0.065253352,0,6.28.1,None,0,913,913,216,0,140,6,0,0,0,0,17.926,0,19,0,39.52978333333333,0,0,0,28,0,0,0,0,0,0,0,0,0,0,None,0,0,0.341,0,0,0,38.85005,1,0,11/02/2025 17:40,0,0,0
44,0,0,0,0,0,0,0,11/02/2025 17:46,0,1,0,0,18.268474576271185,0,0,0,956,40,3.054576271186441,0,0,0,0.039896,1,0,0,0,0,0,0,0,Success,0,0,0,0,0,0,0,6.448166639,None,11/02/2025 18:00,6.28.1,0,270,0,2025-02-11 D,11/02/2025 18:02,None,0,0,926,1,0,34,0,0.032756678,0,6.28.1,None,0,956,956,208,0,140,6,0,0,0,0,18.268474576271185,0,19,0,39.93769491525424,0,0,0,28,0,0,0,0,0,0,0,0,0,0,None,0,0,0.345,0,0,0,38.49959322033899,1,0,11/02/2025 17:56,0,0,0
10,0,0,0,0,0,0,0,11/02/2025 18:02,0,0,0,0,16.81186046511628,0,0,177854,973,41,0.7453255813953489,0,0,0,0.006926,0,0,0,0,898,0,0,0,Success,0,0,0,0,0,0,0,4.409036856,None,13/02/2025 20:19,6.28.1,0,765,0,2025-02-13 N,13/02/2025 20:20,None,0,178469,0,1,0,0,781,-10000,0,6.28.1,None,0,181121,2652,782,0,140,12,0,0,0,0,16.81186046511628,0,0,0,40.47202325581395,0,0,0,26,0,0,0,0,0,0,0,0,0,0,None,0,0,-10000,0,0,0,43.51144186046511,1,0,13/02/2025 20:06,0,0,1
0,0,0,0,0,0,0,0,13/02/2025 20:20,0,0,0,0,17.037499999999998,0,0,1665,117,6393,1.399,0,0,0,0,0,0,0,0,823,0,0,0,Fail,0,0,0,0,0,0,0,0.703302211,None,13/02/2025 20:24,6.28.1,0,35,0,2025-02-13 N,13/02/2025 22:38,None,0,2137,0,1,0,0,5188,0.042720019,0,6.28.1,None,0,8265,6128,50,0,140,5,0,0,0,0,17.037499999999998,0,0,0,40.73683333333333,0,0,0,0,0,0,0,0,0,0,0,0,0,0,None,0,0,-3.609,0,0,0,38.306999999999995,0,0,13/02/2025 20:23,0,0,1
36,0,0,0,0,0,0,0,13/02/2025 22:38,0,3,0,0,18.360697674418603,0,0,9956,1112,39,0.9440232558139535,0,0,0,0.006373,1,0,0,0,225,0,0,0,Success,0,0,0,0,0,0,0,4.429239664,None,14/02/2025 01:47,6.28.1,0,890,0,2025-02-13 N,14/02/2025 01:48,None,0,9956,200623,1,0,26,99,-10000,0,6.28.1,None,0,11392,1436,666,0,140,20,0,0,0,0,18.360697674418603,0,168,0,41.716,0,0,0,26,0,0,0,0,0,0,0,0,0,0,None,0,0,-10000,0,0,0,42.779906976744186,1,0,14/02/2025 01:32,0,0,1
39,0,0,0,0,0,0,0,14/02/2025 01:48,0,8,0,0,18.197790697674417,0,0,0,1144,39,1.0982790697674418,0,0,0,0.007731,1,0,0,0,2099,0,0,0,Success,0,0,0,0,0,0,0,4.454722214,None,14/02/2025 02:40,6.28.1,0,3023,0,2025-02-13 N,14/02/2025 02:42,None,0,0,2986,1,0,29,0,0.023769728,0,6.28.1,None,0,3243,3243,514,0,140,5,0,0,0,0,18.197790697674417,0,248,0,42.583465116279065,0,0,0,27,0,0,0,0,0,0,0,0,0,0,None,0,0,0.32,0,0,0,41.94432558139535,1,0,14/02/2025 01:50,0,0,1
39,0,0,0,0,0,0,0,14/02/2025 02:54,0,8,0,0,18.372558139534885,0,0,0,1140,38,0.8382093023255813,0,0,0,0.008975,1,0,0,0,237,0,0,0,Success,0,0,0,0,0,0,0,4.460331826,None,14/02/2025 03:15,6.28.1,0,971,0,2025-02-13 N,14/02/2025 03:17,None,0,0,1152,1,0,28,0,0.091400219,0,6.28.1,None,0,1377,1377,329,0,140,5,0,0,0,0,18.372558139534885,0,175,0,40.60174418604651,0,0,0,25,0,0,0,0,0,0,0,0,0,0,None,0,0,0.322,0,0,0,44.716488372093025,1,0,14/02/2025 02:59,0,0,1
39,0,0,0,0,0,0,0,14/02/2025 03:17,0,9,0,0,19.60375,0,0,0,1502,38,1.4030833333333332,0,0,0,0.006547,1,0,0,0,162,0,0,0,Success,0,0,0,0,0,0,0,4.599610962,None,14/02/2025 03:46,6.28.1,0,1616,0,2025-02-13 N,14/02/2025 03:49,None,0,275,1620,1,0,29,0,0.05481788,0,6.28.1,None,0,1939,1664,501,0,140,5,0,0,0,0,19.60375,0,253,0,40.451,0,0,0,25,0,0,0,0,0,0,0,0,0,0,None,0,0,0.321,0,0,0,39.74216666666667,1,0,14/02/2025 03:19,0,0,0
39,0,0,0,0,0,0,0,14/02/2025 03:49,0,6,0,0,20.40306818181818,0,0,0,855,39,0.9957045454545455,0,0,0,0.009686,1,0,0,0,73,0,0,0,Success,0,0,0,0,0,0,0,4.521110041,None,14/02/2025 04:02,6.28.1,0,600,0,2025-02-13 N,14/02/2025 04:05,None,0,0,731,1,0,29,0,0.109252003,0,6.28.1,None,0,928,928,252,0,140,6,0,0,0,0,20.40306818181818,0,206,0,42.28638636363637,0,0,0,26,0,0,0,0,0,0,0,0,0,0,None,0,0,0.361,0,0,0,42.677113636363636,1,0,14/02/2025 03:52,0,0,1
43,0,0,0,0,0,0,0,14/02/2025 04:05,0,7,0,0,20.135795454545455,0,0,0,992,38,0.8599318181818181,0,0,0,0.008529,1,0,0,0,175,0,0,0,Success,0,0,0,0,0,0,0,4.577298548,None,14/02/2025 04:22,6.28.1,0,685,0,2025-02-13 N,14/02/2025 04:24,None,0,0,940,1,0,33,0,0.044911023,0,6.28.1,None,0,1167,1167,238,0,140,7,0,0,0,0,20.135795454545455,0,295,0,42.96722727272727,0,0,0,26,0,0,0,0,0,0,0,0,0,0,None,0,0,0.313,0,0,0,41.67736363636364,1,0,14/02/2025 04:11,0,0,0
56,0,0,0,0,0,0,0,14/02/2025 04:24,0,2,0,0,18.373255813953488,0,0,0,601,39,1.3556046511627906,0,0,0,0.015824,1,0,0,0,246,0,0,0,Success,0,0,0,0,0,0,0,4.524004642,None,14/02/2025 04:35,6.28.1,0,365,0,2025-02-13 N,14/02/2025 04:38,None,0,0,627,1,0,46,0,0.386182599,0,6.28.1,None,0,847,847,161,0,140,6,0,0,0,0,18.373255813953488,0,140,0,43.58234884,0,0,0,27,0,0,0,0,0,0,0,0,0,0,None,0,0,0.326,0,0,0,38.84006976744186,1,0,14/02/2025 04:29,0,0,1
40,0,0,0,0,0,0,0,14/02/2025 04:38,0,8,0,0,18.69340909090909,0,0,0,1140,38,0.7652727272727272,0,0,0,0.008175,1,0,0,0,50,0,0,0,Success,0,0,0,0,0,0,0,4.559622024,None,14/02/2025 04:57,6.28.1,0,979,0,2025-02-13 N,14/02/2025 04:58,None,0,0,985,1,0,30,0,0.026172505,0,6.28.1,None,0,1190,1190,258,0,140,5,0,0,0,0,18.69340909090909,0,288,0,41.57325,0,0,0,25,0,0,0,0,0,0,0,0,0,0,None,0,0,0.321,0,0,0,45.20611363636363,1,0,14/02/2025 04:41,0,0,0
45,0,0,0,0,0,0,0,14/02/2025 04:58,0,2,0,0,18.565357142857142,0,0,0,638,40,1.7770952380952383,0,0,0,0.013288,1,0,0,0,152,0,0,0,Success,0,0,0,0,0,0,0,4.474774296,None,14/02/2025 05:10,6.28.1,0,478,0,2025-02-13 N,14/02/2025 05:11,None,0,0,685,1,0,35,0,0.041436699,0,6.28.1,None,0,790,790,239,0,140,6,0,0,0,0,18.565357142857142,0,134,0,42.83592857142857,0,0,0,27,0,0,0,0,0,0,0,0,0,0,None,0,0,0.301,0,0,0,42.296,1,0,14/02/2025 05:02,0,0,1
0,0,0,0,0,0,0,0,14/02/2025 06:08,0,0,0,0,23.826428571428572,0,0,0,0,448,1.3072619047619047,0,0,0,0.012781,0,0,0,0,1622,0,0,0,Success,0,0,0,0,0,0,0,4.402420357,None,14/02/2025 06:28,6.28.1,0,761,0,2025-02-14 D,14/02/2025 06:35,None,0,0,0,1,0,0,0,0.173948269,0,6.28.1,None,0,1622,1622,0,0,140,4,0,0,0,0,23.826428571428572,0,0,0,42.79569047619048,0,0,0,0,0,0,0,0,0,0,0,0,0,0,None,0,0,0.309,0,0,0,43.48771428571428,1,0,14/02/2025 06:15,0,0,1
0,0,0,0,0,0,0,0,14/02/2025 06:35,0,0,0,0,19.637999999999998,0,0,0,0,1066,1.245525,0,0,0,0.012861,0,0,0,0,1936,0,0,0,Success,0,0,0,0,0,0,0,4.179032544,None,14/02/2025 06:50,6.28.1,0,618,0,2025-02-14 D,14/02/2025 07:08,None,0,0,0,1,0,0,0,0.06661081,0,6.28.1,None,0,1936,1936,0,0,140,17,0,0,0,0,19.637999999999998,0,0,0,40.7427,0,0,0,0,0,0,0,0,0,0,0,0,0,0,None,0,0,0.317,0,0,0,46.832825,1,0,14/02/2025 06:39,0,0,1
0,0,0,0,0,0,0,0,14/02/2025 07:08,0,0,0,0,21.47025,0,0,0,0,122,1.0263,0,0,0,0.013858,0,0,0,0,795,0,0,0,Success,0,0,0,0,0,0,0,4.185063679,None,14/02/2025 07:19,6.28.1,0,437,0,2025-02-14 D,14/02/2025 07:21,None,0,0,0,1,0,0,0,0.062968246,0,6.28.1,None,0,795,795,0,0,140,7,0,0,0,0,21.47025,0,0,0,42.15065,0,0,0,0,0,0,0,0,0,0,0,0,0,0,None,0,0,0.323,0,0,0,46.6351,1,0,14/02/2025 07:11,0,0,1
0,0,0,0,0,0,0,0,14/02/2025 07:21,0,0,0,0,19.265581395348836,0,0,0,2,110,1.459534884,0,0,0,0.015251,0,0,0,0,1234,0,0,0,Success,0,0,0,0,0,0,0,4.505168032,None,14/02/2025 07:46,6.28.1,0,575,0,2025-02-14 D,14/02/2025 07:48,None,0,377,0,1,0,0,0,0.13806158,0,6.28.1,None,0,1613,1236,0,0,140,22,0,0,0,0,19.265581395348836,0,0,0,38.52606976744186,0,0,0,0,0,0,0,0,0,0,0,0,0,0,None,0,0,0.337,0,0,0,47.752,1,0,14/02/2025 07:36,0,0,1
0,0,0,0,0,0,0,0,14/02/2025 08:19,0,0,0,0,16.66875,0,0,0,0,76,0.854375,0,0,0,0.007127,0,0,0,0,1413,0,0,0,Success,0,0,0,0,0,0,0,4.50208896,None,14/02/2025 08:47,6.28.1,0,1415,0,2025-02-14 D,14/02/2025 08:48,None,0,318,0,1,0,0,0,0.064195016,0,6.28.1,None,0,1731,1413,0,0,140,4,0,0,0,0,16.66875,0,0,0,40.821625,0,0,0,0,0,0,0,0,0,0,0,0,0,0,None,0,0,0.336,0,0,0,45.61025,1,0,14/02/2025 08:23,0,0,1
0,0,0,0,0,0,0,0,14/02/2025 09:06,0,0,0,0,17.493837209302328,0,0,0,0,45,0.5665581395348837,0,0,0,0.005774,0,0,0,0,2213,0,0,0,Success,0,0,0,0,0,0,0,4.425076158,None,14/02/2025 09:42,6.28.1,0,1318,0,2025-02-14 D,14/02/2025 09:43,None,0,0,0,1,0,0,0,0.131244048,0,6.28.1,None,0,2213,2213,0,0,140,15,0,0,0,0,17.493837209302328,0,0,0,41.355744186046515,0,0,0,0,0,0,0,0,0,0,0,0,0,0,None,0,0,0.352,0,0,0,43.29988372093023,1,0,14/02/2025 09:20,0,0,1
0,0,0,0,0,0,0,0,14/02/2025 09:43,0,0,0,0,21.046666666666667,0,0,0,0,62,0.9042666666666667,0,0,0,0.010533,0,0,0,0,849,0,0,0,Success,0,0,0,0,0,0,0,4.636921069,None,14/02/2025 09:56,6.28.1,0,648,0,2025-02-14 D,14/02/2025 09:57,None,0,0,0,1,0,0,0,0.086539009,0,6.28.1,None,0,849,849,0,0,140,5,0,0,0,0,21.046666666666667,0,0,0,42.49768888888889,0,0,0,0,0,0,0,0,0,0,0,0,0,0,None,0,0,0.343,0,0,0,43.14306666666667,1,0,14/02/2025 09:45,0,0,1
63,0,0,0,0,0,0,0,14/02/2025 09:57,0,6,0,0,18.320581395348835,0,0,0,1150,38,0.7655813953488373,0,0,0,0.009285,2,0,0,0,266,0,0,0,Success,0,0,0,0,0,0,0,4.450954954,None,14/02/2025 10:20,6.28.1,0,682,0,2025-02-14 D,14/02/2025 10:21,None,0,0,18472,1,0,53,0,0.017888544,0,6.28.1,None,0,1416,1416,375,0,140,6,0,0,0,0,18.320581395348835,0,121,0,41.366116279069765,0,0,0,25,0,0,0,0,0,0,0,0,0,0,None,0,0,0.299,0,0,0,46.030906976744184,1,0,14/02/2025 10:09,0,0,0
65,0,0,0,0,0,0,0,14/02/2025 10:21,0,7,0,0,19.221976744186044,0,0,0,819,38,0.8113255813953488,0,0,0,0.010426,2,0,0,0,0,0,0,0,Success,0,0,0,0,0,0,0,4.429495005,None,14/02/2025 10:34,6.28.1,0,668,0,2025-02-14 D,14/02/2025 10:35,None,0,0,644,1,0,55,0,0.015620499,0,6.28.1,None,0,819,819,293,0,140,6,0,0,0,0,19.221976744186044,0,134,0,41.03972093023256,0,0,0,26,0,0,0,0,0,0,0,0,0,0,None,0,0,0.32,0,0,0,46.14832558139535,1,0,14/02/2025 10:22,0,0,0
62,0,0,0,0,0,0,0,14/02/2025 10:35,0,3,0,0,19.096071428571427,0,0,0,666,38,1.0077380952380952,0,0,0,0.014248,2,0,0,0,0,0,0,0,Success,0,0,0,0,0,0,0,4.372716547,None,14/02/2025 10:45,6.28.1,0,448,0,2025-02-14 D,14/02/2025 10:46,None,0,0,599,1,0,52,0,0.037854986,0,6.28.1,None,0,666,666,327,0,140,6,0,0,0,0,19.096071428571427,0,106,0,40.812666666666665,0,0,0,26,0,0,0,0,0,0,0,0,0,0,None,0,0,0.207,0,0,0,40.05640476190476,1,0,14/02/2025 10:37,0,0,0
60,0,0,0,0,0,0,0,14/02/2025 10:46,0,2,0,0,18.76964285714286,0,0,0,601,39,1.1008571428571428,0,0,0,0.0137,2,0,0,0,0,0,0,0,Success,0,0,0,0,0,0,0,4.350994829,None,14/02/2025 10:54,6.28.1,0,425,0,2025-02-14 D,14/02/2025 10:56,None,0,0,457,1,0,50,0,0.006082763,0,6.28.1,None,0,601,601,231,0,140,8,0,0,0,0,18.76964285714286,0,135,0,42.10757142857143,0,0,0,26,0,0,0,0,0,0,0,0,0,0,None,0,0,0.262,0,0,0,39.616285714285716,1,0,14/02/2025 10:47,0,0,0
60,0,0,0,0,0,0,0,14/02/2025 10:56,0,6,0,0,19.88825581395349,0,0,0,789,39,0.9243255813953489,0,0,0,0.011141,2,0,0,0,117,0,0,0,Success,0,0,0,0,0,0,0,4.420043665,None,14/02/2025 11:10,6.28.1,0,721,0,2025-02-14 D,14/02/2025 11:11,None,0,0,746,1,0,50,0,0.017117243,0,6.28.1,None,0,906,906,302,0,140,5,0,0,0,0,19.88825581395349,0,166,0,41.02227906976744,0,0,0,26,0,0,0,0,0,0,0,0,0,0,None,0,0,0.244,0,0,0,43.26144186046511,1,0,14/02/2025 10:58,0,0,0
32,0,0,0,0,0,0,0,14/02/2025 11:11,0,6,0,0,19.816022727272728,0,0,112897,902,133,0.8526363636363636,0,0,0,0.010255,2,0,0,0,1897,0,0,0,Success,0,0,0,0,0,0,0,4.562343038,None,15/02/2025 22:01,6.28.1,0,611,0,2025-02-15 N,15/02/2025 22:06,None,0,117518,125364,1,0,32,5393,-10000,0,6.28.1,None,0,125710,8192,303,0,140,8,0,0,0,0,19.816022727272728,0,145,0,40.963409090909096,0,0,0,0,0,0,0,0,0,0,0,0,0,0,None,0,0,-10000,0,0,0,44.92102272727273,1,0,15/02/2025 21:51,0,0,0
60,0,0,0,0,0,0,0,15/02/2025 22:06,0,1,0,0,21.778666666666666,0,0,1112,514,40,1.623688888888889,0,0,0,0.020274,2,0,0,0,13,0,0,0,Success,0,0,0,0,0,0,0,4.658524337,None,15/02/2025 22:34,6.28.1,0,342,0,2025-02-15 N,15/02/2025 22:35,None,0,1234,1896,1,0,50,0,0.010049876,0,6.28.1,None,0,1761,527,228,0,140,6,0,0,0,0,21.778666666666666,0,75,0,43.53235555555556,0,0,0,27,0,0,0,0,0,0,0,0,0,0,None,0,0,0.258,0,0,0,45.54737777777778,1,0,15/02/2025 22:29,0,0,0
67,0,0,0,0,0,0,0,15/02/2025 22:35,0,1,0,0,20.311,0,0,0,447,40,1.4817777777777776,0,0,0,0.022711,2,0,0,0,0,0,0,0,Success,0,0,0,0,0,0,0,4.664567075,None,15/02/2025 22:42,6.28.1,0,278,0,2025-02-15 N,15/02/2025 22:43,None,0,0,332,1,0,57,0,0.017,0,6.28.1,None,0,447,447,130,0,140,9,0,0,0,0,20.311,0,106,0,43.93275555555555,0,0,0,28,0,0,0,0,0,0,0,0,0,0,None,0,0,0.296,0,0,0,44.955488888888894,1,0,15/02/2025 22:37,0,0,0
67,0,0,0,0,0,0,0,15/02/2025 22:43,0,1,0,0,20.45,0,0,0,435,40,1.5190666666666668,0,0,0,0.023522,2,0,0,0,0,0,0,0,Success,0,0,0,0,0,0,0,4.674605117,None,15/02/2025 22:49,6.28.1,0,273,0,2025-02-15 N,15/02/2025 22:50,None,0,0,339,1,0,57,0,0.022203603,0,6.28.1,None,0,435,435,127,0,140,6,0,0,0,0,20.45,0,99,0,43.67728888888889,0,0,0,27,0,0,0,0,0,0,0,0,0,0,None,0,0,0.226,0,0,0,45.876355555555556,1,0,15/02/2025 22:44,0,0,0
67,0,0,0,0,0,0,0,15/02/2025 22:50,0,1,0,0,20.092,0,0,0,421,40,1.5709333333333335,0,0,0,0.02428,2,0,0,0,0,0,0,0,Success,0,0,0,0,0,0,0,4.723697175,None,15/02/2025 22:56,6.28.1,0,265,0,2025-02-15 N,15/02/2025 22:57,None,0,0,325,1,0,57,0,0.034885528,0,6.28.1,None,0,421,421,121,0,140,5,0,0,0,0,20.092,0,98,0,43.59717777777778,0,0,0,27,0,0,0,0,0,0,0,0,0,0,None,0,0,0.253,0,0,0,45.49171111111111,1,0,15/02/2025 22:52,0,0,0
68,0,0,0,0,0,0,0,15/02/2025 22:57,0,1,0,0,20.348181818181818,0,0,0,656,340,1.6722045454545453,0,0,0,0.023944,2,0,0,0,82,0,0,0,Success,0,0,0,0,0,0,0,4.664963987,None,15/02/2025 23:03,6.28.1,0,267,0,2025-02-15 N,15/02/2025 23:09,None,0,0,326,1,0,58,0,0.017117243,0,6.28.1,None,0,738,738,116,0,165,6,0,0,0,0,20.348181818181818,0,104,0,43.68204545454545,0,0,0,27,0,0,0,0,0,0,0,0,0,0,None,0,0,0.221,0,0,0,44.49675,1,0,15/02/2025 22:59,0,0,0
37,0,0,0,0,0,0,0,15/02/2025 23:09,0,1,0,0,20.200666666666667,0,0,0,817,451,1.586666666666667,0,0,0,0.023338,2,0,0,0,0,0,0,0,Success,0,0,0,0,0,0,0,4.637700508,None,15/02/2025 23:15,6.28.1,0,247,0,2025-02-15 N,15/02/2025 23:23,None,0,0,634,1,0,37,0,0.025179357,0,6.28.1,None,0,817,817,121,0,165,6,0,0,0,0,20.200666666666667,0,102,0,43.952311111111115,0,0,0,13,0,0,0,0,0,0,0,0,0,0,None,0,0,0.211,0,0,0,45.989466666666665,1,0,15/02/2025 23:11,0,0,0
70,0,0,0,0,0,0,0,15/02/2025 23:30,0,1,0,0,20.366739130434784,0,0,0,428,41,1.6638260869565218,0,0,0,0.025619,2,0,0,0,0,0,0,0,Success,0,0,0,0,0,0,0,4.886730707,None,15/02/2025 23:36,6.28.1,0,267,0,2025-02-15 N,15/02/2025 23:37,None,0,0,324,1,0,60,0,0.027784887,0,6.28.1,None,0,428,428,119,0,165,6,0,0,0,0,20.366739130434784,0,100,0,43.523760869565216,0,0,0,28,0,0,0,0,0,0,0,0,0,0,None,0,0,0.222,0,0,0,46.22710869565218,1,0,15/02/2025 23:31,0,0,0
72,0,0,0,0,0,0,0,15/02/2025 23:37,0,1,0,0,20.318936170212766,0,0,0,434,41,1.671319149,0,0,0,0,2,0,0,0,0,0,0,0,Success,0,0,0,0,0,0,0,4.952674025,None,15/02/2025 23:43,6.28.1,0,272,0,2025-02-15 N,15/02/2025 23:44,None,0,0,320,1,0,62,0,0.06363961,0,6.28.1,None,0,434,434,113,0,165,6,0,0,0,0,20.318936170212766,0,109,0,44.04276595744681,0,0,0,28,0,0,0,0,0,0,0,0,0,0,None,0,0,0.198,0,0,0,45.43348936170212,1,0,15/02/2025 23:39,0,0,0
70,0,0,0,0,0,0,0,15/02/2025 23:44,0,1,0,0,20.33872340425532,0,0,0,422,41,1.630531914893617,0,0,0,0.025114,2,0,0,0,0,0,0,0,Success,0,0,0,0,0,0,0,4.947665611,None,15/02/2025 23:50,6.28.1,0,270,0,2025-02-15 N,15/02/2025 23:51,None,0,0,325,1,0,60,0,0.031622776,0,6.28.1,None,0,422,422,115,0,165,6,0,0,0,0,20.33872340425532,0,107,0,43.94806382978724,0,0,0,28,0,0,0,0,0,0,0,0,0,0,None,0,0,0.241,0,0,0,46.157,1,0,15/02/2025 23:46,0,0,0
69,0,0,0,0,0,0,0,15/02/2025 23:51,0,1,0,0,20.38978723404255,0,0,0,431,40,1.6143191489361703,0,0,0,0.024776,2,0,0,0,339,0,0,0,Success,0,0,0,0,0,0,0,4.936533298,None,15/02/2025 23:57,6.28.1,0,273,0,2025-02-15 N,16/02/2025 00:04,None,0,0,315,1,0,59,0,0.055036352,0,6.28.1,None,0,770,770,119,0,165,6,0,0,0,0,20.38978723404255,0,107,0,43.880957446808516,0,0,0,27,0,0,0,0,0,0,0,0,0,0,None,0,0,0.234,0,0,0,45.355,1,0,15/02/2025 23:53,0,0,0
70,0,0,0,0,0,0,0,16/02/2025 00:04,0,1,0,0,20.1640625,0,0,0,506,40,1.3319583333333334,0,0,0,0.020877,2,0,0,0,0,0,0,0,Success,0,0,0,0,0,0,0,4.976635912,None,16/02/2025 00:11,6.28.1,0,315,0,2025-02-15 N,16/02/2025 00:13,None,0,0,700,1,0,60,0,0.039849717,0,6.28.1,None,0,506,506,126,0,165,6,0,0,0,0,20.1640625,0,141,0,43.59977083333334,0,0,0,27,0,0,0,0,0,0,0,0,0,0,None,0,0,0.261,0,0,0,45.844479166666666,1,0,16/02/2025 00:06,0,0,0
70,0,0,0,0,0,0,0,16/02/2025 00:38,0,1,0,0,20.285625,0,0,0,460,40,1.4597916666666666,0,0,0,0.023174,2,0,0,0,0,0,0,0,Success,0,0,0,0,0,0,0,4.989571825,None,16/02/2025 00:44,6.28.1,0,292,0,2025-02-15 N,16/02/2025 00:45,None,0,460,333,1,0,60,0,0.045617979,0,6.28.1,None,0,460,0,113,0,165,6,0,0,0,0,20.285625,0,129,0,43.74633333333333,0,0,0,27,0,0,0,0,0,0,0,0,0,0,None,0,0,0.22,0,0,0,45.25858333333333,1,0,16/02/2025 00:39,0,0,0
70,0,0,0,0,0,0,0,16/02/2025 00:45,0,1,0,0,20.205,0,0,0,471,41,1.3954081632653061,0,0,0,0.021958,2,0,0,0,0,0,0,0,Success,0,0,0,0,0,0,0,5.108797314,None,16/02/2025 00:52,6.28.1,0,306,0,2025-02-15 N,16/02/2025 00:53,None,0,471,328,1,0,60,0,0.052201532,0,6.28.1,None,0,471,0,117,0,165,5,0,0,0,0,20.205,0,140,0,43.83177551020408,0,0,0,28,0,0,0,0,0,0,0,0,0,0,None,0,0,0.23,0,0,0,46.71812244897959,1,0,16/02/2025 00:47,0,0,0
71,0,0,0,0,0,0,0,16/02/2025 00:53,0,1,0,0,20.154374999999998,0,0,0,476,40,1.4477291666666667,0,0,0,0.021516,2,0,0,0,0,0,0,0,Success,0,0,0,0,0,0,0,5.008706021,None,16/02/2025 01:00,6.28.1,0,308,0,2025-02-15 N,16/02/2025 01:01,None,0,476,334,1,0,61,0,0.041231056,0,6.28.1,None,0,476,0,115,0,165,6,0,0,0,0,20.154374999999998,0,143,0,43.56070833333334,0,0,0,27,0,0,0,0,0,0,0,0,0,0,None,0,0,0.243,0,0,0,46.70960416666667,1,0,16/02/2025 00:55,0,0,0
72,0,0,0,0,0,0,0,16/02/2025 01:01,0,1,0,0,19.984375,0,0,0,468,40,1.5010208333333335,0,0,0,0.023435,2,0,0,0,10,0,0,0,Success,0,0,0,0,0,0,0,5.038580455,None,16/02/2025 01:19,6.28.1,0,292,0,2025-02-15 N,16/02/2025 01:20,None,0,1127,1014,1,0,62,0,0.061,0,6.28.1,None,0,1137,10,118,0,165,7,0,0,0,0,19.984375,0,126,0,43.034979166666666,0,0,0,27,0,0,0,0,0,0,0,0,0,0,None,0,0,0.263,0,0,0,46.263354166666666,1,0,16/02/2025 01:14,0,0,0
71,0,0,0,0,0,0,0,16/02/2025 01:20,0,1,0,0,20.048125,0,0,0,439,41,1.5901666666666667,0,0,0,0.024345,2,0,0,0,0,0,0,0,Success,0,0,0,0,0,0,0,5.019120341,None,16/02/2025 01:26,6.28.1,0,277,0,2025-02-15 N,16/02/2025 01:28,None,0,439,325,1,0,61,0,0.026925825,0,6.28.1,None,0,439,0,112,0,165,6,0,0,0,0,20.048125,0,116,0,43.27110416666667,0,0,0,28,0,0,0,0,0,0,0,0,0,0,None,0,0,0.242,0,0,0,44.91129166666667,1,0,16/02/2025 01:22,0,0,0
70,0,0,0,0,0,0,0,16/02/2025 01:28,0,1,0,0,20.154255319148938,0,0,0,459,40,1.4126382978723406,0,0,0,0.021925,2,0,0,0,0,0,0,0,Success,0,0,0,0,0,0,0,4.868072514,None,16/02/2025 01:34,6.28.1,0,296,0,2025-02-15 N,16/02/2025 01:35,None,0,459,338,1,0,60,0,0.049193496,0,6.28.1,None,0,459,0,127,0,165,6,0,0,0,0,20.154255319148938,0,120,0,42.633446808510634,0,0,0,27,0,0,0,0,0,0,0,0,0,0,None,0,0,0.235,0,0,0,44.71782978723404,1,0,16/02/2025 01:29,0,0,0
70,0,0,0,0,0,0,0,16/02/2025 01:35,0,1,0,0,19.739347826086956,0,0,0,437,40,1.4851304347826086,0,0,0,0.022767,2,0,0,0,0,0,0,0,Success,0,0,0,0,0,0,0,4.738503139,None,16/02/2025 01:41,6.28.1,0,278,0,2025-02-15 N,16/02/2025 01:42,None,0,437,328,1,0,60,0,0.052497619,0,6.28.1,None,0,437,0,118,0,165,6,0,0,0,0,19.739347826086956,0,113,0,43.05834782608696,0,0,0,27,0,0,0,0,0,0,0,0,0,0,None,0,0,0.254,0,0,0,43.545456521739126,1,0,16/02/2025 01:37,0,0,0
68,0,0,0,0,0,0,0,16/02/2025 01:42,0,1,0,0,19.769021739130434,0,0,0,443,40,1.4807826086956521,0,0,0,0.022664,2,0,0,0,0,0,0,0,Success,0,0,0,0,0,0,0,4.754616073,None,16/02/2025 01:49,6.28.1,0,283,0,2025-02-15 N,16/02/2025 01:50,None,0,443,328,1,0,58,0,0.045122057,0,6.28.1,None,0,443,0,119,0,165,6,0,0,0,0,19.769021739130434,0,117,0,42.842565217391304,0,0,0,27,0,0,0,0,0,0,0,0,0,0,None,0,0,0.25,0,0,0,42.78560869565217,1,0,16/02/2025 01:44,0,0,0
69,0,0,0,0,0,0,0,16/02/2025 01:50,0,1,0,0,20.567333333333334,0,0,0,455,40,1.4002000000000001,0,0,0,0.021457,2,0,0,0,0,0,0,0,Success,0,0,0,0,0,0,0,4.693972944,None,16/02/2025 01:56,6.28.1,0,292,0,2025-02-15 N,16/02/2025 01:57,None,0,455,333,1,0,59,0,0.025179357,0,6.28.1,None,0,455,0,127,0,165,6,0,0,0,0,20.567333333333334,0,116,0,43.87806666666666,0,0,0,27,0,0,0,0,0,0,0,0,0,0,None,0,0,0.231,0,0,0,45.03651111111111,1,0,16/02/2025 01:51,0,0,0
69,0,0,0,0,0,0,0,16/02/2025 01:57,0,1,0,0,20.084666666666667,0,0,0,445,40,1.4040666666666666,0,0,0,0.021905,2,0,0,0,0,0,0,0,Success,0,0,0,0,0,0,0,4.686933859,None,16/02/2025 02:04,6.28.1,0,286,0,2025-02-15 N,16/02/2025 02:05,None,0,445,325,1,0,59,0,0.007615772,0,6.28.1,None,0,445,0,119,0,165,6,0,0,0,0,20.084666666666667,0,119,0,43.641244444444446,0,0,0,27,0,0,0,0,0,0,0,0,0,0,None,0,0,0.249,0,0,0,44.111444444444444,1,0,16/02/2025 01:59,0,0,0
68,0,0,0,0,0,0,0,16/02/2025 02:05,0,1,0,0,20.14033333333333,0,0,0,580,40,1.7442000000000002,0,0,0,0.02535,2,0,0,0,0,0,0,0,Success,0,0,0,0,0,0,0,4.678631958,None,16/02/2025 02:13,6.28.1,0,257,0,2025-02-15 N,16/02/2025 02:15,None,0,580,481,1,0,58,0,0.070092796,0,6.28.1,None,0,580,0,108,0,165,5,0,0,0,0,20.14033333333333,0,101,0,43.739355555555555,0,0,0,27,0,0,0,0,0,0,0,0,0,0,None,0,0,0.234,0,0,0,44.68611111111111,1,0,16/02/2025 02:09,0,0,0
68,0,0,0,0,0,0,0,16/02/2025 02:15,0,1,0,0,19.598,0,0,0,463,40,1.5792,0,0,0,0.023417,2,0,0,0,0,0,0,0,Success,0,0,0,0,0,0,0,4.653483319,None,16/02/2025 02:21,6.28.1,0,267,0,2025-02-15 N,16/02/2025 02:22,None,0,463,357,1,0,58,0,0.070235319,0,6.28.1,None,0,463,0,121,0,165,12,0,0,0,0,19.598,0,105,0,42.28582222222222,0,0,0,27,0,0,0,0,0,0,0,0,0,0,None,0,0,0.242,0,0,0,44.1,1,0,16/02/2025 02:17,0,0,0
68,0,0,0,0,0,0,0,16/02/2025 02:22,0,1,0,0,20.162666666666667,0,0,0,476,39,1.633288888888889,0,0,0,0.024607,2,0,0,0,0,0,0,0,Success,0,0,0,0,0,0,0,4.711775355,None,16/02/2025 02:29,6.28.1,0,261,0,2025-02-15 N,16/02/2025 02:30,None,0,476,381,1,0,58,0,0.050249378,0,6.28.1,None,0,476,0,118,0,165,6,0,0,0,0,20.162666666666667,0,96,0,43.605111111111114,0,0,0,27,0,0,0,0,0,0,0,0,0,0,None,0,0,0.253,0,0,0,44.486644444444444,1,0,16/02/2025 02:25,0,0,0
70,0,0,0,0,0,0,0,16/02/2025 02:30,0,1,0,0,20.108152173913044,0,0,0,451,40,1.5320869565217392,0,0,0,0.023695,2,0,0,0,0,0,0,0,Success,0,0,0,0,0,0,0,4.777446284,None,16/02/2025 02:37,6.28.1,0,273,0,2025-02-15 N,16/02/2025 02:38,None,0,451,346,1,0,60,0,0.036,0,6.28.1,None,0,451,0,118,0,165,6,0,0,0,0,20.108152173913044,0,107,0,42.93786956521739,0,0,0,28,0,0,0,0,0,0,0,0,0,0,None,0,0,0.258,0,0,0,45.44219565217391,1,0,16/02/2025 02:32,0,0,0
68,0,0,0,0,0,0,0,16/02/2025 02:38,0,1,0,0,20.277,0,0,0,437,41,1.6290888888888888,0,0,0,0.024427,2,0,0,0,0,0,0,0,Success,0,0,0,0,0,0,0,4.74185818,None,16/02/2025 02:44,6.28.1,0,264,0,2025-02-15 N,16/02/2025 02:45,None,0,437,333,1,0,58,0,0.025495098,0,6.28.1,None,0,437,0,119,0,165,6,0,0,0,0,20.277,0,99,0,43.81755555555556,0,0,0,28,0,0,0,0,0,0,0,0,0,0,None,0,0,0.251,0,0,0,45.947399999999995,1,0,16/02/2025 02:39,0,0,0
69,0,0,0,0,0,0,0,16/02/2025 02:52,0,1,0,0,20.313333333333333,0,0,0,437,40,1.456288888888889,0,0,0,0.02222,2,0,0,0,0,0,0,0,Success,0,0,0,0,0,0,0,4.734489307,None,16/02/2025 02:58,6.28.1,0,283,0,2025-02-15 N,16/02/2025 03:00,None,0,437,309,1,0,59,0,0.060406953,0,6.28.1,None,0,437,0,114,0,165,6,0,0,0,0,20.313333333333333,0,121,0,44.02373333333333,0,0,0,27,0,0,0,0,0,0,0,0,0,0,None,0,0,0.268,0,0,0,43.58906666666667,1,0,16/02/2025 02:54,0,0,0
69,0,0,0,0,0,0,0,16/02/2025 03:00,0,1,0,0,20.460333333333335,0,0,0,437,40,1.5316888888888889,0,0,0,0.022649,2,0,0,0,0,0,0,0,Success,0,0,0,0,0,0,0,4.725916102,None,16/02/2025 03:06,6.28.1,0,277,0,2025-02-15 N,16/02/2025 03:07,None,0,437,322,1,0,58,0,0.030265492,0,6.28.1,None,0,437,0,116,0,165,6,0,0,0,0,20.460333333333335,0,114,0,43.61091111111111,0,0,0,27,0,0,0,0,0,0,0,0,0,0,None,0,0,0.255,0,0,0,44.50968888888889,1,0,16/02/2025 03:01,0,0,0
69,0,0,0,0,0,0,0,16/02/2025 03:07,0,1,0,0,20.260333333333335,0,0,0,422,40,1.730488888888889,0,0,0,0.025799,2,0,0,0,0,0,0,0,Success,0,0,0,0,0,0,0,4.721374694,None,16/02/2025 03:13,6.28.1,0,257,0,2025-02-15 N,16/02/2025 03:14,None,0,422,318,1,0,59,0,0.045254834,0,6.28.1,None,0,422,0,108,0,165,9,0,0,0,0,20.260333333333335,0,105,0,44.14906666666667,0,0,0,27,0,0,0,0,0,0,0,0,0,0,None,0,0,0.276,0,0,0,44.23866666666667,1,0,16/02/2025 03:08,0,0,0
69,0,0,0,0,0,0,0,16/02/2025 03:14,0,1,0,0,19.842717391304348,0,0,0,424,40,1.6477608695652173,0,0,0,0.024735,2,0,0,0,0,0,0,0,Success,0,0,0,0,0,0,0,4.808727586,None,16/02/2025 03:20,6.28.1,0,267,0,2025-02-15 N,16/02/2025 03:21,None,0,424,313,1,0,59,0,0.051078371,0,6.28.1,None,0,424,0,108,0,165,5,0,0,0,0,19.842717391304348,0,111,0,44.01113043478261,0,0,0,27,0,0,0,0,0,0,0,0,0,0,None,0,0,0.236,0,0,0,46.10547826086956,1,0,16/02/2025 03:15,0,0,0
71,0,0,0,0,0,0,0,16/02/2025 03:29,0,1,0,0,19.983673469387757,0,0,0,445,40,1.6099591836734695,0,0,0,0.023194,2,0,0,0,0,0,0,0,Success,0,0,0,0,0,0,0,5.044582441,None,16/02/2025 03:35,6.28.1,0,289,0,2025-02-15 N,16/02/2025 03:36,None,0,445,308,1,0,61,0,0.020615528,0,6.28.1,None,0,445,0,103,0,165,5,0,0,0,0,19.983673469387757,0,136,0,43.697877551020404,0,0,0,27,0,0,0,0,0,0,0,0,0,0,None,0,0,0.244,0,0,0,44.287673469387755,1,0,16/02/2025 03:30,0,0,0
69,0,0,0,0,0,0,0,16/02/2025 03:36,0,1,0,0,19.969285714285714,0,0,0,446,39,1.5373061224489797,0,0,0,0.022803,2,0,0,0,0,0,0,0,Success,0,0,0,0,0,0,0,5.028745868,None,16/02/2025 03:42,6.28.1,0,289,0,2025-02-15 N,16/02/2025 03:43,None,0,446,321,1,0,59,0,0.025495098,0,6.28.1,None,0,446,0,115,0,165,5,0,0,0,0,19.969285714285714,0,125,0,43.32491836734693,0,0,0,27,0,0,0,0,0,0,0,0,0,0,None,0,0,0.247,0,0,0,45.65326530612246,1,0,16/02/2025 03:38,0,0,0
71,0,0,0,0,0,0,0,16/02/2025 03:43,0,1,0,0,20.22375,0,0,0,452,40,1.6477916666666665,0,0,0,0.024259,2,0,0,0,0,0,0,0,Success,0,0,0,0,0,0,0,5.089644683,None,16/02/2025 03:50,6.28.1,0,281,0,2025-02-15 N,16/02/2025 03:51,None,0,452,319,1,0,61,0,0.045354162,0,6.28.1,None,0,452,0,107,0,165,6,0,0,0,0,20.22375,0,125,0,44.04239583333333,0,0,0,27,0,0,0,0,0,0,0,0,0,0,None,0,0,0.224,0,0,0,45.628166666666665,1,0,16/02/2025 03:45,0,0,0
70,0,0,0,0,0,0,0,16/02/2025 03:51,0,1,0,0,20.3715625,0,0,0,471,40,1.5737500000000002,0,0,0,0.024179,2,0,0,0,0,0,0,0,Success,0,0,0,0,0,0,0,5.038863165,None,16/02/2025 03:58,6.28.1,0,279,0,2025-02-15 N,16/02/2025 03:59,None,0,471,359,1,0,60,0,0.053225934,0,6.28.1,None,0,471,0,119,0,165,9,0,0,0,0,20.3715625,0,116,0,44.03039583333333,0,0,0,27,0,0,0,0,0,0,0,0,0,0,None,0,0,0.264,0,0,0,46.730375,1,0,16/02/2025 03:53,0,0,0
69,0,0,0,0,0,0,0,16/02/2025 03:59,0,1,0,0,20.2240625,0,0,0,491,40,1.6462708333333333,0,0,0,0.025433,2,0,0,0,0,0,0,0,Success,0,0,0,0,0,0,0,5.054572287,None,16/02/2025 04:06,6.28.1,0,274,0,2025-02-15 N,16/02/2025 04:07,None,0,491,371,1,0,59,0,0.068095521,0,6.28.1,None,0,491,0,108,0,165,5,0,0,0,0,20.2240625,0,118,0,44.03910416666667,0,0,0,27,0,0,0,0,0,0,0,0,0,0,None,0,0,0.24,0,0,0,46.67183333333333,1,0,16/02/2025 04:01,0,0,0
70,0,0,0,0,0,0,0,16/02/2025 04:07,0,1,0,0,20.401530612244898,0,0,0,492,40,1.5012244897959184,0,0,0,0.022512,2,0,0,0,0,0,0,0,Success,0,0,0,0,0,0,0,5.088821573,None,16/02/2025 04:14,6.28.1,0,296,0,2025-02-15 N,16/02/2025 04:15,None,0,492,360,1,0,60,0,0.030149627,0,6.28.1,None,0,492,0,115,0,165,6,0,0,0,0,20.401530612244898,0,133,0,44.059346938775505,0,0,0,27,0,0,0,0,0,0,0,0,0,0,None,0,0,0.22,0,0,0,45.934000000000005,1,0,16/02/2025 04:09,0,0,0
69,0,0,0,0,0,0,0,16/02/2025 04:15,0,1,0,0,20.34826530612245,0,0,0,505,40,1.5172244897959182,0,0,0,0.022617,2,0,0,0,0,0,0,0,Success,0,0,0,0,0,0,0,5.113828116,None,16/02/2025 04:22,6.28.1,0,297,0,2025-02-15 N,16/02/2025 04:24,None,0,505,372,1,0,59,0,0.04669047,0,6.28.1,None,0,505,0,123,0,165,5,0,0,0,0,20.34826530612245,0,127,0,44.08295918367347,0,0,0,27,0,0,0,0,0,0,0,0,0,0,None,0,0,0.238,0,0,0,45.208408163265304,1,0,16/02/2025 04:18,0,0,0
35,0,0,0,0,0,0,0,16/02/2025 04:24,0,1,0,0,20.200714285714287,0,0,0,391,446,1.5767551020408161,0,0,0,0.024591,2,0,0,0,9,0,0,0,Success,0,0,0,0,0,0,0,5.073501651,None,16/02/2025 04:29,6.28.1,0,254,0,2025-02-15 N,16/02/2025 04:37,None,0,759,334,1,0,35,0,0.015811388,0,6.28.1,None,0,816,57,117,0,165,5,0,0,0,0,20.200714285714287,0,114,0,43.155693877551016,0,0,0,12,0,0,0,0,0,0,0,0,0,0,None,0,0,0.208,0,0,0,43.62959183673469,1,0,16/02/2025 04:25,0,0,0
69,0,0,0,0,0,0,0,16/02/2025 04:37,0,1,0,0,19.992857142857144,0,0,0,437,40,1.6293061224489795,0,0,0,0.024778,2,0,0,0,0,0,0,0,Success,0,0,0,0,0,0,0,5.092549263,None,16/02/2025 04:43,6.28.1,0,275,0,2025-02-15 N,16/02/2025 04:45,None,0,0,693,1,0,59,0,0.021840329,0,6.28.1,None,0,437,437,108,0,165,6,0,0,0,0,19.992857142857144,0,121,0,43.80483673469388,0,0,0,27,0,0,0,0,0,0,0,0,0,0,None,0,0,0.196,0,0,0,46.53722448979592,1,0,16/02/2025 04:39,0,0,0
69,0,0,0,0,0,0,0,16/02/2025 04:57,0,1,0,0,20.04765306122449,0,0,0,430,40,1.677469387755102,0,0,0,0.025852,2,0,0,0,0,0,0,0,Success,0,0,0,0,0,0,0,5.105488223,None,16/02/2025 05:03,6.28.1,0,269,0,2025-02-15 N,16/02/2025 05:04,None,0,0,324,1,0,59,0,0.014317821,0,6.28.1,None,0,430,430,113,0,165,5,0,0,0,0,20.04765306122449,0,109,0,43.94873469387755,0,0,0,27,0,0,0,0,0,0,0,0,0,0,None,0,0,0.227,0,0,0,42.75824489795918,1,0,16/02/2025 04:58,0,0,0
69,0,0,0,0,0,0,0,16/02/2025 05:04,0,1,0,0,20.04125,0,0,0,444,40,1.5993125,0,0,0,0.023559,2,0,0,0,0,0,0,0,Success,0,0,0,0,0,0,0,4.980990263,None,16/02/2025 05:10,6.28.1,0,281,0,2025-02-15 N,16/02/2025 05:11,None,0,0,318,1,0,59,0,0.033941126,0,6.28.1,None,0,444,444,112,0,165,6,0,0,0,0,20.04125,0,123,0,43.88883333333334,0,0,0,28,0,0,0,0,0,0,0,0,0,0,None,0,0,0.213,0,0,0,44.122395833333336,1,0,16/02/2025 05:05,0,0,0
70,0,0,0,0,0,0,0,16/02/2025 05:11,0,1,0,0,22.5134375,0,0,0,620,40,2.073020833333333,0,0,0,0.031553,2,0,0,0,0,0,0,0,Success,0,0,0,0,0,0,0,4.985421346,None,16/02/2025 05:20,6.28.1,0,233,0,2025-02-15 N,16/02/2025 05:21,None,0,0,541,1,0,60,0,0.036013886,0,6.28.1,None,0,620,620,110,0,165,6,0,0,0,0,22.5134375,0,77,0,49.1016875,0,0,0,27,0,0,0,0,0,0,0,0,0,0,None,0,0,0.234,0,0,0,49.7169375,1,0,16/02/2025 05:16,0,0,0
71,0,0,0,0,0,0,0,16/02/2025 05:21,0,1,0,0,21.14608695652174,0,0,0,377,39,2.4206086956521737,0,0,0,0.035117,2,0,0,0,0,0,0,0,Success,0,0,0,0,0,0,0,4.833914459,None,16/02/2025 05:27,6.28.1,0,214,0,2025-02-15 N,16/02/2025 05:28,None,0,0,302,1,0,60,0,0.015264338,0,6.28.1,None,0,377,377,87,0,165,5,0,0,0,0,21.14608695652174,0,77,0,49.622304347826095,0,0,0,26,0,0,0,0,0,0,0,0,0,0,None,0,0,0.256,0,0,0,53.789391304347824,1,0,16/02/2025 05:23,0,0,0
67,0,0,0,0,0,0,0,16/02/2025 05:28,0,1,0,0,22.720227272727275,0,0,0,362,40,2.6862045454545456,0,0,0,0.036836,2,0,0,0,0,0,0,0,Success,0,0,0,0,0,0,0,4.75734695,None,16/02/2025 05:33,6.28.1,0,207,0,2025-02-15 N,16/02/2025 05:34,None,0,0,267,1,0,57,0,0.050695167,0,6.28.1,None,0,362,362,64,0,165,5,0,0,0,0,22.720227272727275,0,97,0,52.41184090909091,0,0,0,27,0,0,0,0,0,0,0,0,0,0,None,0,0,0.246,0,0,0,51.48313636363636,1,0,16/02/2025 05:29,0,0,0
63,0,0,0,0,0,0,0,16/02/2025 05:34,0,1,0,0,24.748,0,0,0,377,39,2.1205777777777777,0,0,0,0.030509,2,0,0,0,0,0,0,0,Success,0,0,0,0,0,0,0,4.70358948,None,16/02/2025 05:39,6.28.1,0,223,0,2025-02-15 N,16/02/2025 05:40,None,0,0,274,1,0,53,0,0.008485281,0,6.28.1,None,0,377,377,74,0,165,6,0,0,0,0,24.748,0,107,0,53.84791111111111,0,0,0,26,0,0,0,0,0,0,0,0,0,0,None,0,0,0.237,0,0,0,51.57277777777778,1,0,16/02/2025 05:35,0,0,0
63,0,0,0,0,0,0,0,16/02/2025 05:40,0,1,0,0,24.309333333333335,0,0,0,411,39,1.7466222222222223,0,0,0,0.026331,2,0,0,0,0,0,0,0,Success,0,0,0,0,0,0,0,4.74075321,None,16/02/2025 05:46,6.28.1,0,242,0,2025-02-15 N,16/02/2025 05:47,None,0,0,291,1,0,53,0,0.031764761,0,6.28.1,None,0,411,411,83,0,165,5,0,0,0,0,24.309333333333335,0,116,0,54.82348888888888,0,0,0,26,0,0,0,0,0,0,0,0,0,0,None,0,0,0.257,0,0,0,49.009688888888896,1,0,16/02/2025 05:42,0,0,0
96,0,0,0,0,0,0,0,16/02/2025 05:47,0,1,0,0,24.054000000000002,0,0,0,490,39,1.662577777777778,0,0,0,0.02612,2,0,0,0,0,0,0,0,Success,0,0,0,0,0,0,0,4.747923651,None,16/02/2025 05:54,6.28.1,0,263,0,2025-02-15 N,16/02/2025 05:55,None,0,0,353,1,0,85,0,0.046238513,0,6.28.1,None,0,490,490,78,0,165,5,0,0,0,0,24.054000000000002,0,110,0,52.86964444444445,0,0,0,26,0,0,0,0,0,0,0,0,0,0,None,0,0,0.234,0,0,0,50.166755555555554,1,0,16/02/2025 05:50,0,0,0
64,0,0,0,0,0,0,0,16/02/2025 05:55,0,1,0,0,23.935000000000002,0,0,0,408,40,1.8529555555555555,0,0,0,0.028254,2,0,0,0,0,0,0,0,Success,0,0,0,0,0,0,0,4.772694103,None,16/02/2025 06:01,6.28.1,0,217,0,2025-02-15 N,16/02/2025 06:02,None,0,0,343,1,0,54,0,0.090249654,0,6.28.1,None,0,408,408,79,0,165,6,0,0,0,0,23.935000000000002,0,96,0,53.44566666666666,0,0,0,27,0,0,0,0,0,0,0,0,0,0,None,0,0,0.226,0,0,0,48.275911111111114,1,0,16/02/2025 05:57,0,0,0
65,0,0,0,0,0,0,0,16/02/2025 06:02,0,1,0,0,23.77695652173913,0,0,0,465,39,1.9174130434782608,0,0,0,0.029675,2,0,0,0,11,0,0,0,Success,0,0,0,0,0,0,0,4.764990031,None,16/02/2025 06:08,6.28.1,0,213,0,2025-02-16 D,16/02/2025 06:10,None,0,0,351,1,0,55,0,0.051264023,0,6.28.1,None,0,476,476,76,0,165,6,0,0,0,0,23.77695652173913,0,94,0,53.423,0,0,0,27,0,0,0,0,0,0,0,0,0,0,None,0,0,0.235,0,0,0,49.43871739130435,1,0,16/02/2025 06:05,0,0,0
66,0,0,0,0,0,0,0,16/02/2025 06:10,0,1,0,0,21.624782608695654,0,0,0,412,39,1.652108695652174,0,0,0,0.026007,2,0,0,0,17,0,0,0,Success,0,0,0,0,0,0,0,4.771093061,None,16/02/2025 06:16,6.28.1,0,236,0,2025-02-16 D,16/02/2025 06:17,None,0,0,354,1,0,56,0,0.038013156,0,6.28.1,None,0,429,429,86,0,165,5,0,0,0,0,21.624782608695654,0,104,0,52.316152173913046,0,0,0,27,0,0,0,0,0,0,0,0,0,0,None,0,0,0.219,0,0,0,49.15239130434783,1,0,16/02/2025 06:12,0,0,0
64,0,0,0,0,0,0,0,16/02/2025 06:23,0,1,0,0,22.49413043478261,0,0,0,347,39,2.222695652173913,0,0,0,0.033041,2,0,0,0,0,0,0,0,Success,0,0,0,0,0,0,0,4.762678028,None,16/02/2025 06:28,6.28.1,0,194,0,2025-02-16 D,16/02/2025 06:29,None,0,0,261,1,0,54,0,0.041048752,0,6.28.1,None,0,347,347,62,0,165,5,0,0,0,0,22.49413043478261,0,88,0,51.99065217391305,0,0,0,26,0,0,0,0,0,0,0,0,0,0,None,0,0,0.23,0,0,0,48.641369565217396,1,0,16/02/2025 06:25,0,0,0
65,0,0,0,0,0,0,0,16/02/2025 06:29,0,1,0,0,22.928863636363637,0,0,0,359,40,2.049386363636364,0,0,0,0.030982,2,0,0,0,0,0,0,0,Success,0,0,0,0,0,0,0,4.702637239,None,16/02/2025 06:34,6.28.1,0,203,0,2025-02-16 D,16/02/2025 06:35,None,0,0,271,1,0,55,0,0.037735924,0,6.28.1,None,0,359,359,71,0,165,5,0,0,0,0,22.928863636363637,0,88,0,52.60159091,0,0,0,27,0,0,0,0,0,0,0,0,0,0,None,0,0,0.232,0,0,0,48.67665909090909,1,0,16/02/2025 06:30,0,0,0
64,0,0,0,0,0,0,0,16/02/2025 06:35,0,1,0,0,22.76166666666667,0,0,0,366,39,1.9049555555555555,0,0,0,0.029622,2,0,0,0,0,0,0,0,Success,0,0,0,0,0,0,0,4.748699296,None,16/02/2025 06:40,6.28.1,0,212,0,2025-02-16 D,16/02/2025 06:41,None,0,0,270,1,0,54,0,0.046097722,0,6.28.1,None,0,366,366,73,0,165,6,0,0,0,0,22.76166666666667,0,96,0,52.98873333333333,0,0,0,27,0,0,0,0,0,0,0,0,0,0,None,0,0,0.219,0,0,0,49.541177777777776,1,0,16/02/2025 06:36,0,0,0
70,0,0,0,0,0,0,0,16/02/2025 06:41,0,1,0,0,22.035666666666668,0,0,0,346,40,2.539844444444445,0,0,0,0.036662,2,0,0,0,0,0,0,0,Success,0,0,0,0,0,0,0,4.807065945,None,16/02/2025 06:46,6.28.1,0,190,0,2025-02-16 D,16/02/2025 06:47,None,0,0,255,1,0,60,0,0.069771054,0,6.28.1,None,0,346,346,53,0,165,5,0,0,0,0,22.035666666666668,0,87,0,53.121511111111104,0,0,0,27,0,0,0,0,0,0,0,0,0,0,None,0,0,0.194,0,0,0,47.99033333333333,1,0,16/02/2025 06:42,0,0,0
67,0,0,0,0,0,0,0,16/02/2025 06:47,0,1,0,0,22.803829787234044,0,0,0,391,39,1.837404255319149,0,0,0,0.028469,2,0,0,0,0,0,0,0,Success,0,0,0,0,0,0,0,4.925559562,None,16/02/2025 06:52,6.28.1,0,228,0,2025-02-16 D,16/02/2025 06:53,None,0,0,289,1,0,57,0,0.044553339,0,6.28.1,None,0,391,391,85,0,165,9,0,0,0,0,22.803829787234044,0,100,0,53.12704255319149,0,0,0,27,0,0,0,0,0,0,0,0,0,0,None,0,0,0.272,0,0,0,47.60621276595745,1,0,16/02/2025 06:48,0,0,0
66,0,0,0,0,0,0,0,16/02/2025 06:53,0,1,0,0,23.0596875,0,0,0,384,40,1.8386666666666667,0,0,0,0.028557,2,0,0,0,0,0,0,0,Success,0,0,0,0,0,0,0,5.015654494,None,16/02/2025 06:59,6.28.1,0,229,0,2025-02-16 D,16/02/2025 07:00,None,0,0,282,1,0,56,0,0.039115214,0,6.28.1,None,0,384,384,80,0,165,5,0,0,0,0,23.0596875,0,105,0,52.82779166666666,0,0,0,27,0,0,0,0,0,0,0,0,0,0,None,0,0,0.241,0,0,0,46.52889583333334,1,0,16/02/2025 06:55,0,0,0
94,0,0,0,0,0,0,0,16/02/2025 07:00,0,1,0,0,22.4465625,0,0,97,553,40,1.9132708333333335,0,0,0,0.027869,2,0,0,0,0,0,0,0,Success,0,0,0,0,0,0,0,5.021257711,None,16/02/2025 07:13,6.28.1,0,256,0,2025-02-16 D,16/02/2025 07:14,None,0,771,723,1,0,84,0,0.222265607,0,6.28.1,None,0,858,87,105,0,165,20,0,0,0,0,22.4465625,0,94,0,52.06689583333334,0,0,0,27,0,0,0,0,0,0,0,0,0,0,None,0,0,0.253,0,0,0,45.44412500000001,1,0,16/02/2025 07:08,0,0,0
68,0,0,0,0,0,0,0,16/02/2025 07:14,0,1,0,0,23.23377551020408,0,0,0,413,40,1.8825714285714286,0,0,0,0.028219,2,0,0,0,0,0,0,0,Success,0,0,0,0,0,0,0,5.116617828,None,16/02/2025 07:20,6.28.1,0,233,0,2025-02-16 D,16/02/2025 07:21,None,0,413,326,1,0,58,0,0.03104835,0,6.28.1,None,0,413,0,73,0,165,6,0,0,0,0,23.23377551020408,0,114,0,53.356591836734694,0,0,0,27,0,0,0,0,0,0,0,0,0,0,None,0,0,0.226,0,0,0,47.96904081632653,1,0,16/02/2025 07:16,0,0,0
68,0,0,0,0,0,0,0,16/02/2025 07:21,0,2,0,0,22.6794,0,0,3266,579,40,1.54938,0,0,0,0.02123,2,0,0,0,323,0,0,0,Success,0,0,0,0,0,0,0,5.183629809,None,16/02/2025 08:33,6.28.1,0,385,0,2025-02-16 D,16/02/2025 08:34,None,0,3546,4237,1,0,58,18,0.180853532,0,6.28.1,None,0,4385,839,118,0,165,7,0,0,0,0,22.6794,0,162,0,52.58986,0,0,0,28,0,0,0,0,0,0,0,0,0,0,None,0,0,0.224,0,0,0,51.16572,1,0,16/02/2025 08:26,0,0,0
65,0,0,0,0,0,0,0,16/02/2025 08:34,0,1,0,0,23.537399999999998,0,0,0,404,40,1.9997,0,0,0,0.029717,2,0,0,0,0,0,0,0,Success,0,0,0,0,0,0,0,5.205913368,None,16/02/2025 08:40,6.28.1,0,228,0,2025-02-16 D,16/02/2025 08:41,None,0,0,312,1,0,55,0,0.036674242,0,6.28.1,None,0,404,404,90,0,165,10,0,0,0,0,23.537399999999998,0,97,0,53.303180000000005,0,0,0,28,0,0,0,0,0,0,0,0,0,0,None,0,0,0.276,0,0,0,47.54560000000001,1,0,16/02/2025 08:36,0,0,0
68,0,0,0,0,0,0,0,16/02/2025 08:41,0,1,0,0,23.3196,0,0,0,437,40,2.05936,0,0,0,0.030928,2,0,0,0,0,0,0,0,Success,0,0,0,0,0,0,0,5.223884953,None,16/02/2025 08:47,6.28.1,0,222,0,2025-02-16 D,16/02/2025 08:48,None,0,0,323,1,0,57,0,0.048052055,0,6.28.1,None,0,437,437,75,0,165,6,0,0,0,0,23.3196,0,101,0,53.49644,0,0,0,27,0,0,0,0,0,0,0,0,0,0,None,0,0,0.232,0,0,0,48.84286,1,0,16/02/2025 08:43,0,0,0
99,0,0,0,0,0,0,0,16/02/2025 08:48,0,1,0,0,23.351326530612244,0,0,0,529,39,1.5284693877551019,0,0,0,0.022754,2,0,0,0,0,0,0,0,Success,0,0,0,0,0,0,0,5.123693785,None,16/02/2025 08:56,6.28.1,0,310,0,2025-02-16 D,16/02/2025 08:57,None,0,0,344,1,0,89,0,0.030232433,0,6.28.1,None,0,529,529,78,0,165,6,0,0,0,0,23.351326530612244,0,154,0,53.48851020408163,0,0,0,27,0,0,0,0,0,0,0,0,0,0,None,0,0,0.199,0,0,0,48.72816326530612,1,0,16/02/2025 08:50,0,0,0
65,0,0,0,0,0,0,0,16/02/2025 08:57,0,1,0,0,22.521874999999998,0,0,0,464,39,1.71125,0,0,0,0.027033,2,0,0,0,9,0,0,0,Success,0,0,0,0,0,0,0,4.98261036,None,16/02/2025 09:11,6.28.1,0,237,0,2025-02-16 D,16/02/2025 09:13,None,0,473,875,1,0,55,0,0.043174067,0,6.28.1,None,0,946,473,86,0,165,5,0,0,0,0,22.521874999999998,0,108,0,52.73529166666666,0,0,0,26,0,0,0,0,0,0,0,0,0,0,None,0,0,0.223,0,0,0,47.5450625,1,0,16/02/2025 09:07,0,0,0
65,0,0,0,0,0,0,0,16/02/2025 09:13,0,1,0,0,23.3103125,0,0,0,404,39,1.7001875,0,0,0,0.026423,2,0,0,0,0,0,0,0,Success,0,0,0,0,0,0,0,5.011598847,None,16/02/2025 09:18,6.28.1,0,242,0,2025-02-16 D,16/02/2025 09:19,None,0,0,286,1,0,55,0,0.055973208,0,6.28.1,None,0,404,404,81,0,165,6,0,0,0,0,23.3103125,0,118,0,53.2829375,0,0,0,27,0,0,0,0,0,0,0,0,0,0,None,0,0,0.227,0,0,0,48.436125000000004,1,0,16/02/2025 09:14,0,0,0
66,0,0,0,0,0,0,0,16/02/2025 09:19,0,1,0,0,23.501938775510204,0,0,0,408,40,1.6685102040816329,0,0,0,0.026144,2,0,0,0,0,0,0,0,Success,0,0,0,0,0,0,0,5.127914391,None,16/02/2025 09:25,6.28.1,0,249,0,2025-02-16 D,16/02/2025 09:26,None,0,0,284,1,0,56,0,0.032557641,0,6.28.1,None,0,408,408,82,0,165,6,0,0,0,0,23.501938775510204,0,124,0,53.327061224489796,0,0,0,27,0,0,0,0,0,0,0,0,0,0,None,0,0,0.235,0,0,0,48.82820408163265,1,0,16/02/2025 09:21,0,0,0
67,0,0,0,0,0,0,0,16/02/2025 09:26,0,1,0,0,23.284897959183674,0,0,0,401,39,1.7915102040816329,0,0,0,0.026716,2,0,0,0,0,0,0,0,Success,0,0,0,0,0,0,0,5.114035882,None,16/02/2025 09:32,6.28.1,0,243,0,2025-02-16 D,16/02/2025 09:33,None,0,0,286,1,0,57,0,0.040199502,0,6.28.1,None,0,401,401,81,0,165,6,0,0,0,0,23.284897959183674,0,116,0,53.31753061,0,0,0,26,0,0,0,0,0,0,0,0,0,0,None,0,0,0.217,0,0,0,47.933734693877554,1,0,16/02/2025 09:28,0,0,0
66,0,0,0,0,0,0,0,16/02/2025 09:33,0,1,0,0,23.23625,0,0,0,387,39,1.8099583333333333,0,0,0,0.027054,2,0,0,0,0,0,0,0,Success,0,0,0,0,0,0,0,4.989800497,None,16/02/2025 09:38,6.28.1,0,237,0,2025-02-16 D,16/02/2025 09:39,None,0,0,280,1,0,56,0,0.032695566,0,6.28.1,None,0,387,387,80,0,165,5,0,0,0,0,23.23625,0,111,0,53.215833333333336,0,0,0,26,0,0,0,0,0,0,0,0,0,0,None,0,0,0.211,0,0,0,46.74852083333334,1,0,16/02/2025 09:34,0,0,0
66,0,0,0,0,0,0,0,16/02/2025 09:46,0,1,0,0,22.62031914893617,0,0,0,387,39,1.833255319148936,0,0,0,0.027878,2,0,0,0,0,0,0,0,Success,0,0,0,0,0,0,0,4.967660818,None,16/02/2025 09:51,6.28.1,0,230,0,2025-02-16 D,16/02/2025 09:52,None,0,0,284,1,0,56,0,0.051971146,0,6.28.1,None,0,387,387,79,0,165,4,0,0,0,0,22.62031914893617,0,105,0,53.481,0,0,0,26,0,0,0,0,0,0,0,0,0,0,None,0,0,0.212,0,0,0,46.78117021276596,1,0,16/02/2025 09:47,0,0,0
64,0,0,0,0,0,0,0,16/02/2025 09:52,0,1,0,0,22.848829787234042,0,0,0,383,39,1.8995957446808511,0,0,0,0.029784,2,0,0,0,0,0,0,0,Success,0,0,0,0,0,0,0,4.966040475,None,16/02/2025 09:57,6.28.1,0,221,0,2025-02-16 D,16/02/2025 09:58,None,0,0,283,1,0,54,0,0.025019992,0,6.28.1,None,0,383,383,79,0,165,5,0,0,0,0,22.848829787234042,0,98,0,53.229,0,0,0,26,0,0,0,0,0,0,0,0,0,0,None,0,0,0.243,0,0,0,45.072425531914895,1,0,16/02/2025 09:54,0,0,0
67,0,0,0,0,0,0,0,16/02/2025 09:58,0,1,0,0,23.32180851,0,0,0,385,39,1.8812340425531917,0,0,0,0.027834,2,0,0,0,0,0,0,0,Success,0,0,0,0,0,0,0,4.896203938,None,16/02/2025 10:04,6.28.1,0,230,0,2025-02-16 D,16/02/2025 10:05,None,0,0,276,1,0,57,0,0.009848858,0,6.28.1,None,0,385,385,71,0,165,5,0,0,0,0,23.32180851,0,112,0,53.76555319148937,0,0,0,26,0,0,0,0,0,0,0,0,0,0,None,0,0,0.246,0,0,0,45.85553191489362,1,0,16/02/2025 10:00,0,0,0
65,0,0,0,0,0,0,0,16/02/2025 10:05,0,1,0,0,22.585108695652174,0,0,0,384,39,1.808695652173913,0,0,0,0.028264,2,0,0,0,0,0,0,0,Success,0,0,0,0,0,0,0,4.781607889,None,16/02/2025 10:10,6.28.1,0,221,0,2025-02-16 D,16/02/2025 10:11,None,0,0,278,1,0,55,0,0.039560081,0,6.28.1,None,0,384,384,75,0,165,4,0,0,0,0,22.585108695652174,0,101,0,52.98278260869565,0,0,0,27,0,0,0,0,0,0,0,0,0,0,None,0,0,0.232,0,0,0,46.399565217391306,1,0,16/02/2025 10:06,0,0,0
62,0,0,0,0,0,0,0,16/02/2025 10:11,0,1,0,0,23.133,0,0,0,370,39,1.8932444444444445,0,0,0,0.02887,2,0,0,0,0,0,0,0,Success,0,0,0,0,0,0,0,4.71895285,None,16/02/2025 10:16,6.28.1,0,215,0,2025-02-16 D,16/02/2025 10:17,None,0,0,270,1,0,52,0,0.017,0,6.28.1,None,0,370,370,70,0,165,5,0,0,0,0,23.133,0,103,0,53.870577777777775,0,0,0,26,0,0,0,0,0,0,0,0,0,0,None,0,0,0.219,0,0,0,44.431577777777775,1,0,16/02/2025 10:13,0,0,0
64,0,0,0,0,0,0,0,16/02/2025 10:27,0,1,0,0,22.23945652173913,0,0,0,443,38,1.6702173913043479,0,0,0,0.026035,2,0,0,0,0,0,0,0,Success,0,0,0,0,0,0,0,4.725581128,None,16/02/2025 10:33,6.28.1,0,233,0,2025-02-16 D,16/02/2025 10:34,None,0,0,337,1,0,54,0,0.11646888,0,6.28.1,None,0,443,443,85,0,165,5,0,0,0,0,22.23945652173913,0,104,0,52.03745652173913,0,0,0,26,0,0,0,0,0,0,0,0,0,0,None,0,0,0.225,0,0,0,46.205652173913045,1,0,16/02/2025 10:29,0,0,0
65,0,0,0,0,0,0,0,16/02/2025 10:34,0,1,0,0,22.422065217391303,0,0,0,494,92,1.7446304347826087,0,0,0,0.026554,2,0,0,0,49,0,0,0,Success,0,0,0,0,0,0,0,4.806208069,None,16/02/2025 10:41,6.28.1,0,260,0,2025-02-16 D,16/02/2025 10:43,None,0,0,384,1,0,55,0,0.035,0,6.28.1,None,0,543,543,108,0,165,5,0,0,0,0,22.422065217391303,0,99,0,53.02215217391305,0,0,0,27,0,0,0,0,0,0,0,0,0,0,None,0,0,0.239,0,0,0,45.983304347826085,1,0,16/02/2025 10:37,0,0,0
66,0,0,0,0,0,0,0,16/02/2025 10:43,0,1,0,0,22.78141304347826,0,0,0,388,39,1.8145,0,0,0,0.027926,2,0,0,0,207,0,0,0,Success,0,0,0,0,0,0,0,4.787752813,None,16/02/2025 10:52,6.28.1,0,224,0,2025-02-16 D,16/02/2025 10:53,None,0,0,557,1,0,56,0,0.067416615,0,6.28.1,None,0,595,595,78,0,165,5,0,0,0,0,22.78141304347826,0,103,0,52.915195652173914,0,0,0,27,0,0,0,0,0,0,0,0,0,0,None,0,0,0.216,0,0,0,47.097217391304355,1,0,16/02/2025 10:48,0,0,0
67,0,0,0,0,0,0,0,16/02/2025 10:59,0,1,0,0,22.494255319148937,0,0,0,381,39,1.9507659574468084,0,0,0,0.030021,2,0,0,0,0,0,0,0,Success,0,0,0,0,0,0,0,4.875957547,None,16/02/2025 11:04,6.28.1,0,219,0,2025-02-16 D,16/02/2025 11:05,None,0,0,278,1,0,57,0,0.032984845,0,6.28.1,None,0,381,381,78,0,165,5,0,0,0,0,22.494255319148937,0,94,0,52.40510638297872,0,0,0,26,0,0,0,0,0,0,0,0,0,0,None,0,0,0.227,0,0,0,46.44855319148936,1,0,16/02/2025 11:01,0,0,0
66,0,0,0,0,0,0,0,16/02/2025 11:05,0,1,0,0,21.563125,0,0,0,412,40,1.5867916666666666,0,0,0,0.024453,2,0,0,0,0,0,0,0,Success,0,0,0,0,0,0,0,4.963004534,None,16/02/2025 11:11,6.28.1,0,254,0,2025-02-16 D,16/02/2025 11:12,None,0,0,283,1,0,56,0,0.058412328,0,6.28.1,None,0,412,412,74,0,165,5,0,0,0,0,21.563125,0,135,0,53.2053125,0,0,0,27,0,0,0,0,0,0,0,0,0,0,None,0,0,0.266,0,0,0,47.02058333333333,1,0,16/02/2025 11:07,0,0,0
64,0,0,0,0,0,0,0,16/02/2025 11:12,0,1,0,0,22.915531914893617,0,0,0,397,39,1.774148936170213,0,0,0,0.026913,2,0,0,0,0,0,0,0,Success,0,0,0,0,0,0,0,4.956649271,None,16/02/2025 11:18,6.28.1,0,236,0,2025-02-16 D,16/02/2025 11:19,None,0,0,282,1,0,54,0,0.01077033,0,6.28.1,None,0,397,397,82,0,165,5,0,0,0,0,22.915531914893617,0,110,0,53.12268085106383,0,0,0,26,0,0,0,0,0,0,0,0,0,0,None,0,0,0.259,0,0,0,44.100212765957444,1,0,16/02/2025 11:14,0,0,0
65,0,0,0,0,0,0,0,16/02/2025 11:26,0,1,0,0,22.96755319148936,0,0,0,379,40,1.9577872340425533,0,0,0,0.029461,2,0,0,0,0,0,0,0,Success,0,0,0,0,0,0,0,4.972375086,None,16/02/2025 11:31,6.28.1,0,220,0,2025-02-16 D,16/02/2025 11:32,None,0,0,273,1,0,55,0,0.036013886,0,6.28.1,None,0,379,379,69,0,165,5,0,0,0,0,22.96755319148936,0,107,0,53.40089361702128,0,0,0,27,0,0,0,0,0,0,0,0,0,0,None,0,0,0.228,0,0,0,44.57410638297873,1,0,16/02/2025 11:27,0,0,0
64,0,0,0,0,0,0,0,16/02/2025 11:32,0,1,0,0,22.53446808510638,0,0,0,390,39,1.836723404255319,0,0,0,0.028747,2,0,0,0,0,0,0,0,Success,0,0,0,0,0,0,0,4.974924422,None,16/02/2025 11:37,6.28.1,0,225,0,2025-02-16 D,16/02/2025 11:38,None,0,0,289,1,0,54,0,0.040792156,0,6.28.1,None,0,390,390,81,0,165,5,0,0,0,0,22.53446808510638,0,100,0,53.14568085106384,0,0,0,26,0,0,0,0,0,0,0,0,0,0,None,0,0,0.246,0,0,0,44.53770212765957,1,0,16/02/2025 11:33,0,0,0
65,0,0,0,0,0,0,0,16/02/2025 11:38,0,1,0,0,22.680000000000003,0,0,0,378,39,1.94625,0,0,0,0.029551,2,0,0,0,0,0,0,0,Success,0,0,0,0,0,0,0,4.980814793,None,16/02/2025 11:43,6.28.1,0,220,0,2025-02-16 D,16/02/2025 11:45,None,0,0,283,1,0,55,0,0.038327536,0,6.28.1,None,0,378,378,76,0,165,5,0,0,0,0,22.680000000000003,0,98,0,53.11441666666667,0,0,0,26,0,0,0,0,0,0,0,0,0,0,None,0,0,0.241,0,0,0,43.112208333333335,1,0,16/02/2025 11:40,0,0,0
66,0,0,0,0,0,0,0,16/02/2025 11:45,0,1,0,0,22.79054347826087,0,0,0,390,40,1.839826086956522,0,0,0,0.027973,2,0,0,0,90,0,0,0,Success,0,0,0,0,0,0,0,4.875539047,None,16/02/2025 11:51,6.28.1,0,228,0,2025-02-16 D,16/02/2025 11:53,None,0,0,381,1,0,56,0,0.062169124,0,6.28.1,None,0,480,480,85,0,165,5,0,0,0,0,22.79054347826087,0,98,0,52.94391304347826,0,0,0,27,0,0,0,0,0,0,0,0,0,0,None,0,0,0.215,0,0,0,45.623369565217395,1,0,16/02/2025 11:48,0,0,0
96,0,0,0,0,0,0,0,16/02/2025 11:53,0,1,0,0,22.908510638297873,0,0,0,413,39,1.8080425531914892,0,0,0,0.027793,2,0,0,0,0,0,0,0,Success,0,0,0,0,0,0,0,4.885791952,None,16/02/2025 11:58,6.28.1,0,255,0,2025-02-16 D,16/02/2025 12:00,None,0,0,277,1,0,86,0,0.046097722,0,6.28.1,None,0,413,413,78,0,165,5,0,0,0,0,22.908510638297873,0,102,0,52.44485106382979,0,0,0,26,0,0,0,0,0,0,0,0,0,0,None,0,0,0.226,0,0,0,44.66574468085106,1,0,16/02/2025 11:54,0,0,0
64,0,0,0,0,0,0,0,16/02/2025 12:00,0,1,0,0,22.58776595744681,0,0,0,380,39,1.7784255319148936,0,0,0,0.027589,2,0,0,0,0,0,0,0,Success,0,0,0,0,0,0,0,4.885899405,None,16/02/2025 12:05,6.28.1,0,228,0,2025-02-16 D,16/02/2025 12:06,None,0,0,313,1,0,54,0,0.035128335,0,6.28.1,None,0,380,380,80,0,165,5,0,0,0,0,22.58776595744681,0,104,0,53.18359574468085,0,0,0,26,0,0,0,0,0,0,0,0,0,0,None,0,0,0.232,0,0,0,45.435170212765954,1,0,16/02/2025 12:01,0,0,0
64,0,0,0,0,0,0,0,16/02/2025 12:06,0,1,0,0,21.21127659574468,0,0,0,357,39,2.092255319148936,0,0,0,0.032823,2,0,0,0,0,0,0,0,Success,0,0,0,0,0,0,0,4.926643482,None,16/02/2025 12:11,6.28.1,0,203,0,2025-02-16 D,16/02/2025 12:12,None,0,0,270,1,0,54,0,0.054203321,0,6.28.1,None,0,357,357,70,0,165,5,0,0,0,0,21.21127659574468,0,88,0,52.20995744680851,0,0,0,26,0,0,0,0,0,0,0,0,0,0,None,0,0,0.242,0,0,0,42.41421276595745,1,0,16/02/2025 12:07,0,0,0
65,0,0,0,0,0,0,0,16/02/2025 12:12,0,1,0,0,22.44391304347826,0,0,0,369,152,1.9823695652173914,0,0,0,0.030753,2,0,0,0,107,0,0,0,Success,0,0,0,0,0,0,0,4.849549464,None,16/02/2025 12:17,6.28.1,0,212,0,2025-02-16 D,16/02/2025 12:20,None,0,0,262,1,0,55,0,0.03104835,0,6.28.1,None,0,476,476,65,0,165,5,0,0,0,0,22.44391304347826,0,102,0,53.060347826086954,0,0,0,26,0,0,0,0,0,0,0,0,0,0,None,0,0,0.24,0,0,0,44.40719565217391,1,0,16/02/2025 12:13,0,0,0
0,0,0,0,0,0,0,0,16/02/2025 12:20,0,0,0,0,22.120434782608694,0,0,0,0,220,1.8453695652173914,0,0,0,0.029106,0,0,0,0,608,0,0,0,Success,0,0,0,0,0,0,0,4.787207746,None,16/02/2025 12:26,6.28.1,0,218,0,2025-02-16 D,16/02/2025 12:30,None,0,0,0,1,0,0,0,0.068117546,0,6.28.1,None,0,608,608,0,0,165,16,0,0,0,0,22.120434782608694,0,0,0,52.90004347826087,0,0,0,0,0,0,0,0,0,0,0,0,0,0,None,0,0,0.227,0,0,0,43.382586956521735,1,0,16/02/2025 12:22,0,0,0
0,0,0,0,0,0,0,0,16/02/2025 12:30,0,0,0,0,22.34967391304348,0,0,0,0,60,1.8561521739130433,0,0,0,0.029473,0,0,0,0,386,0,0,0,Success,0,0,0,0,0,0,0,4.836055934,None,16/02/2025 12:35,6.28.1,0,219,0,2025-02-16 D,16/02/2025 12:36,None,0,0,0,1,0,0,0,0.100975244,0,6.28.1,None,0,386,386,0,0,165,5,0,0,0,0,22.34967391304348,0,0,0,53.01432608695652,0,0,0,0,0,0,0,0,0,0,0,0,0,0,None,0,0,0.249,0,0,0,41.607608695652175,1,0,16/02/2025 12:31,0,0,0
0,0,0,0,0,0,0,0,16/02/2025 12:36,0,0,0,0,22.371847826086956,0,0,0,0,76,1.9303695652173913,0,0,0,0.030152,0,0,0,0,459,0,0,0,Success,0,0,0,0,0,0,0,4.824272173,None,16/02/2025 12:42,6.28.1,0,212,0,2025-02-16 D,16/02/2025 12:44,None,0,0,0,1,0,0,0,0.103469803,0,6.28.1,None,0,459,459,0,0,165,4,0,0,0,0,22.371847826086956,0,0,0,52.99330434782609,0,0,0,0,0,0,0,0,0,0,0,0,0,0,None,0,0,0.214,0,0,0,44.63773913043478,1,0,16/02/2025 12:39,0,0,0
0,0,0,0,0,0,0,0,16/02/2025 12:44,0,0,0,0,22.19066666666667,0,0,0,69,111,1.8174000000000001,0,0,0,0.028441,0,0,0,0,579,0,0,0,Success,0,0,0,0,0,0,0,4.758322078,None,16/02/2025 12:59,6.28.1,0,220,0,2025-02-16 D,16/02/2025 13:01,None,0,382,0,1,0,0,0,0.125514939,0,6.28.1,None,0,1030,648,0,0,165,7,0,0,0,0,22.19066666666667,0,0,0,53.22848888888889,0,0,0,0,0,0,0,0,0,0,0,0,0,0,None,0,0,0.249,0,0,0,43.17182222222222,1,0,16/02/2025 12:55,0,0,0
65,0,0,0,0,0,0,0,16/02/2025 13:01,0,1,0,0,21.897717391304347,0,0,0,369,39,2.1145869565217392,0,0,0,0.032041,2,0,0,0,0,0,0,0,Success,0,0,0,0,0,0,0,4.789340873,None,16/02/2025 13:06,6.28.1,0,200,0,2025-02-16 D,16/02/2025 13:07,None,0,0,2862,1,0,55,0,0.0234094,0,6.28.1,None,0,369,369,61,0,165,5,0,0,0,0,21.897717391304347,0,94,0,53.34132608695652,0,0,0,26,0,0,0,0,0,0,0,0,0,0,None,0,0,0.216,0,0,0,43.42426086956522,1,0,16/02/2025 13:03,0,0,0
64,0,0,0,0,0,0,0,16/02/2025 13:07,0,1,0,0,22.720531914893616,0,0,0,395,39,1.785531914893617,0,0,0,0.027859,2,0,0,0,0,0,0,0,Success,0,0,0,0,0,0,0,4.923255122,None,16/02/2025 13:13,6.28.1,0,230,0,2025-02-16 D,16/02/2025 13:14,None,0,0,291,1,0,54,0,0.040049969,0,6.28.1,None,0,395,395,82,0,165,5,0,0,0,0,22.720531914893616,0,106,0,53.24427659574467,0,0,0,26,0,0,0,0,0,0,0,0,0,0,None,0,0,0.227,0,0,0,46.08976595744681,1,0,16/02/2025 13:09,0,0,0
66,0,0,0,0,0,0,0,16/02/2025 13:14,0,1,0,0,22.862234042553194,0,0,0,399,38,1.6770851063829786,0,0,0,0.02581,2,0,0,0,0,0,0,0,Success,0,0,0,0,0,0,0,4.897164588,None,16/02/2025 13:19,6.28.1,0,242,0,2025-02-16 D,16/02/2025 13:20,None,0,0,287,1,0,56,0,0.025495098,0,6.28.1,None,0,399,399,79,0,165,5,0,0,0,0,22.862234042553194,0,117,0,53.05989361702128,0,0,0,26,0,0,0,0,0,0,0,0,0,0,None,0,0,0.222,0,0,0,46.59191489361702,1,0,16/02/2025 13:15,0,0,0
63,0,0,0,0,0,0,0,16/02/2025 13:20,0,1,0,0,22.503829787234043,0,0,0,387,39,1.8292978723404256,0,0,0,0.028599,2,0,0,0,0,0,0,0,Success,0,0,0,0,0,0,0,4.942944568,None,16/02/2025 13:26,6.28.1,0,224,0,2025-02-16 D,16/02/2025 13:27,None,0,0,281,1,0,53,0,0.047201695,0,6.28.1,None,0,387,387,79,0,165,5,0,0,0,0,22.503829787234043,0,102,0,53.09197872340425,0,0,0,26,0,0,0,0,0,0,0,0,0,0,None,0,0,0.247,0,0,0,44.70480851,1,0,16/02/2025 13:22,0,0,0
0,0,0,0,0,0,0,0,16/02/2025 13:27,0,0,0,0,22.73521276595745,0,0,207,95,416,1.9073404255319149,0,0,0,0.028708,0,0,0,0,360,0,0,0,Success,0,0,0,0,0,0,0,4.888741556,None,16/02/2025 13:33,6.28.1,0,221,0,2025-02-16 D,16/02/2025 13:41,None,0,360,0,1,0,0,0,0.124402572,0,6.28.1,None,0,815,455,0,0,165,5,0,0,0,0,22.73521276595745,0,0,0,53.142148936170216,0,0,0,0,0,0,0,0,0,0,0,0,0,0,None,0,0,0.228,0,0,0,43.14295744680851,1,0,16/02/2025 13:29,0,0,0
65,0,0,0,0,0,0,0,16/02/2025 13:41,0,1,0,0,22.57946808510638,0,0,0,377,39,2.060595744680851,0,0,0,0.031198,2,0,0,0,0,0,0,0,Success,0,0,0,0,0,0,0,4.944935389,None,16/02/2025 13:45,6.28.1,0,211,0,2025-02-16 D,16/02/2025 13:47,None,0,0,1092,1,0,55,0,0.045607017,0,6.28.1,None,0,377,377,76,0,165,5,0,0,0,0,22.57946808510638,0,91,0,53.328978723404255,0,0,0,27,0,0,0,0,0,0,0,0,0,0,None,0,0,0.235,0,0,0,44.169999999999995,1,0,16/02/2025 13:42,0,0,0
63,0,0,0,0,0,0,0,16/02/2025 13:47,0,1,0,0,22.2925,0,0,0,373,39,2.0558125,0,0,0,0.031819,2,0,0,0,0,0,0,0,Success,0,0,0,0,0,0,0,5.016513929,None,16/02/2025 13:52,6.28.1,0,209,0,2025-02-16 D,16/02/2025 13:53,None,0,0,276,1,0,53,0,0.01,0,6.28.1,None,0,373,373,66,0,165,6,0,0,0,0,22.2925,0,102,0,52.60429166666666,0,0,0,26,0,0,0,0,0,0,0,0,0,0,None,0,0,0.244,0,0,0,44.207375000000006,1,0,16/02/2025 13:48,0,0,0
63,0,0,0,0,0,0,0,16/02/2025 13:59,0,1,0,0,22.6140625,0,0,0,355,39,2.29675,0,0,0,0.03457,2,0,0,0,0,0,0,0,Success,0,0,0,0,0,0,0,5.060808335,None,16/02/2025 14:04,6.28.1,0,197,0,2025-02-16 D,16/02/2025 14:05,None,0,0,267,1,0,53,0,0.011661904,0,6.28.1,None,0,355,355,70,0,165,5,0,0,0,0,22.6140625,0,84,0,53.19947916666666,0,0,0,26,0,0,0,0,0,0,0,0,0,0,None,0,0,0.247,0,0,0,46.99466666666667,1,0,16/02/2025 14:00,0,0,0
63,0,0,0,0,0,0,0,16/02/2025 14:05,0,1,0,0,22.4940625,0,0,0,344,39,2.3644374999999997,0,0,0,0.035742,2,0,0,0,0,0,0,0,Success,0,0,0,0,0,0,0,5.051131061,None,16/02/2025 14:09,6.28.1,0,192,0,2025-02-16 D,16/02/2025 14:10,None,0,0,262,1,0,53,0,0.043416586,0,6.28.1,None,0,344,344,67,0,165,6,0,0,0,0,22.4940625,0,83,0,53.137229166666664,0,0,0,26,0,0,0,0,0,0,0,0,0,0,None,0,0,0.233,0,0,0,47.62114583333334,1,0,16/02/2025 14:06,0,0,0
63,0,0,0,0,0,0,0,16/02/2025 14:10,0,1,0,0,22.423085106382977,0,0,0,353,39,2.283787234042553,0,0,0,0.033912,2,0,0,0,0,0,0,0,Success,0,0,0,0,0,0,0,4.92378584,None,16/02/2025 14:15,6.28.1,0,194,0,2025-02-16 D,16/02/2025 14:16,None,0,0,272,1,0,53,0,0.035468296,0,6.28.1,None,0,353,353,72,0,165,5,0,0,0,0,22.423085106382977,0,80,0,53.002148936170215,0,0,0,27,0,0,0,0,0,0,0,0,0,0,None,0,0,0.237,0,0,0,48.46606382978724,1,0,16/02/2025 14:12,0,0,0
64,0,0,0,0,0,0,0,16/02/2025 14:25,0,1,0,0,22.671847826086957,0,0,0,386,39,2.2521304347826088,0,0,0,0.033627,2,0,0,0,0,0,0,0,Success,0,0,0,0,0,0,0,4.892962804,None,16/02/2025 14:30,6.28.1,0,199,0,2025-02-16 D,16/02/2025 14:31,None,0,0,303,1,0,54,0,0.059076222,0,6.28.1,None,0,386,386,74,0,165,5,0,0,0,0,22.671847826086957,0,82,0,52.91273913043478,0,0,0,26,0,0,0,0,0,0,0,0,0,0,None,0,0,0.238,0,0,0,47.72232608695652,1,0,16/02/2025 14:27,0,0,0
64,0,0,0,0,0,0,0,16/02/2025 14:31,0,1,0,0,22.095326086956522,0,0,0,432,39,2.2110434782608697,0,0,0,0.033324,2,0,0,0,0,0,0,0,Success,0,0,0,0,0,0,0,4.878758961,None,16/02/2025 14:37,6.28.1,0,196,0,2025-02-16 D,16/02/2025 14:39,None,0,0,353,1,0,54,0,0.042953463,0,6.28.1,None,0,432,432,73,0,165,6,0,0,0,0,22.095326086956522,0,80,0,52.85386956521739,0,0,0,26,0,0,0,0,0,0,0,0,0,0,None,0,0,0.251,0,0,0,46.451978260869566,1,0,16/02/2025 14:34,0,0,0
64,0,0,0,0,0,0,0,16/02/2025 14:39,0,1,0,0,22.204239130434782,0,0,0,382,39,2.140913043478261,0,0,0,0.032271,2,0,0,0,0,0,0,0,Success,0,0,0,0,0,0,0,4.834042821,None,16/02/2025 14:44,6.28.1,0,197,0,2025-02-16 D,16/02/2025 14:45,None,0,0,299,1,0,54,0,0.014142135,0,6.28.1,None,0,382,382,72,0,165,5,0,0,0,0,22.204239130434782,0,82,0,52.17847826086957,0,0,0,26,0,0,0,0,0,0,0,0,0,0,None,0,0,0.245,0,0,0,46.88693478,1,0,16/02/2025 14:41,0,0,0
63,0,0,0,0,0,0,0,16/02/2025 14:45,0,1,0,0,21.707934782608696,0,0,0,367,39,1.951391304347826,0,0,0,0.03014,2,0,0,0,0,0,0,0,Success,0,0,0,0,0,0,0,4.808666447,None,16/02/2025 14:50,6.28.1,0,210,0,2025-02-16 D,16/02/2025 14:51,None,0,0,278,1,0,53,0,0.036400549,0,6.28.1,None,0,367,367,76,0,165,5,0,0,0,0,21.707934782608696,0,92,0,52.988565217391304,0,0,0,26,0,0,0,0,0,0,0,0,0,0,None,0,0,0.21,0,0,0,45.702586956521735,1,0,16/02/2025 14:47,0,0,0
94,0,0,0,0,0,0,0,16/02/2025 14:51,0,1,0,0,22.1475,0,0,0,373,39,2.3052173913043474,0,0,0,0.033831,2,0,0,0,0,0,0,0,Success,0,0,0,0,0,0,0,4.866551243,None,16/02/2025 14:56,6.28.1,0,219,0,2025-02-16 D,16/02/2025 14:57,None,0,0,268,1,0,84,0,0.013892444,0,6.28.1,None,0,373,373,71,0,165,5,0,0,0,0,22.1475,0,77,0,53.05919565217391,0,0,0,26,0,0,0,0,0,0,0,0,0,0,None,0,0,0.233,0,0,0,47.94630434782609,1,0,16/02/2025 14:53,0,0,0
65,0,0,0,0,0,0,0,16/02/2025 15:09,0,1,0,0,14.186666666666666,0,0,0,402,40,1.4983333333333333,0,0,0,0.031755,2,0,0,0,7,0,0,0,Success,0,0,0,0,0,0,0,4.963030727,None,16/02/2025 15:21,6.28.1,0,641,0,2025-02-16 D,16/02/2025 15:22,None,0,386,710,1,0,55,0,0.047801674,0,6.28.1,None,0,795,409,106,0,165,5,0,0,0,0,14.186666666666666,0,82,0,40.419555555555554,0,0,0,27,0,0,0,0,0,0,0,0,0,0,None,0,0,0.234,0,0,0,33.276444444444444,1,0,16/02/2025 15:11,0,0,0
63,0,0,0,0,0,0,0,16/02/2025 15:22,0,1,0,0,22.214042553191486,0,0,0,355,39,2.1267659574468083,0,0,0,0.031779,2,0,0,0,0,0,0,0,Success,0,0,0,0,0,0,0,4.903854606,None,16/02/2025 15:27,6.28.1,0,204,0,2025-02-16 D,16/02/2025 15:28,None,0,0,274,1,0,53,0,0.020099752,0,6.28.1,None,0,355,355,78,0,165,5,0,0,0,0,22.214042553191486,0,84,0,53.017936170212764,0,0,0,26,0,0,0,0,0,0,0,0,0,0,None,0,0,0.229,0,0,0,47.71687234042554,1,0,16/02/2025 15:24,0,0,0
63,0,0,0,0,0,0,0,16/02/2025 15:28,0,1,0,0,22.038260869565217,0,0,0,350,39,2.1906521739130436,0,0,0,0.033341,2,0,0,0,0,0,0,0,Success,0,0,0,0,0,0,0,4.913639079,None,16/02/2025 15:33,6.28.1,0,196,0,2025-02-16 D,16/02/2025 15:34,None,0,0,267,1,0,53,0,0.023086793,0,6.28.1,None,0,350,350,71,0,165,5,0,0,0,0,22.038260869565217,0,82,0,52.91326086956522,0,0,0,26,0,0,0,0,0,0,0,0,0,0,None,0,0,0.25,0,0,0,46.64480434782609,1,0,16/02/2025 15:30,0,0,0
67,0,0,0,0,0,0,0,16/02/2025 15:34,0,1,0,0,22.273723404255318,0,0,0,366,39,2.2025319148936173,0,0,0,0.032066,2,0,0,0,0,0,0,0,Success,0,0,0,0,0,0,0,4.921898109,None,16/02/2025 15:39,6.28.1,0,204,0,2025-02-16 D,16/02/2025 15:40,None,0,0,278,1,0,57,0,0.022022716,0,6.28.1,None,0,366,366,78,0,165,5,0,0,0,0,22.273723404255318,0,80,0,53.031021276595744,0,0,0,27,0,0,0,0,0,0,0,0,0,0,None,0,0,0.224,0,0,0,47.625191489361704,1,0,16/02/2025 15:36,0,0,0
64,0,0,0,0,0,0,0,16/02/2025 15:40,0,1,0,0,22.519148936170215,0,0,0,353,39,2.2319999999999998,0,0,0,0.033715,2,0,0,0,0,0,0,0,Success,0,0,0,0,0,0,0,4.89483871,None,16/02/2025 15:45,6.28.1,0,196,0,2025-02-16 D,16/02/2025 15:46,None,0,0,279,1,0,54,0,0.006082763,0,6.28.1,None,0,353,353,70,0,165,5,0,0,0,0,22.519148936170215,0,82,0,53.184680851063824,0,0,0,27,0,0,0,0,0,0,0,0,0,0,None,0,0,0.243,0,0,0,48.674127659574474,1,0,16/02/2025 15:42,0,0,0
64,0,0,0,0,0,0,0,16/02/2025 15:46,0,1,0,0,22.32063829787234,0,0,0,356,39,2.1792340425531913,0,0,0,0.033067,2,0,0,0,0,0,0,0,Success,0,0,0,0,0,0,0,4.946722248,None,16/02/2025 15:51,6.28.1,0,201,0,2025-02-16 D,16/02/2025 15:52,None,0,0,270,1,0,55,0,0.041677332,0,6.28.1,None,0,356,356,74,0,165,6,0,0,0,0,22.32063829787234,0,83,0,53.210574468085106,0,0,0,27,0,0,0,0,0,0,0,0,0,0,None,0,0,0.239,0,0,0,47.58734042553191,1,0,16/02/2025 15:48,0,0,0
66,0,0,0,0,0,0,0,16/02/2025 15:52,0,1,0,0,22.620638297872343,0,0,0,361,39,2.143851063829787,0,0,0,0.032654,2,0,0,0,0,0,0,0,Success,0,0,0,0,0,0,0,4.944754392,None,16/02/2025 15:57,6.28.1,0,204,0,2025-02-16 D,16/02/2025 15:58,None,0,0,273,1,0,56,0,0.026925824,0,6.28.1,None,0,361,361,73,0,165,5,0,0,0,0,22.620638297872343,0,87,0,53.18408510638298,0,0,0,27,0,0,0,0,0,0,0,0,0,0,None,0,0,0.216,0,0,0,47.81331914893617,1,0,16/02/2025 15:54,0,0,0
65,0,0,0,0,0,0,0,16/02/2025 15:58,0,1,0,0,22.252659574468087,0,0,0,362,39,2.193106382978723,0,0,0,0.033252,2,0,0,0,0,0,0,0,Success,0,0,0,0,0,0,0,4.949567456,None,16/02/2025 16:03,6.28.1,0,200,0,2025-02-16 D,16/02/2025 16:04,None,0,0,279,1,0,55,0,0.037054015,0,6.28.1,None,0,362,362,73,0,165,5,0,0,0,0,22.252659574468087,0,82,0,53.02385106382979,0,0,0,27,0,0,0,0,0,0,0,0,0,0,None,0,0,0.26,0,0,0,45.74095744680851,1,0,16/02/2025 16:00,0,0,0
66,0,0,0,0,0,0,0,16/02/2025 16:04,0,1,0,0,21.87195652173913,0,0,0,588,311,2.1888695652173915,0,0,0,0.034499,2,0,0,0,78,0,0,0,Success,0,0,0,0,0,0,0,4.841174031,None,16/02/2025 16:09,6.28.1,0,194,0,2025-02-16 D,16/02/2025 16:15,None,0,0,267,1,0,56,0,0.041484937,0,6.28.1,None,0,666,666,65,0,165,5,0,0,0,0,21.87195652173913,0,84,0,53.07254347826087,0,0,0,26,0,0,0,0,0,0,0,0,0,0,None,0,0,0.237,0,0,0,44.030478260869565,1,0,16/02/2025 16:06,0,0,0
0,0,0,0,0,0,0,0,16/02/2025 16:15,0,0,0,0,22.200978260869565,0,0,0,0,45,2.489478260869565,0,0,0,0.034874,0,0,0,0,455,0,0,0,Success,0,0,0,0,0,0,0,4.812263189,None,16/02/2025 16:22,6.28.1,0,190,0,2025-02-16 D,16/02/2025 16:23,None,0,0,0,1,0,0,0,0.269675731,0,6.28.1,None,0,455,455,0,0,165,5,0,0,0,0,22.200978260869565,0,0,0,54.35045652173913,0,0,0,0,0,0,0,0,0,0,0,0,0,0,None,0,0,0.24,0,0,0,45.82747826086956,1,0,16/02/2025 16:19,0,0,0
66,0,0,0,0,0,0,0,16/02/2025 16:23,0,1,0,0,21.914347826086956,0,0,0,370,39,2.2553695652173915,0,0,0,0.034105,2,0,0,0,226,0,0,0,Success,0,0,0,0,0,0,0,4.894642581,None,16/02/2025 16:32,6.28.1,0,194,0,2025-02-16 D,16/02/2025 16:33,None,0,0,1285,1,0,56,0,0.035355339,0,6.28.1,None,0,596,596,64,0,165,5,0,0,0,0,21.914347826086956,0,86,0,53.12647826086956,0,0,0,27,0,0,0,0,0,0,0,0,0,0,None,0,0,0.221,0,0,0,46.04034782608695,1,0,16/02/2025 16:28,0,0,0
41,0,0,0,0,0,0,0,16/02/2025 16:33,0,1,0,0,22.08195652173913,0,0,0,311,274,2.257913043478261,0,0,0,0.035336,2,0,0,0,38,0,0,0,Success,0,0,0,0,0,0,0,4.874699273,None,16/02/2025 16:37,6.28.1,0,176,0,2025-02-16 D,16/02/2025 16:43,None,0,251,260,1,0,41,0,0.023,0,6.28.1,None,0,583,332,62,0,165,3,0,0,0,0,22.08195652173913,0,85,0,53.36591304347826,0,0,0,0,0,0,0,0,0,0,0,0,0,0,None,0,0,0.219,0,0,0,45.198630434782615,1,0,16/02/2025 16:34,0,0,0
94,0,0,0,0,0,0,0,16/02/2025 16:43,0,1,0,0,21.698617021276597,0,0,0,396,39,2.0663617021276597,0,0,0,0.030889,2,0,0,0,0,0,0,0,Success,0,0,0,0,0,0,0,4.998866271,None,16/02/2025 16:48,6.28.1,0,245,0,2025-02-16 D,16/02/2025 16:49,None,0,0,497,1,0,84,0,0.038052596,0,6.28.1,None,0,396,396,67,0,165,12,0,0,0,0,21.698617021276597,0,103,0,53.12655319148936,0,0,0,26,0,0,0,0,0,0,0,0,0,0,None,0,0,0.223,0,0,0,45.75070212765957,1,0,16/02/2025 16:44,0,0,0
65,0,0,0,0,0,0,0,16/02/2025 16:49,0,1,0,0,21.962872340425534,0,0,0,355,38,2.1936382978723405,0,0,0,0.03318,2,0,0,0,0,0,0,0,Success,0,0,0,0,0,0,0,4.937013166,None,16/02/2025 16:54,6.28.1,0,200,0,2025-02-16 D,16/02/2025 16:55,None,0,0,306,1,0,55,0,0.028017851,0,6.28.1,None,0,355,355,73,0,165,5,0,0,0,0,21.962872340425534,0,82,0,53.11342553,0,0,0,26,0,0,0,0,0,0,0,0,0,0,None,0,0,0.247,0,0,0,45.021744680851064,1,0,16/02/2025 16:51,0,0,0
64,0,0,0,0,0,0,0,16/02/2025 16:55,0,1,0,0,22.489148936170213,0,0,0,345,38,2.279276595744681,0,0,0,0.03524,2,0,0,0,0,0,0,0,Success,0,0,0,0,0,0,0,4.970429056,None,16/02/2025 17:00,6.28.1,0,194,0,2025-02-16 D,16/02/2025 17:01,None,0,0,262,1,0,54,0,0.072945184,0,6.28.1,None,0,345,345,67,0,165,5,0,0,0,0,22.489148936170213,0,83,0,53.23529787234042,0,0,0,26,0,0,0,0,0,0,0,0,0,0,None,0,0,0.217,0,0,0,47.601021276595745,1,0,16/02/2025 16:56,0,0,0
63,0,0,0,0,0,0,0,16/02/2025 17:01,0,1,0,0,22.150434782608695,0,0,0,351,38,2.2305652173913044,0,0,0,0.034758,2,0,0,0,0,0,0,0,Success,0,0,0,0,0,0,0,4.852643197,None,16/02/2025 17:05,6.28.1,0,193,0,2025-02-16 D,16/02/2025 17:07,None,0,0,268,1,0,53,0,0.009486833,0,6.28.1,None,0,351,351,69,0,165,4,0,0,0,0,22.150434782608695,0,82,0,53.179434782608695,0,0,0,26,0,0,0,0,0,0,0,0,0,0,None,0,0,0.246,0,0,0,46.13426086956522,1,0,16/02/2025 17:02,0,0,0
68,0,0,0,0,0,0,0,16/02/2025 17:25,0,1,0,0,22.813043478260873,0,0,0,376,39,2.2484130434782608,0,0,0,0.032325,2,0,0,0,46,0,0,0,Success,0,0,0,0,0,0,0,4.906707042,None,16/02/2025 17:31,6.28.1,0,207,0,2025-02-16 D,16/02/2025 17:32,None,0,0,337,1,0,58,0,0.061522353,0,6.28.1,None,0,422,422,72,0,165,5,0,0,0,0,22.813043478260873,0,88,0,54.83736956521739,0,0,0,26,0,0,0,0,0,0,0,0,0,0,None,0,0,0.231,0,0,0,46.14586956521739,1,0,16/02/2025 17:27,0,0,0
65,0,0,0,0,0,0,0,16/02/2025 17:32,0,1,0,0,21.835108695652174,0,0,0,350,39,2.242086956521739,0,0,0,0.034928,2,0,0,0,0,0,0,0,Success,0,0,0,0,0,0,0,4.854646537,None,16/02/2025 17:36,6.28.1,0,191,0,2025-02-16 D,16/02/2025 17:38,None,0,0,273,1,0,55,0,0.027202941,0,6.28.1,None,0,350,350,73,0,165,9,0,0,0,0,21.835108695652174,0,78,0,52.847130434782606,0,0,0,26,0,0,0,0,0,0,0,0,0,0,None,0,0,0.284,0,0,0,46.04641304347827,1,0,16/02/2025 17:33,0,0,0
64,0,0,0,0,0,0,0,16/02/2025 17:38,0,1,0,0,22.25413043478261,0,0,0,361,39,2.0567391304347824,0,0,0,0.031988,2,0,0,0,0,0,0,0,Success,0,0,0,0,0,0,0,4.869595671,None,16/02/2025 17:42,6.28.1,0,202,0,2025-02-16 D,16/02/2025 17:44,None,0,0,270,1,0,54,0,0.065368188,0,6.28.1,None,0,361,361,71,0,165,5,0,0,0,0,22.25413043478261,0,88,0,52.924869565217385,0,0,0,27,0,0,0,0,0,0,0,0,0,0,None,0,0,0.252,0,0,0,45.54906521739131,1,0,16/02/2025 17:39,0,0,0
63,0,0,0,0,0,0,0,16/02/2025 17:44,0,1,0,0,22.098191489361703,0,0,0,352,38,2.0871702127659573,0,0,0,0.032983,2,0,0,0,0,0,0,0,Success,0,0,0,0,0,0,0,4.90054497,None,16/02/2025 17:48,6.28.1,0,201,0,2025-02-16 D,16/02/2025 17:49,None,0,0,269,1,0,53,0,0.034,0,6.28.1,None,0,352,352,72,0,165,5,0,0,0,0,22.098191489361703,0,85,0,52.36917021276596,0,0,0,26,0,0,0,0,0,0,0,0,0,0,None,0,0,0.257,0,0,0,46.33891489361702,1,0,16/02/2025 17:45,0,0,0
64,0,0,0,0,0,0,0,16/02/2025 17:49,0,1,0,0,22.504891304347826,0,0,0,363,39,2.233195652173913,0,0,0,0.033859,2,0,0,0,0,0,0,0,Success,0,0,0,0,0,0,0,4.874442943,None,16/02/2025 17:54,6.28.1,0,193,0,2025-02-16 D,16/02/2025 17:55,None,0,0,278,1,0,54,0,0.039115214,0,6.28.1,None,0,363,363,69,0,165,5,0,0,0,0,22.504891304347826,0,80,0,52.913456521739135,0,0,0,26,0,0,0,0,0,0,0,0,0,0,None,0,0,0.228,0,0,0,45.97726086956522,1,0,16/02/2025 17:51,0,0,0
63,0,0,0,0,0,0,0,16/02/2025 18:03,0,1,0,0,22.037666666666667,0,0,0,468,39,2.1324222222222224,0,0,0,0.032322,2,0,0,0,0,0,0,0,Success,0,0,0,0,0,0,0,4.760321943,None,16/02/2025 18:09,6.28.1,0,197,0,2025-02-16 N,16/02/2025 18:19,None,0,515,363,1,0,53,0,0.019416488,0,6.28.1,None,0,962,447,67,0,165,5,0,0,0,0,22.037666666666667,0,86,0,53.05666666666667,0,0,0,26,0,0,0,0,0,0,0,0,0,0,None,0,0,0.244,0,0,0,46.692977777777784,1,0,16/02/2025 18:06,0,0,0
64,0,0,0,0,0,0,0,16/02/2025 18:19,0,1,0,0,21.644333333333332,0,0,0,378,40,2.2514444444444446,0,0,0,0.034031,2,0,0,0,0,0,0,0,Success,0,0,0,0,0,0,0,4.749539557,None,16/02/2025 18:24,6.28.1,0,191,0,2025-02-16 N,16/02/2025 18:25,None,0,378,815,1,0,54,0,0.056400355,0,6.28.1,None,0,378,0,72,0,165,5,0,0,0,0,21.644333333333332,0,75,0,52.15273333333334,0,0,0,27,0,0,0,0,0,0,0,0,0,0,None,0,0,0.239,0,0,0,47.42733333333334,1,0,16/02/2025 18:21,0,0,0
64,0,0,0,0,0,0,0,16/02/2025 18:25,0,1,0,0,21.913666666666668,0,0,0,369,39,2.2403555555555554,0,0,0,0.033576,2,0,0,0,0,0,0,0,Success,0,0,0,0,0,0,0,4.762338186,None,16/02/2025 18:30,6.28.1,0,191,0,2025-02-16 N,16/02/2025 18:31,None,0,369,295,1,0,54,0,0.043840621,0,6.28.1,None,0,369,0,72,0,165,5,0,0,0,0,21.913666666666668,0,76,0,52.68146666666667,0,0,0,27,0,0,0,0,0,0,0,0,0,0,None,0,0,0.232,0,0,0,47.00077777777778,1,0,16/02/2025 18:27,0,0,0
70,0,0,0,0,0,0,0,16/02/2025 18:31,0,1,0,0,22.75597826086957,0,0,0,351,39,2.540086956521739,0,0,0,0.034705,2,0,0,0,0,0,0,0,Success,0,0,0,0,0,0,0,4.845252625,None,16/02/2025 18:36,6.28.1,0,198,0,2025-02-16 N,16/02/2025 18:37,None,0,351,265,1,0,60,0,0.017204651,0,6.28.1,None,0,351,0,58,0,165,3,0,0,0,0,22.75597826086957,0,86,0,53.96813043478261,0,0,0,26,0,0,0,0,0,0,0,0,0,0,None,0,0,0.274,0,0,0,46.84663043478261,1,0,16/02/2025 18:33,0,0,0
64,0,0,0,0,0,0,0,16/02/2025 18:37,0,1,0,0,22.289021739130437,0,0,0,357,39,2.203782608695652,0,0,0,0.034481,2,0,0,0,0,0,0,0,Success,0,0,0,0,0,0,0,4.805468031,None,16/02/2025 18:42,6.28.1,0,192,0,2025-02-16 N,16/02/2025 18:43,None,0,357,271,1,0,54,0,0.032140317,0,6.28.1,None,0,357,0,67,0,165,4,0,0,0,0,22.289021739130437,0,79,0,52.22443478,0,0,0,26,0,0,0,0,0,0,0,0,0,0,None,0,0,0.23,0,0,0,49.06930434782609,1,0,16/02/2025 18:39,0,0,0
85,0,0,0,0,0,0,0,16/02/2025 18:49,0,1,0,0,22.98287234042553,0,0,0,397,39,1.989787234042553,0,0,0,0.029025,2,0,0,0,0,0,0,0,Success,0,0,0,0,0,0,0,4.88429995,None,16/02/2025 18:54,6.28.1,0,240,0,2025-02-16 N,16/02/2025 18:56,None,0,397,318,1,0,75,0,0.01019804,0,6.28.1,None,0,397,0,89,0,165,5,0,0,0,0,22.98287234042553,0,87,0,52.87214893617021,0,0,0,27,0,0,0,0,0,0,0,0,0,0,None,0,0,0.213,0,0,0,48.894872340425536,1,0,16/02/2025 18:50,0,0,0
77,0,0,0,0,0,0,0,16/02/2025 18:56,0,1,0,0,22.374456521739127,0,0,0,377,39,2.089978260869565,0,0,0,0.031366,2,0,0,0,0,0,0,0,Success,0,0,0,0,0,0,0,4.832180667,None,16/02/2025 19:01,6.28.1,0,217,0,2025-02-16 N,16/02/2025 19:02,None,0,377,287,1,0,66,0,0.040311289,0,6.28.1,None,0,377,0,75,0,165,5,0,0,0,0,22.374456521739127,0,86,0,53.744630434782614,0,0,0,26,0,0,0,0,0,0,0,0,0,0,None,0,0,0.253,0,0,0,48.18180434782608,1,0,16/02/2025 18:57,0,0,0
64,0,0,0,0,0,0,0,16/02/2025 19:08,0,1,0,0,22.685106382978724,0,0,0,347,40,2.2781914893617023,0,0,0,0.032764,2,0,0,0,0,0,0,0,Success,0,0,0,0,0,0,0,4.910405788,None,16/02/2025 19:13,6.28.1,0,199,0,2025-02-16 N,16/02/2025 19:14,None,0,347,273,1,0,54,0,0.003605552,0,6.28.1,None,0,347,0,75,0,165,5,0,0,0,0,22.685106382978724,0,82,0,52.57676595744681,0,0,0,27,0,0,0,0,0,0,0,0,0,0,None,0,0,0.233,0,0,0,49.18802127659574,1,0,16/02/2025 19:09,0,0,0
65,0,0,0,0,0,0,0,16/02/2025 19:14,0,1,0,0,22.58712765957447,0,0,0,365,39,2.0501063829787234,0,0,0,0.031603,2,0,0,0,0,0,0,0,Success,0,0,0,0,0,0,0,4.922504241,None,16/02/2025 19:19,6.28.1,0,207,0,2025-02-16 N,16/02/2025 19:20,None,0,365,272,1,0,55,0,0.083934498,0,6.28.1,None,0,365,0,73,0,165,5,0,0,0,0,22.58712765957447,0,89,0,52.49936170212766,0,0,0,26,0,0,0,0,0,0,0,0,0,0,None,0,0,0.23,0,0,0,51.709659574468084,1,0,16/02/2025 19:15,0,0,0
65,0,0,0,0,0,0,0,16/02/2025 19:20,0,1,0,0,22.766808510638295,0,0,0,364,39,2.036914893617021,0,0,0,0.032318,2,0,0,0,0,0,0,0,Success,0,0,0,0,0,0,0,4.915525404,None,16/02/2025 19:25,6.28.1,0,205,0,2025-02-16 N,16/02/2025 19:26,None,0,364,275,1,0,55,0,0.097529483,0,6.28.1,None,0,364,0,71,0,165,5,0,0,0,0,22.766808510638295,0,90,0,52.35940425531915,0,0,0,27,0,0,0,0,0,0,0,0,0,0,None,0,0,0.229,0,0,0,51.903574468085104,1,0,16/02/2025 19:21,0,0,0
66,0,0,0,0,0,0,0,16/02/2025 19:26,0,1,0,0,22.451489361702127,0,0,0,358,40,2.016914893617021,0,0,0,0.031927,2,0,0,0,0,0,0,0,Success,0,0,0,0,0,0,0,4.974527515,None,16/02/2025 19:31,6.28.1,0,208,0,2025-02-16 N,16/02/2025 19:32,None,0,358,267,1,0,56,0,0.032280025,0,6.28.1,None,0,358,0,71,0,165,5,0,0,0,0,22.451489361702127,0,93,0,52.596808510638304,0,0,0,27,0,0,0,0,0,0,0,0,0,0,None,0,0,0.248,0,0,0,49.97948936170213,1,0,16/02/2025 19:27,0,0,0
63,0,0,0,0,0,0,0,16/02/2025 19:32,0,1,0,0,22.3196875,0,0,0,361,39,2.0455,0,0,0,0.031952,2,0,0,0,0,0,0,0,Success,0,0,0,0,0,0,0,4.998543088,None,16/02/2025 19:37,6.28.1,0,207,0,2025-02-16 N,16/02/2025 19:38,None,0,361,269,1,0,53,0,0.017492856,0,6.28.1,None,0,361,0,74,0,165,4,0,0,0,0,22.3196875,0,89,0,51.7854375,0,0,0,26,0,0,0,0,0,0,0,0,0,0,None,0,0,0.238,0,0,0,50.086395833333334,1,0,16/02/2025 19:33,0,0,0
65,0,0,0,0,0,0,0,16/02/2025 19:38,0,1,0,0,21.3690625,0,0,0,517,39,2.2186875,0,0,0,0.034472,2,0,0,0,10,0,0,0,Success,0,0,0,0,0,0,0,5.025593,None,16/02/2025 19:53,6.28.1,0,196,0,2025-02-16 N,16/02/2025 19:55,None,0,710,910,1,0,55,0,0.080156098,0,6.28.1,None,0,1002,292,65,0,165,6,0,0,0,0,21.3690625,0,88,0,51.46416666666667,0,0,0,26,0,0,0,0,0,0,0,0,0,0,None,0,0,0.281,0,0,0,50.63914583333334,1,0,16/02/2025 19:50,0,0,0
66,0,0,0,0,0,0,0,16/02/2025 20:05,0,2,0,0,20.71468085106383,0,0,0,456,39,2.141063829787234,0,0,0,0.03221,2,0,0,0,0,0,0,0,Success,0,0,0,0,0,0,0,4.983860552,None,16/02/2025 20:12,6.28.1,0,207,0,2025-02-16 N,16/02/2025 20:13,None,0,0,607,1,0,56,0,0.039458839,0,6.28.1,None,0,456,456,65,0,165,5,0,0,0,0,20.71468085106383,0,87,0,51.47995744680851,0,0,0,26,0,0,0,0,0,0,0,0,0,0,None,0,0,0.216,0,0,0,51.883978723404255,1,0,16/02/2025 20:08,0,0,0
66,0,0,0,0,0,0,0,16/02/2025 20:20,0,1,0,0,21.44680851,0,0,0,350,39,2.213872340425532,0,0,0,0.034362,2,0,0,0,0,0,0,0,Success,0,0,0,0,0,0,0,4.987253152,None,16/02/2025 20:25,6.28.1,0,194,0,2025-02-16 N,16/02/2025 20:26,None,0,0,265,1,0,56,0,0.002236068,0,6.28.1,None,0,350,350,59,0,165,5,0,0,0,0,21.44680851,0,89,0,52.169936170212765,0,0,0,26,0,0,0,0,0,0,0,0,0,0,None,0,0,0.237,0,0,0,50.37165957446808,1,0,16/02/2025 20:21,0,0,0
65,0,0,0,0,0,0,0,16/02/2025 20:26,0,1,0,0,22.012659574468085,0,0,0,379,39,2.1656595744680853,0,0,0,0.034061,2,0,0,0,39,0,0,0,Success,0,0,0,0,0,0,0,5.010539093,None,16/02/2025 20:30,6.28.1,0,199,0,2025-02-16 N,16/02/2025 20:40,None,0,436,264,1,0,55,0,0.018384776,0,6.28.1,None,0,854,418,64,0,165,5,0,0,0,0,22.012659574468085,0,91,0,52.636361702127665,0,0,0,26,0,0,0,0,0,0,0,0,0,0,None,0,0,0.225,0,0,0,50.93825531914894,1,0,16/02/2025 20:27,0,0,0
65,0,0,0,0,0,0,0,16/02/2025 20:40,0,1,0,0,22.433125,0,0,0,365,40,2.064229166666667,0,0,0,0.031673,2,0,0,0,0,0,0,0,Success,0,0,0,0,0,0,0,5.013737428,None,16/02/2025 20:45,6.28.1,0,209,0,2025-02-16 N,16/02/2025 20:46,None,0,0,775,1,0,55,0,0.051971146,0,6.28.1,None,0,365,365,76,0,165,5,0,0,0,0,22.433125,0,89,0,52.36933333333334,0,0,0,27,0,0,0,0,0,0,0,0,0,0,None,0,0,0.238,0,0,0,52.00975,1,0,16/02/2025 20:41,0,0,0
63,0,0,0,0,0,0,0,16/02/2025 20:46,0,1,0,0,22.190425531914894,0,0,0,352,39,2.135723404255319,0,0,0,0.033942,2,0,0,0,0,0,0,0,Success,0,0,0,0,0,0,0,4.995668824,None,16/02/2025 20:51,6.28.1,0,199,0,2025-02-16 N,16/02/2025 20:52,None,0,0,266,1,0,53,0,0.022825425,0,6.28.1,None,0,352,352,70,0,165,6,0,0,0,0,22.190425531914894,0,87,0,52.39306382978724,0,0,0,27,0,0,0,0,0,0,0,0,0,0,None,0,0,0.234,0,0,0,50.63791489361702,1,0,16/02/2025 20:47,0,0,0
64,0,0,0,0,0,0,0,16/02/2025 20:52,0,1,0,0,22.065625,0,0,0,365,39,2.0655,0,0,0,0.031356,2,0,0,0,0,0,0,0,Success,0,0,0,0,0,0,0,4.998002101,None,16/02/2025 20:57,6.28.1,0,209,0,2025-02-16 N,16/02/2025 20:58,None,0,0,276,1,0,54,0,0.041,0,6.28.1,None,0,365,365,77,0,165,5,0,0,0,0,22.065625,0,89,0,52.23654166666666,0,0,0,27,0,0,0,0,0,0,0,0,0,0,None,0,0,0.241,0,0,0,50.21704166666667,1,0,16/02/2025 20:53,0,0,0
63,0,0,0,0,0,0,0,16/02/2025 21:04,0,1,0,0,21.334787234042555,0,0,0,367,39,2.1141063829787234,0,0,0,0.031808,2,0,0,0,0,0,0,0,Success,0,0,0,0,0,0,0,4.964893755,None,16/02/2025 21:09,6.28.1,0,206,0,2025-02-16 N,16/02/2025 21:10,None,0,0,279,1,0,53,0,0.025179357,0,6.28.1,None,0,367,367,76,0,165,5,0,0,0,0,21.334787234042555,0,86,0,52.13114893617022,0,0,0,26,0,0,0,0,0,0,0,0,0,0,None,0,0,0.225,0,0,0,52.707425531914886,1,0,16/02/2025 21:06,0,0,0
65,0,0,0,0,0,0,0,16/02/2025 21:10,0,1,0,0,21.745212765957447,0,0,0,361,40,2.083744680851064,0,0,0,0.032176,2,0,0,0,0,0,0,0,Success,0,0,0,0,0,0,0,4.925735986,None,16/02/2025 21:15,6.28.1,0,202,0,2025-02-16 N,16/02/2025 21:16,None,0,0,275,1,0,54,0,0.017464249,0,6.28.1,None,0,361,361,69,0,165,4,0,0,0,0,21.745212765957447,0,89,0,52.31165957446809,0,0,0,26,0,0,0,0,0,0,0,0,0,0,None,0,0,0.232,0,0,0,50.74682978723404,1,0,16/02/2025 21:12,0,0,0
73,0,0,0,0,0,0,0,16/02/2025 21:16,0,2,0,0,21.16141304347826,0,0,0,363,39,2.157804347826087,0,0,0,0.032966,2,0,0,0,0,0,0,0,Success,0,0,0,0,0,0,0,4.87924113,None,16/02/2025 21:21,6.28.1,0,210,0,2025-02-16 N,16/02/2025 21:22,None,0,0,280,1,0,63,0,0.066189123,0,6.28.1,None,0,363,363,67,0,165,5,0,0,0,0,21.16141304347826,0,84,0,52.404065217391306,0,0,0,26,0,0,0,0,0,0,0,0,0,0,None,0,0,0.224,0,0,0,52.216804347826084,1,0,16/02/2025 21:18,0,0,0
65,0,0,0,0,0,0,0,16/02/2025 21:22,0,2,0,0,21.69782608695652,0,0,0,369,40,2.071108695652174,0,0,0,0.031871,2,0,0,0,0,0,0,0,Success,0,0,0,0,0,0,0,4.928114041,None,16/02/2025 21:27,6.28.1,0,207,0,2025-02-16 N,16/02/2025 21:28,None,0,0,277,1,0,55,0,0.026400757,0,6.28.1,None,0,369,369,72,0,165,5,0,0,0,0,21.69782608695652,0,85,0,51.47747826086957,0,0,0,27,0,0,0,0,0,0,0,0,0,0,None,0,0,0.229,0,0,0,50.23439130434783,1,0,16/02/2025 21:24,0,0,0
64,0,0,0,0,0,0,0,16/02/2025 21:37,0,1,0,0,22.050638297872343,0,0,0,404,39,1.929404255319149,0,0,0,0.030332,2,0,0,0,0,0,0,0,Success,0,0,0,0,0,0,0,4.896475671,None,16/02/2025 21:42,6.28.1,0,211,0,2025-02-16 N,16/02/2025 21:43,None,0,0,309,1,0,54,0,0.099929975,0,6.28.1,None,0,404,404,74,0,165,5,0,0,0,0,22.050638297872343,0,94,0,50.139638297872345,0,0,0,27,0,0,0,0,0,0,0,0,0,0,None,0,0,0.235,0,0,0,52.56061702,1,0,16/02/2025 21:39,0,0,0
66,0,0,0,0,0,0,0,16/02/2025 21:43,0,1,0,0,22.19840425531915,0,0,1075,447,40,2.1331702127659575,0,0,0,0.031384,2,0,0,0,21,0,0,0,Success,0,0,0,0,0,0,0,4.921124363,None,16/02/2025 22:13,6.28.1,0,209,0,2025-02-16 N,16/02/2025 22:14,None,0,1363,1739,1,0,56,0,0.106451867,0,6.28.1,None,0,1831,468,75,0,165,6,0,0,0,0,22.19840425531915,0,91,0,51.48946808510639,0,0,0,27,0,0,0,0,0,0,0,0,0,0,None,0,0,0.244,0,0,0,52.98276595744681,1,0,16/02/2025 22:09,0,0,0
65,0,0,0,0,0,0,0,16/02/2025 22:14,0,1,0,0,22.63627659574468,0,0,0,435,39,1.8282340425531916,0,0,0,0.027593,2,0,0,0,0,0,0,0,Success,0,0,0,0,0,0,0,4.893502018,None,16/02/2025 22:20,6.28.1,0,228,0,2025-02-16 N,16/02/2025 22:21,None,0,0,334,1,0,55,0,0.015132746,0,6.28.1,None,0,435,435,84,0,165,5,0,0,0,0,22.63627659574468,0,99,0,49.72538298,0,0,0,27,0,0,0,0,0,0,0,0,0,0,None,0,0,0.212,0,0,0,54.188851063829794,1,0,16/02/2025 22:16,0,0,0
66,0,0,0,0,0,0,0,16/02/2025 22:21,0,2,0,0,22.3240625,0,0,0,440,39,1.7294791666666667,0,0,0,0.024209,2,0,0,0,0,0,0,0,Success,0,0,0,0,0,0,0,5.000868825,None,16/02/2025 22:27,6.28.1,0,258,0,2025-02-16 N,16/02/2025 22:29,None,0,0,321,1,0,56,0,0.081999999,0,6.28.1,None,0,440,440,89,0,165,5,0,0,0,0,22.3240625,0,112,0,49.876958333333334,0,0,0,27,0,0,0,0,0,0,0,0,0,0,None,0,0,0.223,0,0,0,54.077875,1,0,16/02/2025 22:23,0,0,0
66,0,0,0,0,0,0,0,16/02/2025 22:29,0,1,0,0,23.012234042553192,0,0,0,382,40,2.0161063829787236,0,0,0,0.031194,2,0,0,0,0,0,0,0,Success,0,0,0,0,0,0,0,4.896905145,None,16/02/2025 22:34,6.28.1,0,211,0,2025-02-16 N,16/02/2025 22:35,None,0,0,299,1,0,56,0,0.018973666,0,6.28.1,None,0,382,382,74,0,165,5,0,0,0,0,23.012234042553192,0,92,0,50.95421276595744,0,0,0,27,0,0,0,0,0,0,0,0,0,0,None,0,0,0.217,0,0,0,53.62534042553192,1,0,16/02/2025 22:30,0,0,0
65,0,0,0,0,0,0,0,16/02/2025 22:35,0,1,0,0,22.513085106382977,0,0,0,379,39,1.7985106382978724,0,0,0,0.028706,2,0,0,0,0,0,0,0,Success,0,0,0,0,0,0,0,4.886090769,None,16/02/2025 22:40,6.28.1,0,222,0,2025-02-16 N,16/02/2025 22:41,None,0,0,279,1,0,55,0,0.042755117,0,6.28.1,None,0,379,379,75,0,165,5,0,0,0,0,22.513085106382977,0,102,0,50.39693617021276,0,0,0,26,0,0,0,0,0,0,0,0,0,0,None,0,0,0.24,0,0,0,53.784617021276595,1,0,16/02/2025 22:36,0,0,0
67,0,0,0,0,0,0,0,16/02/2025 22:41,0,2,0,0,21.607021276595745,0,0,0,381,40,1.8700851063829789,0,0,0,0.028691,2,0,0,0,0,0,0,0,Success,0,0,0,0,0,0,0,4.924719383,None,16/02/2025 22:46,6.28.1,0,223,0,2025-02-16 N,16/02/2025 22:48,None,0,0,284,1,0,57,0,0.022203603,0,6.28.1,None,0,381,381,73,0,165,5,0,0,0,0,21.607021276595745,0,99,0,49.620893617021274,0,0,0,27,0,0,0,0,0,0,0,0,0,0,None,0,0,0.238,0,0,0,52.390085106382976,1,0,16/02/2025 22:43,0,0,0
129,0,0,0,0,0,0,0,16/02/2025 22:48,0,3,0,0,21.148369565217394,0,0,0,513,40,1.5779347826086956,0,0,0,0.019901,3,0,0,0,0,0,0,0,Success,0,0,0,0,0,0,0,4.811675488,None,16/02/2025 22:55,6.28.1,0,353,0,2025-02-16 N,16/02/2025 22:56,None,0,0,400,1,0,118,0,0.023194827,0,6.28.1,None,0,513,513,89,0,165,9,0,0,0,0,21.148369565217394,0,88,0,51.4245,0,0,0,27,0,0,0,0,0,0,0,0,0,0,None,0,0,0.244,0,0,0,53.32434782608696,1,0,16/02/2025 22:49,0,0,0
65,0,0,0,0,0,0,0,16/02/2025 22:56,0,2,0,0,21.598085106382978,0,0,0,391,39,1.6840851063829787,0,0,0,0.026365,2,0,0,0,0,0,0,0,Success,0,0,0,0,0,0,0,4.905507721,None,16/02/2025 23:02,6.28.1,0,238,0,2025-02-16 N,16/02/2025 23:03,None,0,0,308,1,0,55,0,0.065192024,0,6.28.1,None,0,391,391,76,0,165,6,0,0,0,0,21.598085106382978,0,111,0,46.12472340425532,0,0,0,26,0,0,0,0,0,0,0,0,0,0,None,0,0,0.225,0,0,0,54.05189361702127,1,0,16/02/2025 22:58,0,0,0
95,0,0,0,0,0,0,0,16/02/2025 23:03,0,8,0,0,18.237446808510636,0,0,0,566,39,1.2791063829787235,0,0,0,0.016819,3,0,0,0,0,0,0,0,Success,0,0,0,0,0,0,0,4.916030716,None,16/02/2025 23:11,6.28.1,0,403,0,2025-02-16 N,16/02/2025 23:12,None,0,0,434,1,0,85,0,0.061032778,0,6.28.1,None,0,566,566,92,0,165,5,0,0,0,0,18.237446808510636,0,130,0,45.98157446808511,0,0,0,26,0,0,0,0,0,0,0,0,0,0,None,0,0,0.246,0,0,0,55.06355319148936,1,0,16/02/2025 23:04,0,0,0
66,0,0,0,0,0,0,0,16/02/2025 23:12,0,6,0,0,19.57755319148936,0,0,0,435,39,1.458255319148936,0,0,0,0.022343,2,0,0,0,0,0,0,0,Success,0,0,0,0,0,0,0,4.948714985,None,16/02/2025 23:18,6.28.1,0,277,0,2025-02-16 N,16/02/2025 23:19,None,0,0,317,1,0,56,0,0.051078371,0,6.28.1,None,0,435,435,77,0,165,5,0,0,0,0,19.57755319148936,0,112,0,46.122829787234046,0,0,0,27,0,0,0,0,0,0,0,0,0,0,None,0,0,0.218,0,0,0,54.15440425531915,1,0,16/02/2025 23:14,0,0,0
66,0,0,0,0,0,0,0,16/02/2025 23:19,0,2,0,0,21.935106382978724,0,0,0,383,39,1.7664468085106382,0,0,0,0.027295,2,0,0,0,0,0,0,0,Success,0,0,0,0,0,0,0,4.942014367,None,16/02/2025 23:25,6.28.1,0,232,0,2025-02-16 N,16/02/2025 23:26,None,0,0,292,1,0,56,0,0.031112698,0,6.28.1,None,0,383,383,79,0,165,5,0,0,0,0,21.935106382978724,0,101,0,46.28540425531915,0,0,0,26,0,0,0,0,0,0,0,0,0,0,None,0,0,0.226,0,0,0,55.543276595744686,1,0,16/02/2025 23:21,0,0,0
133,0,0,0,0,0,0,0,16/02/2025 23:26,0,8,0,0,18.484375,0,0,0,540,39,1.4708125,0,0,0,0.018333,4,0,0,0,0,0,0,0,Success,0,0,0,0,0,0,0,5.026703492,None,16/02/2025 23:34,6.28.1,0,386,0,2025-02-16 N,16/02/2025 23:35,None,0,0,440,1,0,123,0,0.018027756,0,6.28.1,None,0,540,540,68,0,165,5,0,0,0,0,18.484375,0,92,0,43.65327083333333,0,0,0,27,0,0,0,0,0,0,0,0,0,0,None,0,0,0.251,0,0,0,57.882312500000005,1,0,16/02/2025 23:27,0,0,0
66,0,0,0,0,0,0,0,16/02/2025 23:35,0,1,0,0,21.4496875,0,0,0,407,40,1.6366458333333334,0,0,0,0.025464,2,0,0,0,0,0,0,0,Success,0,0,0,0,0,0,0,4.979663242,None,16/02/2025 23:40,6.28.1,0,253,0,2025-02-16 N,16/02/2025 23:42,None,0,0,288,1,0,56,0,0.083216585,0,6.28.1,None,0,407,407,81,0,165,4,0,0,0,0,21.4496875,0,114,0,46.47864583333333,0,0,0,27,0,0,0,0,0,0,0,0,0,0,None,0,0,0.193,0,0,0,56.6858125,1,0,16/02/2025 23:36,0,0,0
70,0,0,0,0,0,0,0,16/02/2025 23:50,0,6,0,0,18.5134375,0,0,0,494,40,1.5778125,0,0,0,0.022876,2,0,0,0,0,0,0,0,Success,0,0,0,0,0,0,0,5.042830654,None,16/02/2025 23:57,6.28.1,0,280,0,2025-02-16 N,16/02/2025 23:58,None,0,0,391,1,0,60,0,0.080411442,0,6.28.1,None,0,494,494,69,0,165,5,0,0,0,0,18.5134375,0,98,0,43.96510416666666,0,0,0,27,0,0,0,0,0,0,0,0,0,0,None,0,0,0.245,0,0,0,53.90291666666667,1,0,16/02/2025 23:53,0,0,0
98,0,0,0,0,0,0,0,16/02/2025 23:58,0,5,0,0,18.648125,0,0,0,504,39,1.7422916666666666,0,0,0,0.021995,3,0,0,0,0,0,0,0,Success,0,0,0,0,0,0,0,5.029468958,None,17/02/2025 00:06,6.28.1,0,311,0,2025-02-16 N,17/02/2025 00:07,None,0,0,388,1,0,88,0,0.102078401,0,6.28.1,None,0,504,504,62,0,165,5,0,0,0,0,18.648125,0,115,0,45.705562500000006,0,0,0,27,0,0,0,0,0,0,0,0,0,0,None,0,0,0.22,0,0,0,53.7365,1,0,17/02/2025 00:00,0,0,0
72,0,0,0,0,0,0,0,17/02/2025 00:24,0,4,0,0,17.265326086956524,0,0,0,460,41,1.8286521739130435,0,0,0,0.024471,2,0,0,0,0,0,0,0,Success,0,0,0,0,0,0,0,4.913321687,None,17/02/2025 00:30,6.28.1,0,261,0,2025-02-16 N,17/02/2025 00:32,None,0,0,881,1,0,62,0,0.03132092,0,6.28.1,None,0,460,460,61,0,165,9,0,0,0,0,17.265326086956524,0,114,0,45.43686956521739,0,0,0,28,0,0,0,0,0,0,0,0,0,0,None,0,0,0.262,0,0,0,53.55913043,1,0,17/02/2025 00:26,0,0,0
151,0,0,0,0,0,0,0,17/02/2025 00:32,0,5,0,0,19.762021276595746,0,0,0,577,39,1.684553191489362,0,0,0,0.01852,5,0,0,0,0,0,0,0,Success,0,0,0,0,0,0,0,4.964677834,None,17/02/2025 00:40,6.28.1,0,407,0,2025-02-16 N,17/02/2025 00:41,None,0,0,476,1,0,141,0,0.039395431,0,6.28.1,None,0,577,577,77,0,165,4,0,0,0,0,19.762021276595746,0,107,0,48.91819149,0,0,0,26,0,0,0,0,0,0,0,0,0,0,None,0,0,0.219,0,0,0,51.68027659574468,1,0,17/02/2025 00:33,0,0,0
72,0,0,0,0,0,0,0,17/02/2025 00:41,0,3,0,0,20.6325,0,0,0,609,40,0.9728541666666667,0,0,0,0.012842,2,0,0,0,0,0,0,0,Success,0,0,0,0,0,0,0,4.974318647,None,17/02/2025 00:50,6.28.1,0,451,0,2025-02-16 N,17/02/2025 00:51,None,0,0,323,1,0,62,0,0.080498447,0,6.28.1,None,0,609,609,88,0,165,5,0,0,0,0,20.6325,0,288,0,49.77010416666667,0,0,0,27,0,0,0,0,0,0,0,0,0,0,None,0,0,0.218,0,0,0,53.76083333333333,1,0,17/02/2025 00:43,0,0,0
70,0,0,0,0,0,0,0,17/02/2025 00:51,0,10,0,0,19.818749999999998,0,0,0,631,41,0.8040625,0,0,0,0.012527,2,0,0,0,0,0,0,0,Success,0,0,0,0,0,0,0,4.986738914,None,17/02/2025 01:01,6.28.1,0,463,0,2025-02-16 N,17/02/2025 01:02,None,0,0,428,1,0,60,0,0.022472205,0,6.28.1,None,0,631,631,113,0,165,5,0,0,0,0,19.818749999999998,0,196,0,46.25835416666666,0,0,0,29,0,0,0,0,0,0,0,0,0,0,None,0,0,0.222,0,0,0,55.55802083333333,1,0,17/02/2025 00:53,0,0,0
89,0,0,0,0,0,0,0,17/02/2025 01:02,0,16,0,0,19.1203125,0,0,0,966,39,0.5886041666666667,0,0,0,0.00742,3,0,0,0,0,0,0,0,Success,0,0,0,0,0,0,0,4.975620665,None,17/02/2025 01:17,6.28.1,0,810,0,2025-02-16 N,17/02/2025 01:18,None,0,0,559,1,0,79,0,0.069634761,0,6.28.1,None,0,966,966,108,0,165,5,0,0,0,0,19.1203125,0,410,0,48.67264583333333,0,0,0,26,0,0,0,0,0,0,0,0,0,0,None,0,0,0.214,0,0,0,54.33864583333334,1,0,17/02/2025 01:03,0,0,0
65,0,0,0,0,0,0,0,17/02/2025 01:18,0,20,0,0,16.60141304347826,0,0,0,1517,41,0.813304348,0,0,0,0.008083,2,0,0,0,547,0,0,0,Success,0,0,0,0,0,0,0,4.958783016,None,17/02/2025 01:51,6.28.1,0,1896,0,2025-02-16 N,17/02/2025 01:52,None,0,0,1735,1,0,55,0,0.065,0,6.28.1,None,0,2064,2064,208,0,165,5,0,0,0,0,16.60141304347826,0,332,0,45.99393478,0,0,0,28,0,0,0,0,0,0,0,0,0,0,None,0,0,0.225,0,0,0,51.162978260869565,1,0,17/02/2025 01:20,0,0,0
72,0,0,0,0,0,0,0,17/02/2025 01:52,0,11,0,0,21.09095744680851,0,0,0,645,41,0.9061063829787234,0,0,0,0.012861,2,0,0,0,0,0,0,0,Success,0,0,0,0,0,0,0,4.869593515,None,17/02/2025 02:02,6.28.1,0,476,0,2025-02-16 N,17/02/2025 02:03,None,0,0,446,1,0,61,0,0.100169856,0,6.28.1,None,0,645,645,102,0,165,5,0,0,0,0,21.09095744680851,0,193,0,48.93076595744681,0,0,0,28,0,0,0,0,0,0,0,0,0,0,None,0,0,0.218,0,0,0,54.83834042553192,1,0,17/02/2025 01:54,0,0,0
70,0,0,0,0,0,0,0,17/02/2025 02:03,0,11,0,0,21.13595744680851,0,0,0,756,40,0.8348297872340426,0,0,0,0.010017,2,0,0,0,0,0,0,0,Success,0,0,0,0,0,0,0,4.844383139,None,17/02/2025 02:15,6.28.1,0,594,0,2025-02-16 N,17/02/2025 02:16,None,0,0,450,1,0,60,0,0.05375872,0,6.28.1,None,0,756,756,97,0,165,5,0,0,0,0,21.13595744680851,0,310,0,49.03727659574468,0,0,0,28,0,0,0,0,0,0,0,0,0,0,None,0,0,0.216,0,0,0,56.049829787234046,1,0,17/02/2025 02:05,0,0,0
66,0,0,0,0,0,0,0,17/02/2025 02:16,0,10,0,0,21.12031914893617,0,0,0,629,40,0.8261063829787234,0,0,0,0.012036,2,0,0,0,0,0,0,0,Success,0,0,0,0,0,0,0,4.882802884,None,17/02/2025 02:25,6.28.1,0,473,0,2025-02-16 N,17/02/2025 02:26,None,0,0,434,1,0,56,0,0.060166436,0,6.28.1,None,0,629,629,125,0,165,13,0,0,0,0,21.12031914893617,0,195,0,46.39655319148936,0,0,0,28,0,0,0,0,0,0,0,0,0,0,None,0,0,0.206,0,0,0,54.939829787234046,1,0,17/02/2025 02:17,0,0,0
75,0,0,0,0,0,0,0,17/02/2025 02:26,0,11,0,0,19.02351063829787,0,0,0,973,618,0.6809361702127659,0,0,0,0.009153,2,0,0,0,142,0,0,0,Success,0,0,0,0,0,0,0,4.82348598,None,17/02/2025 02:42,6.28.1,0,635,0,2025-02-16 N,17/02/2025 02:52,None,0,458,708,1,0,65,0,0.018439089,0,6.28.1,None,0,1573,1115,142,0,165,6,0,0,0,0,19.02351063829787,0,280,0,46.901319148936174,0,0,0,34,0,0,0,0,0,0,0,0,0,0,None,0,0,0.225,0,0,0,55.83965957446809,1,0,17/02/2025 02:31,0,0,0
67,0,0,0,0,0,0,0,17/02/2025 02:52,0,15,0,0,19.454347826086956,0,0,0,967,39,0.5789347826086957,0,0,0,0.007165,2,0,0,0,0,0,0,0,Success,0,0,0,0,0,0,0,4.801419998,None,17/02/2025 03:07,6.28.1,0,807,0,2025-02-16 N,17/02/2025 03:09,None,0,0,1165,1,0,57,0,0.030413812,0,6.28.1,None,0,967,967,112,0,165,5,0,0,0,0,19.454347826086956,0,381,0,46.279391304347826,0,0,0,27,0,0,0,0,0,0,0,0,0,0,None,0,0,0.212,0,0,0,56.55689130434783,1,0,17/02/2025 02:54,0,0,0
96,0,0,0,0,0,0,0,17/02/2025 03:09,0,14,0,0,19.065,0,0,0,1548,38,0.5517391304347826,0,0,0,0.006113,3,0,0,0,0,0,0,0,Success,0,0,0,0,0,0,0,4.710314745,None,17/02/2025 03:33,6.28.1,0,996,0,2025-02-16 N,17/02/2025 03:34,None,0,0,1052,1,0,86,0,0.049244289,0,6.28.1,None,0,1548,1548,113,0,165,5,0,0,0,0,19.065,0,498,0,48.169739130434785,0,0,0,26,0,0,0,0,0,0,0,0,0,0,None,0,0,0.217,0,0,0,54.22263043478261,1,0,17/02/2025 03:17,0,0,0
122,0,0,0,0,0,0,0,17/02/2025 03:34,0,13,0,0,16.988152173913043,0,0,0,1265,39,0.5232391304347825,0,0,0,0.007224,4,0,0,0,0,0,0,0,Success,0,0,0,0,0,0,0,4.817581447,None,17/02/2025 03:54,6.28.1,0,1080,0,2025-02-16 N,17/02/2025 03:55,None,0,0,867,1,0,112,0,0.066287254,0,6.28.1,None,0,1265,1265,168,0,165,5,0,0,0,0,16.988152173913043,0,407,0,47.60023913043478,0,0,0,27,0,0,0,0,0,0,0,0,0,0,None,0,0,0.205,0,0,0,54.58232608695652,1,0,17/02/2025 03:36,0,0,0
67,0,0,0,0,0,0,0,17/02/2025 03:55,0,9,0,0,10.727448979591836,0,0,0,1157,39,0.4640612244897959,0,0,0,0,2,0,0,0,0,0,0,0,Success,0,0,0,0,0,0,0,4.967506517,None,17/02/2025 04:13,6.28.1,0,940,0,2025-02-16 N,17/02/2025 04:15,None,0,0,604,1,0,57,0,0.072732386,0,6.28.1,None,0,1157,1157,221,0,165,5,0,0,0,0,10.727448979591836,0,524,0,51.93485714285714,0,0,0,26,0,0,0,0,0,0,0,0,0,0,None,0,0,0.217,0,0,0,52.639918367346944,1,0,17/02/2025 03:58,0,0,0
50,0,0,0,0,0,0,0,17/02/2025 04:34,0,15,0,0,9.633061224489795,0,0,0,1593,51,0.47595918367346934,0,0,0,0.005223,2,0,0,0,236,0,0,0,Success,0,0,0,0,0,0,0,5.003476192,None,17/02/2025 05:03,6.28.1,0,1619,0,2025-02-16 N,17/02/2025 05:04,None,0,0,1036,1,0,50,0,0.038013156,0,6.28.1,None,0,1829,1829,211,0,165,5,0,0,0,0,9.633061224489795,0,626,0,51.45732653061225,0,0,0,0,0,0,0,0,0,0,0,0,0,0,None,0,0,0.213,0,0,0,50.268897959183676,1,0,17/02/2025 04:36,0,0,0
67,0,0,0,0,0,0,0,17/02/2025 05:04,0,16,0,0,8.475612245,0,0,0,2711,40,0.5133061224489797,0,0,0,0.005057,2,0,0,0,0,0,0,0,Success,0,0,0,0,0,0,0,5.015870313,None,17/02/2025 05:48,6.28.1,0,1261,0,2025-02-16 N,17/02/2025 05:50,None,0,0,2265,1,0,57,0,0.026683328,0,6.28.1,None,0,2711,2711,303,0,165,6,0,0,0,0,8.475612245,0,610,0,50.71265306122449,0,0,0,27,0,0,0,0,0,0,0,0,0,0,None,0,0,0.254,0,0,0,53.728857142857144,1,0,17/02/2025 05:27,0,0,0
94,0,0,0,0,0,0,0,17/02/2025 05:50,0,18,0,0,8.954361702,0,0,0,2139,39,0.44895744680851063,0,0,0,0.005436,3,0,0,0,0,0,0,0,Success,0,0,0,0,0,0,0,4.810515253,None,17/02/2025 06:32,6.28.1,0,1958,0,2025-02-17 D,17/02/2025 06:33,None,0,2583,2096,1,0,84,0,0.027018512,0,6.28.1,None,0,2627,44,213,0,165,6,0,0,0,0,8.954361702,0,541,0,52.90704255319149,0,0,0,26,0,0,0,0,0,0,0,0,0,0,None,0,0,0.187,0,0,0,52.86463829787234,1,0,17/02/2025 06:00,0,0,0
64,0,0,0,0,0,0,0,17/02/2025 06:33,0,17,0,0,7.7773076923076925,0,0,0,1302,40,0.4702051282051282,0,0,0,0.005651,2,0,0,0,0,0,0,0,Success,0,0,0,0,0,0,0,4.786639844,None,17/02/2025 07:02,6.28.1,0,1605,0,2025-02-17 D,17/02/2025 07:03,None,0,1775,1185,1,0,54,0,0.044271888,0,6.28.1,None,0,1775,0,157,0,165,8,0,0,0,0,7.7773076923076925,0,580,0,49.99225641025641,0,0,0,27,0,0,0,0,0,0,0,0,0,0,None,0,0,0.237,0,0,0,53.39692307692308,1,0,17/02/2025 06:35,0,0,0
45,0,0,0,0,0,0,0,17/02/2025 07:47,0,11,0,0,19.50319149,0,0,4464,1114,45,1.1221914893617022,0,0,0,0.012867,2,0,0,0,1186,0,0,0,Success,0,0,0,0,0,0,0,4.840001033,None,17/02/2025 10:22,6.28.1,0,623,0,2025-02-17 D,17/02/2025 10:23,None,0,7659,623,1,0,45,501,1.574042248,0,6.28.1,None,0,9346,1687,210,0,165,4,0,0,0,0,19.50319149,0,526,0,49.134234042553196,0,0,0,0,0,0,0,0,0,0,0,0,0,0,None,0,0,0.229,0,0,0,56.83919149,1,0,17/02/2025 10:11,0,0,0
91,0,0,0,0,0,0,0,17/02/2025 10:23,0,1,0,0,20.874255319148936,0,0,0,500,39,1.3882765957446808,0,0,0,0.021346,2,0,0,0,11,0,0,0,Success,0,0,0,0,0,0,0,4.908709097,None,17/02/2025 10:30,6.28.1,0,307,0,2025-02-17 D,17/02/2025 10:31,None,0,0,8548,1,0,81,0,0.031304952,0,6.28.1,None,0,511,511,91,0,165,5,0,0,0,0,20.874255319148936,0,146,0,50.17746808510638,0,0,0,26,0,0,0,0,0,0,0,0,0,0,None,0,0,0.222,0,0,0,55.71074468085107,1,0,17/02/2025 10:25,0,0,0
94,0,0,0,0,0,0,0,17/02/2025 10:31,0,2,0,0,19.4298,0,0,0,491,39,1.68278,0,0,0,0.021004,2,0,0,0,0,0,0,0,Success,0,0,0,0,0,0,0,5.257414384,None,17/02/2025 10:38,6.28.1,0,338,0,2025-02-17 D,17/02/2025 10:39,None,0,0,300,1,0,84,0,0.034669872,0,6.28.1,None,0,491,491,50,0,165,6,0,0,0,0,19.4298,0,189,0,49.398999999999994,0,0,0,26,0,0,0,0,0,0,0,0,0,0,None,0,0,0.275,0,0,0,55.530699999999996,1,0,17/02/2025 10:33,0,0,0
65,0,0,0,0,0,0,0,17/02/2025 10:39,0,1,0,0,22.8928125,0,0,0,465,39,1.2461875,0,0,0,0.019316,2,0,0,0,0,0,0,0,Success,0,0,0,0,0,0,0,4.957645913,None,17/02/2025 10:46,6.28.1,0,307,0,2025-02-17 D,17/02/2025 10:47,None,0,0,311,1,0,55,0,0.031144823,0,6.28.1,None,0,465,465,85,0,165,5,0,0,0,0,22.8928125,0,179,0,51.27258333333333,0,0,0,26,0,0,0,0,0,0,0,0,0,0,None,0,0,0.201,0,0,0,54.38797916666667,1,0,17/02/2025 10:41,0,0,0
95,0,0,0,0,0,0,0,17/02/2025 10:56,0,1,0,0,21.3653125,0,0,0,461,39,1.5102916666666666,0,0,0,0.022976,2,0,0,0,0,0,0,0,Success,0,0,0,0,0,0,0,5.019578966,None,17/02/2025 11:03,6.28.1,0,302,0,2025-02-17 D,17/02/2025 11:04,None,0,0,302,1,0,85,0,0.007071068,0,6.28.1,None,0,461,461,66,0,165,5,0,0,0,0,21.3653125,0,162,0,52.86835416666667,0,0,0,26,0,0,0,0,0,0,0,0,0,0,None,0,0,0.254,0,0,0,52.88222916666667,1,0,17/02/2025 10:58,0,0,0
62,0,0,0,0,0,0,0,17/02/2025 11:04,0,1,0,0,21.282446808510638,0,0,0,409,39,1.8804042553191491,0,0,0,0.02788,2,0,0,0,0,0,0,0,Success,0,0,0,0,0,0,0,4.9323465,None,17/02/2025 11:09,6.28.1,0,227,0,2025-02-17 D,17/02/2025 11:11,None,0,0,298,1,0,52,0,0.04596738,0,6.28.1,None,0,409,409,38,0,165,4,0,0,0,0,21.282446808510638,0,147,0,53.63853191489362,0,0,0,26,0,0,0,0,0,0,0,0,0,0,None,0,0,0.197,0,0,0,53.16417021276595,1,0,17/02/2025 11:06,0,0,0
97,0,0,0,0,0,0,0,17/02/2025 11:11,0,1,0,0,20.5471875,0,0,0,706,39,1.6961875,0,0,0,0.023341,2,0,0,0,2,0,0,0,Success,0,0,0,0,0,0,0,4.989222986,None,17/02/2025 11:18,6.28.1,0,295,0,2025-02-17 D,17/02/2025 11:22,None,0,0,302,1,0,87,0,0.060539244,0,6.28.1,None,0,708,708,44,0,165,4,0,0,0,0,20.5471875,0,173,0,52.93145833333333,0,0,0,26,0,0,0,0,0,0,0,0,0,0,None,0,0,0.248,0,0,0,52.9149375,1,0,17/02/2025 11:13,0,0,0
0,0,0,0,0,0,0,0,17/02/2025 11:22,0,0,0,0,20.823829787234043,0,0,0,0,502,1.7316382978723404,0,0,0,0,0,0,0,0,336,0,0,0,Success,0,0,0,0,0,0,0,4.908084453,None,17/02/2025 11:29,6.28.1,0,292,0,2025-02-17 D,17/02/2025 11:38,None,0,465,0,1,0,0,125,0.004472136,0,6.28.1,None,0,926,461,0,0,165,5,0,0,0,0,20.823829787234043,0,0,0,54.58812765957446,0,0,0,0,0,0,0,0,0,0,0,0,0,0,None,0,0,0.21,0,0,0,51.05429787234043,1,0,17/02/2025 11:24,0,0,0
70,0,0,0,0,0,0,0,17/02/2025 11:51,0,1,0,0,20.0771875,0,0,0,608,40,1.7940833333333333,0,0,0,0.018776,2,0,0,0,0,0,0,0,Success,0,0,0,0,0,0,0,5.011324974,None,17/02/2025 12:00,6.28.1,0,326,0,2025-02-17 D,17/02/2025 12:01,None,0,0,2301,1,0,60,0,0.074793047,0,6.28.1,None,0,608,608,53,0,165,11,0,0,0,0,20.0771875,0,231,0,51.655229166666665,0,0,0,28,0,0,0,0,0,0,0,0,0,0,None,0,0,0.227,0,0,0,50.901520833333336,1,0,17/02/2025 11:54,0,0,0
65,0,0,0,0,0,0,0,17/02/2025 12:01,0,1,0,0,21.053124999999998,0,0,0,428,39,1.6251041666666666,0,0,0,0.023375,2,0,0,0,0,0,0,0,Success,0,0,0,0,0,0,0,5.034498386,None,17/02/2025 12:07,6.28.1,0,266,0,2025-02-17 D,17/02/2025 12:08,None,0,0,261,1,0,55,0,0.014317821,0,6.28.1,None,0,428,428,45,0,165,5,0,0,0,0,21.053124999999998,0,176,0,51.647062500000004,0,0,0,26,0,0,0,0,0,0,0,0,0,0,None,0,0,0.247,0,0,0,53.59395833333334,1,0,17/02/2025 12:03,0,0,0
64,0,0,0,0,0,0,0,17/02/2025 12:14,0,1,0,0,18.005106382978724,0,0,0,365,40,2.2218510638297873,0,0,0,0.031117,2,0,0,0,0,0,0,0,Success,0,0,0,0,0,0,0,4.978609244,None,17/02/2025 12:19,6.28.1,0,212,0,2025-02-17 D,17/02/2025 12:20,None,0,0,245,1,0,54,0,0.015811389,0,6.28.1,None,0,365,365,45,0,165,4,0,0,0,0,18.005106382978724,0,123,0,51.55829787234042,0,0,0,27,0,0,0,0,0,0,0,0,0,0,None,0,0,0.223,0,0,0,52.96982978723404,1,0,17/02/2025 12:16,0,0,0
66,0,0,0,0,0,0,0,17/02/2025 12:20,0,4,0,0,19.506249999999998,0,0,0,510,40,1.4627708333333331,0,0,0,0.017974,2,0,0,0,0,0,0,0,Success,0,0,0,0,0,0,0,5.009846105,None,17/02/2025 12:28,6.28.1,0,350,0,2025-02-17 D,17/02/2025 12:29,None,0,0,298,1,0,56,0,0.030083218,0,6.28.1,None,0,510,510,56,0,165,4,0,0,0,0,19.506249999999998,0,206,0,51.22258333333334,0,0,0,27,0,0,0,0,0,0,0,0,0,0,None,0,0,0.23,0,0,0,54.428083333333326,1,0,17/02/2025 12:22,0,0,0
64,0,0,0,0,0,0,0,17/02/2025 12:29,0,1,0,0,20.452340425531915,0,0,0,454,39,1.3030212765957445,0,0,0,0.019731,2,0,0,0,0,0,0,0,Success,0,0,0,0,0,0,0,4.896791807,None,17/02/2025 12:35,6.28.1,0,300,0,2025-02-17 D,17/02/2025 12:37,None,0,0,263,1,0,54,0,0.018384776,0,6.28.1,None,0,454,454,61,0,165,4,0,0,0,0,20.452340425531915,0,194,0,49.814531914893614,0,0,0,27,0,0,0,0,0,0,0,0,0,0,None,0,0,0.206,0,0,0,55.15065957446809,1,0,17/02/2025 12:30,0,0,0
66,0,0,0,0,0,0,0,17/02/2025 12:37,0,4,0,0,20.295625,0,0,0,484,40,1.4087500000000002,0,0,0,0.018867,2,0,0,0,0,0,0,0,Success,0,0,0,0,0,0,0,4.962540579,None,17/02/2025 12:43,6.28.1,0,325,0,2025-02-17 D,17/02/2025 12:45,None,0,0,295,1,0,56,0,0.03,0,6.28.1,None,0,484,484,61,0,165,6,0,0,0,0,20.295625,0,185,0,50.416312500000004,0,0,0,27,0,0,0,0,0,0,0,0,0,0,None,0,0,0.236,0,0,0,54.678312500000004,1,0,17/02/2025 12:38,0,0,0
66,0,0,0,0,0,0,0,17/02/2025 12:45,0,1,0,0,20.647021276595744,0,0,0,414,39,1.5705531914893618,0,0,0,0.023834,2,0,0,0,0,0,0,0,Success,0,0,0,0,0,0,0,4.915846417,None,17/02/2025 12:50,6.28.1,0,259,0,2025-02-17 D,17/02/2025 12:52,None,0,0,253,1,0,56,0,0.049040799,0,6.28.1,None,0,414,414,49,0,165,5,0,0,0,0,20.647021276595744,0,165,0,51.422765957446806,0,0,0,27,0,0,0,0,0,0,0,0,0,0,None,0,0,0.249,0,0,0,53.26778723404255,1,0,17/02/2025 12:46,0,0,0
20,0,0,0,0,0,0,0,17/02/2025 12:59,0,1,0,0,16.85333333333333,0,0,0,253,46,1.3998666666666666,0,0,0,0.021069,1,0,0,0,197,0,0,0,Success,0,0,0,0,0,0,0,4.726564714,None,17/02/2025 13:05,6.28.1,0,289,0,2025-02-17 D,17/02/2025 13:06,None,0,0,260,1,0,20,0,0.063780875,0,6.28.1,None,0,450,450,51,0,165,5,0,0,0,0,16.85333333333333,0,73,0,50.645777777777774,0,0,0,0,0,0,0,0,0,0,0,0,0,0,None,0,0,0.233,0,0,0,53.71282222222223,1,0,17/02/2025 13:00,0,0,0
67,0,0,0,0,0,0,0,17/02/2025 13:06,0,1,0,0,21.222717391304347,0,0,0,423,40,1.4651304347826086,0,0,0,0.022378,2,0,0,0,0,0,0,0,Success,0,0,0,0,0,0,0,4.763647132,None,17/02/2025 13:12,6.28.1,0,264,0,2025-02-17 D,17/02/2025 13:14,None,0,0,380,1,0,56,0,0.031016125,0,6.28.1,None,0,423,423,53,0,165,5,0,0,0,0,21.222717391304347,0,166,0,50.80721739130435,0,0,0,27,0,0,0,0,0,0,0,0,0,0,None,0,0,0.234,0,0,0,53.945956521739134,1,0,17/02/2025 13:08,0,0,0
65,0,0,0,0,0,0,0,17/02/2025 13:24,0,1,0,0,20.688061224489797,0,0,0,508,39,1.5237142857142858,0,0,0,0.023622,2,0,0,0,0,0,0,0,Success,0,0,0,0,0,0,0,5.096888953,None,17/02/2025 13:31,6.28.1,0,268,0,2025-02-17 D,17/02/2025 13:32,None,0,0,336,1,0,55,0,0.036013886,0,6.28.1,None,0,508,508,51,0,165,5,0,0,0,0,20.688061224489797,0,172,0,50.289367346938775,0,0,0,26,0,0,0,0,0,0,0,0,0,0,None,0,0,0.225,0,0,0,55.13236734693877,1,0,17/02/2025 13:27,0,0,0
65,0,0,0,0,0,0,0,17/02/2025 13:32,0,1,0,0,21.047448979591838,0,0,0,624,189,1.6734081632653062,0,0,0,0.025231,2,0,0,0,0,0,0,0,Success,0,0,0,0,0,0,0,5.141778486,None,17/02/2025 13:39,6.28.1,0,259,0,2025-02-17 D,17/02/2025 13:43,None,0,0,317,1,0,55,0,0.088090862,0,6.28.1,None,0,624,624,67,0,165,6,0,0,0,0,21.047448979591838,0,150,0,51.766510204081634,0,0,0,27,0,0,0,0,0,0,0,0,0,0,None,0,0,0.223,0,0,0,53.66320408163265,1,0,17/02/2025 13:35,0,0,0
66,0,0,0,0,0,0,0,17/02/2025 13:43,0,1,0,0,20.933699999999998,0,0,0,514,40,1.62274,0,0,0,0.026421,2,0,0,0,0,0,0,0,Success,0,0,0,0,0,0,0,5.189529747,None,17/02/2025 13:58,6.28.1,0,250,0,2025-02-17 D,17/02/2025 14:00,None,0,852,1030,1,0,56,0,0.026172505,0,6.28.1,None,0,1026,174,59,0,165,5,0,0,0,0,20.933699999999998,0,148,0,51.55098,0,0,0,27,0,0,0,0,0,0,0,0,0,0,None,0,0,0.228,0,0,0,54.048919999999995,1,0,17/02/2025 13:54,0,0,0
67,0,0,0,0,0,0,0,17/02/2025 14:00,0,1,0,0,20.859899999999996,0,0,0,436,40,1.50198,0,0,0,0.023463,2,0,0,0,0,0,0,0,Success,0,0,0,0,0,0,0,5.150385714,None,17/02/2025 14:06,6.28.1,0,271,0,2025-02-17 D,17/02/2025 14:07,None,0,436,268,1,0,57,0,0.012529964,0,6.28.1,None,0,436,0,54,0,165,6,0,0,0,0,20.859899999999996,0,173,0,50.18152,0,0,0,27,0,0,0,0,0,0,0,0,0,0,None,0,0,0.232,0,0,0,54.37982,1,0,17/02/2025 14:01,0,0,0
64,0,0,0,0,0,0,0,17/02/2025 14:07,0,1,0,0,19.799042553191487,0,0,0,499,39,1.1382340425531914,0,0,0,0.017039,2,0,0,0,0,0,0,0,Success,0,0,0,0,0,0,0,4.917451169,None,17/02/2025 14:14,6.28.1,0,342,0,2025-02-17 D,17/02/2025 14:15,None,0,499,265,1,0,54,0,0.052952808,0,6.28.1,None,0,499,0,64,0,165,8,0,0,0,0,19.799042553191487,0,238,0,49.123106382978726,0,0,0,27,0,0,0,0,0,0,0,0,0,0,None,0,0,0.217,0,0,0,55.130957446808516,1,0,17/02/2025 14:08,0,0,0
64,0,0,0,0,0,0,0,17/02/2025 14:15,0,1,0,0,21.844468085106385,0,0,0,405,38,1.653,0,0,0,0.02463,2,0,0,0,0,0,0,0,Success,0,0,0,0,0,0,0,4.933674594,None,17/02/2025 14:21,6.28.1,0,249,0,2025-02-17 D,17/02/2025 14:22,None,0,405,248,1,0,53,0,0.058463664,0,6.28.1,None,0,405,0,48,0,165,4,0,0,0,0,21.844468085106385,0,156,0,51.388829787234044,0,0,0,26,0,0,0,0,0,0,0,0,0,0,None,0,0,0.26,0,0,0,54.35453191489362,1,0,17/02/2025 14:17,0,0,0
67,0,0,0,0,0,0,0,17/02/2025 14:22,0,2,0,0,18.87782608695652,0,0,445,769,40,1.5290000000000001,0,0,0,0.020572,2,0,0,0,0,0,0,0,Success,0,0,0,0,0,0,0,4.785969285,None,17/02/2025 14:46,6.28.1,0,312,0,2025-02-17 D,17/02/2025 14:47,None,0,1502,1356,1,0,57,0,0.023345235,0,6.28.1,None,0,1502,0,86,0,165,5,0,0,0,0,18.87782608695652,0,147,0,50.747456521739124,0,0,0,27,0,0,0,0,0,0,0,0,0,0,None,0,0,0.231,0,0,0,52.78736956521739,1,0,17/02/2025 14:41,0,0,0
65,0,0,0,0,0,0,0,17/02/2025 14:54,0,3,0,0,18.874891304347827,0,0,0,501,39,1.3674565217391303,0,0,0,0.016843,2,0,0,0,0,0,0,0,Success,0,0,0,0,0,0,0,4.853861453,None,17/02/2025 15:02,6.28.1,0,348,0,2025-02-17 D,17/02/2025 15:03,None,0,501,273,1,0,55,0,0.003,0,6.28.1,None,0,501,0,56,0,165,5,0,0,0,0,18.874891304347827,0,223,0,50.377760869565215,0,0,0,27,0,0,0,0,0,0,0,0,0,0,None,0,0,0.233,0,0,0,53.18706521739131,1,0,17/02/2025 14:56,0,0,0
65,0,0,0,0,0,0,0,17/02/2025 15:03,0,3,0,0,19.478936170212766,0,0,0,494,39,1.4680425531914894,0,0,0,0.019165,2,0,0,0,0,0,0,0,Success,0,0,0,0,0,0,0,4.929790766,None,17/02/2025 15:10,6.28.1,0,339,0,2025-02-17 D,17/02/2025 15:11,None,0,494,296,1,0,55,0,0.03106445,0,6.28.1,None,0,494,0,52,0,165,5,0,0,0,0,19.478936170212766,0,199,0,50.080999999999996,0,0,0,27,0,0,0,0,0,0,0,0,0,0,None,0,0,0.236,0,0,0,54.24089361702128,1,0,17/02/2025 15:04,0,0,0
64,0,0,0,0,0,0,0,17/02/2025 15:11,0,3,0,0,18.430212765957446,0,0,0,507,39,1.4800638297872342,0,0,0,0.018644,2,0,0,0,0,0,0,0,Success,0,0,0,0,0,0,0,4.881373782,None,17/02/2025 15:18,6.28.1,0,352,0,2025-02-17 D,17/02/2025 15:19,None,0,507,298,1,0,54,0,0.019924859,0,6.28.1,None,0,507,0,46,0,165,4,0,0,0,0,18.430212765957446,0,210,0,49.838957446808514,0,0,0,26,0,0,0,0,0,0,0,0,0,0,None,0,0,0.244,0,0,0,53.99646808510638,1,0,17/02/2025 15:12,0,0,0
63,0,0,0,0,0,0,0,17/02/2025 15:28,0,1,0,0,20.544375,0,0,0,438,38,1.5036041666666666,0,0,0,0.023163,2,0,0,0,0,0,0,0,Success,0,0,0,0,0,0,0,4.985013139,None,17/02/2025 15:34,6.28.1,0,267,0,2025-02-17 D,17/02/2025 15:35,None,0,438,268,1,0,53,0,0.078873317,0,6.28.1,None,0,438,0,50,0,165,4,0,0,0,0,20.544375,0,173,0,51.70529166666666,0,0,0,26,0,0,0,0,0,0,0,0,0,0,None,0,0,0.239,0,0,0,53.1431875,1,0,17/02/2025 15:29,0,0,0
63,0,0,0,0,0,0,0,17/02/2025 15:35,0,3,0,0,19.298571428571428,0,0,0,566,39,1.5034897959183675,0,0,0,0.017316,2,0,0,0,0,0,0,0,Success,0,0,0,0,0,0,0,5.159627312,None,17/02/2025 15:43,6.28.1,0,365,0,2025-02-17 D,17/02/2025 15:44,None,0,566,321,1,0,53,0,0.066760767,0,6.28.1,None,0,566,0,44,0,165,3,0,0,0,0,19.298571428571428,0,243,0,49.637020408163266,0,0,0,27,0,0,0,0,0,0,0,0,0,0,None,0,0,0.265,0,0,0,54.526224489795915,1,0,17/02/2025 15:37,0,0,0
65,0,0,0,0,0,0,0,17/02/2025 15:44,0,1,0,0,20.5775,0,0,0,473,39,1.670375,0,0,0,0.021906,2,0,0,0,0,0,0,0,Success,0,0,0,0,0,0,0,4.990178053,None,17/02/2025 15:51,6.28.1,0,281,0,2025-02-17 D,17/02/2025 15:52,None,0,473,286,1,0,55,0,0.058137767,0,6.28.1,None,0,473,0,51,0,165,5,0,0,0,0,20.5775,0,185,0,51.53627083333333,0,0,0,26,0,0,0,0,0,0,0,0,0,0,None,0,0,0.226,0,0,0,52.10272916666667,1,0,17/02/2025 15:46,0,0,0
0,0,0,0,0,0,0,0,17/02/2025 16:02,0,0,0,0,19.17031914893617,0,0,0,0,83,1.7401276595744681,0,0,0,0.021362,0,0,0,0,391,0,0,0,Success,0,0,0,0,0,0,0,4.94005921,None,17/02/2025 16:08,6.28.1,0,294,0,2025-02-17 D,17/02/2025 16:10,None,0,0,0,1,0,0,78,0.162806634,0,6.28.1,None,0,469,469,0,0,165,3,0,0,0,0,19.17031914893617,0,0,0,52.14934042553191,0,0,0,0,0,0,0,0,0,0,0,0,0,0,None,0,0,0.211,0,0,0,49.91695744680852,1,0,17/02/2025 16:03,0,0,0
72,0,0,0,0,0,0,0,17/02/2025 16:10,0,1,0,0,19.8903125,0,0,0,582,39,1.5394791666666665,0,0,0,0.019176,2,0,0,0,26,0,0,0,Success,0,0,0,0,0,0,0,5.015578332,None,17/02/2025 16:19,6.28.1,0,320,0,2025-02-17 D,17/02/2025 16:20,None,0,0,908,1,0,61,0,0.034014702,0,6.28.1,None,0,608,608,58,0,165,4,0,0,0,0,19.8903125,0,209,0,51.512229166666664,0,0,0,26,0,0,0,0,0,0,0,0,0,0,None,0,0,0.203,0,0,0,53.528729166666665,1,0,17/02/2025 16:13,0,0,0
39,0,0,0,0,0,0,0,17/02/2025 16:20,0,1,0,0,20.115957446808512,0,0,0,401,394,1.9317021276595745,0,0,0,0.028674,2,0,0,0,35,0,0,0,Success,0,0,0,0,0,0,0,4.931431739,None,17/02/2025 16:25,6.28.1,0,209,0,2025-02-17 D,17/02/2025 16:32,None,0,369,271,1,0,39,0,0.06306346,0,6.28.1,None,0,707,338,45,0,165,5,0,0,0,0,20.115957446808512,0,136,0,52.57487234042553,0,0,0,0,0,0,0,0,0,0,0,0,0,0,None,0,0,0.209,0,0,0,51.311574468085105,1,0,17/02/2025 16:21,0,0,0
65,0,0,0,0,0,0,0,17/02/2025 16:32,0,1,0,0,20.686914893617022,0,0,0,503,40,1.8846170212765958,0,0,0,0.024134,2,0,0,0,81,0,0,0,Success,0,0,0,0,0,0,0,4.989411388,None,17/02/2025 16:40,6.28.1,0,259,0,2025-02-17 D,17/02/2025 16:41,None,0,0,728,1,0,55,0,0.051855569,0,6.28.1,None,0,584,584,41,0,165,4,0,0,0,0,20.686914893617022,0,174,0,51.842340425531916,0,0,0,39,0,0,0,0,0,0,0,0,0,0,None,0,0,0.226,0,0,0,51.42617021276596,1,0,17/02/2025 16:36,0,0,0
65,0,0,0,0,0,0,0,17/02/2025 16:41,0,2,0,0,19.155,0,0,0,484,39,1.4915,0,0,0,0.019431,2,0,0,0,0,0,0,0,Success,0,0,0,0,0,0,0,4.982238553,None,17/02/2025 16:48,6.28.1,0,322,0,2025-02-17 D,17/02/2025 16:49,None,0,0,280,1,0,55,0,0.041303753,0,6.28.1,None,0,484,484,49,0,165,8,0,0,0,0,19.155,0,211,0,51.30950000000001,0,0,0,26,0,0,0,0,0,0,0,0,0,0,None,0,0,0.247,0,0,0,53.724041666666665,1,0,17/02/2025 16:43,0,0,0
64,0,0,0,0,0,0,0,17/02/2025 16:49,0,4,0,0,19.720851063829787,0,0,0,477,39,1.4793191489361703,0,0,0,0.018787,2,0,0,0,0,0,0,0,Success,0,0,0,0,0,0,0,4.90581879,None,17/02/2025 16:56,6.28.1,0,321,0,2025-02-17 D,17/02/2025 16:57,None,0,0,284,1,0,54,0,0.02236068,0,6.28.1,None,0,477,477,58,0,165,6,0,0,0,0,19.720851063829787,0,188,0,51.24595744680851,0,0,0,26,0,0,0,0,0,0,0,0,0,0,None,0,0,0.232,0,0,0,52.30429787234043,1,0,17/02/2025 16:51,0,0,0
64,0,0,0,0,0,0,0,17/02/2025 16:57,0,3,0,0,18.872934782608695,0,0,0,444,39,1.8090652173913042,0,0,0,0.02189,2,0,0,0,0,0,0,0,Success,0,0,0,0,0,0,0,4.889069134,None,17/02/2025 17:03,6.28.1,0,285,0,2025-02-17 D,17/02/2025 17:05,None,0,0,272,1,0,54,0,0.012649111,0,6.28.1,None,0,444,444,38,0,165,5,0,0,0,0,18.872934782608695,0,176,0,51.540543478260865,0,0,0,26,0,0,0,0,0,0,0,0,0,0,None,0,0,0.225,0,0,0,51.73436956521739,1,0,17/02/2025 16:59,0,0,0
66,0,0,0,0,0,0,0,17/02/2025 17:05,0,2,0,0,18.91212765957447,0,0,0,1667,40,1.5972127659574469,0,0,0,0.020547,2,0,0,0,0,0,0,0,Success,0,0,0,0,0,0,0,4.886743394,None,17/02/2025 17:31,6.28.1,0,301,0,2025-02-17 D,17/02/2025 17:32,None,0,0,1481,1,0,56,0,0.025612497,0,6.28.1,None,0,1667,1667,56,0,165,5,0,0,0,0,18.91212765957447,0,183,0,51.93451063829787,0,0,0,27,0,0,0,0,0,0,0,0,0,0,None,0,0,0.232,0,0,0,53.505148936170215,1,0,17/02/2025 17:26,0,0,0
63,0,0,0,0,0,0,0,17/02/2025 17:32,0,5,0,0,18.871304347826086,0,0,0,509,38,1.5845869565217392,0,0,0,0.017887,2,0,0,0,0,0,0,0,Success,0,0,0,0,0,0,0,4.848936069,None,17/02/2025 17:40,6.28.1,0,351,0,2025-02-17 D,17/02/2025 17:41,None,0,0,314,1,0,53,0,0.010198039,0,6.28.1,None,0,509,509,50,0,165,5,0,0,0,0,18.871304347826086,0,203,0,50.97295652173913,0,0,0,26,0,0,0,0,0,0,0,0,0,0,None,0,0,0.238,0,0,0,52.57669565217391,1,0,17/02/2025 17:34,0,0,0
66,0,0,0,0,0,0,0,17/02/2025 17:41,0,1,0,0,20.094893617021278,0,0,0,433,39,1.4959148936170215,0,0,0,0.022228,2,0,0,0,0,0,0,0,Success,0,0,0,0,0,0,0,4.872707358,None,17/02/2025 17:47,6.28.1,0,274,0,2025-02-17 D,17/02/2025 17:48,None,0,0,248,1,0,56,0,0.038910153,0,6.28.1,None,0,433,433,52,0,165,4,0,0,0,0,20.094893617021278,0,177,0,51.836553191489365,0,0,0,27,0,0,0,0,0,0,0,0,0,0,None,0,0,0.226,0,0,0,52.34710638297872,1,0,17/02/2025 17:42,0,0,0
63,0,0,0,0,0,0,0,17/02/2025 17:48,0,1,0,0,20.37319149,0,0,0,385,40,1.8074680851063831,0,0,0,0.027307,2,0,0,0,0,0,0,0,Success,0,0,0,0,0,0,0,4.924485151,None,17/02/2025 17:53,6.28.1,0,231,0,2025-02-17 D,17/02/2025 17:55,None,0,0,246,1,0,53,0,0.035846896,0,6.28.1,None,0,385,385,43,0,165,4,0,0,0,0,20.37319149,0,145,0,52.388723404255316,0,0,0,27,0,0,0,0,0,0,0,0,0,0,None,0,0,0.264,0,0,0,51.07955319148936,1,0,17/02/2025 17:50,0,0,0
64,0,0,0,0,0,0,0,17/02/2025 17:55,0,2,0,0,19.63467391304348,0,0,0,497,40,1.4017608695652173,0,0,0,0.019596,2,0,0,0,0,0,0,0,Success,0,0,0,0,0,0,0,4.808619137,None,17/02/2025 18:02,6.28.1,0,329,0,2025-02-17 D,17/02/2025 18:03,None,0,0,308,1,0,54,0,0.032062439,0,6.28.1,None,0,497,497,59,0,165,9,0,0,0,0,19.63467391304348,0,189,0,50.795804347826085,0,0,0,27,0,0,0,0,0,0,0,0,0,0,None,0,0,0.271,0,0,0,53.768108695652174,1,0,17/02/2025 17:56,0,0,0
66,0,0,0,0,0,0,0,17/02/2025 18:03,0,2,0,0,20.063125,0,0,0,510,39,1.5126041666666667,0,0,0,0.022303,2,0,0,0,0,0,0,0,Success,0,0,0,0,0,0,0,5.011551257,None,17/02/2025 18:10,6.28.1,0,290,0,2025-02-17 N,17/02/2025 18:11,None,0,0,327,1,0,56,0,0.135768185,0,6.28.1,None,0,510,510,59,0,165,6,0,0,0,0,20.063125,0,169,0,51.01804166666667,0,0,0,26,0,0,0,0,0,0,0,0,0,0,None,0,0,0.23,0,0,0,53.965937499999995,1,0,17/02/2025 18:05,0,0,0
64,0,0,0,0,0,0,0,17/02/2025 18:11,0,3,0,0,19.215612244897958,0,0,0,547,39,1.4387142857142856,0,0,0,0.019955,2,0,0,0,0,0,0,0,Success,0,0,0,0,0,0,0,5.165908826,None,17/02/2025 18:19,6.28.1,0,352,0,2025-02-17 N,17/02/2025 18:20,None,0,0,357,1,0,54,0,0.15498387,0,6.28.1,None,0,547,547,52,0,165,5,0,0,0,0,19.215612244897958,0,197,0,50.77742857142857,0,0,0,26,0,0,0,0,0,0,0,0,0,0,None,0,0,0.234,0,0,0,54.124693877551024,1,0,17/02/2025 18:13,0,0,0
64,0,0,0,0,0,0,0,17/02/2025 18:20,0,2,0,0,20.0583,0,0,0,742,40,1.6408,0,0,0,0.023317,2,0,0,0,92,0,0,0,Success,0,0,0,0,0,0,0,5.210088771,None,17/02/2025 18:39,6.28.1,0,520,0,2025-02-17 N,17/02/2025 18:41,None,0,1113,1038,1,0,54,0,0.080062475,0,6.28.1,None,0,1210,97,60,0,165,6,0,0,0,0,20.0583,0,174,0,52.107820000000004,0,0,0,27,0,0,0,0,0,0,0,0,0,0,None,0,0,0.227,0,0,0,53.57282,1,0,17/02/2025 18:31,0,0,0
64,0,0,0,0,0,0,0,17/02/2025 18:41,0,3,0,0,19.795408163265307,0,0,0,535,39,1.5961836734693877,0,0,0,0.022178,2,0,0,0,28,0,0,0,Success,0,0,0,0,0,0,0,5.087630293,None,17/02/2025 18:49,6.28.1,0,296,0,2025-02-17 N,17/02/2025 18:50,None,0,144,392,1,0,54,0,0.018384776,0,6.28.1,None,0,563,419,55,0,165,8,0,0,0,0,19.795408163265307,0,169,0,50.81459183673469,0,0,0,26,0,0,0,0,0,0,0,0,0,0,None,0,0,0.269,0,0,0,54.03759184,1,0,17/02/2025 18:44,0,0,0
63,0,0,0,0,0,0,0,17/02/2025 18:50,0,1,0,0,20.98775510204082,0,0,0,458,39,1.385265306122449,0,0,0,0.021384,2,0,0,0,0,0,0,0,Success,0,0,0,0,0,0,0,5.084891051,None,17/02/2025 18:56,6.28.1,0,289,0,2025-02-17 N,17/02/2025 18:58,None,0,0,269,1,0,53,0,0.03622154,0,6.28.1,None,0,458,458,58,0,165,6,0,0,0,0,20.98775510204082,0,190,0,52.41130612244898,0,0,0,27,0,0,0,0,0,0,0,0,0,0,None,0,0,0.223,0,0,0,52.80820408163265,1,0,17/02/2025 18:52,0,0,0
66,0,0,0,0,0,0,0,17/02/2025 18:58,0,5,0,0,20.6403125,0,0,0,541,39,1.4734375,0,0,0,0.019525,2,0,0,0,0,0,0,0,Success,0,0,0,0,0,0,0,4.944568333,None,17/02/2025 19:06,6.28.1,0,389,0,2025-02-17 N,17/02/2025 19:07,None,0,0,374,1,0,56,0,0.024698178,0,6.28.1,None,0,541,541,60,0,165,5,0,0,0,0,20.6403125,0,172,0,50.66797916666667,0,0,0,26,0,0,0,0,0,0,0,0,0,0,None,0,0,0.215,0,0,0,54.065333333333335,1,0,17/02/2025 18:59,0,0,0
267,0,0,0,0,0,0,0,17/02/2025 19:07,0,2,0,0,21.14617021276596,0,0,865,761,40,1.1436808510638299,0,0,0,0.015624,2,0,0,0,546,0,0,0,Success,0,0,0,0,0,0,0,4.867306134,None,17/02/2025 19:46,6.28.1,0,574,0,2025-02-17 N,17/02/2025 19:47,None,0,945,1941,1,0,257,152,0.085023526,0,6.28.1,None,0,2404,1459,57,0,165,6,0,0,0,0,21.14617021276596,0,255,0,50.69068085106383,0,0,0,27,0,0,0,0,0,0,0,0,0,0,None,0,0,0.209,0,0,0,51.96876595744681,1,0,17/02/2025 19:36,0,0,0
88,0,0,0,0,0,0,0,17/02/2025 19:47,0,5,0,0,20.575625,0,0,0,1646,1394,1.8268125,0,0,0,0.021142,2,0,0,0,213,0,0,0,Success,0,0,0,0,0,0,0,5.170546393,None,17/02/2025 19:54,6.28.1,0,352,0,2025-02-17 N,17/02/2025 20:18,None,0,0,509,1,0,78,0,0.057567352,0,6.28.1,None,0,1859,1859,37,0,165,5,0,0,0,0,20.575625,0,179,0,50.35441666666667,0,0,0,26,0,0,0,0,0,0,0,0,0,0,None,0,0,0.238,0,0,0,54.4353125,1,0,17/02/2025 19:48,0,0,0
64,0,0,0,0,0,0,0,17/02/2025 20:18,0,7,0,0,17.423571428571428,0,0,0,971,39,1.7077551020408164,0,0,0,0.017421,2,0,0,0,112,0,0,0,Success,0,0,0,0,0,0,0,5.268460401,None,17/02/2025 20:35,6.28.1,0,926,0,2025-02-17 N,17/02/2025 20:36,None,0,0,2243,1,0,54,0,0.031575307,0,6.28.1,None,0,1083,1083,45,0,165,5,0,0,0,0,17.423571428571428,0,221,0,47.37348979591837,0,0,0,27,0,0,0,0,0,0,0,0,0,0,None,0,0,0.24,0,0,0,56.01442857142857,1,0,17/02/2025 20:19,0,0,0
64,0,0,0,0,0,0,0,17/02/2025 20:42,0,1,0,0,20.764565217391304,0,0,0,328,39,2.4908260869565217,0,0,0,0.037812,2,0,0,0,0,0,0,0,Success,0,0,0,0,0,0,0,4.869159886,None,17/02/2025 20:47,6.28.1,0,181,0,2025-02-17 N,17/02/2025 20:48,None,0,0,229,1,0,54,0,0.035805028,0,6.28.1,None,0,328,328,35,0,165,5,0,0,0,0,20.764565217391304,0,103,0,51.63510869565218,0,0,0,26,0,0,0,0,0,0,0,0,0,0,None,0,0,0.235,0,0,0,53.37878260869565,1,0,17/02/2025 20:44,0,0,0
64,0,0,0,0,0,0,0,17/02/2025 20:48,0,2,0,0,20.398695652173913,0,0,0,377,39,2.2486521739130434,0,0,0,0.029404,2,0,0,0,0,0,0,0,Success,0,0,0,0,0,0,0,4.821384345,None,17/02/2025 20:53,6.28.1,0,220,0,2025-02-17 N,17/02/2025 20:54,None,0,0,245,1,0,54,0,0.015132746,0,6.28.1,None,0,377,377,36,0,165,5,0,0,0,0,20.398695652173913,0,129,0,50.946000000000005,0,0,0,26,0,0,0,0,0,0,0,0,0,0,None,0,0,0.228,0,0,0,53.55584782608695,1,0,17/02/2025 20:49,0,0,0
63,0,0,0,0,0,0,0,17/02/2025 21:00,0,4,0,0,19.6175,0,0,0,445,40,2.017125,0,0,0,0.027825,2,0,0,0,0,0,0,0,Success,0,0,0,0,0,0,0,5.012924197,None,17/02/2025 21:06,6.28.1,0,263,0,2025-02-17 N,17/02/2025 21:07,None,0,0,317,1,0,53,0,0.054671748,0,6.28.1,None,0,445,445,42,0,165,5,0,0,0,0,19.6175,0,127,0,50.565104166666664,0,0,0,27,0,0,0,0,0,0,0,0,0,0,None,0,0,0.254,0,0,0,54.065104166666664,1,0,17/02/2025 21:02,0,0,0
64,0,0,0,0,0,0,0,17/02/2025 21:07,0,1,0,0,20.064893617021276,0,0,0,881,40,2.1972127659574467,0,0,0,0.033121,2,0,0,0,86,0,0,0,Success,0,0,0,0,0,0,0,5.016718449,None,17/02/2025 21:20,6.28.1,0,200,0,2025-02-17 N,17/02/2025 21:23,None,0,0,727,1,0,54,0,0.107466274,0,6.28.1,None,0,967,967,51,0,165,5,0,0,0,0,20.064893617021276,0,106,0,51.791531914893625,0,0,0,27,0,0,0,0,0,0,0,0,0,0,None,0,0,0.211,0,0,0,55.18038297872341,1,0,17/02/2025 21:17,0,0,0
64,0,0,0,0,0,0,0,17/02/2025 21:23,0,1,0,0,20.31159574468085,0,0,0,421,39,2.372255319148936,0,0,0,0.026942,2,0,0,0,291,0,0,0,Success,0,0,0,0,0,0,0,4.963046645,None,17/02/2025 21:40,6.28.1,0,243,0,2025-02-17 N,17/02/2025 21:42,None,0,386,1060,1,0,54,0,0.034885527,0,6.28.1,None,0,1098,712,44,0,165,7,0,0,0,0,20.31159574468085,0,138,0,51.83551063829787,0,0,0,26,0,0,0,0,0,0,0,0,0,0,None,0,0,0.267,0,0,0,53.25523404255319,1,0,17/02/2025 21:36,0,0,0
83,0,0,0,0,0,0,0,17/02/2025 21:42,0,1,0,0,21.080106382978723,0,0,0,1205,40,2.1519574468085105,0,0,0,0.030777,2,0,0,0,337,0,0,0,Success,0,0,0,0,0,0,0,4.953517336,None,17/02/2025 21:53,6.28.1,0,232,0,2025-02-17 N,17/02/2025 22:07,None,0,0,617,1,0,73,0,0.114791114,0,6.28.1,None,0,1542,1542,46,0,165,5,0,0,0,0,21.080106382978723,0,122,0,51.81604255319149,0,0,0,27,0,0,0,0,0,0,0,0,0,0,None,0,0,0.224,0,0,0,54.23453191489362,1,0,17/02/2025 21:49,0,0,0
81,0,0,0,0,0,0,0,17/02/2025 22:07,0,2,0,0,18.508333333333333,0,0,0,677,41,2.5826,0,0,0,0.029097,2,0,0,0,254,0,0,0,Success,0,0,0,0,0,0,0,4.849490179,None,17/02/2025 22:19,6.28.1,0,243,0,2025-02-17 N,17/02/2025 22:23,None,0,0,1433,1,0,71,0,0.129031004,0,6.28.1,None,0,931,931,47,0,165,5,0,0,0,0,18.508333333333333,0,118,0,50.623799999999996,0,0,0,28,0,0,0,0,0,0,0,0,0,0,None,0,0,0.222,0,0,0,53.876844444444444,1,0,17/02/2025 22:15,0,0,0
69,0,0,0,0,0,0,0,17/02/2025 22:46,0,1,0,0,20.805638297872342,0,0,0,406,40,2.15,0,0,0,0.026635,2,0,0,0,0,0,0,0,Success,0,0,0,0,0,0,0,4.961816704,None,17/02/2025 22:52,6.28.1,0,245,0,2025-02-17 N,17/02/2025 22:53,None,0,0,276,1,0,59,0,0.05731492,0,6.28.1,None,0,406,406,77,0,165,6,0,0,0,0,20.805638297872342,0,121,0,52.154085106382986,0,0,0,27,0,0,0,0,0,0,0,0,0,0,None,0,0,0.235,0,0,0,54.21355319148936,1,0,17/02/2025 22:48,0,0,0
63,0,0,0,0,0,0,0,17/02/2025 22:53,0,1,0,0,20.182659574468087,0,0,0,854,39,2.260127659574468,0,0,0,0.035214,2,0,0,0,243,0,0,0,Success,0,0,0,0,0,0,0,4.967210082,None,17/02/2025 23:04,6.28.1,0,190,0,2025-02-17 N,17/02/2025 23:11,None,0,0,642,1,0,52,0,0.130816665,0,6.28.1,None,0,1097,1097,48,0,165,5,0,0,0,0,20.182659574468087,0,99,0,51.29438298,0,0,0,26,0,0,0,0,0,0,0,0,0,0,None,0,0,0.233,0,0,0,54.90723404255319,1,0,17/02/2025 23:00,0,0,0
63,0,0,0,0,0,0,0,17/02/2025 23:11,0,1,0,0,20.24840425531915,0,0,0,495,39,2.1021489361702126,0,0,0,0.032876,2,0,0,0,57,0,0,0,Success,0,0,0,0,0,0,0,4.900829012,None,17/02/2025 23:18,6.28.1,0,200,0,2025-02-17 N,17/02/2025 23:20,None,0,0,753,1,0,53,0,0.154159009,0,6.28.1,None,0,552,552,44,0,165,5,0,0,0,0,20.24840425531915,0,111,0,51.01704255319149,0,0,0,27,0,0,0,0,0,0,0,0,0,0,None,0,0,0.25,0,0,0,55.404106382978725,1,0,17/02/2025 23:15,0,0,0
64,0,0,0,0,0,0,0,17/02/2025 23:20,0,1,0,0,20.615666666666666,0,0,0,680,39,2.0818666666666665,0,0,0,0.02982,2,0,0,0,105,0,0,0,Success,0,0,0,0,0,0,0,4.762647793,None,17/02/2025 23:27,6.28.1,0,209,0,2025-02-17 N,17/02/2025 23:34,None,0,0,413,1,0,54,0,0.177158121,0,6.28.1,None,0,785,785,39,0,165,5,0,0,0,0,20.615666666666666,0,124,0,50.81064444444444,0,0,0,26,0,0,0,0,0,0,0,0,0,0,None,0,0,0.249,0,0,0,54.53104444444444,1,0,17/02/2025 23:23,0,0,0
63,0,0,0,0,0,0,0,17/02/2025 23:34,0,1,0,0,20.069,0,0,0,276,39,2.3797555555555556,0,0,0,0.03492,2,0,0,0,89,0,0,0,Success,0,0,0,0,0,0,0,4.739365675,None,17/02/2025 23:39,6.28.1,0,185,0,2025-02-17 N,17/02/2025 23:40,None,0,0,594,1,0,53,0,0.09338094,0,6.28.1,None,0,365,365,43,0,165,10,0,0,0,0,20.069,0,102,0,50.680911111111115,0,0,0,26,0,0,0,0,0,0,0,0,0,0,None,0,0,0.234,0,0,0,55.66624444444444,1,0,17/02/2025 23:35,0,0,0
66,0,0,0,0,0,0,0,17/02/2025 23:40,0,1,0,0,19.970666666666666,0,0,0,446,41,2.3966666666666665,0,0,0,0.035416,2,0,0,0,204,0,0,0,Success,0,0,0,0,0,0,0,4.772295255,None,17/02/2025 23:57,6.28.1,0,187,0,2025-02-17 N,17/02/2025 23:58,None,0,482,997,1,0,56,0,0.065604878,0,6.28.1,None,0,1099,617,35,0,165,6,0,0,0,0,19.970666666666666,0,105,0,49.45364444444445,0,0,0,28,0,0,0,0,0,0,0,0,0,0,None,0,0,0.215,0,0,0,56.38373333333333,1,0,17/02/2025 23:54,0,0,0
63,0,0,0,0,0,0,0,17/02/2025 23:58,0,5,0,0,18.682173913043478,0,0,0,554,39,1.8809565217391304,0,0,0,0.020464,2,0,0,0,99,0,0,0,Success,0,0,0,0,0,0,0,4.86614786,None,18/02/2025 00:07,6.28.1,0,315,0,2025-02-17 N,18/02/2025 00:09,None,0,0,475,1,0,53,0,0.030528675,0,6.28.1,None,0,653,653,40,0,165,6,0,0,0,0,18.682173913043478,0,157,0,48.438152173913046,0,0,0,26,0,0,0,0,0,0,0,0,0,0,None,0,0,0.198,0,0,0,56.615391304347824,1,0,18/02/2025 00:02,0,0,0
64,0,0,0,0,0,0,0,18/02/2025 00:09,0,1,0,0,21.35904255319149,0,0,0,322,40,2.073723404255319,0,0,0,0.030284,2,0,0,0,72,0,0,0,Success,0,0,0,0,0,0,0,4.926500381,None,18/02/2025 00:14,6.28.1,0,211,0,2025-02-17 N,18/02/2025 00:15,None,0,0,266,1,0,54,0,0.150602125,0,6.28.1,None,0,394,394,46,0,165,6,0,0,0,0,21.35904255319149,0,123,0,50.27685106382979,0,0,0,27,0,0,0,0,0,0,0,0,0,0,None,0,0,0.207,0,0,0,55.522680851063825,1,0,18/02/2025 00:10,0,0,0
62,0,0,0,0,0,0,0,18/02/2025 00:15,0,2,0,0,18.964468085106382,0,0,0,396,39,1.5289787234042551,0,0,0,0.019507,2,0,0,0,134,0,0,0,Success,0,0,0,0,0,0,0,4.933171292,None,18/02/2025 00:23,6.28.1,0,315,0,2025-02-17 N,18/02/2025 00:24,None,0,0,339,1,0,52,0,0.097416631,0,6.28.1,None,0,530,530,55,0,165,5,0,0,0,0,18.964468085106382,0,197,0,48.611106382978726,0,0,0,27,0,0,0,0,0,0,0,0,0,0,None,0,0,0.215,0,0,0,55.97968085106383,1,0,18/02/2025 00:18,0,0,0
63,0,0,0,0,0,0,0,18/02/2025 00:24,0,4,0,0,19.933125,0,0,0,368,39,1.563125,0,0,0,0.021688,2,0,0,0,95,0,0,0,Success,0,0,0,0,0,0,0,5.035116781,None,18/02/2025 00:31,6.28.1,0,300,0,2025-02-17 N,18/02/2025 00:49,None,0,439,286,1,0,53,566,0.038948684,0,6.28.1,None,0,1468,1029,51,0,165,5,0,0,0,0,19.933125,0,171,0,49.84372916666666,0,0,0,26,0,0,0,0,0,0,0,0,0,0,None,0,0,0.217,0,0,0,55.20616666666667,1,0,18/02/2025 00:26,0,0,0
92,0,0,0,0,0,0,0,18/02/2025 01:07,0,2,0,0,20.75234693877551,0,0,0,378,39,1.8134897959183673,0,0,0,0.028112,3,0,0,0,155,0,0,0,Success,0,0,0,0,0,0,0,5.090733248,None,18/02/2025 01:15,6.28.1,0,294,0,2025-02-17 N,18/02/2025 01:16,None,0,0,1062,1,0,82,0,0.047265209,0,6.28.1,None,0,533,533,49,0,165,6,0,0,0,0,20.75234693877551,0,140,0,49.47016326530612,0,0,0,27,0,0,0,0,0,0,0,0,0,0,None,0,0,0.219,0,0,0,56.54175510204081,1,0,18/02/2025 01:10,0,0,0
78,0,0,0,0,0,0,0,18/02/2025 01:58,0,3,0,0,18.893936170212765,0,0,1645,537,40,1.680404255319149,0,0,0,0.020865,2,0,0,0,480,0,0,0,Success,0,0,0,0,0,0,0,4.886486979,None,18/02/2025 02:52,6.28.1,0,321,0,2025-02-17 N,18/02/2025 02:54,None,0,2157,3190,1,0,68,183,0.023769729,0,6.28.1,None,0,3357,1200,47,0,165,6,0,0,0,0,18.893936170212765,0,183,0,51.70074468085106,0,0,0,27,0,0,0,0,0,0,0,0,0,0,None,0,0,0.232,0,0,0,50.81908510638298,1,0,18/02/2025 02:47,0,0,0
66,0,0,0,0,0,0,0,18/02/2025 02:54,0,1,0,0,21.21260869565217,0,0,0,482,39,1.4228913043478262,0,0,0,0.018477,2,0,0,0,0,0,0,0,Success,0,0,0,0,0,0,0,4.788639577,None,18/02/2025 03:00,6.28.1,0,315,0,2025-02-17 N,18/02/2025 03:02,None,0,0,277,1,0,56,0,0.016552945,0,6.28.1,None,0,482,482,74,0,165,5,0,0,0,0,21.21260869565217,0,195,0,51.84258695652174,0,0,0,26,0,0,0,0,0,0,0,0,0,0,None,0,0,0.193,0,0,0,48.653978260869565,1,0,18/02/2025 02:55,0,0,0
64,0,0,0,0,0,0,0,18/02/2025 03:02,0,3,0,0,18.71066666666667,0,0,0,446,40,2.194977777777778,0,0,0,0.023924,2,0,0,0,0,0,0,0,Success,0,0,0,0,0,0,0,4.770273472,None,18/02/2025 03:08,6.28.1,0,285,0,2025-02-17 N,18/02/2025 03:09,None,0,0,309,1,0,54,0,0.021023796,0,6.28.1,None,0,446,446,34,0,165,4,0,0,0,0,18.71066666666667,0,158,0,51.629088888888894,0,0,0,27,0,0,0,0,0,0,0,0,0,0,None,0,0,0.226,0,0,0,49.611933333333326,1,0,18/02/2025 03:03,0,0,0
66,0,0,0,0,0,0,0,18/02/2025 03:09,0,4,0,0,18.942999999999998,0,0,0,435,40,2.259822222222222,0,0,0,0.023174,2,0,0,0,0,0,0,0,Success,0,0,0,0,0,0,0,4.73414459,None,18/02/2025 03:15,6.28.1,0,273,0,2025-02-17 N,18/02/2025 03:16,None,0,0,281,1,0,56,0,0.034928498,0,6.28.1,None,0,435,435,36,0,165,6,0,0,0,0,18.942999999999998,0,157,0,51.1682,0,0,0,27,0,0,0,0,0,0,0,0,0,0,None,0,0,0.23,0,0,0,50.358000000000004,1,0,18/02/2025 03:11,0,0,0
65,0,0,0,0,0,0,0,18/02/2025 03:16,0,1,0,0,20.71366666666667,0,0,0,395,40,1.9057777777777778,0,0,0,0.024811,2,0,0,0,0,0,0,0,Success,0,0,0,0,0,0,0,4.741051149,None,18/02/2025 03:22,6.28.1,0,242,0,2025-02-17 N,18/02/2025 03:23,None,0,0,242,1,0,55,0,0.034885527,0,6.28.1,None,0,395,395,37,0,165,5,0,0,0,0,20.71366666666667,0,162,0,52.14131111111111,0,0,0,27,0,0,0,0,0,0,0,0,0,0,None,0,0,0.235,0,0,0,47.4426,1,0,18/02/2025 03:18,0,0,0
62,0,0,0,0,0,0,0,18/02/2025 03:38,0,4,0,0,21.47968085106383,0,0,0,453,39,1.4726170212765957,0,0,0,0.020433,2,0,0,0,0,0,0,0,Success,0,0,0,0,0,0,0,4.864711297,None,18/02/2025 03:45,6.28.1,0,301,0,2025-02-17 N,18/02/2025 03:46,None,0,0,302,1,0,52,0,0.037215588,0,6.28.1,None,0,453,453,57,0,165,5,0,0,0,0,21.47968085106383,0,165,0,51.04159574468085,0,0,0,26,0,0,0,0,0,0,0,0,0,0,None,0,0,0.235,0,0,0,49.28908510638298,1,0,18/02/2025 03:40,0,0,0
64,0,0,0,0,0,0,0,18/02/2025 03:54,0,5,0,0,20.5464,0,0,0,558,39,1.3852799999999998,0,0,0,0.019224,2,0,0,0,0,0,0,0,Success,0,0,0,0,0,0,0,5.242760151,None,18/02/2025 04:02,6.28.1,0,397,0,2025-02-17 N,18/02/2025 04:03,None,0,0,356,1,0,55,0,0.047434165,0,6.28.1,None,0,558,558,57,0,165,5,0,0,0,0,20.5464,0,197,0,51.54384,0,0,0,27,0,0,0,0,0,0,0,0,0,0,None,0,0,0.235,0,0,0,49.58206,1,0,18/02/2025 03:55,0,0,0
65,0,0,0,0,0,0,0,18/02/2025 04:03,0,3,0,0,22.27823529411765,0,0,0,459,39,1.565,0,0,0,0.022324,2,0,0,0,0,0,0,0,Success,0,0,0,0,0,0,0,5.315671359,None,18/02/2025 04:09,6.28.1,0,304,0,2025-02-17 N,18/02/2025 04:10,None,0,0,279,1,0,55,0,0.031780497,0,6.28.1,None,0,459,459,54,0,165,6,0,0,0,0,22.27823529411765,0,182,0,52.57311764705882,0,0,0,26,0,0,0,0,0,0,0,0,0,0,None,0,0,0.249,0,0,0,49.62419607843137,1,0,18/02/2025 04:04,0,0,0
65,0,0,0,0,0,0,0,18/02/2025 04:10,0,2,0,0,20.865,0,0,0,409,129,1.79022,0,0,0,0.027392,2,0,0,0,73,0,0,0,Success,0,0,0,0,0,0,0,5.271066021,None,18/02/2025 04:16,6.28.1,0,242,0,2025-02-17 N,18/02/2025 04:19,None,0,0,256,1,0,55,0,0.007211103,0,6.28.1,None,0,482,482,47,0,165,6,0,0,0,0,20.865,0,142,0,52.29978,0,0,0,28,0,0,0,0,0,0,0,0,0,0,None,0,0,0.238,0,0,0,50.552299999999995,1,0,18/02/2025 04:12,0,0,0
65,0,0,0,0,0,0,0,18/02/2025 04:19,0,3,0,0,21.6573,0,0,0,760,40,1.55436,0,0,0,0.02102,2,0,0,0,0,0,0,0,Success,0,0,0,0,0,0,0,5.238657652,None,18/02/2025 04:30,6.28.1,0,306,0,2025-02-17 N,18/02/2025 04:31,None,0,0,661,1,0,55,0,0.041436699,0,6.28.1,None,0,760,760,53,0,165,5,0,0,0,0,21.6573,0,184,0,52.67946,0,0,0,27,0,0,0,0,0,0,0,0,0,0,None,0,0,0.225,0,0,0,50.1147,1,0,18/02/2025 04:25,0,0,0
64,0,0,0,0,0,0,0,18/02/2025 04:31,0,4,0,0,20.7531,0,0,0,487,40,1.62022,0,0,0,0.021497,2,0,0,0,0,0,0,0,Success,0,0,0,0,0,0,0,5.164924878,None,18/02/2025 04:44,6.28.1,0,659,0,2025-02-17 N,18/02/2025 04:45,None,0,634,649,1,0,54,0,0.08863972,0,6.28.1,None,0,821,187,63,0,165,6,0,0,0,0,20.7531,0,172,0,51.6053,0,0,0,27,0,0,0,0,0,0,0,0,0,0,None,0,0,0.212,0,0,0,49.1199,1,0,18/02/2025 04:33,0,0,0
67,0,0,0,0,0,0,0,18/02/2025 04:45,0,1,0,0,22.445999999999998,0,0,0,412,39,1.66712,0,0,0,0.025714,2,0,0,0,0,0,0,0,Success,0,0,0,0,0,0,0,5.172650868,None,18/02/2025 04:51,6.28.1,0,256,0,2025-02-17 N,18/02/2025 04:52,None,0,412,260,1,0,57,0,0.024698178,0,6.28.1,None,0,412,0,56,0,165,5,0,0,0,0,22.445999999999998,0,154,0,52.893,0,0,0,27,0,0,0,0,0,0,0,0,0,0,None,0,0,0.231,0,0,0,49.498760000000004,1,0,18/02/2025 04:46,0,0,0
66,0,0,0,0,0,0,0,18/02/2025 04:52,0,2,0,0,20.75112244897959,0,0,0,446,40,1.7231020408163267,0,0,0,0.024943,2,0,0,0,0,0,0,0,Success,0,0,0,0,0,0,0,5.140687211,None,18/02/2025 04:58,6.28.1,0,267,0,2025-02-17 N,18/02/2025 04:59,None,0,446,288,1,0,56,0,0.026019223,0,6.28.1,None,0,446,0,49,0,165,6,0,0,0,0,20.75112244897959,0,154,0,51.909020408163265,0,0,0,27,0,0,0,0,0,0,0,0,0,0,None,0,0,0.236,0,0,0,50.24381632653061,1,0,18/02/2025 04:54,0,0,0
67,0,0,0,0,0,0,0,18/02/2025 04:59,0,4,0,0,19.377857142857142,0,0,0,592,41,1.539346939,0,0,0,0.018099,2,0,0,0,0,0,0,0,Success,0,0,0,0,0,0,0,5.14218018,None,18/02/2025 05:08,6.28.1,0,395,0,2025-02-17 N,18/02/2025 05:09,None,0,592,371,1,0,57,0,0.036999999,0,6.28.1,None,0,592,0,50,0,165,5,0,0,0,0,19.377857142857142,0,219,0,51.639,0,0,0,28,0,0,0,0,0,0,0,0,0,0,None,0,0,0.22,0,0,0,50.85502040816327,1,0,18/02/2025 05:01,0,0,0
65,0,0,0,0,0,0,0,18/02/2025 05:09,0,1,0,0,20.403367346938776,0,0,0,872,40,1.980734693877551,0,0,0,0.031553,2,0,0,0,0,0,0,0,Success,0,0,0,0,0,0,0,5.124586422,None,18/02/2025 05:22,6.28.1,0,213,0,2025-02-17 N,18/02/2025 05:24,None,0,872,753,1,0,55,0,0.0748131,0,6.28.1,None,0,872,0,52,0,165,6,0,0,0,0,20.403367346938776,0,121,0,53.175979591836736,0,0,0,27,0,0,0,0,0,0,0,0,0,0,None,0,0,0.264,0,0,0,50.970224489795925,1,0,18/02/2025 05:19,0,0,0
64,0,0,0,0,0,0,0,18/02/2025 05:39,0,1,0,0,22.73081632653061,0,0,0,381,40,1.9141224489795918,0,0,0,0.029267,2,0,0,0,0,0,0,0,Success,0,0,0,0,0,0,0,5.109878081,None,18/02/2025 05:44,6.28.1,0,223,0,2025-02-17 N,18/02/2025 05:45,None,0,381,245,1,0,54,0,0.037336309,0,6.28.1,None,0,381,0,54,0,165,9,0,0,0,0,22.73081632653061,0,130,0,52.251551020408165,0,0,0,27,0,0,0,0,0,0,0,0,0,0,None,0,0,0.243,0,0,0,53.831755102040816,1,0,18/02/2025 05:40,0,0,0
64,0,0,0,0,0,0,0,18/02/2025 05:45,0,4,0,0,20.578163265306124,0,0,0,483,39,1.464142857142857,0,0,0,0.020081,2,0,0,0,0,0,0,0,Success,0,0,0,0,0,0,0,5.096082711,None,18/02/2025 05:52,6.28.1,0,319,0,2025-02-17 N,18/02/2025 05:53,None,0,483,291,1,0,54,0,0.056364883,0,6.28.1,None,0,483,0,57,0,165,9,0,0,0,0,20.578163265306124,0,188,0,50.46414285714285,0,0,0,27,0,0,0,0,0,0,0,0,0,0,None,0,0,0.272,0,0,0,54.40361224489796,1,0,18/02/2025 05:47,0,0,0
64,0,0,0,0,0,0,0,18/02/2025 05:53,0,1,0,0,20.802551020408163,0,0,0,394,39,1.854,0,0,0,0.028057,2,0,0,0,0,0,0,0,Success,0,0,0,0,0,0,0,5.089710699,None,18/02/2025 05:59,6.28.1,0,234,0,2025-02-17 N,18/02/2025 06:00,None,0,394,274,1,0,54,0,0.057280014,0,6.28.1,None,0,394,0,71,0,165,9,0,0,0,0,20.802551020408163,0,125,0,52.55118367346938,0,0,0,26,0,0,0,0,0,0,0,0,0,0,None,0,0,0.238,0,0,0,54.111999999999995,1,0,18/02/2025 05:55,0,0,0
65,0,0,0,0,0,0,0,18/02/2025 06:00,0,1,0,0,21.472959183673467,0,0,0,488,40,1.5556326530612246,0,0,0,0.019302,2,0,0,0,0,0,0,0,Success,0,0,0,0,0,0,0,5.150450466,None,18/02/2025 06:07,6.28.1,0,328,0,2025-02-18 D,18/02/2025 06:08,None,0,488,249,1,0,55,0,0.084202138,0,6.28.1,None,0,488,0,64,0,165,6,0,0,0,0,21.472959183673467,0,210,0,52.062122448979586,0,0,0,28,0,0,0,0,0,0,0,0,0,0,None,0,0,0.21,0,0,0,54.704306122448976,1,0,18/02/2025 06:01,0,0,0
66,0,0,0,0,0,0,0,18/02/2025 06:08,0,1,0,0,22.63653061,0,0,0,389,40,1.7886122448979591,0,0,0,0.027305,2,0,0,0,0,0,0,0,Success,0,0,0,0,0,0,0,5.105771734,None,18/02/2025 06:13,6.28.1,0,237,0,2025-02-18 D,18/02/2025 06:14,None,0,389,271,1,0,56,0,0.053600373,0,6.28.1,None,0,389,0,51,0,165,5,0,0,0,0,22.63653061,0,142,0,52.338265306122445,0,0,0,27,0,0,0,0,0,0,0,0,0,0,None,0,0,0.229,0,0,0,53.79704081632653,1,0,18/02/2025 06:09,0,0,0
64,0,0,0,0,0,0,0,18/02/2025 06:14,0,1,0,0,20.9709,0,0,0,448,39,1.4337600000000001,0,0,0,0.021103,2,0,0,0,0,0,0,0,Success,0,0,0,0,0,0,0,5.198936141,None,18/02/2025 06:21,6.28.1,0,297,0,2025-02-18 D,18/02/2025 06:22,None,0,448,248,1,0,54,0,0.061326992,0,6.28.1,None,0,448,0,52,0,165,6,0,0,0,0,20.9709,0,202,0,49.69968,0,0,0,27,0,0,0,0,0,0,0,0,0,0,None,0,0,0.228,0,0,0,54.130559999999996,1,0,18/02/2025 06:16,0,0,0
64,0,0,0,0,0,0,0,18/02/2025 06:29,0,3,0,0,22.40058823529412,0,0,0,461,39,1.611392156862745,0,0,0,0.021779,2,0,0,0,0,0,0,0,Success,0,0,0,0,0,0,0,5.337573325,None,18/02/2025 06:35,6.28.1,0,303,0,2025-02-18 D,18/02/2025 06:36,None,0,461,275,1,0,54,0,0.00781025,0,6.28.1,None,0,461,0,52,0,165,6,0,0,0,0,22.40058823529412,0,184,0,52.036196078431374,0,0,0,27,0,0,0,0,0,0,0,0,0,0,None,0,0,0.233,0,0,0,54.26709803921568,1,0,18/02/2025 06:30,0,0,0
64,0,0,0,0,0,0,0,18/02/2025 06:36,0,3,0,0,20.8044,0,0,0,468,39,1.66476,0,0,0,0.023562,2,0,0,0,0,0,0,0,Success,0,0,0,0,0,0,0,5.214610053,None,18/02/2025 06:43,6.28.1,0,315,0,2025-02-18 D,18/02/2025 06:44,None,0,468,315,1,0,54,0,0.03324154,0,6.28.1,None,0,468,0,56,0,165,6,0,0,0,0,20.8044,0,157,0,50.48872,0,0,0,26,0,0,0,0,0,0,0,0,0,0,None,0,0,0.239,0,0,0,55.19852,1,0,18/02/2025 06:38,0,0,0
66,0,0,0,0,0,0,0,18/02/2025 07:02,0,1,0,0,22.29223404255319,0,0,0,420,39,1.6298297872340426,0,0,0,0.022817,2,0,0,0,0,0,0,0,Success,0,0,0,0,0,0,0,4.928611975,None,18/02/2025 07:07,6.28.1,0,273,0,2025-02-18 D,18/02/2025 07:09,None,0,420,249,1,0,56,0,0.03471311,0,6.28.1,None,0,420,0,51,0,165,5,0,0,0,0,22.29223404255319,0,176,0,51.947212765957445,0,0,0,26,0,0,0,0,0,0,0,0,0,0,None,0,0,0.228,0,0,0,53.92012765957447,1,0,18/02/2025 07:03,0,0,0
76,0,0,0,0,0,0,0,18/02/2025 07:09,0,1,0,0,18.368152173913046,0,0,0,366,39,2.724478260869565,0,0,0,0.035574,2,0,0,0,0,0,0,0,Success,0,0,0,0,0,0,0,4.879115904,None,18/02/2025 07:13,6.28.1,0,202,0,2025-02-18 D,18/02/2025 07:15,None,0,366,245,1,0,66,0,0.04588028,0,6.28.1,None,0,366,0,45,0,165,5,0,0,0,0,18.368152173913046,0,101,0,52.43002173913043,0,0,0,26,0,0,0,0,0,0,0,0,0,0,None,0,0,0.216,0,0,0,47.72389130434782,1,0,18/02/2025 07:10,0,0,0
61,0,0,0,0,0,0,0,18/02/2025 07:15,0,3,0,0,11.055,0,0,0,515,38,0.957,0,0,0,0.01682,2,0,0,0,12,0,0,0,Success,0,0,0,0,0,0,0,4.832643273,None,18/02/2025 07:28,6.28.1,0,705,0,2025-02-18 D,18/02/2025 07:29,None,0,419,674,1,0,51,0,0.062769419,0,6.28.1,None,0,852,433,84,0,165,5,0,0,0,0,11.055,0,205,0,42.855,0,0,0,25,0,0,0,0,0,0,0,0,0,0,None,0,0,0.197,0,0,0,50.549,1,0,18/02/2025 07:16,0,0,0
65,0,0,0,0,0,0,0,18/02/2025 07:29,0,2,0,0,19.44833333333333,0,0,0,477,38,1.5768888888888888,0,0,0,0.018998,2,0,0,0,0,0,0,0,Success,0,0,0,0,0,0,0,4.72842405,None,18/02/2025 07:36,6.28.1,0,320,0,2025-02-18 D,18/02/2025 07:37,None,0,0,262,1,0,55,0,0.020396078,0,6.28.1,None,0,477,477,44,0,165,5,0,0,0,0,19.44833333333333,0,209,0,49.677800000000005,0,0,0,26,0,0,0,0,0,0,0,0,0,0,None,0,0,0.236,0,0,0,54.83548888888888,1,0,18/02/2025 07:30,0,0,0
61,0,0,0,0,0,0,0,18/02/2025 07:37,0,2,0,0,19.651704545454546,0,0,0,645,39,2.0014090909090907,0,0,0,0.017955,2,0,0,0,65,0,0,0,Success,0,0,0,0,0,0,0,4.658313429,None,18/02/2025 07:47,6.28.1,0,546,0,2025-02-18 D,18/02/2025 07:49,None,0,0,472,1,0,51,0,0.036496575,0,6.28.1,None,0,710,710,84,0,165,5,0,0,0,0,19.651704545454546,0,211,0,50.52865909090909,0,0,0,26,0,0,0,0,0,0,0,0,0,0,None,0,0,0.23,0,0,0,52.270568181818184,1,0,18/02/2025 07:38,0,0,0
72,0,0,0,0,0,0,0,18/02/2025 07:49,0,3,0,0,18.507065217391304,0,0,0,505,40,1.737,0,0,0,0.0181,2,0,0,0,0,0,0,0,Success,0,0,0,0,0,0,0,4.825257195,None,18/02/2025 07:56,6.28.1,0,347,0,2025-02-18 D,18/02/2025 07:57,None,0,0,306,1,0,62,0,0.043566042,0,6.28.1,None,0,505,505,50,0,165,4,0,0,0,0,18.507065217391304,0,210,0,50.387847826086954,0,0,0,27,0,0,0,0,0,0,0,0,0,0,None,0,0,0.196,0,0,0,52.572717391304344,1,0,18/02/2025 07:50,0,0,0
79,0,0,0,0,0,0,0,18/02/2025 08:16,0,1,0,0,17.317978723404256,0,0,0,426,39,2.4281063829787235,0,0,0,0.033706,2,0,0,0,0,0,0,0,Success,0,0,0,0,0,0,0,4.941744834,None,18/02/2025 08:22,6.28.1,0,214,0,2025-02-18 D,18/02/2025 08:24,None,0,0,314,1,0,69,0,0.068593003,0,6.28.1,None,0,426,426,47,0,165,8,0,0,0,0,17.317978723404256,0,112,0,52.82527659574468,0,0,0,27,0,0,0,0,0,0,0,0,0,0,None,0,0,0.253,0,0,0,50.10987234042554,1,0,18/02/2025 08:19,0,0,0
68,0,0,0,0,0,0,0,18/02/2025 08:24,0,1,0,0,20.473085106382978,0,0,0,691,236,2.1435744680851063,0,0,0,0.026596,2,0,0,0,21,0,0,0,Success,0,0,0,0,0,0,0,4.942029239,None,18/02/2025 08:31,6.28.1,0,243,0,2025-02-18 D,18/02/2025 08:35,None,0,0,387,1,0,58,0,0.050009999,0,6.28.1,None,0,712,712,49,0,165,8,0,0,0,0,20.473085106382978,0,150,0,52.44676595744681,0,0,0,26,0,0,0,0,0,0,0,0,0,0,None,0,0,0.253,0,0,0,50.93591489361702,1,0,18/02/2025 08:27,0,0,1
0,0,0,0,0,0,0,0,18/02/2025 08:35,0,0,0,0,17.616847826086957,0,0,0,0,38,1.639913043478261,0,0,0,0.018789,0,0,0,0,495,0,0,0,Success,0,0,0,0,0,0,0,4.885201634,None,18/02/2025 08:43,6.28.1,0,337,0,2025-02-18 D,18/02/2025 08:44,None,0,0,0,1,0,0,0,0.148761554,0,6.28.1,None,0,495,495,0,0,165,5,0,0,0,0,17.616847826086957,0,0,0,52.00563043478261,0,0,0,0,0,0,0,0,0,0,0,0,0,0,None,0,0,0.208,0,0,0,50.452586956521735,1,0,18/02/2025 08:37,0,0,1
82,0,0,0,0,0,0,0,18/02/2025 08:44,0,2,0,0,21.761489361702125,0,0,1803,473,40,2.0153191489361704,0,0,0,0.024292,2,0,0,0,50,0,0,0,Success,0,0,0,0,0,0,0,4.913021474,None,18/02/2025 09:29,6.28.1,0,272,0,2025-02-18 D,18/02/2025 09:31,None,0,2769,3333,1,0,72,0,0.051400389,0,6.28.1,None,0,2819,50,58,0,165,5,0,0,0,0,21.761489361702125,0,143,0,51.58902127659575,0,0,0,27,0,0,0,0,0,0,0,0,0,0,None,0,0,0.228,0,0,0,53.03674468085106,1,0,18/02/2025 09:25,0,0,0
65,0,0,0,0,0,0,0,18/02/2025 09:31,0,3,0,0,19.90663043478261,0,0,0,439,40,1.970978260869565,0,0,0,0.024678,2,0,0,0,0,0,0,0,Success,0,0,0,0,0,0,0,4.848726534,None,18/02/2025 09:37,6.28.1,0,274,0,2025-02-18 D,18/02/2025 09:38,None,0,439,332,1,0,55,0,0.006708204,0,6.28.1,None,0,439,0,61,0,165,6,0,0,0,0,19.90663043478261,0,126,0,49.88945652173913,0,0,0,27,0,0,0,0,0,0,0,0,0,0,None,0,0,0.225,0,0,0,54.64367391304348,1,0,18/02/2025 09:32,0,0,0
123,0,0,0,0,0,0,0,18/02/2025 09:38,0,4,0,0,18.500333333333334,0,0,0,624,38,1.8171777777777778,0,0,0,0.014006,3,0,0,0,0,0,0,0,Success,0,0,0,0,0,0,0,4.792198034,None,18/02/2025 09:47,6.28.1,0,466,0,2025-02-18 D,18/02/2025 09:48,None,0,624,373,1,0,113,0,0.030083218,0,6.28.1,None,0,624,0,32,0,165,3,0,0,0,0,18.500333333333334,0,268,0,52.54593333333333,0,0,0,26,0,0,0,0,0,0,0,0,0,0,None,0,0,0.22,0,0,0,53.12153333333333,1,0,18/02/2025 09:39,0,0,0
21,0,0,0,0,0,0,0,18/02/2025 09:48,0,4,0,0,19.48642857142857,0,0,3741,1950,49,1.6252380952380954,0,0,0,0,1,0,0,0,4166,0,0,0,Success,0,0,0,0,0,0,0,4.65889268,None,18/02/2025 12:49,6.28.1,0,10734,0,2025-02-18 D,18/02/2025 12:53,None,0,6174,412,1,0,21,84,0.022203603,0,6.28.1,None,0,11107,4933,39,0,165,4,0,0,0,0,19.48642857142857,0,230,0,50.4225,0,0,0,0,0,0,0,0,0,0,0,0,0,0,None,0,0,0.157,0,0,0,50.84216666666667,1,0,18/02/2025 09:50,0,0,0
80,0,0,0,0,0,0,0,18/02/2025 12:53,0,7,0,0,18.712659574468084,0,0,0,619,39,1.9288936170212767,0,0,0,0.017245,2,0,0,0,19,0,0,0,Success,0,0,0,0,0,0,0,5.074469529,None,18/02/2025 13:03,6.28.1,0,424,0,2025-02-18 D,18/02/2025 13:04,None,0,0,10871,1,0,70,0,0.036055513,0,6.28.1,None,0,638,638,51,0,165,5,0,0,0,0,18.712659574468084,0,198,0,47.68055319148936,0,0,0,26,0,0,0,0,0,0,0,0,0,0,None,0,0,0.237,0,0,0,55.11851063829788,1,0,18/02/2025 12:56,0,0,0
63,0,0,0,0,0,0,0,18/02/2025 13:04,0,4,0,0,20.162142857142857,0,0,0,546,39,1.8432448979591838,0,0,0,0.016771,2,0,0,0,0,0,0,0,Success,0,0,0,0,0,0,0,5.287862895,None,18/02/2025 13:12,6.28.1,0,402,0,2025-02-18 D,18/02/2025 13:13,None,0,0,316,1,0,53,0,0.008602325,0,6.28.1,None,0,546,546,34,0,165,6,0,0,0,0,20.162142857142857,0,250,0,51.298265306122445,0,0,0,26,0,0,0,0,0,0,0,0,0,0,None,0,0,0.22,0,0,0,51.883428571428574,1,0,18/02/2025 13:05,0,0,0
69,0,0,0,0,0,0,0,18/02/2025 13:21,0,1,0,0,16.747978723404255,0,0,0,353,39,3.1347872340425535,0,0,0,0.037886,2,0,0,0,0,0,0,0,Success,0,0,0,0,0,0,0,5.038917939,None,18/02/2025 13:25,6.28.1,0,193,0,2025-02-18 D,18/02/2025 13:26,None,0,0,240,1,0,59,0,0.046270941,0,6.28.1,None,0,353,353,45,0,165,9,0,0,0,0,16.747978723404255,0,105,0,52.683680851063826,0,0,0,26,0,0,0,0,0,0,0,0,0,0,None,0,0,0.276,0,0,0,48.877978723404254,1,0,18/02/2025 13:22,0,0,0
73,0,0,0,0,0,0,0,18/02/2025 13:26,0,2,0,0,19.017857142857142,0,0,0,440,40,1.7847619047619045,0,0,0,0.024059,2,0,0,0,20,0,0,0,Success,0,0,0,0,0,0,0,5.106181156,None,18/02/2025 13:41,6.28.1,0,776,0,2025-02-18 D,18/02/2025 13:42,None,0,467,267,1,0,63,0,0.134111893,0,6.28.1,None,0,927,460,66,0,165,6,0,0,0,0,19.017857142857142,0,660,0,48.998285714285714,0,0,0,27,0,0,0,0,0,0,0,0,0,0,None,0,0,0.251,0,0,0,48.29233333333333,1,0,18/02/2025 13:28,0,0,0
712,0,0,0,0,0,0,0,18/02/2025 13:42,0,4,0,0,20.00423076923077,0,0,0,1843,39,2.253826923076923,0,0,0,0.025412,3,0,0,0,0,0,0,0,Success,0,0,0,0,0,0,0,5.560352867,None,18/02/2025 14:12,6.28.1,0,1697,0,2025-02-18 D,18/02/2025 14:13,None,0,0,1621,1,0,702,0,0.048826223,0,6.28.1,None,0,1843,1843,32,0,165,5,0,0,0,0,20.00423076923077,0,180,0,52.859826923076916,0,0,0,26,0,0,0,0,0,0,0,0,0,0,None,0,0,0.253,0,0,0,51.65234615384615,1,0,18/02/2025 13:43,0,0,0
65,0,0,0,0,0,0,0,18/02/2025 14:13,0,1,0,0,21.5898,0,0,0,422,38,1.64898,0,0,0,0.025307,2,0,0,0,0,0,0,0,Success,0,0,0,0,0,0,0,5.169852899,None,18/02/2025 14:18,6.28.1,0,259,0,2025-02-18 D,18/02/2025 14:20,None,0,0,308,1,0,55,0,0.101769348,0,6.28.1,None,0,422,422,61,0,165,5,0,0,0,0,21.5898,0,153,0,51.41102,0,0,0,26,0,0,0,0,0,0,0,0,0,0,None,0,0,0.23,0,0,0,51.10628,1,0,18/02/2025 14:14,0,0,0
62,0,0,0,0,0,0,0,18/02/2025 14:20,0,1,0,0,21.58408163265306,0,0,0,382,39,1.9004897959183673,0,0,0,0.02803,2,0,0,0,0,0,0,0,Success,0,0,0,0,0,0,0,5.127558288,None,18/02/2025 14:25,6.28.1,0,233,0,2025-02-18 D,18/02/2025 14:26,None,0,0,248,1,0,52,0,0.014764823,0,6.28.1,None,0,382,382,45,0,165,5,0,0,0,0,21.58408163265306,0,147,0,52.83544897959183,0,0,0,26,0,0,0,0,0,0,0,0,0,0,None,0,0,0.172,0,0,0,51.849551020408164,1,0,18/02/2025 14:21,0,0,0
64,0,0,0,0,0,0,0,18/02/2025 14:26,0,3,0,0,20.917653061224488,0,0,0,488,38,1.5144081632653061,0,0,0,0.021095,2,0,0,0,0,0,0,0,Success,0,0,0,0,0,0,0,5.118812753,None,18/02/2025 14:33,6.28.1,0,326,0,2025-02-18 D,18/02/2025 14:34,None,0,0,294,1,0,54,0,0.038897301,0,6.28.1,None,0,488,488,54,0,165,5,0,0,0,0,20.917653061224488,0,182,0,51.62295918367347,0,0,0,26,0,0,0,0,0,0,0,0,0,0,None,0,0,0.21,0,0,0,52.832469387755104,1,0,18/02/2025 14:28,0,0,0
66,0,0,0,0,0,0,0,18/02/2025 14:34,0,1,0,0,20.30081632653061,0,0,0,397,40,1.7957142857142856,0,0,0,0.027703,2,0,0,0,0,0,0,0,Success,0,0,0,0,0,0,0,5.154035409,None,18/02/2025 14:40,6.28.1,0,238,0,2025-02-18 D,18/02/2025 14:41,None,0,0,257,1,0,56,0,0.006403125,0,6.28.1,None,0,397,397,48,0,165,5,0,0,0,0,20.30081632653061,0,146,0,52.85965306122449,0,0,0,27,0,0,0,0,0,0,0,0,0,0,None,0,0,0.195,0,0,0,49.82259183673469,1,0,18/02/2025 14:36,0,0,0
62,0,0,0,0,0,0,0,18/02/2025 14:41,0,1,0,0,19.083061224489796,0,0,0,390,39,1.875122448979592,0,0,0,0.029216,2,0,0,0,0,0,0,0,Success,0,0,0,0,0,0,0,5.157591201,None,18/02/2025 14:46,6.28.1,0,227,0,2025-02-18 D,18/02/2025 14:47,None,0,0,255,1,0,52,0,0.015811388,0,6.28.1,None,0,390,390,49,0,165,6,0,0,0,0,19.083061224489796,0,138,0,52.98579591836735,0,0,0,26,0,0,0,0,0,0,0,0,0,0,None,0,0,0.233,0,0,0,51.83708163265306,1,0,18/02/2025 14:42,0,0,0
62,0,0,0,0,0,0,0,18/02/2025 14:47,0,1,0,0,21.764999999999997,0,0,0,430,39,1.756795918367347,0,0,0,0.026174,2,0,0,0,0,0,0,0,Success,0,0,0,0,0,0,0,5.140778638,None,18/02/2025 14:53,6.28.1,0,244,0,2025-02-18 D,18/02/2025 14:54,None,0,0,269,1,0,52,0,0.057140179,0,6.28.1,None,0,430,430,46,0,165,5,0,0,0,0,21.764999999999997,0,157,0,53.11930612244898,0,0,0,26,0,0,0,0,0,0,0,0,0,0,None,0,0,0.227,0,0,0,49.736428571428576,1,0,18/02/2025 14:49,0,0,0
63,0,0,0,0,0,0,0,18/02/2025 14:54,0,1,0,0,19.5924,0,0,0,456,39,1.84944,0,0,0,0.029409,2,0,0,0,0,0,0,0,Success,0,0,0,0,0,0,0,5.181294336,None,18/02/2025 15:01,6.28.1,0,227,0,2025-02-18 D,18/02/2025 15:02,None,0,0,324,1,0,53,0,0.030463092,0,6.28.1,None,0,456,456,54,0,165,5,0,0,0,0,19.5924,0,132,0,52.8487,0,0,0,27,0,0,0,0,0,0,0,0,0,0,None,0,0,0.24,0,0,0,50.71826,1,0,18/02/2025 14:57,0,0,0
65,0,0,0,0,0,0,0,18/02/2025 15:11,0,2,0,0,20.03816326530612,0,0,0,492,39,1.7371020408163265,0,0,0,0.023221,2,0,0,0,0,0,0,0,Success,0,0,0,0,0,0,0,5.146772775,None,18/02/2025 15:18,6.28.1,0,299,0,2025-02-18 D,18/02/2025 15:19,None,0,0,320,1,0,55,0,0.05500909,0,6.28.1,None,0,492,492,44,0,165,5,0,0,0,0,20.03816326530612,0,169,0,52.47644897959184,0,0,0,26,0,0,0,0,0,0,0,0,0,0,None,0,0,0.231,0,0,0,51.95914285714286,1,0,18/02/2025 15:13,0,0,1
64,0,0,0,0,0,0,0,18/02/2025 15:19,0,1,0,0,10.206900000000001,0,0,0,582,39,1.0852,0,0,0,0.016749,2,0,0,0,0,0,0,0,Success,0,0,0,0,0,0,0,5.11871605,None,18/02/2025 15:28,6.28.1,0,355,0,2025-02-18 D,18/02/2025 15:29,None,0,0,359,1,0,54,0,0.038832975,0,6.28.1,None,0,582,582,80,0,165,5,0,0,0,0,10.206900000000001,0,232,0,52.84984,0,0,0,26,0,0,0,0,0,0,0,0,0,0,None,0,0,0.208,0,0,0,50.5532,1,0,18/02/2025 15:22,0,0,1
66,0,0,0,0,0,0,0,18/02/2025 15:35,0,1,0,0,16.077857142857145,0,0,0,456,39,1.322061224489796,0,0,0,0.02028,2,0,0,0,0,0,0,0,Success,0,0,0,0,0,0,0,5.075725958,None,18/02/2025 15:42,6.28.1,0,301,0,2025-02-18 D,18/02/2025 15:43,None,0,0,273,1,0,56,0,0.054230987,0,6.28.1,None,0,456,456,78,0,165,5,0,0,0,0,16.077857142857145,0,177,0,52.61922448979592,0,0,0,26,0,0,0,0,0,0,0,0,0,0,None,0,0,0.255,0,0,0,50.454081632653065,1,0,18/02/2025 15:37,0,0,0
63,0,0,0,0,0,0,0,18/02/2025 15:43,0,1,0,0,19.532755102040817,0,0,0,398,39,1.812673469387755,0,0,0,0.027281,2,0,0,0,0,0,0,0,Success,0,0,0,0,0,0,0,5.141634565,None,18/02/2025 15:48,6.28.1,0,241,0,2025-02-18 D,18/02/2025 15:49,None,0,0,255,1,0,53,0,0.014764823,0,6.28.1,None,0,398,398,51,0,165,4,0,0,0,0,19.532755102040817,0,146,0,52.97822448979592,0,0,0,27,0,0,0,0,0,0,0,0,0,0,None,0,0,0.236,0,0,0,50.136061224489794,1,0,18/02/2025 15:44,0,0,0
63,0,0,0,0,0,0,0,18/02/2025 15:49,0,1,0,0,9.1509,0,0,0,526,39,1.1349200000000002,0,0,0,0.015931,2,0,0,0,0,0,0,0,Success,0,0,0,0,0,0,0,5.193569678,None,18/02/2025 15:57,6.28.1,0,375,0,2025-02-18 D,18/02/2025 15:58,None,0,0,276,1,0,53,0,0.018027756,0,6.28.1,None,0,526,526,83,0,165,8,0,0,0,0,9.1509,0,253,0,53.16084,0,0,0,26,0,0,0,0,0,0,0,0,0,0,None,0,0,0.263,0,0,0,48.14768,1,0,18/02/2025 15:51,0,0,0
66,0,0,0,0,0,0,0,18/02/2025 16:05,0,1,0,0,18.340102040816326,0,0,0,477,39,1.2656530612244898,0,0,0,0.019528,2,0,0,0,0,0,0,0,Success,0,0,0,0,0,0,0,5.104190141,None,18/02/2025 16:12,6.28.1,0,319,0,2025-02-18 D,18/02/2025 16:13,None,0,0,285,1,0,56,0,0.068796802,0,6.28.1,None,0,477,477,82,0,165,5,0,0,0,0,18.340102040816326,0,190,0,52.830571428571425,0,0,0,26,0,0,0,0,0,0,0,0,0,0,None,0,0,0.197,0,0,0,49.738448979591844,1,0,18/02/2025 16:07,0,0,0
62,0,0,0,0,0,0,0,18/02/2025 16:13,0,1,0,0,16.353673469387758,0,0,0,391,40,1.822530612244898,0,0,0,0.028131,2,0,0,0,0,0,0,0,Success,0,0,0,0,0,0,0,5.10765827,None,18/02/2025 16:19,6.28.1,0,232,0,2025-02-18 D,18/02/2025 16:20,None,0,0,275,1,0,52,0,0.020223748,0,6.28.1,None,0,391,391,68,0,165,5,0,0,0,0,16.353673469387758,0,123,0,53.117612244897956,0,0,0,27,0,0,0,0,0,0,0,0,0,0,None,0,0,0.223,0,0,0,50.59012244897959,1,0,18/02/2025 16:15,0,0,0
69,0,0,0,0,0,0,0,18/02/2025 16:20,0,1,0,0,20.524591836734693,0,0,0,587,203,1.5945714285714285,0,0,0,0.023658,2,0,0,0,0,0,0,0,Success,0,0,0,0,0,0,0,5.126625791,None,18/02/2025 16:26,6.28.1,0,271,0,2025-02-18 D,18/02/2025 16:30,None,0,0,243,1,0,59,0,0.063890532,0,6.28.1,None,0,587,587,53,0,165,4,0,0,0,0,20.524591836734693,0,169,0,52.967999999999996,0,0,0,27,0,0,0,0,0,0,0,0,0,0,None,0,0,0.231,0,0,0,48.62712244897959,1,0,18/02/2025 16:21,0,0,0
67,0,0,0,0,0,0,0,18/02/2025 16:30,0,1,0,0,20.78625,0,0,0,377,40,1.9465208333333335,0,0,0,0.029846,2,0,0,0,0,0,0,0,Success,0,0,0,0,0,0,0,5.055690358,None,18/02/2025 16:35,6.28.1,0,225,0,2025-02-18 D,18/02/2025 16:36,None,0,0,421,1,0,57,0,0.041012193,0,6.28.1,None,0,377,377,56,0,165,5,0,0,0,0,20.78625,0,125,0,53.45252083333333,0,0,0,27,0,0,0,0,0,0,0,0,0,0,None,0,0,0.213,0,0,0,50.96841666666666,1,0,18/02/2025 16:31,0,0,0
64,0,0,0,0,0,0,0,18/02/2025 16:36,0,3,0,0,13.742448979591837,0,0,0,486,40,1.4668163265306122,0,0,0,0.019674,2,0,0,0,0,0,0,0,Success,0,0,0,0,0,0,0,5.061636692,None,18/02/2025 16:43,6.28.1,0,319,0,2025-02-18 D,18/02/2025 16:44,None,0,0,312,1,0,54,0,0.036013886,0,6.28.1,None,0,486,486,77,0,165,5,0,0,0,0,13.742448979591837,0,174,0,51.59738775510204,0,0,0,27,0,0,0,0,0,0,0,0,0,0,None,0,0,0.252,0,0,0,49.85895918367347,1,0,18/02/2025 16:38,0,0,0
65,0,0,0,0,0,0,0,18/02/2025 16:57,0,2,0,0,16.43054347826087,0,0,0,465,42,1.5382173913043478,0,0,0,0.021756,2,0,0,0,0,0,0,0,Success,0,0,0,0,0,0,0,4.798935507,None,18/02/2025 17:04,6.28.1,0,279,0,2025-02-18 D,18/02/2025 17:05,None,0,0,312,1,0,55,0,0.033105891,0,6.28.1,None,0,465,465,71,0,165,5,0,0,0,0,16.43054347826087,0,149,0,52.733586956521734,0,0,0,29,0,0,0,0,0,0,0,0,0,0,None,0,0,0.216,0,0,0,50.21869565217391,1,0,18/02/2025 16:59,0,0,0
65,0,0,0,0,0,0,0,18/02/2025 17:05,0,5,0,0,17.120869565217394,0,0,0,1432,40,1.6050434782608693,0,0,0,0.016379,2,0,0,0,0,0,0,0,Success,0,0,0,0,0,0,0,4.770279342,None,18/02/2025 17:28,6.28.1,0,1252,0,2025-02-18 D,18/02/2025 17:29,None,0,0,1239,1,0,55,0,0.077006493,0,6.28.1,None,0,1432,1432,87,0,165,5,0,0,0,0,17.120869565217394,0,195,0,52.821282608695654,0,0,0,27,0,0,0,0,0,0,0,0,0,0,None,0,0,0.219,0,0,0,47.77760869565218,1,0,18/02/2025 17:07,0,0,0
67,0,0,0,0,0,0,0,18/02/2025 17:29,0,1,0,0,17.190333333333335,0,0,0,454,40,1.5801333333333332,0,0,0,0,2,0,0,0,0,0,0,0,Success,0,0,0,0,0,0,0,4.730036892,None,18/02/2025 17:35,6.28.1,0,253,0,2025-02-18 D,18/02/2025 17:36,None,0,0,306,1,0,57,0,0.070837843,0,6.28.1,None,0,454,454,61,0,165,5,0,0,0,0,17.190333333333335,0,146,0,52.528822222222225,0,0,0,27,0,0,0,0,0,0,0,0,0,0,None,0,0,0.23,0,0,0,48.147955555555555,1,0,18/02/2025 17:31,0,0,0
63,0,0,0,0,0,0,0,18/02/2025 17:36,0,5,0,0,17.092173913043478,0,0,0,626,39,1.3305,0,0,0,0.015345,2,0,0,0,0,0,0,0,Success,0,0,0,0,0,0,0,4.773710297,None,18/02/2025 17:46,6.28.1,0,396,0,2025-02-18 D,18/02/2025 17:47,None,0,0,397,1,0,53,0,0.057974132,0,6.28.1,None,0,626,626,90,0,165,5,0,0,0,0,17.092173913043478,0,192,0,50.82519565217391,0,0,0,27,0,0,0,0,0,0,0,0,0,0,None,0,0,0.212,0,0,0,51.36445652173913,1,0,18/02/2025 17:39,0,0,0
66,0,0,0,0,0,0,0,18/02/2025 17:47,0,3,0,0,19.903695652173916,0,0,0,519,39,1.611804347826087,0,0,0,0.021323,2,0,0,0,0,0,0,0,Success,0,0,0,0,0,0,0,4.868654845,None,18/02/2025 17:54,6.28.1,0,292,0,2025-02-18 D,18/02/2025 17:55,None,0,0,386,1,0,56,0,0.022472206,0,6.28.1,None,0,519,519,52,0,165,5,0,0,0,0,19.903695652173916,0,170,0,52.00741304347826,0,0,0,26,0,0,0,0,0,0,0,0,0,0,None,0,0,0.207,0,0,0,48.38993478260869,1,0,18/02/2025 17:49,0,0,1
66,0,0,0,0,0,0,0,18/02/2025 17:55,0,1,0,0,16.605,0,0,0,728,970,1.1404468085106383,0,0,0,0.01414,2,0,0,0,310,0,0,0,Success,0,0,0,0,0,0,0,4.885723181,None,18/02/2025 18:04,6.28.1,0,412,0,2025-02-18 D,18/02/2025 18:21,None,0,326,309,1,0,56,160,0.038078866,0,6.28.1,None,0,1524,1198,95,0,165,4,0,0,0,0,16.605,0,250,0,52.603531914893615,0,0,0,26,0,0,0,0,0,0,0,0,0,0,None,0,0,0.217,0,0,0,50.00725531914893,1,0,18/02/2025 17:57,0,0,0
65,0,0,0,0,0,0,0,18/02/2025 18:21,0,7,0,0,18.308617021276596,0,0,0,720,39,1.2142765957446808,0,0,0,0.013654,2,0,0,0,0,0,0,0,Success,0,0,0,0,0,0,0,4.88676263,None,18/02/2025 18:32,6.28.1,0,513,0,2025-02-18 N,18/02/2025 18:33,None,0,0,1419,1,0,55,0,0.006,0,6.28.1,None,0,720,720,82,0,165,5,0,0,0,0,18.308617021276596,0,235,0,51.18263829787234,0,0,0,26,0,0,0,0,0,0,0,0,0,0,None,0,0,0.212,0,0,0,51.210255319148935,1,0,18/02/2025 18:23,0,0,1
67,0,0,0,0,0,0,0,18/02/2025 18:33,0,16,0,0,11.328510638297873,0,0,0,980,40,1.3117234042553192,0,0,0,0.008326,2,0,0,0,41,0,0,0,Success,0,0,0,0,0,0,0,4.91958108,None,18/02/2025 18:49,6.28.1,0,858,0,2025-02-18 N,18/02/2025 18:50,None,0,0,628,1,0,57,0,0.05375872,0,6.28.1,None,0,1021,1021,136,0,165,7,0,0,0,0,11.328510638297873,0,397,0,51.84993617021277,0,0,0,27,0,0,0,0,0,0,0,0,0,0,None,0,0,0.244,0,0,0,50.05236170212766,1,0,18/02/2025 18:34,0,0,0
68,0,0,0,0,0,0,0,18/02/2025 18:50,0,4,0,0,14.002340425531916,0,0,0,641,39,1.3537021276595744,0,0,0,0.018061,2,0,0,0,2420,0,0,0,Success,0,0,0,0,0,0,0,4.928461525,None,18/02/2025 20:39,6.28.1,0,387,0,2025-02-18 N,18/02/2025 20:40,None,0,1137,6450,1,0,58,2425,0.02059126,0,6.28.1,None,0,6623,5486,65,0,165,4,0,0,0,0,14.002340425531916,0,194,0,52.138872340425536,0,0,0,26,0,0,0,0,0,0,0,0,0,0,None,0,0,0.228,0,0,0,49.17240425531915,1,0,18/02/2025 20:33,0,0,0
19,0,0,0,0,0,0,0,18/02/2025 20:56,0,8,0,0,8.616702127659575,0,0,0,810,137,1.2707659574468084,0,0,0,0.008828,1,0,0,0,289,0,0,0,Success,0,0,0,0,0,0,0,4.847705643,None,18/02/2025 21:11,6.28.1,0,843,0,2025-02-18 N,18/02/2025 21:14,None,0,0,456,1,0,19,0,0.043011626,0,6.28.1,None,0,1099,1099,99,0,165,5,0,0,0,0,8.616702127659575,0,347,0,52.84287234042553,0,0,0,0,0,0,0,0,0,0,0,0,0,0,None,0,0,0.201,0,0,0,44.481914893617024,1,0,18/02/2025 20:57,0,0,0
95,0,0,0,0,0,0,0,18/02/2025 21:14,0,5,0,0,19.099787234042555,0,0,0,565,40,1.3568510638297873,0,0,0,0.016078,3,0,0,0,0,0,0,0,Success,0,0,0,0,0,0,0,4.894006436,None,18/02/2025 21:22,6.28.1,0,411,0,2025-02-18 N,18/02/2025 21:24,None,0,0,654,1,0,85,0,0.08000625,0,6.28.1,None,0,565,565,59,0,165,5,0,0,0,0,19.099787234042555,0,214,0,51.809680851063824,0,0,0,27,0,0,0,0,0,0,0,0,0,0,None,0,0,0.23,0,0,0,46.04542553,1,0,18/02/2025 21:16,0,0,0
66,0,0,0,0,0,0,0,18/02/2025 21:24,0,3,0,0,13.168750000000001,0,0,0,561,40,1.3869791666666667,0,0,0,0.015267,2,0,0,0,0,0,0,0,Success,0,0,0,0,0,0,0,4.946833331,None,18/02/2025 21:32,6.28.1,0,399,0,2025-02-18 N,18/02/2025 21:33,None,0,0,284,1,0,56,0,0.025079872,0,6.28.1,None,0,561,561,49,0,165,6,0,0,0,0,13.168750000000001,0,273,0,52.17104166666667,0,0,0,27,0,0,0,0,0,0,0,0,0,0,None,0,0,0.211,0,0,0,47.143812499999996,1,0,18/02/2025 21:25,0,0,0
68,0,0,0,0,0,0,0,18/02/2025 21:33,0,3,0,0,18.080000000000002,0,0,0,516,39,1.4873125,0,0,0,0.018011,2,0,0,0,0,0,0,0,Success,0,0,0,0,0,0,0,4.99608867,None,18/02/2025 21:40,6.28.1,0,353,0,2025-02-18 N,18/02/2025 21:42,None,0,0,296,1,0,58,0,0.063631753,0,6.28.1,None,0,516,516,56,0,165,5,0,0,0,0,18.080000000000002,0,216,0,52.366625,0,0,0,26,0,0,0,0,0,0,0,0,0,0,None,0,0,0.204,0,0,0,47.55685416666666,1,0,18/02/2025 21:34,0,0,0
66,0,0,0,0,0,0,0,18/02/2025 21:42,0,2,0,0,6.975,0,0,0,568,40,0.96974,0,0,0,0.014834,2,0,0,0,0,0,0,0,Success,0,0,0,0,0,0,0,5.110547622,None,18/02/2025 21:50,6.28.1,0,407,0,2025-02-18 N,18/02/2025 21:51,None,0,0,310,1,0,56,0,0.013601471,0,6.28.1,None,0,568,568,87,0,165,5,0,0,0,0,6.975,0,260,0,52.842020000000005,0,0,0,27,0,0,0,0,0,0,0,0,0,0,None,0,0,0.226,0,0,0,45.083,1,0,18/02/2025 21:43,0,0,0
65,0,0,0,0,0,0,0,18/02/2025 21:51,0,2,0,0,18.28408163265306,0,0,0,579,40,1.2699795918367347,0,0,0,0.014867,2,0,0,0,0,0,0,0,Success,0,0,0,0,0,0,0,5.10928449,None,18/02/2025 21:59,6.28.1,0,417,0,2025-02-18 N,18/02/2025 22:01,None,0,0,287,1,0,55,0,0.022203603,0,6.28.1,None,0,579,579,66,0,165,5,0,0,0,0,18.28408163265306,0,273,0,51.78753061224489,0,0,0,27,0,0,0,0,0,0,0,0,0,0,None,0,0,0.213,0,0,0,46.02351020408163,1,0,18/02/2025 21:52,0,0,0
68,0,0,0,0,0,0,0,18/02/2025 22:01,0,2,0,0,20.3814,0,0,0,514,40,1.3696799999999998,0,0,0,0.017705,2,0,0,0,0,0,0,0,Success,0,0,0,0,0,0,0,5.130854217,None,18/02/2025 22:08,6.28.1,0,354,0,2025-02-18 N,18/02/2025 22:09,None,0,0,294,1,0,58,0,0.063031738,0,6.28.1,None,0,514,514,66,0,165,8,0,0,0,0,20.3814,0,228,0,52.4851,0,0,0,27,0,0,0,0,0,0,0,0,0,0,None,0,0,0.244,0,0,0,44.89496,1,0,18/02/2025 22:02,0,0,0
66,0,0,0,0,0,0,0,18/02/2025 22:09,0,1,0,0,18.4263,0,0,0,376,40,1.96672,0,0,0,0.030622,2,0,0,0,0,0,0,0,Success,0,0,0,0,0,0,0,5.159702608,None,18/02/2025 22:14,6.28.1,0,222,0,2025-02-18 N,18/02/2025 22:15,None,0,0,265,1,0,56,0,0.066468038,0,6.28.1,None,0,376,376,49,0,165,5,0,0,0,0,18.4263,0,129,0,52.82628,0,0,0,27,0,0,0,0,0,0,0,0,0,0,None,0,0,0.243,0,0,0,46.21306,1,0,18/02/2025 22:11,0,0,0
71,0,0,0,0,0,0,0,18/02/2025 22:15,0,1,0,0,19.3509,0,0,0,420,40,1.75788,0,0,0,0.026626,2,0,0,0,0,0,0,0,Success,0,0,0,0,0,0,0,5.212002398,None,18/02/2025 22:21,6.28.1,0,256,0,2025-02-18 N,18/02/2025 22:22,None,0,0,257,1,0,60,0,0.09492102,0,6.28.1,None,0,420,420,61,0,165,5,0,0,0,0,19.3509,0,148,0,53.181540000000005,0,0,0,27,0,0,0,0,0,0,0,0,0,0,None,0,0,0.23,0,0,0,45.01244,1,0,18/02/2025 22:17,0,0,0
67,0,0,0,0,0,0,0,18/02/2025 22:30,0,2,0,0,14.3235,0,0,0,524,40,1.39702,0,0,0,0.017353,2,0,0,0,0,0,0,0,Success,0,0,0,0,0,0,0,5.160475656,None,18/02/2025 22:38,6.28.1,0,358,0,2025-02-18 N,18/02/2025 22:39,None,0,0,301,1,0,57,0,0.029274562,0,6.28.1,None,0,524,524,87,0,165,5,0,0,0,0,14.3235,0,212,0,53.039620000000006,0,0,0,27,0,0,0,0,0,0,0,0,0,0,None,0,0,0.22,0,0,0,46.470879999999994,1,0,18/02/2025 22:32,0,0,0
67,0,0,0,0,0,0,0,18/02/2025 22:47,0,1,0,0,8.559795918367348,0,0,0,556,39,0.9461020408163265,0,0,0,0.01453,2,0,0,0,0,0,0,0,Success,0,0,0,0,0,0,0,5.028840224,None,18/02/2025 22:55,6.28.1,0,402,0,2025-02-18 N,18/02/2025 22:56,None,0,0,311,1,0,57,0,0.059682493,0,6.28.1,None,0,556,556,109,0,165,6,0,0,0,0,8.559795918367348,0,249,0,53.19357142857143,0,0,0,26,0,0,0,0,0,0,0,0,0,0,None,0,0,0.228,0,0,0,46.27016326530612,1,0,18/02/2025 22:49,0,0,0
64,0,0,0,0,0,0,0,18/02/2025 22:56,0,2,0,0,8.8263,0,0,0,1198,39,1.02992,0,0,0,0.014096,2,0,0,0,2,0,0,0,Success,0,0,0,0,0,0,0,5.104766498,None,18/02/2025 23:05,6.28.1,0,423,0,2025-02-18 N,18/02/2025 23:16,None,0,0,310,1,0,54,0,0.048836461,0,6.28.1,None,0,1200,1200,93,0,165,5,0,0,0,0,8.8263,0,273,0,52.747299999999996,0,0,0,26,0,0,0,0,0,0,0,0,0,0,None,0,0,0.215,0,0,0,47.13594,1,0,18/02/2025 22:58,0,0,1
70,0,0,0,0,0,0,0,18/02/2025 23:16,0,14,0,0,5.628157894736842,0,0,0,1676,39,0.882921053,0,0,0,0.007907,2,0,0,0,397,0,0,0,Success,0,0,0,0,0,0,0,4.890628283,None,18/02/2025 23:55,6.28.1,0,1858,0,2025-02-18 N,18/02/2025 23:59,None,0,494,2528,1,0,60,0,0.105550935,0,6.28.1,None,0,2567,2073,186,0,165,5,0,0,0,0,5.628157894736842,0,406,0,52.16086842105263,0,0,0,26,0,0,0,0,0,0,0,0,0,0,None,0,0,0.195,0,0,0,45.90894736842105,1,0,18/02/2025 23:24,0,0,1
19,0,0,0,0,0,0,0,18/02/2025 23:59,0,7,0,0,7.525499999999999,0,0,0,1490,45,0.9246000000000001,0,0,0,0.006113,1,0,0,0,333,0,0,0,Success,0,0,0,0,0,0,0,4.87433339,None,19/02/2025 00:26,6.28.1,0,1491,0,2025-02-18 N,19/02/2025 00:30,None,0,0,1570,1,0,19,0,0.056142675,0,6.28.1,None,0,1823,1823,104,0,165,5,0,0,0,0,7.525499999999999,0,262,0,52.402625,0,0,0,0,0,0,0,0,0,0,0,0,0,0,None,0,0,0.206,0,0,0,44.514224999999996,1,0,19/02/2025 00:01,0,0,0
66,0,0,0,0,0,0,0,19/02/2025 00:30,0,2,0,0,17.08532608695652,0,0,0,450,38,1.7698478260869563,0,0,0,0.021908,2,0,0,0,0,0,0,0,Success,0,0,0,0,0,0,0,4.826756882,None,19/02/2025 00:36,6.28.1,0,284,0,2025-02-18 N,19/02/2025 00:37,None,0,0,547,1,0,56,0,0.048270074,0,6.28.1,None,0,450,450,82,0,165,5,0,0,0,0,17.08532608695652,0,139,0,52.478043478260865,0,0,0,25,0,0,0,0,0,0,0,0,0,0,None,0,0,0.216,0,0,0,46.79341304347826,1,0,19/02/2025 00:31,0,0,0
74,0,0,0,0,0,0,0,19/02/2025 00:48,0,1,0,0,20.267553191489363,0,0,0,449,40,1.5885957446808512,0,0,0,0.022089,2,0,0,0,0,0,0,0,Success,0,0,0,0,0,0,0,4.905815427,None,19/02/2025 00:54,6.28.1,0,286,0,2025-02-18 N,19/02/2025 00:56,None,0,0,251,1,0,64,0,0.023430749,0,6.28.1,None,0,449,449,50,0,165,5,0,0,0,0,20.267553191489363,0,183,0,52.80217021276595,0,0,0,27,0,0,0,0,0,0,0,0,0,0,None,0,0,0.215,0,0,0,46.15744680851064,1,0,19/02/2025 00:50,0,0,0
73,0,0,0,0,0,0,0,19/02/2025 00:56,0,2,0,0,19.2853125,0,0,0,490,40,1.3944791666666667,0,0,0,0.018175,2,0,0,0,0,0,0,0,Success,0,0,0,0,0,0,0,5.000385585,None,19/02/2025 01:03,6.28.1,0,333,0,2025-02-18 N,19/02/2025 01:04,None,0,0,296,1,0,63,0,0.09617692,0,6.28.1,None,0,490,490,84,0,165,5,0,0,0,0,19.2853125,0,193,0,53.16772916666667,0,0,0,27,0,0,0,0,0,0,0,0,0,0,None,0,0,0.218,0,0,0,45.93725,1,0,19/02/2025 00:57,0,0,0
67,0,0,0,0,0,0,0,19/02/2025 01:04,0,1,0,0,19.360937500000002,0,0,0,377,39,2.0461458333333336,0,0,0,0.030631,2,0,0,0,0,0,0,0,Success,0,0,0,0,0,0,0,5.050809539,None,19/02/2025 01:09,6.28.1,0,220,0,2025-02-18 N,19/02/2025 01:10,None,0,0,264,1,0,57,0,0.005830952,0,6.28.1,None,0,377,377,48,0,165,5,0,0,0,0,19.360937500000002,0,128,0,52.7094375,0,0,0,26,0,0,0,0,0,0,0,0,0,0,None,0,0,0.201,0,0,0,47.556270833333336,1,0,19/02/2025 01:05,0,0,0
64,0,0,0,0,0,0,0,19/02/2025 01:10,0,3,0,0,19.46265306122449,0,0,0,516,39,1.627061224489796,0,0,0,0.017419,2,0,0,0,0,0,0,0,Success,0,0,0,0,0,0,0,5.062857395,None,19/02/2025 01:18,6.28.1,0,366,0,2025-02-18 N,19/02/2025 01:19,None,0,0,279,1,0,54,0,0.019026297,0,6.28.1,None,0,516,516,49,0,165,5,0,0,0,0,19.46265306122449,0,240,0,52.124755102040815,0,0,0,26,0,0,0,0,0,0,0,0,0,0,None,0,0,0.221,0,0,0,48.51204081632653,1,0,19/02/2025 01:12,0,0,0
65,0,0,0,0,0,0,0,19/02/2025 01:19,0,4,0,0,18.453673469387756,0,0,0,526,40,1.4841020408163266,0,0,0,0.018117,2,0,0,0,0,0,0,0,Success,0,0,0,0,0,0,0,5.091148102,None,19/02/2025 01:26,6.28.1,0,369,0,2025-02-18 N,19/02/2025 01:28,None,0,0,311,1,0,55,0,0.028178006,0,6.28.1,None,0,526,526,52,0,165,5,0,0,0,0,18.453673469387756,0,217,0,51.28632653061225,0,0,0,27,0,0,0,0,0,0,0,0,0,0,None,0,0,0.221,0,0,0,48.319755102040816,1,0,19/02/2025 01:20,0,0,0
65,0,0,0,0,0,0,0,19/02/2025 01:28,0,3,0,0,6.042857142857144,0,0,0,604,39,0.9090204081632653,0,0,0,0.013153,2,0,0,0,0,0,0,0,Success,0,0,0,0,0,0,0,5.09083225,None,19/02/2025 01:36,6.28.1,0,446,0,2025-02-18 N,19/02/2025 01:38,None,0,0,294,1,0,55,0,0.035,0,6.28.1,None,0,604,604,89,0,165,5,0,0,0,0,6.042857142857144,0,293,0,52.634244897959185,0,0,0,27,0,0,0,0,0,0,0,0,0,0,None,0,0,0.21,0,0,0,46.32122448979592,1,0,19/02/2025 01:29,0,0,0
64,0,0,0,0,0,0,0,19/02/2025 01:38,0,7,0,0,9.6471,0,0,0,782,40,0.96398,0,0,0,0.009807,2,0,0,0,0,0,0,0,Success,0,0,0,0,0,0,0,5.159899321,None,19/02/2025 01:49,6.28.1,0,622,0,2025-02-18 N,19/02/2025 01:51,None,0,0,391,1,0,54,0,0.036674242,0,6.28.1,None,0,782,782,82,0,165,4,0,0,0,0,9.6471,0,406,0,52.98288,0,0,0,27,0,0,0,0,0,0,0,0,0,0,None,0,0,0.225,0,0,0,47.45348,1,0,19/02/2025 01:39,0,0,0
64,0,0,0,0,0,0,0,19/02/2025 02:08,0,5,0,0,10.9914,0,0,0,642,39,1.20064,0,0,0,0.013651,2,0,0,0,49,0,0,0,Success,0,0,0,0,0,0,0,5.184983896,None,19/02/2025 02:19,6.28.1,0,531,0,2025-02-18 N,19/02/2025 02:20,None,0,0,412,1,0,54,0,0.03720215,0,6.28.1,None,0,691,691,100,0,165,5,0,0,0,0,10.9914,0,279,0,54.4282,0,0,0,26,0,0,0,0,0,0,0,0,0,0,None,0,0,0.214,0,0,0,49.22134,1,0,19/02/2025 02:10,0,0,0
72,0,0,0,0,0,0,0,19/02/2025 02:20,0,1,0,0,19.43877551020408,0,0,1097,474,40,1.5413061224489797,0,0,0,0.022905,2,0,0,0,17,0,0,0,Success,0,0,0,0,0,0,0,5.140569424,None,19/02/2025 02:52,6.28.1,0,1817,0,2025-02-18 N,19/02/2025 02:53,None,0,1479,1799,1,0,62,0,0.022803508,0,6.28.1,None,0,1970,491,84,0,165,5,0,0,0,0,19.43877551020408,0,163,0,57.95204081632653,0,0,0,27,0,0,0,0,0,0,0,0,0,0,None,0,0,0.205,0,0,0,50.685387755102035,1,0,19/02/2025 02:21,0,0,0
19,0,0,0,0,0,0,0,19/02/2025 03:01,0,3,0,0,7.3725,0,0,310,600,357,0.9889791666666666,0,0,0,0.012485,1,0,0,0,161,0,0,0,Success,0,0,0,0,0,0,0,5.06700967,None,19/02/2025 03:30,6.28.1,0,839,0,2025-02-18 N,19/02/2025 03:37,None,0,1860,1124,1,0,19,0,0.045099889,0,6.28.1,None,0,2174,314,78,0,165,6,0,0,0,0,7.3725,0,308,0,55.807375,0,0,0,0,0,0,0,0,0,0,0,0,0,0,None,0,0,0.261,0,0,0,48.5571875,1,0,19/02/2025 03:16,0,0,1
70,0,0,0,0,0,0,0,19/02/2025 03:37,0,3,0,0,19.15308510638298,0,0,0,568,40,1.4720212765957448,0,0,0,0.020471,2,0,0,0,234,0,0,0,Success,0,0,0,0,0,0,0,4.849683082,None,19/02/2025 03:48,6.28.1,0,302,0,2025-02-18 N,19/02/2025 03:51,None,0,0,1257,1,0,60,0,0.029206164,0,6.28.1,None,0,802,802,57,0,165,6,0,0,0,0,19.15308510638298,0,174,0,56.525276595744685,0,0,0,27,0,0,0,0,0,0,0,0,0,0,None,0,0,0.22,0,0,0,45.18119149,1,0,19/02/2025 03:43,0,0,1
69,0,0,0,0,0,0,0,19/02/2025 03:51,0,3,0,0,18.361630434782608,0,0,0,525,39,1.5111086956521738,0,0,0,0.016448,2,0,0,0,83,0,0,0,Success,0,0,0,0,0,0,0,4.767509727,None,19/02/2025 03:59,6.28.1,0,368,0,2025-02-18 N,19/02/2025 04:01,None,0,0,490,1,0,59,0,0.009848857,0,6.28.1,None,0,608,608,89,0,165,6,0,0,0,0,18.361630434782608,0,191,0,57.21019565217391,0,0,0,27,0,0,0,0,0,0,0,0,0,0,None,0,0,0.204,0,0,0,47.405891304347826,1,0,19/02/2025 03:53,0,0,0
64,0,0,0,0,0,0,0,19/02/2025 04:01,0,5,0,0,10.98159574468085,0,0,0,658,40,1.046659574468085,0,0,0,0.011698,2,0,0,0,0,0,0,0,Success,0,0,0,0,0,0,0,4.883886669,None,19/02/2025 04:10,6.28.1,0,497,0,2025-02-18 N,19/02/2025 04:12,None,0,0,369,1,0,54,0,0.075286121,0,6.28.1,None,0,658,658,66,0,165,6,0,0,0,0,10.98159574468085,0,327,0,57.70148936170213,0,0,0,27,0,0,0,0,0,0,0,0,0,0,None,0,0,0.23,0,0,0,45.03651063829787,1,0,19/02/2025 04:02,0,0,0
67,0,0,0,0,0,0,0,19/02/2025 04:19,0,4,0,0,20.4340625,0,0,0,636,40,1.2005000000000001,0,0,0,0.013046,2,0,0,0,148,0,0,0,Success,0,0,0,0,0,0,0,4.960000302,None,19/02/2025 04:28,6.28.1,0,466,0,2025-02-18 N,19/02/2025 04:32,None,0,0,339,1,0,57,0,0.036619667,0,6.28.1,None,0,784,784,106,0,165,7,0,0,0,0,20.4340625,0,260,0,57.14054166666667,0,0,0,27,0,0,0,0,0,0,0,0,0,0,None,0,0,0.225,0,0,0,46.979104166666666,1,0,19/02/2025 04:20,0,0,0
69,0,0,0,0,0,0,0,19/02/2025 04:32,0,21,0,0,19.56826530612245,0,0,0,1411,40,1.1004489795918366,0,0,0,0.006881,2,0,0,0,40,0,0,0,Success,0,0,0,0,0,0,0,5.030606126,None,19/02/2025 04:55,6.28.1,0,1303,0,2025-02-18 N,19/02/2025 04:56,None,0,0,1178,1,0,59,0,0.031400637,0,6.28.1,None,0,1451,1451,111,0,165,5,0,0,0,0,19.56826530612245,0,456,0,55.628244897959185,0,0,0,27,0,0,0,0,0,0,0,0,0,0,None,0,0,0.214,0,0,0,46.34610204081633,1,0,19/02/2025 04:33,0,0,0
68,0,0,0,0,0,0,0,19/02/2025 04:56,0,4,0,0,19.358125,0,0,0,2036,40,1.4322916666666667,0,0,0,0.018005,2,0,0,0,0,0,0,0,Success,0,0,0,0,0,0,0,5.058739072,None,19/02/2025 05:29,6.28.1,0,1884,0,2025-02-18 N,19/02/2025 05:30,None,0,0,1832,1,0,58,0,0.071175839,0,6.28.1,None,0,2036,2036,80,0,165,5,0,0,0,0,19.358125,0,202,0,54.240916666666664,0,0,0,27,0,0,0,0,0,0,0,0,0,0,None,0,0,0.222,0,0,0,53.338458333333335,1,0,19/02/2025 04:57,0,0,0
78,0,0,0,0,0,0,0,19/02/2025 05:30,0,2,0,0,22.381176470588237,0,0,0,450,40,1.6444705882352941,0,0,0,0.023694,2,0,0,0,0,0,0,0,Success,0,0,0,0,0,0,0,5.32090716,None,19/02/2025 05:36,6.28.1,0,296,0,2025-02-18 N,19/02/2025 05:37,None,0,0,261,1,0,68,0,0.020615528,0,6.28.1,None,0,450,450,45,0,165,5,0,0,0,0,22.381176470588237,0,180,0,56.26174509803922,0,0,0,28,0,0,0,0,0,0,0,0,0,0,None,0,0,0.528,0,0,0,52.99845098039216,1,0,19/02/2025 05:31,0,0,0
71,0,0,0,0,0,0,0,19/02/2025 05:37,0,1,0,0,20.51,0,0,0,429,41,2.3170588235294116,0,0,0,0.027049,2,0,0,0,0,0,0,0,Success,0,0,0,0,0,0,0,5.331797727,None,19/02/2025 05:43,6.28.1,0,271,0,2025-02-18 N,19/02/2025 05:44,None,0,0,252,1,0,61,0,0.046227697,0,6.28.1,None,0,429,429,81,0,165,6,0,0,0,0,20.51,0,123,0,57.00533333333333,0,0,0,28,0,0,0,0,0,0,0,0,0,0,None,0,0,0.511,0,0,0,53.38947058823529,1,0,19/02/2025 05:39,0,0,0
66,0,0,0,0,0,0,0,19/02/2025 05:44,0,1,0,0,21.534411764705883,0,0,0,423,40,1.6643333333333334,0,0,0,0.025086,2,0,0,0,0,0,0,0,Success,0,0,0,0,0,0,0,5.326496034,None,19/02/2025 05:50,6.28.1,0,265,0,2025-02-18 N,19/02/2025 05:51,None,0,0,313,1,0,56,0,0.066370174,0,6.28.1,None,0,423,423,45,0,165,5,0,0,0,0,21.534411764705883,0,174,0,56.492333333333335,0,0,0,27,0,0,0,0,0,0,0,0,0,0,None,0,0,0.54,0,0,0,54.38427450980392,1,0,19/02/2025 05:46,0,0,0
68,0,0,0,0,0,0,0,19/02/2025 05:51,0,3,0,0,20.529705882352943,0,0,0,457,40,1.8020980392156862,0,0,0,0.024173,2,0,0,0,0,0,0,0,Success,0,0,0,0,0,0,0,5.387602992,None,19/02/2025 05:58,6.28.1,0,294,0,2025-02-18 N,19/02/2025 05:59,None,0,0,285,1,0,58,0,0.056320511,0,6.28.1,None,0,457,457,47,0,165,5,0,0,0,0,20.529705882352943,0,166,0,54.56798039215686,0,0,0,28,0,0,0,0,0,0,0,0,0,0,None,0,0,0.533,0,0,0,54.43394117647058,1,0,19/02/2025 05:53,0,0,0
0,0,0,0,0,0,0,0,19/02/2025 06:43,0,0,0,0,21.91563829787234,0,0,1547,0,52,1.586723404255319,0,0,0,0,0,0,0,0,0,0,0,0,Success,0,0,0,0,0,0,0,5.408534367,None,19/02/2025 07:08,6.28.1,0,264,0,2025-02-19 D,19/02/2025 07:09,None,0,1547,0,1,0,0,0,0.037161808,0,6.28.1,None,0,1547,0,0,0,165,23,0,0,0,0,21.91563829787234,0,0,0,52.646361702127656,0,0,0,0,0,0,0,0,0,0,0,0,0,0,None,0,0,0.751,0,0,0,44.01255319148937,0,0,19/02/2025 07:04,0,0,0
48,0,0,0,0,0,0,0,19/02/2025 07:09,0,1,0,0,10.56,0,0,1280,819,31,59.457,0,0,0,1.211,2,0,0,0,415,0,0,0,Success,0,0,0,0,0,0,0,5.302930133,None,19/02/2025 08:26,6.28.1,0,6,0,2025-02-19 D,19/02/2025 08:26,None,0,3148,3908,1,0,48,280,0.05375872,0,6.28.1,None,0,4640,1492,184,0,165,33,0,0,0,0,10.56,0,157,0,75.749,0,0,0,28,0,0,0,0,0,0,0,0,0,0,None,0,0,0.508,0,0,0,51.055,0,0,19/02/2025 08:26,0,0,1
96,0,0,0,0,0,0,0,19/02/2025 09:15,0,3,0,0,18.6396,0,0,0,674,40,1.30508,0,0,0,0.013447,2,0,0,0,0,0,0,0,Success,0,0,0,0,0,0,0,5.197809058,None,19/02/2025 09:25,6.28.1,0,508,0,2025-02-19 D,19/02/2025 09:26,None,0,0,408,1,0,86,0,0.010049875,0,6.28.1,None,0,674,674,48,0,165,4,0,0,0,0,18.6396,0,316,0,42.829139999999995,0,0,0,27,0,0,0,0,0,0,0,0,0,0,None,0,0,0.494,0,0,0,53.150020000000005,1,0,19/02/2025 09:17,0,0,0
74,0,0,0,0,0,0,0,19/02/2025 09:38,0,2,0,0,20.4621,0,0,0,415,40,1.9950999999999999,0,0,0,0.028096,2,0,0,0,0,0,0,0,Success,0,0,0,0,0,0,0,5.279551307,None,19/02/2025 09:44,6.28.1,0,261,0,2025-02-19 D,19/02/2025 09:45,None,0,0,442,1,0,64,0,0.09329523,0,6.28.1,None,0,415,415,48,0,165,5,0,0,0,0,20.4621,0,144,0,43.47264,0,0,0,27,0,0,0,0,0,0,0,0,0,0,None,0,0,0.504,0,0,0,50.11202,1,0,19/02/2025 09:39,0,0,0
65,0,0,0,0,0,0,0,19/02/2025 09:58,0,3,0,0,19.509411764705884,0,0,0,490,39,1.6835686274509802,0,0,0,0.022052,2,0,0,0,46,0,0,0,Success,0,0,0,0,0,0,0,5.332761011,None,19/02/2025 10:06,6.28.1,0,378,0,2025-02-19 D,19/02/2025 10:07,None,0,0,573,1,0,55,0,0.024186774,0,6.28.1,None,0,536,536,76,0,165,4,0,0,0,0,19.509411764705884,0,185,0,43.77796078431373,0,0,0,26,0,0,0,0,0,0,0,0,0,0,None,0,0,0.508,0,0,0,50.711705882352945,1,0,19/02/2025 09:59,0,0,0
65,0,0,0,0,0,0,0,19/02/2025 10:07,0,2,0,0,19.992403846153845,0,0,0,479,39,1.9507499999999998,0,0,0,0.022403,2,0,0,0,0,0,0,0,Success,0,0,0,0,0,0,0,5.428973844,None,19/02/2025 10:14,6.28.1,0,323,0,2025-02-19 D,19/02/2025 10:15,None,0,0,308,1,0,55,0,0.04237924,0,6.28.1,None,0,479,479,96,0,165,5,0,0,0,0,19.992403846153845,0,173,0,50.392307692307696,0,0,0,27,0,0,0,0,0,0,0,0,0,0,None,0,0,0.524,0,0,0,51.46446153846154,1,0,19/02/2025 10:08,0,0,0
65,0,0,0,0,0,0,0,19/02/2025 10:15,0,1,0,0,18.89588235294118,0,0,788,1279,39,2.0019607843137255,0,0,0,0.030659,2,0,0,0,0,0,0,0,Success,0,0,0,0,0,0,0,5.383555238,None,19/02/2025 10:55,6.28.1,0,254,0,2025-02-19 D,19/02/2025 10:56,None,0,2391,2359,1,0,55,0,0.052611786,0,6.28.1,None,0,2475,84,100,0,165,5,0,0,0,0,18.89588235294118,0,114,0,48.76825490196079,0,0,0,27,0,0,0,0,0,0,0,0,0,0,None,0,0,0.511,0,0,0,51.27462745098039,1,0,19/02/2025 10:51,0,0,0
67,0,0,0,0,0,0,0,19/02/2025 10:56,0,1,0,0,19.66735294117647,0,0,0,408,39,1.8313529411764706,0,0,0,0.028858,2,0,0,0,0,0,0,0,Success,0,0,0,0,0,0,0,5.366722743,None,19/02/2025 11:02,6.28.1,0,261,0,2025-02-19 D,19/02/2025 11:03,None,0,408,312,1,0,57,0,0.03312099,0,6.28.1,None,0,408,0,111,0,165,5,0,0,0,0,19.66735294117647,0,104,0,47.344235294117645,0,0,0,27,0,0,0,0,0,0,0,0,0,0,None,0,0,0.547,0,0,0,53.147294117647064,1,0,19/02/2025 10:57,0,0,0
65,0,0,0,0,0,0,0,19/02/2025 11:03,0,1,0,0,19.356176470588235,0,0,0,420,39,1.9674901960784315,0,0,0,0.030281,2,0,0,0,0,0,0,0,Success,0,0,0,0,0,0,0,5.28155479,None,19/02/2025 11:17,6.28.1,0,249,0,2025-02-19 D,19/02/2025 11:18,None,0,917,820,1,0,55,0,0.037336309,0,6.28.1,None,0,917,0,115,0,165,5,0,0,0,0,19.356176470588235,0,89,0,47.01290196078431,0,0,0,26,0,0,0,0,0,0,0,0,0,0,None,0,0,0.539,0,0,0,53.54711764705882,1,0,19/02/2025 11:13,0,0,0
66,0,0,0,0,0,0,0,19/02/2025 11:25,0,1,0,0,19.857352941176472,0,0,0,425,39,1.7488823529411763,0,0,0,0.028086,2,0,0,0,0,0,0,0,Success,0,0,0,0,0,0,0,5.366629855,None,19/02/2025 11:31,6.28.1,0,266,0,2025-02-19 D,19/02/2025 11:32,None,0,425,313,1,0,56,0,0.02236068,0,6.28.1,None,0,425,0,109,0,165,4,0,0,0,0,19.857352941176472,0,112,0,47.06094117647059,0,0,0,26,0,0,0,0,0,0,0,0,0,0,None,0,0,0.56,0,0,0,52.18345098039215,1,0,19/02/2025 11:26,0,0,0
66,0,0,0,0,0,0,0,19/02/2025 11:32,0,1,0,0,19.810673076923077,0,0,0,427,39,1.6917884615384615,0,0,0,0.026456,2,0,0,0,0,0,0,0,Success,0,0,0,0,0,0,0,5.392565623,None,19/02/2025 11:38,6.28.1,0,276,0,2025-02-19 D,19/02/2025 11:39,None,0,427,315,1,0,56,0,0.028653097,0,6.28.1,None,0,427,0,116,0,165,4,0,0,0,0,19.810673076923077,0,114,0,47.26132692307692,0,0,0,27,0,0,0,0,0,0,0,0,0,0,None,0,0,0.531,0,0,0,53.06444230769231,1,0,19/02/2025 11:33,0,0,0
71,0,0,0,0,0,0,0,19/02/2025 11:46,0,1,0,0,19.124716981132075,0,0,0,505,40,1.4177358490566039,0,0,0,0.020813,2,0,0,0,0,0,0,0,Success,0,0,0,0,0,0,0,5.477072393,None,19/02/2025 11:54,6.28.1,0,345,0,2025-02-19 D,19/02/2025 11:55,None,0,505,317,1,0,61,0,0.042579337,0,6.28.1,None,0,505,0,116,0,165,5,0,0,0,0,19.124716981132075,0,179,0,47.86128301886793,0,0,0,27,0,0,0,0,0,0,0,0,0,0,None,0,0,0.529,0,0,0,48.40718867924529,1,0,19/02/2025 11:48,0,0,1
71,0,0,0,0,0,0,0,19/02/2025 11:55,0,3,0,0,18.497755102040816,0,0,0,856,39,1.714591836734694,0,0,0,0.023146,2,0,0,0,27,0,0,0,Success,0,0,0,0,0,0,0,5.159016282,None,19/02/2025 12:08,6.28.1,0,341,0,2025-02-19 D,19/02/2025 12:10,None,0,625,749,1,0,61,0,0.062801274,0,6.28.1,None,0,883,258,97,0,165,5,0,0,0,0,18.497755102040816,0,133,0,43.281122448979595,0,0,0,26,0,0,0,0,0,0,0,0,0,0,None,0,0,0.506,0,0,0,44.12981632653061,1,0,19/02/2025 12:03,0,0,0
67,0,0,0,0,0,0,0,19/02/2025 12:17,0,1,0,0,19.673823529411766,0,0,0,472,39,1.4490588235294117,0,0,0,0.021709,2,0,0,0,0,0,0,0,Success,0,0,0,0,0,0,0,5.295474105,None,19/02/2025 12:24,6.28.1,0,312,0,2025-02-19 D,19/02/2025 12:25,None,0,0,300,1,0,57,0,0.077466122,0,6.28.1,None,0,472,472,100,0,165,5,0,0,0,0,19.673823529411766,0,166,0,43.49135294117647,0,0,0,26,0,0,0,0,0,0,0,0,0,0,None,0,0,0.511,0,0,0,44.576019607843136,1,0,19/02/2025 12:19,0,0,0
71,0,0,0,0,0,0,0,19/02/2025 12:25,0,1,0,0,18.68855769230769,0,0,0,473,39,1.576403846153846,0,0,0,0.021508,2,0,0,0,0,0,0,0,Success,0,0,0,0,0,0,0,5.443828983,None,19/02/2025 12:32,6.28.1,0,321,0,2025-02-19 D,19/02/2025 12:33,None,0,0,292,1,0,61,0,0.041036569,0,6.28.1,None,0,473,473,88,0,165,5,0,0,0,0,18.68855769230769,0,183,0,43.270826923076925,0,0,0,27,0,0,0,0,0,0,0,0,0,0,None,0,0,0.514,0,0,0,43.40998076923077,1,0,19/02/2025 12:27,0,0,0
81,0,0,0,0,0,0,0,19/02/2025 12:33,0,1,0,0,18.314423076923077,0,0,0,473,40,1.6647307692307693,0,0,0,0.022634,2,0,0,0,0,0,0,0,Success,0,0,0,0,0,0,0,5.39080903,None,19/02/2025 12:40,6.28.1,0,318,0,2025-02-19 D,19/02/2025 12:41,None,0,0,312,1,0,71,0,0.027513633,0,6.28.1,None,0,473,473,111,0,165,5,0,0,0,0,18.314423076923077,0,148,0,43.66525,0,0,0,27,0,0,0,0,0,0,0,0,0,0,None,0,0,0.519,0,0,0,43.72086538461539,1,0,19/02/2025 12:35,0,0,0
69,0,0,0,0,0,0,0,19/02/2025 12:41,0,1,0,0,17.46548076923077,0,0,0,436,39,1.7415192307692307,0,0,0,0.02546,2,0,0,0,0,0,0,0,Success,0,0,0,0,0,0,0,5.409231184,None,19/02/2025 12:47,6.28.1,0,277,0,2025-02-19 D,19/02/2025 12:48,None,0,0,335,1,0,59,0,0.014866069,0,6.28.1,None,0,436,436,110,0,165,4,0,0,0,0,17.46548076923077,0,119,0,42.042192307692304,0,0,0,27,0,0,0,0,0,0,0,0,0,0,None,0,0,0.522,0,0,0,41.11696153846154,1,0,19/02/2025 12:42,0,0,0
70,0,0,0,0,0,0,0,19/02/2025 12:48,0,1,0,0,17.600192307692307,0,0,0,428,40,1.7950384615384616,0,0,0,0.026557,2,0,0,0,0,0,0,0,Success,0,0,0,0,0,0,0,5.411619536,None,19/02/2025 12:54,6.28.1,0,270,0,2025-02-19 D,19/02/2025 12:55,None,0,0,316,1,0,60,0,0.032557641,0,6.28.1,None,0,428,428,114,0,165,5,0,0,0,0,17.600192307692307,0,107,0,42.96351923076923,0,0,0,27,0,0,0,0,0,0,0,0,0,0,None,0,0,0.502,0,0,0,42.96794230769231,1,0,19/02/2025 12:50,0,0,0
70,0,0,0,0,0,0,0,19/02/2025 13:02,0,1,0,0,19.178529411764707,0,0,0,515,39,1.2087843137254903,0,0,0,0.018674,2,0,0,0,0,0,0,0,Success,0,0,0,0,0,0,0,5.324631443,None,19/02/2025 13:10,6.28.1,0,354,0,2025-02-19 D,19/02/2025 13:11,None,0,0,334,1,0,60,0,0.031575306,0,6.28.1,None,0,515,515,128,0,165,5,0,0,0,0,19.178529411764707,0,177,0,43.097352941176474,0,0,0,26,0,0,0,0,0,0,0,0,0,0,None,0,0,0.53,0,0,0,46.68358823529412,1,0,19/02/2025 13:04,0,0,0
69,0,0,0,0,0,0,0,19/02/2025 13:11,0,1,0,0,18.788529411764706,0,0,0,506,39,1.3519411764705882,0,0,0,0.019105,2,0,0,0,0,0,0,0,Success,0,0,0,0,0,0,0,5.304410241,None,19/02/2025 13:18,6.28.1,0,350,0,2025-02-19 D,19/02/2025 13:19,None,0,0,380,1,0,59,0,0.054120236,0,6.28.1,None,0,506,506,172,0,165,5,0,0,0,0,18.788529411764706,0,130,0,42.95584314,0,0,0,26,0,0,0,0,0,0,0,0,0,0,None,0,0,0.527,0,0,0,44.66050980392157,1,0,19/02/2025 13:13,0,0,0
71,0,0,0,0,0,0,0,19/02/2025 13:19,0,1,0,0,18.882115384615386,0,0,0,471,40,1.4170769230769231,0,0,0,0.021626,2,0,0,0,0,0,0,0,Success,0,0,0,0,0,0,0,5.383792065,None,19/02/2025 13:26,6.28.1,0,316,0,2025-02-19 D,19/02/2025 13:27,None,0,0,339,1,0,61,0,0.052630789,0,6.28.1,None,0,471,471,135,0,165,5,0,0,0,0,18.882115384615386,0,133,0,43.15044231,0,0,0,27,0,0,0,0,0,0,0,0,0,0,None,0,0,0.537,0,0,0,45.91301923076923,1,0,19/02/2025 13:21,0,0,0
69,0,0,0,0,0,0,0,19/02/2025 13:27,0,1,0,0,19.31278846153846,0,0,0,463,39,1.5232884615384614,0,0,0,0.022602,2,0,0,0,0,0,0,0,Success,0,0,0,0,0,0,0,5.401506642,None,19/02/2025 13:34,6.28.1,0,307,0,2025-02-19 D,19/02/2025 13:35,None,0,0,347,1,0,59,0,0.018384776,0,6.28.1,None,0,463,463,148,0,165,8,0,0,0,0,19.31278846153846,0,114,0,43.09446153846154,0,0,0,27,0,0,0,0,0,0,0,0,0,0,None,0,0,0.582,0,0,0,50.24961538461538,1,0,19/02/2025 13:29,0,0,0
68,0,0,0,0,0,0,0,19/02/2025 13:35,0,1,0,0,17.755096153846154,0,0,0,426,39,1.6370192307692308,0,0,0,0.025353,2,0,0,0,0,0,0,0,Success,0,0,0,0,0,0,0,5.356207707,None,19/02/2025 13:41,6.28.1,0,279,0,2025-02-19 D,19/02/2025 13:42,None,0,0,325,1,0,58,0,0.004472136,0,6.28.1,None,0,426,426,128,0,165,5,0,0,0,0,17.755096153846154,0,105,0,42.70434615384616,0,0,0,26,0,0,0,0,0,0,0,0,0,0,None,0,0,0.516,0,0,0,45.025807692307694,1,0,19/02/2025 13:36,0,0,0
67,0,0,0,0,0,0,0,19/02/2025 13:42,0,1,0,0,17.78221153846154,0,0,0,438,39,1.7071538461538462,0,0,0,0.025523,2,0,0,0,0,0,0,0,Success,0,0,0,0,0,0,0,5.413408261,None,19/02/2025 13:48,6.28.1,0,277,0,2025-02-19 D,19/02/2025 13:49,None,0,0,325,1,0,57,0,0.05758472,0,6.28.1,None,0,438,438,125,0,165,5,0,0,0,0,17.78221153846154,0,106,0,42.907192307692306,0,0,0,26,0,0,0,0,0,0,0,0,0,0,None,0,0,0.539,0,0,0,46.417923076923074,1,0,19/02/2025 13:44,0,0,1
21,0,0,0,0,0,0,0,19/02/2025 13:49,0,3,0,0,17.3478,0,0,0,619,45,1.53966,0,0,0,0.016951,1,0,0,0,152,0,0,0,Success,0,0,0,0,0,0,0,5.238935483,None,19/02/2025 14:01,6.28.1,0,434,0,2025-02-19 D,19/02/2025 14:02,None,0,0,522,1,0,21,0,0.077833155,0,6.28.1,None,0,771,771,113,0,165,5,0,0,0,0,17.3478,0,175,0,42.82036,0,0,0,0,0,0,0,0,0,0,0,0,0,0,None,0,0,0.504,0,0,0,45.959759999999996,1,0,19/02/2025 13:54,0,0,0
69,0,0,0,0,0,0,0,19/02/2025 14:02,0,1,0,0,18.652058823529412,0,0,0,488,39,1.4335882352941176,0,0,0,0.019466,2,0,0,0,0,0,0,0,Success,0,0,0,0,0,0,0,5.285732021,None,19/02/2025 14:09,6.28.1,0,336,0,2025-02-19 D,19/02/2025 14:10,None,0,0,405,1,0,59,0,0.011661904,0,6.28.1,None,0,488,488,135,0,165,5,0,0,0,0,18.652058823529412,0,154,0,43.00592156862746,0,0,0,26,0,0,0,0,0,0,0,0,0,0,None,0,0,0.512,0,0,0,47.84692156862746,1,0,19/02/2025 14:04,0,0,0
71,0,0,0,0,0,0,0,19/02/2025 14:10,0,1,0,0,17.72423076923077,0,0,0,442,40,1.7365576923076924,0,0,0,0.025082,2,0,0,0,0,0,0,0,Success,0,0,0,0,0,0,0,5.419962177,None,19/02/2025 14:17,6.28.1,0,288,0,2025-02-19 D,19/02/2025 14:18,None,0,0,321,1,0,61,0,0.029732137,0,6.28.1,None,0,442,442,121,0,165,5,0,0,0,0,17.72423076923077,0,118,0,42.957788461538456,0,0,0,27,0,0,0,0,0,0,0,0,0,0,None,0,0,0.514,0,0,0,46.30794230769231,1,0,19/02/2025 14:12,0,0,0
69,0,0,0,0,0,0,0,19/02/2025 14:18,0,1,0,0,19.022884615384616,0,0,0,450,39,1.7398461538461538,0,0,0,0.024363,2,0,0,0,0,0,0,0,Success,0,0,0,0,0,0,0,5.411782424,None,19/02/2025 14:24,6.28.1,0,292,0,2025-02-19 D,19/02/2025 14:25,None,0,0,336,1,0,59,0,0.046861498,0,6.28.1,None,0,450,450,127,0,165,5,0,0,0,0,19.022884615384616,0,117,0,43.194596153846156,0,0,0,27,0,0,0,0,0,0,0,0,0,0,None,0,0,0.512,0,0,0,47.656749999999995,1,0,19/02/2025 14:19,0,0,0
74,0,0,0,0,0,0,0,19/02/2025 14:25,0,1,0,0,18.520294117647058,0,0,0,478,39,1.6862549019607842,0,0,0,0.021614,2,0,0,0,0,0,0,0,Success,0,0,0,0,0,0,0,5.385656599,None,19/02/2025 14:32,6.28.1,0,319,0,2025-02-19 D,19/02/2025 14:33,None,0,0,322,1,0,64,0,0.064140471,0,6.28.1,None,0,478,478,134,0,165,5,0,0,0,0,18.520294117647058,0,130,0,43.19080392156863,0,0,0,26,0,0,0,0,0,0,0,0,0,0,None,0,0,0.519,0,0,0,46.18068627450981,1,0,19/02/2025 14:27,0,0,0
89,0,0,0,0,0,0,0,19/02/2025 14:33,0,2,0,0,18.2,0,0,0,529,40,1.4080588235294118,0,0,0,0.019179,2,0,0,0,0,0,0,0,Success,0,0,0,0,0,0,0,5.370439833,None,19/02/2025 14:41,6.28.1,0,375,0,2025-02-19 D,19/02/2025 14:42,None,0,0,362,1,0,79,0,0.059464275,0,6.28.1,None,0,529,529,131,0,165,5,0,0,0,0,18.2,0,152,0,42.71650980392157,0,0,0,27,0,0,0,0,0,0,0,0,0,0,None,0,0,0.51,0,0,0,45.58660784313725,1,0,19/02/2025 14:35,0,0,0
80,0,0,0,0,0,0,0,19/02/2025 14:42,0,1,0,0,18.64067307692308,0,0,0,478,39,1.4754230769230767,0,0,0,0.022851,2,0,0,0,0,0,0,0,Success,0,0,0,0,0,0,0,5.396668324,None,19/02/2025 14:49,6.28.1,0,312,0,2025-02-19 D,19/02/2025 14:50,None,0,0,367,1,0,70,0,0.06,0,6.28.1,None,0,478,478,114,0,165,5,0,0,0,0,18.64067307692308,0,138,0,43.04421153846154,0,0,0,26,0,0,0,0,0,0,0,0,0,0,None,0,0,0.547,0,0,0,46.28619230769231,1,0,19/02/2025 14:44,0,0,0
70,0,0,0,0,0,0,0,19/02/2025 14:50,0,1,0,0,18.041470588235295,0,0,0,454,39,1.8063529411764705,0,0,0,0.025895,2,0,0,0,6,0,0,0,Success,0,0,0,0,0,0,0,5.267513455,None,19/02/2025 15:02,6.28.1,0,269,0,2025-02-19 D,19/02/2025 15:03,None,0,338,726,1,0,60,0,0.018601075,0,6.28.1,None,0,798,460,132,0,165,5,0,0,0,0,18.041470588235295,0,90,0,43.10390196078431,0,0,0,27,0,0,0,0,0,0,0,0,0,0,None,0,0,0.552,0,0,0,45.23770588235294,1,0,19/02/2025 14:58,0,0,0
71,0,0,0,0,0,0,0,19/02/2025 15:03,0,1,0,0,18.0747,0,0,0,426,40,1.6717199999999999,0,0,0,0.025676,2,0,0,0,0,0,0,0,Success,0,0,0,0,0,0,0,5.221496529,None,19/02/2025 15:09,6.28.1,0,271,0,2025-02-19 D,19/02/2025 15:10,None,0,0,324,1,0,61,0,0.055226805,0,6.28.1,None,0,426,426,119,0,165,5,0,0,0,0,18.0747,0,103,0,43.26174,0,0,0,27,0,0,0,0,0,0,0,0,0,0,None,0,0,0.535,0,0,0,48.258280000000006,1,0,19/02/2025 15:05,0,0,0
68,0,0,0,0,0,0,0,19/02/2025 15:18,0,3,0,0,17.861538461538462,0,0,0,459,40,1.8255384615384616,0,0,0,0.025051,2,0,0,0,0,0,0,0,Success,0,0,0,0,0,0,0,5.430775635,None,19/02/2025 15:24,6.28.1,0,300,0,2025-02-19 D,19/02/2025 15:25,None,0,0,337,1,0,58,0,0.049678969,0,6.28.1,None,0,459,459,105,0,165,8,0,0,0,0,17.861538461538462,0,122,0,43.17346153846154,0,0,0,27,0,0,0,0,0,0,0,0,0,0,None,0,0,0.566,0,0,0,47.209288461538456,1,0,19/02/2025 15:19,0,0,0
68,0,0,0,0,0,0,0,19/02/2025 15:25,0,1,0,0,18.427647058823528,0,0,0,402,39,1.944549019607843,0,0,0,0.029106,2,0,0,0,0,0,0,0,Success,0,0,0,0,0,0,0,5.352469056,None,19/02/2025 15:31,6.28.1,0,248,0,2025-02-19 D,19/02/2025 15:32,None,0,0,309,1,0,58,0,0.013416408,0,6.28.1,None,0,402,402,106,0,165,5,0,0,0,0,18.427647058823528,0,95,0,42.94364705882354,0,0,0,27,0,0,0,0,0,0,0,0,0,0,None,0,0,0.524,0,0,0,47.48529411764706,1,0,19/02/2025 15:27,0,0,0
70,0,0,0,0,0,0,0,19/02/2025 15:32,0,1,0,0,16.914117647058823,0,0,0,819,449,1.8655294117647059,0,0,0,0.024929,2,0,0,0,43,0,0,0,Success,0,0,0,0,0,0,0,5.37284031,None,19/02/2025 15:38,6.28.1,0,281,0,2025-02-19 D,19/02/2025 15:46,None,0,0,311,1,0,60,0,0.010440306,0,6.28.1,None,0,862,862,105,0,165,5,0,0,0,0,16.914117647058823,0,129,0,42.86949019607843,0,0,0,27,0,0,0,0,0,0,0,0,0,0,None,0,0,0.515,0,0,0,47.548980392156864,1,0,19/02/2025 15:34,0,0,1
77,0,0,0,0,0,0,0,19/02/2025 15:46,0,1,0,0,18.68769230769231,0,0,0,726,40,1.568153846153846,0,0,0,0.021371,2,0,0,0,534,0,0,0,Success,0,0,0,0,0,0,0,5.37245214,None,19/02/2025 16:06,6.28.1,0,323,0,2025-02-19 D,19/02/2025 16:07,None,0,0,1516,1,0,67,0,0.071847059,0,6.28.1,None,0,1260,1260,145,0,165,8,0,0,0,0,18.68769230769231,0,124,0,43.06990384615385,0,0,0,27,0,0,0,0,0,0,0,0,0,0,None,0,0,0.515,0,0,0,48.21419230769231,1,0,19/02/2025 16:01,0,0,0
69,0,0,0,0,0,0,0,19/02/2025 16:07,0,1,0,0,18.565,0,0,0,423,40,2.0697647058823527,0,0,0,0.027895,2,0,0,0,0,0,0,0,Success,0,0,0,0,0,0,0,5.348907178,None,19/02/2025 16:13,6.28.1,0,260,0,2025-02-19 D,19/02/2025 16:14,None,0,0,360,1,0,59,0,0.00509902,0,6.28.1,None,0,423,423,113,0,165,4,0,0,0,0,18.565,0,98,0,42.72803921568627,0,0,0,27,0,0,0,0,0,0,0,0,0,0,None,0,0,0.514,0,0,0,45.65768627,1,0,19/02/2025 16:09,0,0,0
71,0,0,0,0,0,0,0,19/02/2025 16:14,0,1,0,0,19.321470588235293,0,0,0,443,39,1.6112745098039216,0,0,0,0.024422,2,0,0,0,0,0,0,0,Success,0,0,0,0,0,0,0,5.355460858,None,19/02/2025 16:21,6.28.1,0,288,0,2025-02-19 D,19/02/2025 16:22,None,0,0,316,1,0,61,0,0.016278821,0,6.28.1,None,0,443,443,114,0,165,5,0,0,0,0,19.321470588235293,0,123,0,42.902529411764704,0,0,0,27,0,0,0,0,0,0,0,0,0,0,None,0,0,0.495,0,0,0,46.90760784313726,1,0,19/02/2025 16:16,0,0,0
74,0,0,0,0,0,0,0,19/02/2025 16:22,0,1,0,0,16.9419,0,0,0,430,40,1.90272,0,0,0,0.026132,2,0,0,0,0,0,0,0,Success,0,0,0,0,0,0,0,5.276237011,None,19/02/2025 16:28,6.28.1,0,275,0,2025-02-19 D,19/02/2025 16:29,None,0,0,325,1,0,64,0,0.030870698,0,6.28.1,None,0,430,430,121,0,165,5,0,0,0,0,16.9419,0,101,0,42.791180000000004,0,0,0,27,0,0,0,0,0,0,0,0,0,0,None,0,0,0.505,0,0,0,43.0168,1,0,19/02/2025 16:23,0,0,0
109,0,0,0,0,0,0,0,19/02/2025 16:36,0,2,0,0,16.95,0,0,0,547,88,1.8005490196078433,0,0,0,0.020801,2,0,0,0,36,0,0,0,Success,0,0,0,0,0,0,0,5.362572237,None,19/02/2025 16:44,6.28.1,0,376,0,2025-02-19 D,19/02/2025 16:46,None,0,0,356,1,0,99,0,0.062201286,0,6.28.1,None,0,583,583,144,0,165,6,0,0,0,0,16.95,0,128,0,42.78345098039216,0,0,0,30,0,0,0,0,0,0,0,0,0,0,None,0,0,0.493,0,0,0,47.73319607843138,1,0,19/02/2025 16:38,0,0,1
72,0,0,0,0,0,0,0,19/02/2025 16:46,0,3,0,0,17.0025,0,0,0,681,40,1.6285,0,0,0,0.021342,2,0,0,0,96,0,0,0,Success,0,0,0,0,0,0,0,5.40324893,None,19/02/2025 16:58,6.28.1,0,404,0,2025-02-19 D,19/02/2025 16:59,None,0,0,749,1,0,62,0,0.145,0,6.28.1,None,0,777,777,146,0,165,5,0,0,0,0,17.0025,0,145,0,42.86934615384616,0,0,0,28,0,0,0,0,0,0,0,0,0,0,None,0,0,0.541,0,0,0,48.474673076923075,1,0,19/02/2025 16:51,0,0,0
70,0,0,0,0,0,0,0,19/02/2025 16:59,0,1,0,0,18.39794117647059,0,0,0,445,40,1.6745686274509806,0,0,0,0.02532,2,0,0,0,0,0,0,0,Success,0,0,0,0,0,0,0,5.312659786,None,19/02/2025 17:05,6.28.1,0,279,0,2025-02-19 D,19/02/2025 17:07,None,0,0,337,1,0,60,0,0.050774009,0,6.28.1,None,0,445,445,121,0,165,5,0,0,0,0,18.39794117647059,0,110,0,42.908529411764704,0,0,0,28,0,0,0,0,0,0,0,0,0,0,None,0,0,0.511,0,0,0,46.71696078431373,1,0,19/02/2025 17:01,0,0,0
73,0,0,0,0,0,0,0,19/02/2025 17:07,0,1,0,0,18.749411764705883,0,0,0,1309,40,1.500607843137255,0,0,0,0.018735,2,0,0,0,0,0,0,0,Success,0,0,0,0,0,0,0,5.269480714,None,19/02/2025 17:27,6.28.1,0,361,0,2025-02-19 D,19/02/2025 17:28,None,0,0,1122,1,0,63,0,0.039293765,0,6.28.1,None,0,1309,1309,166,0,165,5,0,0,0,0,18.749411764705883,0,136,0,43.12799999999999,0,0,0,28,0,0,0,0,0,0,0,0,0,0,None,0,0,0.529,0,0,0,47.18921568627451,1,0,19/02/2025 17:21,0,0,0
82,0,0,0,0,0,0,0,19/02/2025 17:28,0,1,0,0,16.4556,0,0,0,730,40,1.74206,0,0,0,0.024468,2,0,0,0,0,0,0,0,Success,0,0,0,0,0,0,0,5.222679102,None,19/02/2025 17:39,6.28.1,0,292,0,2025-02-19 D,19/02/2025 17:41,None,0,0,656,1,0,72,0,0.047634021,0,6.28.1,None,0,730,730,118,0,165,5,0,0,0,0,16.4556,0,114,0,42.95348,0,0,0,28,0,0,0,0,0,0,0,0,0,0,None,0,0,0.514,0,0,0,44.90842,1,0,19/02/2025 17:35,0,0,0
71,0,0,0,0,0,0,0,19/02/2025 17:48,0,1,0,0,18.99692307692308,0,0,0,653,357,1.8937115384615384,0,0,0,0.029451,2,0,0,0,75,0,0,0,Success,0,0,0,0,0,0,0,5.436849087,None,19/02/2025 17:54,6.28.1,0,252,0,2025-02-19 D,19/02/2025 18:00,None,0,0,352,1,0,61,0,0.044643029,0,6.28.1,None,0,728,728,107,0,165,5,0,0,0,0,18.99692307692308,0,96,0,42.93605769,0,0,0,28,0,0,0,0,0,0,0,0,0,0,None,0,0,0.54,0,0,0,46.890596153846154,1,0,19/02/2025 17:49,0,0,1
74,0,0,0,0,0,0,0,19/02/2025 18:00,0,1,0,0,18.2736,0,0,0,654,40,1.69702,0,0,0,0.023498,2,0,0,0,96,0,0,0,Success,0,0,0,0,0,0,0,5.246566592,None,19/02/2025 18:11,6.28.1,0,297,0,2025-02-19 N,19/02/2025 18:13,None,0,0,933,1,0,64,0,0.089050547,0,6.28.1,None,0,750,750,127,0,165,5,0,0,0,0,18.2736,0,116,0,42.90022,0,0,0,27,0,0,0,0,0,0,0,0,0,0,None,0,0,0.519,0,0,0,44.91702,1,0,19/02/2025 18:06,0,0,0
72,0,0,0,0,0,0,0,19/02/2025 18:13,0,1,0,0,18.0477,0,0,0,551,40,1.5922,0,0,0,0.01709,2,0,0,0,0,0,0,0,Success,0,0,0,0,0,0,0,5.248824059,None,19/02/2025 18:21,6.28.1,0,388,0,2025-02-19 N,19/02/2025 18:22,None,0,0,341,1,0,62,0,0.042296572,0,6.28.1,None,0,551,551,155,0,165,5,0,0,0,0,18.0477,0,167,0,42.87316,0,0,0,27,0,0,0,0,0,0,0,0,0,0,None,0,0,0.502,0,0,0,46.772560000000006,1,0,19/02/2025 18:14,0,0,0
75,0,0,0,0,0,0,0,19/02/2025 18:22,0,1,0,0,18.3813,0,0,0,465,40,1.7627199999999998,0,0,0,0.021235,2,0,0,0,0,0,0,0,Success,0,0,0,0,0,0,0,5.262464537,None,19/02/2025 18:28,6.28.1,0,319,0,2025-02-19 N,19/02/2025 18:30,None,0,0,366,1,0,65,0,0.025495097,0,6.28.1,None,0,465,465,116,0,165,5,0,0,0,0,18.3813,0,149,0,42.851040000000005,0,0,0,27,0,0,0,0,0,0,0,0,0,0,None,0,0,0.502,0,0,0,44.95736,1,0,19/02/2025 18:23,0,0,0
104,0,0,0,0,0,0,0,19/02/2025 18:30,0,4,0,0,16.429411764705883,0,0,0,695,40,1.5377058823529413,0,0,0,0.013754,2,0,0,0,753,0,0,0,Success,0,0,0,0,0,0,0,5.345570596,None,19/02/2025 18:40,6.28.1,0,525,0,2025-02-19 N,19/02/2025 19:01,None,0,481,370,1,0,94,0,0.082680107,0,6.28.1,None,0,1894,1413,139,0,165,5,0,0,0,0,16.429411764705883,0,242,0,43.09560784313726,0,0,0,28,0,0,0,0,0,0,0,0,0,0,None,0,0,0.511,0,0,0,45.93666666666667,1,0,19/02/2025 18:31,0,0,0
80,0,0,0,0,0,0,0,19/02/2025 19:01,0,1,0,0,18.268846153846155,0,0,0,477,41,1.7222115384615386,0,0,0,0.022975,2,0,0,0,0,0,0,0,Success,0,0,0,0,0,0,0,5.502568855,None,19/02/2025 19:08,6.28.1,0,317,0,2025-02-19 N,19/02/2025 19:09,None,0,477,1612,1,0,70,0,0.065192024,0,6.28.1,None,0,477,0,133,0,165,6,0,0,0,0,18.268846153846155,0,129,0,42.49542307692308,0,0,0,28,0,0,0,0,0,0,0,0,0,0,None,0,0,0.515,0,0,0,46.90034615384616,1,0,19/02/2025 19:03,0,0,1
72,0,0,0,0,0,0,0,19/02/2025 19:26,0,2,0,0,18.423529411764708,0,0,0,543,40,1.445450980392157,0,0,0,0.018335,2,0,0,0,0,0,0,0,Success,0,0,0,0,0,0,0,5.303577472,None,19/02/2025 19:34,6.28.1,0,383,0,2025-02-19 N,19/02/2025 19:35,None,0,543,368,1,0,62,0,0.052153619,0,6.28.1,None,0,543,0,135,0,165,5,0,0,0,0,18.423529411764708,0,168,0,43.11819607843137,0,0,0,27,0,0,0,0,0,0,0,0,0,0,None,0,0,0.525,0,0,0,48.98531373,1,0,19/02/2025 19:28,0,0,0
122,0,0,0,0,0,0,0,19/02/2025 19:35,0,1,0,0,16.375588235294117,0,0,0,606,40,1.518235294117647,0,0,0,0.016294,2,0,0,0,0,0,0,0,Success,0,0,0,0,0,0,0,5.287651558,None,19/02/2025 19:44,6.28.1,0,446,0,2025-02-19 N,19/02/2025 19:45,None,0,606,352,1,0,111,0,0.008246211,0,6.28.1,None,0,606,0,144,0,165,4,0,0,0,0,16.375588235294117,0,202,0,42.98901960784314,0,0,0,28,0,0,0,0,0,0,0,0,0,0,None,0,0,0.503,0,0,0,47.93049019607843,1,0,19/02/2025 19:37,0,0,0
86,0,0,0,0,0,0,0,19/02/2025 19:45,0,1,0,0,18.783529411764707,0,0,0,498,40,1.6575882352941178,0,0,0,0.020727,2,0,0,0,0,0,0,0,Success,0,0,0,0,0,0,0,5.307833927,None,19/02/2025 19:53,6.28.1,0,342,0,2025-02-19 N,19/02/2025 19:54,None,0,498,415,1,0,76,0,0.021095024,0,6.28.1,None,0,498,0,138,0,165,5,0,0,0,0,18.783529411764707,0,140,0,42.97821568627451,0,0,0,27,0,0,0,0,0,0,0,0,0,0,None,0,0,0.513,0,0,0,43.80439215686274,1,0,19/02/2025 19:47,0,0,0
74,0,0,0,0,0,0,0,19/02/2025 19:54,0,1,0,0,18.696923076923078,0,0,0,562,40,1.4450769230769231,0,0,0,0.017629,2,0,0,0,0,0,0,0,Success,0,0,0,0,0,0,0,5.483081615,None,19/02/2025 20:02,6.28.1,0,389,0,2025-02-19 N,19/02/2025 20:03,None,0,562,362,1,0,64,0,0.031257,0,6.28.1,None,0,562,0,128,0,165,5,0,0,0,0,18.696923076923078,0,189,0,42.87311538461539,0,0,0,28,0,0,0,0,0,0,0,0,0,0,None,0,0,0.518,0,0,0,43.28221153846154,1,0,19/02/2025 19:55,0,0,1
70,0,0,0,0,0,0,0,19/02/2025 20:03,0,1,0,0,18.39,0,0,0,555,39,1.7620392156862745,0,0,0,0.023883,2,0,0,0,25,0,0,0,Success,0,0,0,0,0,0,0,5.295107553,None,19/02/2025 20:12,6.28.1,0,299,0,2025-02-19 N,19/02/2025 20:13,None,0,36,490,1,0,60,0,0.083815273,0,6.28.1,None,0,580,544,138,0,165,5,0,0,0,0,18.39,0,98,0,43.30874509803922,0,0,0,26,0,0,0,0,0,0,0,0,0,0,None,0,0,0.511,0,0,0,43.129294117647056,1,0,19/02/2025 20:07,0,0,0
73,0,0,0,0,0,0,0,19/02/2025 20:13,0,1,0,0,18.937941176470588,0,0,0,510,39,1.5192549019607844,0,0,0,0.019739,2,0,0,0,0,0,0,0,Success,0,0,0,0,0,0,0,5.309999058,None,19/02/2025 20:20,6.28.1,0,356,0,2025-02-19 N,19/02/2025 20:21,None,0,0,371,1,0,63,0,0.045354162,0,6.28.1,None,0,510,510,153,0,165,5,0,0,0,0,18.937941176470588,0,133,0,43.05766666666666,0,0,0,27,0,0,0,0,0,0,0,0,0,0,None,0,0,0.499,0,0,0,44.10462745098039,1,0,19/02/2025 20:14,0,0,0
75,0,0,0,0,0,0,0,19/02/2025 20:21,0,1,0,0,18.017941176470586,0,0,0,496,39,1.6202156862745098,0,0,0,0.020772,2,0,0,0,0,0,0,0,Success,0,0,0,0,0,0,0,5.254815506,None,19/02/2025 20:28,6.28.1,0,342,0,2025-02-19 N,19/02/2025 20:29,None,0,0,363,1,0,65,0,0.018601075,0,6.28.1,None,0,496,496,133,0,165,5,0,0,0,0,18.017941176470586,0,134,0,42.920235294117646,0,0,0,28,0,0,0,0,0,0,0,0,0,0,None,0,0,0.517,0,0,0,43.625647058823525,1,0,19/02/2025 20:23,0,0,0
75,0,0,0,0,0,0,0,19/02/2025 20:29,0,1,0,0,18.387403846153845,0,0,0,539,40,1.5675192307692307,0,0,0,0.018365,2,0,0,0,0,0,0,0,Success,0,0,0,0,0,0,0,5.393503314,None,19/02/2025 20:37,6.28.1,0,372,0,2025-02-19 N,19/02/2025 20:38,None,0,0,356,1,0,65,0,0.08415462,0,6.28.1,None,0,539,539,128,0,165,5,0,0,0,0,18.387403846153845,0,173,0,42.709788461538466,0,0,0,27,0,0,0,0,0,0,0,0,0,0,None,0,0,0.529,0,0,0,43.77051923076923,1,0,19/02/2025 20:31,0,0,1
72,0,0,0,0,0,0,0,19/02/2025 20:38,0,2,0,0,17.44,0,0,0,706,39,1.3908431372549017,0,0,0,0.015566,2,0,0,0,321,0,0,0,Success,0,0,0,0,0,0,0,5.305650761,None,19/02/2025 20:54,6.28.1,0,794,0,2025-02-19 N,19/02/2025 20:56,None,0,0,825,1,0,62,0,0.094069123,0,6.28.1,None,0,1027,1027,195,0,165,5,0,0,0,0,17.44,0,201,0,42.86033333333333,0,0,0,27,0,0,0,0,0,0,0,0,0,0,None,0,0,0.516,0,0,0,45.22180392156863,1,0,19/02/2025 20:41,0,0,0
68,0,0,0,0,0,0,0,19/02/2025 20:56,0,1,0,0,17.4891,0,0,0,420,40,1.7368999999999999,0,0,0,0.026881,2,0,0,0,0,0,0,0,Success,0,0,0,0,0,0,0,5.286025539,None,19/02/2025 21:01,6.28.1,0,261,0,2025-02-19 N,19/02/2025 21:03,None,0,0,379,1,0,58,0,0.04110961,0,6.28.1,None,0,420,420,119,0,165,5,0,0,0,0,17.4891,0,96,0,42.58406,0,0,0,27,0,0,0,0,0,0,0,0,0,0,None,0,0,0.541,0,0,0,43.97938,1,0,19/02/2025 20:57,0,0,0
72,0,0,0,0,0,0,0,19/02/2025 21:03,0,1,0,0,18.353823529411763,0,0,0,451,41,1.7998235294117646,0,0,0,0.024325,2,0,0,0,0,0,0,0,Success,0,0,0,0,0,0,0,5.312009507,None,19/02/2025 21:09,6.28.1,0,289,0,2025-02-19 N,19/02/2025 21:10,None,0,0,314,1,0,62,0,0.042426407,0,6.28.1,None,0,451,451,136,0,165,5,0,0,0,0,18.353823529411763,0,103,0,44.75329411764706,0,0,0,28,0,0,0,0,0,0,0,0,0,0,None,0,0,0.53,0,0,0,41.307235294117646,1,0,19/02/2025 21:04,0,0,1
153,0,0,0,0,0,0,0,19/02/2025 21:10,0,1,0,0,17.7195,0,0,0,627,41,1.5833199999999998,0,0,0,0.020153,2,0,0,0,0,0,0,0,Success,0,0,0,0,0,0,0,5.226846851,None,19/02/2025 21:19,6.28.1,0,412,0,2025-02-19 N,19/02/2025 21:21,None,0,0,403,1,0,143,0,0.048020829,0,6.28.1,None,0,627,627,136,0,165,5,0,0,0,0,17.7195,0,143,0,44.84728,0,0,0,28,0,0,0,0,0,0,0,0,0,0,None,0,0,0.505,0,0,0,44.063680000000005,1,0,19/02/2025 21:13,0,0,0
69,0,0,0,0,0,0,0,19/02/2025 21:21,0,1,0,0,18.91794117647059,0,0,0,425,39,1.7654901960784315,0,0,0,0.026556,2,0,0,0,0,0,0,0,Success,0,0,0,0,0,0,0,5.292757788,None,19/02/2025 21:26,6.28.1,0,266,0,2025-02-19 N,19/02/2025 21:28,None,0,0,431,1,0,59,0,0.029,0,6.28.1,None,0,425,425,116,0,165,5,0,0,0,0,18.91794117647059,0,102,0,44.53188235294118,0,0,0,26,0,0,0,0,0,0,0,0,0,0,None,0,0,0.486,0,0,0,44.33211764705882,1,0,19/02/2025 21:22,0,0,1
76,0,0,0,0,0,0,0,19/02/2025 21:28,0,1,0,0,17.944326923076922,0,0,0,540,50,1.624076923076923,0,0,0,0.019992,2,0,0,0,29,0,0,0,Success,0,0,0,0,0,0,0,5.378820782,None,19/02/2025 21:36,6.28.1,0,342,0,2025-02-19 N,19/02/2025 21:37,None,0,0,395,1,0,66,0,0.038209947,0,6.28.1,None,0,569,569,148,0,165,5,0,0,0,0,17.944326923076922,0,140,0,44.78498076923077,0,0,0,27,0,0,0,0,0,0,0,0,0,0,None,0,0,0.499,0,0,0,45.98401923076923,1,0,19/02/2025 21:30,0,0,1
65,0,0,0,0,0,0,0,19/02/2025 21:37,0,1,0,0,16.513,0,0,5712,370,39,3.159,0,0,0,0.042238,2,0,0,0,959,0,0,0,Success,0,0,0,0,0,0,0,4.859302316,None,19/02/2025 23:36,6.28.1,0,183,0,2025-02-19 N,19/02/2025 23:38,None,0,5822,7195,1,0,55,96,-10000,0,6.28.1,None,0,7247,1425,89,0,165,5,0,0,0,0,16.513,0,50,0,43.59504444444445,0,0,0,26,0,0,0,0,0,0,0,0,0,0,None,0,0,-10000,0,0,0,43.093177777777775,1,0,19/02/2025 23:33,0,0,1
70,0,0,0,0,0,0,0,19/02/2025 23:38,0,2,0,0,13.78184210526316,0,0,0,362,39,9.458184210526316,0,0,0,0.051415,2,0,0,0,205,0,0,0,Success,0,0,0,0,0,0,0,4.868803652,None,19/02/2025 23:46,6.28.1,0,349,0,2025-02-19 N,19/02/2025 23:47,None,0,0,573,1,0,60,0,-10000,0,6.28.1,None,0,567,567,104,0,165,5,0,0,0,0,13.78184210526316,0,25,0,40.30876315789474,0,0,0,26,0,0,0,0,0,0,0,0,0,0,None,0,0,-10000,0,0,0,38.30486842105263,1,0,19/02/2025 23:40,0,0,1
71,0,0,0,0,0,0,0,19/02/2025 23:47,0,1,0,0,17.004456521739133,0,0,0,318,38,3.1588695652173913,0,0,0,0.046131,2,0,0,0,97,0,0,0,Success,0,0,0,0,0,0,0,4.91262954,None,19/02/2025 23:53,6.28.1,0,181,0,2025-02-19 N,19/02/2025 23:54,None,0,0,376,1,0,61,0,0.049648766,0,6.28.1,None,0,415,415,79,0,165,6,0,0,0,0,17.004456521739133,0,53,0,43.83258695652174,0,0,0,25,0,0,0,0,0,0,0,0,0,0,None,0,0,0.547,0,0,0,40.86943478260869,1,0,19/02/2025 23:50,0,0,1
83,0,0,0,0,0,0,0,19/02/2025 23:54,0,1,0,0,17.756666666666664,0,0,0,463,38,3.178533333333333,0,0,0,0.040512,2,0,0,0,0,0,0,0,Success,0,0,0,0,0,0,0,4.941976426,None,20/02/2025 00:01,6.28.1,0,205,0,2025-02-19 N,20/02/2025 00:02,None,0,0,409,1,0,73,0,0.062225397,0,6.28.1,None,0,463,463,92,0,165,5,0,0,0,0,17.756666666666664,0,52,0,44.07055555555556,0,0,0,26,0,0,0,0,0,0,0,0,0,0,None,0,0,0.544,0,0,0,41.07422222222222,1,0,19/02/2025 23:57,0,0,1
73,0,0,0,0,0,0,0,20/02/2025 00:02,0,1,0,0,17.40945652173913,0,0,0,343,38,3.043173913043478,0,0,0,0.043491,2,0,0,0,139,0,0,0,Success,0,0,0,0,0,0,0,4.961517207,None,20/02/2025 00:09,6.28.1,0,185,0,2025-02-19 N,20/02/2025 00:10,None,0,0,432,1,0,63,0,0.09,0,6.28.1,None,0,482,482,83,0,165,5,0,0,0,0,17.40945652173913,0,50,0,44.15389130434782,0,0,0,25,0,0,0,0,0,0,0,0,0,0,None,0,0,0.589,0,0,0,40.775608695652174,1,0,20/02/2025 00:06,0,0,1
69,0,0,0,0,0,0,0,20/02/2025 00:10,0,1,0,0,17.167978723404254,0,0,0,950,112,2.8321489361702126,0,0,0,0.040695,2,0,0,0,200,0,0,0,Success,0,0,0,0,0,0,0,4.990817969,None,20/02/2025 00:27,6.28.1,0,199,0,2025-02-19 N,20/02/2025 00:29,None,0,0,1019,1,0,59,0,0.128809937,0,6.28.1,None,0,1150,1150,84,0,165,4,0,0,0,0,17.167978723404254,0,66,0,44.21297872340426,0,0,0,26,0,0,0,0,0,0,0,0,0,0,None,0,0,0.542,0,0,0,42.439191489361704,1,0,20/02/2025 00:24,0,0,1
65,0,0,0,0,0,0,0,20/02/2025 00:29,0,1,0,0,17.545851063829787,0,0,0,658,38,2.314191489361702,0,0,0,0.033236,2,0,0,0,188,0,0,0,Success,0,0,0,0,0,0,0,4.919846136,None,20/02/2025 00:37,6.28.1,0,216,0,2025-02-19 N,20/02/2025 00:43,None,0,0,554,1,0,55,0,0.055317266,0,6.28.1,None,0,846,846,109,0,165,5,0,0,0,0,17.545851063829787,0,63,0,43.816765957446805,0,0,0,25,0,0,0,0,0,0,0,0,0,0,None,0,0,0.549,0,0,0,38.55282978723404,1,0,20/02/2025 00:34,0,0,1
26,0,0,0,0,0,0,0,20/02/2025 00:43,0,8,0,0,18.842,0,0,2131,1023,94,2.4986888888888887,0,0,0,0.029817,1,0,0,0,946,0,0,0,Success,0,0,0,0,0,0,0,4.789653537,None,20/02/2025 01:55,6.28.1,0,238,0,2025-02-19 N,20/02/2025 01:57,None,0,2481,1308,1,0,26,0,0.499036071,0,6.28.1,None,0,4450,1969,180,0,165,7,0,0,0,0,18.842,0,239,0,43.3306,0,0,0,0,0,0,0,0,0,0,0,0,0,0,None,0,0,0.553,0,0,0,38.59168888888889,1,0,20/02/2025 01:52,0,0,1
0,0,0,0,0,0,0,0,20/02/2025 01:57,0,0,0,0,11.293125,0,0,0,351,274,3.75475,0,0,0,0,0,0,0,0,499,0,0,0,Fail,0,0,0,0,0,0,0,0.899161276,None,20/02/2025 02:06,6.28.1,0,14,0,2025-02-19 N,20/02/2025 02:12,None,0,0,0,1,0,0,0,3.932428893,0,6.28.1,None,0,850,850,0,0,165,21,0,0,0,0,11.293125,0,0,0,40.78925,0,0,0,24,0,0,0,0,0,0,0,0,0,0,None,0,0,-3.245,0,0,0,34.514375,0,0,20/02/2025 02:06,0,0,1
0,0,0,0,0,0,0,0,20/02/2025 02:12,0,0,0,0,15.842999999999998,0,0,0,80,56,2.2085333333333335,0,0,0,0.029398,0,0,0,0,514,0,0,0,Success,0,0,0,0,0,0,0,4.735244239,None,20/02/2025 02:19,6.28.1,0,243,0,2025-02-19 N,20/02/2025 02:22,None,0,0,0,1,0,0,0,0.046518813,0,6.28.1,None,0,594,594,0,0,165,17,0,0,0,0,15.842999999999998,0,0,0,40.84997777777778,0,0,0,0,0,0,0,0,0,0,0,0,0,0,None,0,0,0.542,0,0,0,33.24033333333333,1,0,20/02/2025 02:15,0,0,1
68,0,0,0,0,0,0,0,20/02/2025 02:22,0,1,0,0,17.46913043478261,0,0,0,487,39,2.2337608695652174,0,0,0,0.026732,2,0,0,0,84,0,0,0,Success,0,0,0,0,0,0,0,4.820413779,None,20/02/2025 02:28,6.28.1,0,248,0,2025-02-19 N,20/02/2025 02:31,None,0,0,5004,1,0,58,0,0.068,0,6.28.1,None,0,571,571,112,0,165,4,0,0,0,0,17.46913043478261,0,89,0,42.26595652173913,0,0,0,26,0,0,0,0,0,0,0,0,0,0,None,0,0,0.561,0,0,0,34.97128260869565,1,0,20/02/2025 02:24,0,0,1
70,0,0,0,0,0,0,0,20/02/2025 02:31,0,1,0,0,15.789204545454545,0,0,0,511,39,2.5969545454545457,0,0,0,0.034808,2,0,0,0,77,0,0,0,Success,0,0,0,0,0,0,0,4.756151596,None,20/02/2025 02:37,6.28.1,0,222,0,2025-02-19 N,20/02/2025 02:41,None,0,0,514,1,0,60,0,0.143836713,0,6.28.1,None,0,588,588,134,0,165,4,0,0,0,0,15.789204545454545,0,39,0,41.40377272727273,0,0,0,26,0,0,0,0,0,0,0,0,0,0,None,0,0,0.545,0,0,0,35.870931818181816,1,0,20/02/2025 02:33,0,0,1
68,0,0,0,0,0,0,0,20/02/2025 02:41,0,1,0,0,15.380795454545455,0,0,0,1473,1206,2.861068181818182,0,0,0,0.037094,2,0,0,0,120,0,0,0,Success,0,0,0,0,0,0,0,4.728909917,None,20/02/2025 02:47,6.28.1,0,212,0,2025-02-19 N,20/02/2025 03:07,None,0,0,543,1,0,58,0,0.056222771,0,6.28.1,None,0,1593,1593,118,0,165,4,0,0,0,0,15.380795454545455,0,46,0,39.803931818181816,0,0,0,25,0,0,0,0,0,0,0,0,0,0,None,0,0,0.55,0,0,0,31.475545454545454,1,0,20/02/2025 02:43,0,0,1
72,0,0,0,0,0,0,0,20/02/2025 03:07,0,1,0,0,15.235096153846154,0,0,0,389,39,3.4995576923076923,0,0,0,0.04796,2,0,0,0,157,0,0,0,Success,0,0,0,0,0,0,0,5.599691241,None,20/02/2025 03:15,6.28.1,0,205,0,2025-02-19 N,20/02/2025 03:16,None,0,0,1633,1,0,62,0,0.045,0,6.28.1,None,0,546,546,115,0,165,14,0,0,0,0,15.235096153846154,0,40,0,40.86788461538462,0,0,0,26,0,0,0,0,0,0,0,0,0,0,None,0,0,0.537,0,0,0,37.273673076923075,1,0,20/02/2025 03:11,0,0,1
71,0,0,0,0,0,0,0,20/02/2025 03:16,0,1,0,0,15.804519230769232,0,0,0,680,39,2.7902884615384616,0,0,0,0.039866,2,0,0,0,111,0,0,0,Success,0,0,0,0,0,0,0,5.579046334,None,20/02/2025 03:28,6.28.1,0,228,0,2025-02-19 N,20/02/2025 03:30,None,0,0,767,1,0,61,0,0.083354664,0,6.28.1,None,0,791,791,139,0,165,16,0,0,0,0,15.804519230769232,0,51,0,41.6095,0,0,0,27,0,0,0,0,0,0,0,0,0,0,None,0,0,0.541,0,0,0,37.636250000000004,1,0,20/02/2025 03:25,0,0,1
72,0,0,0,0,0,0,0,20/02/2025 03:30,0,1,0,0,15.746100000000002,0,0,0,383,39,3.2862,0,0,0,0.042361,2,0,0,0,0,0,0,0,Success,0,0,0,0,0,0,0,5.615846686,None,20/02/2025 03:35,6.28.1,0,222,0,2025-02-19 N,20/02/2025 03:36,None,0,0,345,1,0,62,0,0.017804494,0,6.28.1,None,0,383,383,132,0,165,4,0,0,0,0,15.746100000000002,0,39,0,41.32754,0,0,0,26,0,0,0,0,0,0,0,0,0,0,None,0,0,0.529,0,0,0,37.3621,1,0,20/02/2025 03:31,0,0,0
75,0,0,0,0,0,0,0,20/02/2025 03:36,0,1,0,0,16.059056603773584,0,0,0,404,40,2.4118113207547167,0,0,0,0.034701,2,0,0,0,0,0,0,0,Success,0,0,0,0,0,0,0,5.611138744,None,20/02/2025 03:42,6.28.1,0,252,0,2025-02-19 N,20/02/2025 03:43,None,0,0,350,1,0,65,0,0.062289646,0,6.28.1,None,0,404,404,145,0,165,4,0,0,0,0,16.059056603773584,0,54,0,41.72583018867925,0,0,0,27,0,0,0,0,0,0,0,0,0,0,None,0,0,0.546,0,0,0,37.356169811320754,1,0,20/02/2025 03:37,0,0,0
163,0,0,0,0,0,0,0,20/02/2025 03:57,0,2,0,0,16.369062500000002,0,0,0,505,40,2.9809791666666663,0,0,0,0.03428,2,0,0,0,0,0,0,0,Success,0,0,0,0,0,0,0,5.341150625,None,20/02/2025 04:04,6.28.1,0,346,0,2025-02-19 N,20/02/2025 04:05,None,0,0,427,1,0,153,0,0.013928389,0,6.28.1,None,0,505,505,111,0,165,5,0,0,0,0,16.369062500000002,0,76,0,42.01925,0,0,0,27,0,0,0,0,0,0,0,0,0,0,None,0,0,0.543,0,0,0,37.112770833333336,1,0,20/02/2025 03:58,0,0,0
72,0,0,0,0,0,0,0,20/02/2025 04:05,0,1,0,0,17.43558823529412,0,0,0,475,39,2.1306666666666665,0,0,0,0.021568,2,0,0,0,0,0,0,0,Success,0,0,0,0,0,0,0,5.365632582,None,20/02/2025 04:12,6.28.1,0,323,0,2025-02-19 N,20/02/2025 04:13,None,0,0,350,1,0,62,0,0.036235342,0,6.28.1,None,0,475,475,141,0,165,5,0,0,0,0,17.43558823529412,0,131,0,42.796509803921566,0,0,0,26,0,0,0,0,0,0,0,0,0,0,None,0,0,0.527,0,0,0,38.09274509803922,1,0,20/02/2025 04:06,0,0,1
80,0,0,0,0,0,0,0,20/02/2025 04:13,0,1,0,0,16.559117647058823,0,0,0,441,39,2.339392156862745,0,0,0,0.029253,2,0,0,0,0,0,0,0,Success,0,0,0,0,0,0,0,5.349260229,None,20/02/2025 04:19,6.28.1,0,282,0,2025-02-19 N,20/02/2025 04:20,None,0,0,389,1,0,70,0,0.009055385,0,6.28.1,None,0,441,441,178,0,165,5,0,0,0,0,16.559117647058823,0,46,0,40.64876470588235,0,0,0,26,0,0,0,0,0,0,0,0,0,0,None,0,0,0.537,0,0,0,38.34588235294118,1,0,20/02/2025 04:14,0,0,0
73,0,0,0,0,0,0,0,20/02/2025 04:20,0,1,0,0,12.625,0,0,0,847,39,2.4593333333333334,0,0,0,0.038463,2,0,0,0,19,0,0,0,Success,0,0,0,0,0,0,0,5.416851576,None,20/02/2025 04:35,6.28.1,0,774,0,2025-02-19 N,20/02/2025 04:43,None,0,1186,888,1,0,63,65,0.041,0,6.28.1,None,0,1382,196,681,0,165,5,0,0,0,0,12.625,0,41,0,39.90577777777778,0,0,0,26,0,0,0,0,0,0,0,0,0,0,None,0,0,0.56,0,0,0,34.35422222222222,1,0,20/02/2025 04:22,0,0,1
77,0,0,0,0,0,0,0,20/02/2025 04:43,0,1,0,0,16.333333333333332,0,0,0,527,40,3.1829074074074075,0,0,0,0.043752,2,0,0,0,23,0,0,0,Success,0,0,0,0,0,0,0,5.73189419,None,20/02/2025 04:51,6.28.1,0,233,0,2025-02-19 N,20/02/2025 04:53,None,0,0,944,1,0,67,0,0.086815897,0,6.28.1,None,0,550,550,125,0,165,10,0,0,0,0,16.333333333333332,0,56,0,41.690444444444445,0,0,0,27,0,0,0,0,0,0,0,0,0,0,None,0,0,0.529,0,0,0,37.339925925925925,1,0,20/02/2025 04:47,0,0,0
78,0,0,0,0,0,0,0,20/02/2025 04:53,0,1,0,0,16.984411764705882,0,0,0,388,40,3.9464705882352944,0,0,0,0.046843,2,0,0,0,0,0,0,0,Success,0,0,0,0,0,0,0,5.583578333,None,20/02/2025 04:58,6.28.1,0,219,0,2025-02-19 N,20/02/2025 04:59,None,0,0,365,1,0,68,0,0.142351677,0,6.28.1,None,0,388,388,142,0,165,16,0,0,0,0,16.984411764705882,0,33,0,40.692098039215686,0,0,0,27,0,0,0,0,0,0,0,0,0,0,None,0,0,0.521,0,0,0,34.653098039215685,1,0,20/02/2025 04:54,0,0,0
72,0,0,0,0,0,0,0,20/02/2025 04:59,0,1,0,0,16.052019230769233,0,0,0,396,39,2.8705,0,0,0,0.040961,2,0,0,0,0,0,0,0,Success,0,0,0,0,0,0,0,5.521508942,None,20/02/2025 05:04,6.28.1,0,231,0,2025-02-19 N,20/02/2025 05:06,None,0,0,336,1,0,62,0,0.031,0,6.28.1,None,0,396,396,134,0,165,16,0,0,0,0,16.052019230769233,0,57,0,41.11059615384616,0,0,0,26,0,0,0,0,0,0,0,0,0,0,None,0,0,0.542,0,0,0,37.62601923076923,1,0,20/02/2025 05:01,0,0,0
73,0,0,0,0,0,0,0,20/02/2025 05:06,0,1,0,0,15.92653846153846,0,0,0,1673,39,2.3258846153846156,0,0,0,0.033011,2,0,0,0,0,0,0,0,Success,0,0,0,0,0,0,0,5.513000363,None,20/02/2025 05:32,6.28.1,0,266,0,2025-02-19 N,20/02/2025 05:33,None,0,0,1601,1,0,64,0,0.031064449,0,6.28.1,None,0,1673,1673,143,0,165,5,0,0,0,0,15.92653846153846,0,70,0,41.48596153846154,0,0,0,27,0,0,0,0,0,0,0,0,0,0,None,0,0,0.519,0,0,0,40.27026923076923,1,0,20/02/2025 05:28,0,0,0
76,0,0,0,0,0,0,0,20/02/2025 05:33,0,1,0,0,15.1341,0,0,0,399,40,3.4243200000000003,0,0,0,0.040206,2,0,0,0,0,0,0,0,Success,0,0,0,0,0,0,0,5.50749108,None,20/02/2025 05:39,6.28.1,0,234,0,2025-02-19 N,20/02/2025 05:40,None,0,0,347,1,0,66,0,0.030805844,0,6.28.1,None,0,399,399,129,0,165,4,0,0,0,0,15.1341,0,52,0,41.211000000000006,0,0,0,27,0,0,0,0,0,0,0,0,0,0,None,0,0,0.578,0,0,0,41.436440000000005,1,0,20/02/2025 05:35,0,0,0
81,0,0,0,0,0,0,0,20/02/2025 05:40,0,2,0,0,14.783877551020408,0,0,0,397,40,3.720469387755102,0,0,0,0.040556,2,0,0,0,0,0,0,0,Success,0,0,0,0,0,0,0,5.454022461,None,20/02/2025 05:46,6.28.1,0,239,0,2025-02-19 N,20/02/2025 05:47,None,0,0,348,1,0,70,0,0.048332184,0,6.28.1,None,0,397,397,123,0,165,3,0,0,0,0,14.783877551020408,0,46,0,42.87116326530612,0,0,0,27,0,0,0,0,0,0,0,0,0,0,None,0,0,0.539,0,0,0,40.99351020408163,1,0,20/02/2025 05:42,0,0,0
70,0,0,0,0,0,0,0,20/02/2025 05:53,0,1,0,0,15.9855,0,0,0,394,39,2.47196,0,0,0,0.035212,2,0,0,0,0,0,0,0,Success,0,0,0,0,0,0,0,5.259592094,None,20/02/2025 05:58,6.28.1,0,241,0,2025-02-19 N,20/02/2025 06:00,None,0,0,350,1,0,60,0,0.07140028,0,6.28.1,None,0,394,394,146,0,165,5,0,0,0,0,15.9855,0,47,0,43.26986,0,0,0,26,0,0,0,0,0,0,0,0,0,0,None,0,0,0.526,0,0,0,44.08746,1,0,20/02/2025 05:54,0,0,0
77,0,0,0,0,0,0,0,20/02/2025 06:00,0,1,0,0,15.966299999999999,0,0,0,381,39,2.9706400000000004,0,0,0,0.042361,2,0,0,0,0,0,0,0,Success,0,0,0,0,0,0,0,5.303130396,None,20/02/2025 06:05,6.28.1,0,223,0,2025-02-20 D,20/02/2025 06:06,None,0,0,328,1,0,67,0,0.015033296,0,6.28.1,None,0,381,381,123,0,165,4,0,0,0,0,15.966299999999999,0,44,0,44.25266,0,0,0,26,0,0,0,0,0,0,0,0,0,0,None,0,0,0.505,0,0,0,45.523419999999994,1,0,20/02/2025 06:01,0,0,0
76,0,0,0,0,0,0,0,20/02/2025 06:06,0,1,0,0,17.076509433962265,0,0,0,649,567,2.999433962264151,0,0,0,0.040417,2,0,0,0,0,0,0,0,Success,0,0,0,0,0,0,0,5.669147731,None,20/02/2025 06:15,6.28.1,0,239,0,2025-02-20 D,20/02/2025 06:25,None,0,585,588,1,0,68,0,0.081301906,0,6.28.1,None,0,1155,570,137,0,165,4,0,0,0,0,17.076509433962265,0,44,0,44.613283018867925,0,0,0,26,0,0,0,0,0,0,0,0,0,0,None,0,0,0.542,0,0,0,43.58694339622642,1,0,20/02/2025 06:11,0,0,0
89,0,0,0,0,0,0,0,20/02/2025 06:25,0,1,0,0,16.792075471698112,0,0,0,451,40,2.8237735849056604,0,0,0,0.039023,2,0,0,0,0,0,0,0,Success,0,0,0,0,0,0,0,5.635769601,None,20/02/2025 06:31,6.28.1,0,255,0,2025-02-20 D,20/02/2025 06:39,None,0,854,903,1,0,79,0,0.057870545,0,6.28.1,None,0,854,0,144,0,165,16,0,0,0,0,16.792075471698112,0,55,0,44.09186792,0,0,0,27,0,0,0,0,0,0,0,0,0,0,None,0,0,0.533,0,0,0,44.09305660377358,1,0,20/02/2025 06:27,0,0,0
76,0,0,0,0,0,0,0,20/02/2025 06:39,0,1,0,0,17.638301886792455,0,0,0,408,39,2.541452830188679,0,0,0,0.034309,2,0,0,0,0,0,0,0,Success,0,0,0,0,0,0,0,5.61222692,None,20/02/2025 06:45,6.28.1,0,247,0,2025-02-20 D,20/02/2025 06:46,None,0,408,738,1,0,65,0,0.030016662,0,6.28.1,None,0,408,0,100,0,165,5,0,0,0,0,17.638301886792455,0,93,0,46.691792452830185,0,0,0,26,0,0,0,0,0,0,0,0,0,0,None,0,0,0.553,0,0,0,46.91475471698113,1,0,20/02/2025 06:41,0,0,0
82,0,0,0,0,0,0,0,20/02/2025 06:46,0,1,0,0,15.82326923076923,0,0,0,391,40,2.9491923076923077,0,0,0,0.039602,2,0,0,0,0,0,0,0,Success,0,0,0,0,0,0,0,5.557594264,None,20/02/2025 06:51,6.28.1,0,236,0,2025-02-20 D,20/02/2025 06:53,None,0,391,338,1,0,72,0,0.072567211,0,6.28.1,None,0,391,0,127,0,165,5,0,0,0,0,15.82326923076923,0,48,0,44.091750000000005,0,0,0,27,0,0,0,0,0,0,0,0,0,0,None,0,0,0.534,0,0,0,42.87388461538462,1,0,20/02/2025 06:48,0,0,0
71,0,0,0,0,0,0,0,20/02/2025 06:53,0,1,0,0,16.015384615384615,0,0,0,418,39,2.634,0,0,0,0.035838,2,0,0,0,0,0,0,0,Success,0,0,0,0,0,0,0,5.531943691,None,20/02/2025 06:58,6.28.1,0,255,0,2025-02-20 D,20/02/2025 07:00,None,0,418,371,1,0,61,0,0.055605755,0,6.28.1,None,0,418,0,150,0,165,5,0,0,0,0,16.015384615384615,0,55,0,43.77975,0,0,0,26,0,0,0,0,0,0,0,0,0,0,None,0,0,0.551,0,0,0,41.88378846153846,1,0,20/02/2025 06:54,0,0,0
71,0,0,0,0,0,0,0,20/02/2025 07:00,0,1,0,0,16.538235294117648,0,0,0,423,39,2.8101176470588234,0,0,0,0.038011,2,0,0,0,0,0,0,0,Success,0,0,0,0,0,0,0,5.419224852,None,20/02/2025 07:05,6.28.1,0,252,0,2025-02-20 D,20/02/2025 07:07,None,0,423,369,1,0,61,0,0.036619667,0,6.28.1,None,0,423,0,157,0,165,4,0,0,0,0,16.538235294117648,0,45,0,43.15105882352942,0,0,0,27,0,0,0,0,0,0,0,0,0,0,None,0,0,0.539,0,0,0,41.697274509803925,1,0,20/02/2025 07:01,0,0,0
71,0,0,0,0,0,0,0,20/02/2025 07:07,0,1,0,0,16.28470588235294,0,0,0,417,39,2.3149607843137257,0,0,0,0.033825,2,0,0,0,0,0,0,0,Success,0,0,0,0,0,0,0,5.389656111,None,20/02/2025 07:12,6.28.1,0,261,0,2025-02-20 D,20/02/2025 07:14,None,0,417,372,1,0,61,0,0.01979899,0,6.28.1,None,0,417,0,157,0,165,4,0,0,0,0,16.28470588235294,0,54,0,43.37780392156863,0,0,0,27,0,0,0,0,0,0,0,0,0,0,None,0,0,0.554,0,0,0,45.12284314,1,0,20/02/2025 07:08,0,0,0
73,0,0,0,0,0,0,0,20/02/2025 07:14,0,1,0,0,16.3602,0,0,0,393,39,2.9021999999999997,0,0,0,0.039472,2,0,0,0,0,0,0,0,Success,0,0,0,0,0,0,0,5.352108183,None,20/02/2025 07:19,6.28.1,0,242,0,2025-02-20 D,20/02/2025 07:20,None,0,393,345,1,0,63,0,0.042190046,0,6.28.1,None,0,393,0,145,0,165,5,0,0,0,0,16.3602,0,45,0,43.220479999999995,0,0,0,26,0,0,0,0,0,0,0,0,0,0,None,0,0,0.513,0,0,0,44.04158,1,0,20/02/2025 07:15,0,0,0
72,0,0,0,0,0,0,0,20/02/2025 07:20,0,1,0,0,16.272403846153846,0,0,0,608,40,2.8685384615384613,0,0,0,0.039869,2,0,0,0,0,0,0,0,Success,0,0,0,0,0,0,0,5.549165883,None,20/02/2025 07:29,6.28.1,0,241,0,2025-02-20 D,20/02/2025 07:30,None,0,608,562,1,0,62,0,0.046529561,0,6.28.1,None,0,608,0,150,0,165,5,0,0,0,0,16.272403846153846,0,42,0,44.22880769,0,0,0,27,0,0,0,0,0,0,0,0,0,0,None,0,0,0.52,0,0,0,43.42961538461539,1,0,20/02/2025 07:25,0,0,0
77,0,0,0,0,0,0,0,20/02/2025 07:37,0,1,0,0,16.643207547169812,0,0,0,441,40,2.6707547169811323,0,0,0,0.035997,2,0,0,0,0,0,0,0,Success,0,0,0,0,0,0,0,5.651867214,None,20/02/2025 07:43,6.28.1,0,271,0,2025-02-20 D,20/02/2025 07:45,None,0,441,355,1,0,67,0,0.026400757,0,6.28.1,None,0,441,0,138,0,165,4,0,0,0,0,16.643207547169812,0,75,0,44.609792452830185,0,0,0,27,0,0,0,0,0,0,0,0,0,0,None,0,0,0.542,0,0,0,47.24875471698114,1,0,20/02/2025 07:39,0,0,0
75,0,0,0,0,0,0,0,20/02/2025 07:45,0,1,0,0,16.014705882352942,0,0,0,428,40,2.808313725490196,0,0,0,0.037468,2,0,0,0,0,0,0,0,Success,0,0,0,0,0,0,0,5.537014809,None,20/02/2025 07:51,6.28.1,0,264,0,2025-02-20 D,20/02/2025 07:52,None,0,428,384,1,0,65,0,0.05234501,0,6.28.1,None,0,428,0,158,0,165,4,0,0,0,0,16.014705882352942,0,52,0,43.83807843137255,0,0,0,27,0,0,0,0,0,0,0,0,0,0,None,0,0,0.504,0,0,0,46.06913725490196,1,0,20/02/2025 07:46,0,0,0
71,0,0,0,0,0,0,0,20/02/2025 07:52,0,1,0,0,16.36132075471698,0,0,0,444,39,2.2978679245283016,0,0,0,0.030685,2,0,0,0,0,0,0,0,Success,0,0,0,0,0,0,0,5.58684777,None,20/02/2025 07:58,6.28.1,0,282,0,2025-02-20 D,20/02/2025 07:59,None,0,444,366,1,0,61,0,0.021633308,0,6.28.1,None,0,444,0,148,0,165,4,0,0,0,0,16.36132075471698,0,82,0,44.789264150943396,0,0,0,26,0,0,0,0,0,0,0,0,0,0,None,0,0,0.578,0,0,0,44.21905660377359,1,0,20/02/2025 07:53,0,0,0
71,0,0,0,0,0,0,0,20/02/2025 08:41,0,1,0,0,16.496826923076924,0,0,0,481,40,1.7817884615384616,0,0,0,0.024892,2,0,0,0,0,0,0,0,Success,0,0,0,0,0,0,0,5.473502535,None,20/02/2025 08:48,6.28.1,0,318,0,2025-02-20 D,20/02/2025 08:49,None,0,481,383,1,0,61,0,0.027586229,0,6.28.1,None,0,481,0,177,0,165,4,0,0,0,0,16.496826923076924,0,90,0,44.15673076923077,0,0,0,27,0,0,0,0,0,0,0,0,0,0,None,0,0,0.541,0,0,0,44.588115384615385,1,0,20/02/2025 08:43,0,0,0
75,0,0,0,0,0,0,0,20/02/2025 08:49,0,1,0,0,16.777211538461536,0,0,0,534,40,2.5942692307692305,0,0,0,0.037499,2,0,0,0,0,0,0,0,Success,0,0,0,0,0,0,0,5.610170318,None,20/02/2025 08:57,6.28.1,0,262,0,2025-02-20 D,20/02/2025 08:58,None,0,534,474,1,0,65,0,0.072013887,0,6.28.1,None,0,534,0,154,0,165,8,0,0,0,0,16.777211538461536,0,56,0,44.58457692307692,0,0,0,27,0,0,0,0,0,0,0,0,0,0,None,0,0,0.574,0,0,0,43.54759615384615,1,0,20/02/2025 08:53,0,0,0
73,0,0,0,0,0,0,0,20/02/2025 08:58,0,1,0,0,16.718490566037737,0,0,0,432,40,2.6670188679245284,0,0,0,0.037075,2,0,0,0,0,0,0,0,Success,0,0,0,0,0,0,0,5.603694228,None,20/02/2025 09:04,6.28.1,0,262,0,2025-02-20 D,20/02/2025 09:05,None,0,432,373,1,0,63,0,0.047265209,0,6.28.1,None,0,432,0,148,0,165,5,0,0,0,0,16.718490566037737,0,62,0,43.62860377,0,0,0,27,0,0,0,0,0,0,0,0,0,0,None,0,0,0.555,0,0,0,44.15296226415094,1,0,20/02/2025 09:00,0,0,0
76,0,0,0,0,0,0,0,20/02/2025 09:05,0,1,0,0,16.201981132075474,0,0,0,427,40,2.7415471698113207,0,0,0,0.0384,2,0,0,0,0,0,0,0,Success,0,0,0,0,0,0,0,5.621416636,None,20/02/2025 09:11,6.28.1,0,258,0,2025-02-20 D,20/02/2025 09:13,None,0,427,373,1,0,66,0,0.058309519,0,6.28.1,None,0,427,0,148,0,165,5,0,0,0,0,16.201981132075474,0,56,0,44.132452830188676,0,0,0,27,0,0,0,0,0,0,0,0,0,0,None,0,0,0.55,0,0,0,42.02275471698113,1,0,20/02/2025 09:07,0,0,0
72,0,0,0,0,0,0,0,20/02/2025 09:13,0,1,0,0,16.407735849056603,0,0,0,414,40,3.071056603773585,0,0,0,0.040794,2,0,0,0,0,0,0,0,Success,0,0,0,0,0,0,0,5.667638221,None,20/02/2025 09:18,6.28.1,0,251,0,2025-02-20 D,20/02/2025 09:19,None,0,414,365,1,0,63,0,0.052,0,6.28.1,None,0,414,0,148,0,165,4,0,0,0,0,16.407735849056603,0,50,0,43.78666037735849,0,0,0,28,0,0,0,0,0,0,0,0,0,0,None,0,0,0.533,0,0,0,43.015,1,0,20/02/2025 09:14,0,0,0
73,0,0,0,0,0,0,0,20/02/2025 09:19,0,1,0,0,15.427222222222223,0,0,0,455,41,2.2603703703703704,0,0,0,0.032493,2,0,0,0,0,0,0,0,Success,0,0,0,0,0,0,0,5.596676603,None,20/02/2025 09:26,6.28.1,0,288,0,2025-02-20 D,20/02/2025 09:27,None,0,455,381,1,0,63,0,0.021954499,0,6.28.1,None,0,455,0,167,0,165,4,0,0,0,0,15.427222222222223,0,69,0,43.97961111111111,0,0,0,28,0,0,0,0,0,0,0,0,0,0,None,0,0,0.529,0,0,0,45.51951851851852,1,0,20/02/2025 09:21,0,0,0
71,0,0,0,0,0,0,0,20/02/2025 09:27,0,1,0,0,14.652115384615383,0,0,0,466,40,2.195557692307692,0,0,0,0.02961,2,0,0,0,0,0,0,0,Success,0,0,0,0,0,0,0,5.493770108,None,20/02/2025 09:34,6.28.1,0,310,0,2025-02-20 D,20/02/2025 09:35,None,0,466,415,1,0,61,0,0.02236068,0,6.28.1,None,0,466,0,201,0,165,4,0,0,0,0,14.652115384615383,0,58,0,43.830365384615384,0,0,0,27,0,0,0,0,0,0,0,0,0,0,None,0,0,0.539,0,0,0,45.08217307692308,1,0,20/02/2025 09:28,0,0,0
109,0,0,0,0,0,0,0,20/02/2025 09:35,0,1,0,0,14.815961538461538,0,0,0,565,40,2.98325,0,0,0,0.042546,2,0,0,0,0,0,0,0,Success,0,0,0,0,0,0,0,5.556925049,None,20/02/2025 09:43,6.28.1,0,293,0,2025-02-20 D,20/02/2025 09:44,None,0,565,498,1,0,99,0,0.093037627,0,6.28.1,None,0,565,0,174,0,165,16,0,0,0,0,14.815961538461538,0,44,0,43.324615384615385,0,0,0,27,0,0,0,0,0,0,0,0,0,0,None,0,0,0.537,0,0,0,39.295346153846154,1,0,20/02/2025 09:38,0,0,0
108,0,0,0,0,0,0,0,20/02/2025 09:44,0,1,0,0,16.178653846153846,0,0,0,508,40,2.5613846153846156,0,0,0,0.030049,2,0,0,0,0,0,0,0,Success,0,0,0,0,0,0,0,5.588396997,None,20/02/2025 09:51,6.28.1,0,344,0,2025-02-20 D,20/02/2025 09:53,None,0,508,427,1,0,98,0,0.030364453,0,6.28.1,None,0,508,0,187,0,165,5,0,0,0,0,16.178653846153846,0,69,0,44.18682692307693,0,0,0,27,0,0,0,0,0,0,0,0,0,0,None,0,0,0.502,0,0,0,36.73809615384616,1,0,20/02/2025 09:46,0,0,0
77,0,0,0,0,0,0,0,20/02/2025 09:53,0,1,0,0,15.037924528301886,0,0,0,486,40,2.796056603773585,0,0,0,0.02969,2,0,0,0,0,0,0,0,Success,0,0,0,0,0,0,0,5.596932821,None,20/02/2025 10:00,6.28.1,0,324,0,2025-02-20 D,20/02/2025 10:01,None,0,486,470,1,0,67,0,0.029427878,0,6.28.1,None,0,486,0,223,0,165,4,0,0,0,0,15.037924528301886,0,44,0,44.06116981132076,0,0,0,27,0,0,0,0,0,0,0,0,0,0,None,0,0,0.523,0,0,0,44.19728301886793,1,0,20/02/2025 09:54,0,0,0
82,0,0,0,0,0,0,0,20/02/2025 10:01,0,3,0,0,14.450377358490567,0,0,0,615,40,2.471754716981132,0,0,0,0.024517,2,0,0,0,0,0,0,0,Success,0,0,0,0,0,0,0,5.635078083,None,20/02/2025 10:10,6.28.1,0,452,0,2025-02-20 D,20/02/2025 10:11,None,0,615,503,1,0,72,0,0.026305893,0,6.28.1,None,0,615,0,169,0,165,4,0,0,0,0,14.450377358490567,0,104,0,42.27303773584906,0,0,0,27,0,0,0,0,0,0,0,0,0,0,None,0,0,0.526,0,0,0,47.10205660377359,1,0,20/02/2025 10:02,0,0,0
68,0,0,0,0,0,0,0,20/02/2025 10:11,0,1,0,0,18.218773584905662,0,0,0,666,40,1.9236415094339623,0,0,0,0.027231,2,0,0,0,0,0,0,0,Success,0,0,0,0,0,0,0,5.518317316,None,20/02/2025 10:21,6.28.1,0,305,0,2025-02-20 D,20/02/2025 10:22,None,0,666,541,1,0,58,0,0.031953091,0,6.28.1,None,0,666,0,128,0,165,4,0,0,0,0,18.218773584905662,0,129,0,48.20464150943396,0,0,0,27,0,0,0,0,0,0,0,0,0,0,None,0,0,0.521,0,0,0,40.77949056603774,1,0,20/02/2025 10:16,0,0,0
68,0,0,0,0,0,0,0,20/02/2025 10:22,0,1,0,0,18.366666666666667,0,0,0,486,40,2.06287037,0,0,0,0.030742,2,0,0,0,0,0,0,0,Success,0,0,0,0,0,0,0,5.658366549,None,20/02/2025 10:29,6.28.1,0,317,0,2025-02-20 D,20/02/2025 10:30,None,0,486,366,1,0,57,0,0.037013511,0,6.28.1,None,0,486,0,154,0,165,16,0,0,0,0,18.366666666666667,0,127,0,47.95838888888889,0,0,0,27,0,0,0,0,0,0,0,0,0,0,None,0,0,0.521,0,0,0,38.77437037037037,1,0,20/02/2025 10:24,0,0,0
72,0,0,0,0,0,0,0,20/02/2025 10:47,0,1,0,0,17.56443396226415,0,0,0,465,39,2.1582075471698112,0,0,0,0.031796,2,0,0,0,0,0,0,0,Success,0,0,0,0,0,0,0,5.578471923,None,20/02/2025 10:53,6.28.1,0,308,0,2025-02-20 D,20/02/2025 10:54,None,0,465,385,1,0,62,0,0.005,0,6.28.1,None,0,465,0,176,0,165,4,0,0,0,0,17.56443396226415,0,80,0,43.854679245283016,0,0,0,26,0,0,0,0,0,0,0,0,0,0,None,0,0,0.532,0,0,0,35.93520754716981,1,0,20/02/2025 10:48,0,0,0
72,0,0,0,0,0,0,0,20/02/2025 10:54,0,1,0,0,16.485277777777778,0,0,0,483,39,2.1885,0,0,0,0.026712,2,0,0,0,0,0,0,0,Success,0,0,0,0,0,0,0,5.689811333,None,20/02/2025 11:01,6.28.1,0,322,0,2025-02-20 D,20/02/2025 11:02,None,0,483,406,1,0,62,0,0.026476405,0,6.28.1,None,0,483,0,197,0,165,4,0,0,0,0,16.485277777777778,0,73,0,43.78953703703704,0,0,0,26,0,0,0,0,0,0,0,0,0,0,None,0,0,0.561,0,0,0,35.63744444444445,1,0,20/02/2025 10:56,0,0,0
68,0,0,0,0,0,0,0,20/02/2025 11:02,0,1,0,0,15.614423076923078,0,0,0,589,39,2.4908846153846156,0,0,0,0.035342,2,0,0,0,0,0,0,0,Success,0,0,0,0,0,0,0,5.47065115,None,20/02/2025 11:11,6.28.1,0,265,0,2025-02-20 D,20/02/2025 11:12,None,0,589,543,1,0,58,0,0.016643317,0,6.28.1,None,0,589,0,175,0,165,9,0,0,0,0,15.614423076923078,0,49,0,43.13303846153846,0,0,0,27,0,0,0,0,0,0,0,0,0,0,None,0,0,0.592,0,0,0,35.60023076923077,1,0,20/02/2025 11:07,0,0,0
69,0,0,0,0,0,0,0,20/02/2025 11:12,0,1,0,0,16.573235294117648,0,0,0,443,39,2.511137254901961,0,0,0,0.03498,2,0,0,0,0,0,0,0,Success,0,0,0,0,0,0,0,5.552694481,None,20/02/2025 11:19,6.28.1,0,274,0,2025-02-20 D,20/02/2025 11:20,None,0,443,383,1,0,59,0,0.048104054,0,6.28.1,None,0,443,0,171,0,165,16,0,0,0,0,16.573235294117648,0,66,0,44.212196078431376,0,0,0,26,0,0,0,0,0,0,0,0,0,0,None,0,0,0.521,0,0,0,36.14727450980392,1,0,20/02/2025 11:14,0,0,0
62,0,0,0,0,0,0,0,20/02/2025 11:20,0,1,0,0,19.881666666666664,0,0,0,421,39,2.094611111111111,0,0,0,0.029813,2,0,0,0,0,0,0,0,Success,0,0,0,0,0,0,0,5.667676596,None,20/02/2025 11:26,6.28.1,0,256,0,2025-02-20 D,20/02/2025 11:27,None,0,421,292,1,0,52,0,0.043829215,0,6.28.1,None,0,421,0,93,0,165,9,0,0,0,0,19.881666666666664,0,127,0,48.59757407407407,0,0,0,26,0,0,0,0,0,0,0,0,0,0,None,0,0,0.521,0,0,0,39.357,1,0,20/02/2025 11:21,0,0,0
73,0,0,0,0,0,0,0,20/02/2025 11:27,0,1,0,0,17.83361111111111,0,0,0,442,39,2.274388888888889,0,0,0,0.03348,2,0,0,0,0,0,0,0,Success,0,0,0,0,0,0,0,5.721076997,None,20/02/2025 11:33,6.28.1,0,285,0,2025-02-20 D,20/02/2025 11:34,None,0,442,359,1,0,63,0,0.021213203,0,6.28.1,None,0,442,0,152,0,165,4,0,0,0,0,17.83361111111111,0,80,0,44.55727777777778,0,0,0,26,0,0,0,0,0,0,0,0,0,0,None,0,0,0.548,0,0,0,34.03801851851852,1,0,20/02/2025 11:28,0,0,0
70,0,0,0,0,0,0,0,20/02/2025 11:42,0,1,0,0,15.974716981132074,0,0,0,452,39,2.3179245283018868,0,0,0,0.033732,2,0,0,0,0,0,0,0,Success,0,0,0,0,0,0,0,5.642099166,None,20/02/2025 11:49,6.28.1,0,270,0,2025-02-20 D,20/02/2025 11:50,None,0,452,397,1,0,60,0,0.062425956,0,6.28.1,None,0,452,0,165,0,165,5,0,0,0,0,15.974716981132074,0,57,0,44.798792452830185,0,0,0,26,0,0,0,0,0,0,0,0,0,0,None,0,0,0.537,0,0,0,34.84701886792453,1,0,20/02/2025 11:44,0,0,0
71,0,0,0,0,0,0,0,20/02/2025 11:57,0,1,0,0,16.74138888888889,0,0,0,514,40,2.2845185185185186,0,0,0,0.033578,2,0,0,0,0,0,0,0,Success,0,0,0,0,0,0,0,5.648064624,None,20/02/2025 12:05,6.28.1,0,262,0,2025-02-20 D,20/02/2025 12:06,None,0,514,451,1,0,61,0,0.0595483,0,6.28.1,None,0,514,0,154,0,165,4,0,0,0,0,16.74138888888889,0,59,0,44.99503703703704,0,0,0,27,0,0,0,0,0,0,0,0,0,0,None,0,0,0.556,0,0,0,34.831037037037035,1,0,20/02/2025 12:00,0,0,0
72,0,0,0,0,0,0,0,20/02/2025 12:13,0,1,0,0,15.9,0,0,0,471,40,2.8349629629629627,0,0,0,0.03988,2,0,0,0,0,0,0,0,Success,0,0,0,0,0,0,0,5.634634061,None,20/02/2025 12:20,6.28.1,0,244,0,2025-02-20 D,20/02/2025 12:21,None,0,471,420,1,0,62,0,0.042201896,0,6.28.1,None,0,471,0,146,0,165,4,0,0,0,0,15.9,0,47,0,44.04025925925926,0,0,0,27,0,0,0,0,0,0,0,0,0,0,None,0,0,0.532,0,0,0,33.431370370370374,1,0,20/02/2025 12:16,0,0,0
0,0,0,0,0,0,0,0,20/02/2025 12:21,0,0,0,0,16.360673076923078,0,0,0,241,349,2.681923076923077,0,0,0,0.038346,0,0,0,0,739,0,0,0,Success,0,0,0,0,0,0,0,5.552500158,None,20/02/2025 12:38,6.28.1,0,248,0,2025-02-20 D,20/02/2025 12:44,None,0,532,0,1,0,0,0,0.082006098,0,6.28.1,None,0,1400,868,0,0,165,8,0,0,0,0,16.360673076923078,0,0,0,44.71955769230769,0,0,0,0,0,0,0,0,0,0,0,0,0,0,None,0,0,0.539,0,0,0,33.066884615384616,1,0,20/02/2025 12:34,0,0,1
46,0,0,0,0,0,0,0,20/02/2025 12:44,0,1,0,0,16.102,0,0,0,735,39,4.0692,0,0,0,0.046398,2,0,0,0,0,0,0,0,Success,0,0,0,0,0,0,0,4.877880072,None,20/02/2025 12:55,6.28.1,0,309,0,2025-02-20 D,20/02/2025 12:57,None,0,0,2105,1,0,36,0,0.103121288,0,6.28.1,None,0,735,735,144,0,165,4,0,0,0,0,16.102,0,40,0,45.05,0,0,0,26,0,0,0,0,0,0,0,0,0,0,None,0,0,0.529,0,0,0,35.1248,1,0,20/02/2025 12:50,0,0,1
0,0,0,0,0,0,0,0,20/02/2025 12:57,0,0,0,0,14.433837209302325,0,0,0,50,41,3.754953488372093,0,0,0,0.044962,0,0,0,0,430,0,0,0,Success,0,0,0,0,0,0,0,4.842017451,None,20/02/2025 13:03,6.28.1,0,201,0,2025-02-20 D,20/02/2025 13:05,None,0,0,0,1,0,0,0,0.095189285,0,6.28.1,None,0,480,480,0,0,165,7,0,0,0,0,14.433837209302325,0,0,0,43.17911627906977,0,0,0,0,0,0,0,0,0,0,0,0,0,0,None,0,0,0.537,0,0,0,35.17416279069767,1,0,20/02/2025 13:00,0,0,1
68,0,0,0,0,0,0,0,20/02/2025 13:05,0,2,0,0,14.232391304347827,0,0,0,450,39,3.3167173913043477,0,0,0,0.036352,2,0,0,0,60,0,0,0,Success,0,0,0,0,0,0,0,4.98507342,None,20/02/2025 13:12,6.28.1,0,238,0,2025-02-20 D,20/02/2025 13:13,None,0,0,952,1,0,58,0,0.048836462,0,6.28.1,None,0,510,510,123,0,165,3,0,0,0,0,14.232391304347827,0,32,0,43.530065217391304,0,0,0,26,0,0,0,0,0,0,0,0,0,0,None,0,0,0.541,0,0,0,36.48228260869565,1,0,20/02/2025 13:08,0,0,1
71,0,0,0,0,0,0,0,20/02/2025 13:13,0,1,0,0,15.5409375,0,0,0,407,39,2.8465208333333334,0,0,0,0.040222,2,0,0,0,0,0,0,0,Success,0,0,0,0,0,0,0,5.073596555,None,20/02/2025 13:19,6.28.1,0,238,0,2025-02-20 D,20/02/2025 13:20,None,0,0,362,1,0,61,0,0.008602325,0,6.28.1,None,0,407,407,151,0,165,9,0,0,0,0,15.5409375,0,42,0,43.69385416666666,0,0,0,26,0,0,0,0,0,0,0,0,0,0,None,0,0,0.531,0,0,0,36.3354375,1,0,20/02/2025 13:15,0,0,1
70,0,0,0,0,0,0,0,20/02/2025 13:36,0,1,0,0,17.42872340425532,0,0,0,408,39,2.710595744680851,0,0,0,0.032045,2,0,0,0,0,0,0,0,Success,0,0,0,0,0,0,0,5.155779088,None,20/02/2025 13:41,6.28.1,0,238,0,2025-02-20 D,20/02/2025 13:42,None,0,0,285,1,0,60,0,0.055362442,0,6.28.1,None,0,408,408,79,0,165,3,0,0,0,0,17.42872340425532,0,109,0,47.96997872340425,0,0,0,26,0,0,0,0,0,0,0,0,0,0,None,0,0,0.511,0,0,0,42.34497872340425,1,0,20/02/2025 13:37,0,0,1
105,0,0,0,0,0,0,0,20/02/2025 13:42,0,1,0,0,16.017558139534884,0,0,1456,747,39,3.0834883720930235,0,0,0,0.027896,2,0,0,0,87,0,0,0,Success,0,0,0,0,0,0,0,4.659564035,None,20/02/2025 14:28,6.28.1,0,310,0,2025-02-20 D,20/02/2025 14:29,None,0,1725,2706,1,0,95,435,0.020518284,0,6.28.1,None,0,2822,1097,138,0,165,6,0,0,0,0,16.017558139534884,0,91,0,43.210511627906975,0,0,0,26,0,0,0,0,0,0,0,0,0,0,None,0,0,0.322,0,0,0,36.674627906976745,1,0,20/02/2025 14:23,0,0,1
143,0,0,0,0,0,0,0,20/02/2025 14:29,0,2,0,0,16.106739130434782,0,0,0,577,39,2.5517608695652174,0,0,0,0.027658,2,0,0,0,27,0,0,0,Success,0,0,0,0,0,0,0,4.89424039,None,20/02/2025 14:38,6.28.1,0,430,0,2025-02-20 D,20/02/2025 14:39,None,0,0,549,1,0,133,0,0.053366656,0,6.28.1,None,0,604,604,172,0,165,4,0,0,0,0,16.106739130434782,0,81,0,45.352456521739136,0,0,0,26,0,0,0,0,0,0,0,0,0,0,None,0,0,0.315,0,0,0,42.92545652173913,1,0,20/02/2025 14:31,0,0,1
68,0,0,0,0,0,0,0,20/02/2025 14:39,0,1,0,0,15.052499999999998,0,0,0,376,38,2.8955217391304346,0,0,0,0.042671,2,0,0,0,0,0,0,0,Success,0,0,0,0,0,0,0,4.877859162,None,20/02/2025 14:45,6.28.1,0,220,0,2025-02-20 D,20/02/2025 14:46,None,0,0,353,1,0,58,0,0.034539832,0,6.28.1,None,0,376,376,136,0,165,3,0,0,0,0,15.052499999999998,0,35,0,42.716804347826084,0,0,0,25,0,0,0,0,0,0,0,0,0,0,None,0,0,0.36,0,0,0,38.91732608695652,1,0,20/02/2025 14:41,0,0,1
73,0,0,0,0,0,0,0,20/02/2025 14:58,0,1,0,0,15.94875,0,0,0,416,39,3.0907884615384615,0,0,0,0.042246,2,0,0,0,0,0,0,0,Success,0,0,0,0,0,0,0,5.526864391,None,20/02/2025 15:04,6.28.1,0,241,0,2025-02-20 D,20/02/2025 15:05,None,0,416,362,1,0,63,0,0.028319604,0,6.28.1,None,0,416,0,138,0,165,3,0,0,0,0,15.94875,0,48,0,43.48571153846154,0,0,0,27,0,0,0,0,0,0,0,0,0,0,None,0,0,0.3,0,0,0,40.55751923076923,1,0,20/02/2025 15:00,0,0,0
70,0,0,0,0,0,0,0,20/02/2025 15:17,0,1,0,0,15.221400000000001,0,0,0,659,39,3.32182,0,0,0,0.039722,2,0,0,0,542,0,0,0,Success,0,0,0,0,0,0,0,5.356815659,None,20/02/2025 15:37,6.28.1,0,230,0,2025-02-20 D,20/02/2025 15:38,None,0,0,1515,1,0,60,28,0.062936476,0,6.28.1,None,0,1229,1229,139,0,165,4,0,0,0,0,15.221400000000001,0,42,0,42.048519999999996,0,0,0,26,0,0,0,0,0,0,0,0,0,0,None,0,0,0.341,0,0,0,34.69964,1,0,20/02/2025 15:33,0,0,0
71,0,0,0,0,0,0,0,20/02/2025 15:38,0,1,0,0,15.081346153846154,0,0,0,380,40,3.114519230769231,0,0,0,0.045491,2,0,0,0,0,0,0,0,Success,0,0,0,0,0,0,0,5.509550435,None,20/02/2025 15:43,6.28.1,0,225,0,2025-02-20 D,20/02/2025 15:44,None,0,0,334,1,0,61,0,0.02879236,0,6.28.1,None,0,380,380,129,0,165,4,0,0,0,0,15.081346153846154,0,47,0,42.774,0,0,0,27,0,0,0,0,0,0,0,0,0,0,None,0,0,0.352,0,0,0,35.225788461538464,1,0,20/02/2025 15:39,0,0,0
71,0,0,0,0,0,0,0,20/02/2025 15:44,0,1,0,0,15.592358490566037,0,0,0,432,39,2.7357735849056604,0,0,0,0.034525,2,0,0,0,0,0,0,0,Success,0,0,0,0,0,0,0,5.645056333,None,20/02/2025 15:50,6.28.1,0,265,0,2025-02-20 D,20/02/2025 15:51,None,0,0,380,1,0,61,0,0.027784888,0,6.28.1,None,0,432,432,168,0,165,4,0,0,0,0,15.592358490566037,0,47,0,43.65035849056604,0,0,0,26,0,0,0,0,0,0,0,0,0,0,None,0,0,0.369,0,0,0,35.18656603773585,1,0,20/02/2025 15:46,0,0,0
71,0,0,0,0,0,0,0,20/02/2025 15:51,0,1,0,0,18.23777777777778,0,0,0,412,41,2.4602592592592596,0,0,0,0.03281,2,0,0,0,0,0,0,0,Success,0,0,0,0,0,0,0,5.675407739,None,20/02/2025 15:57,6.28.1,0,258,0,2025-02-20 D,20/02/2025 15:58,None,0,0,298,1,0,61,0,0.022022716,0,6.28.1,None,0,412,412,93,0,165,4,0,0,0,0,18.23777777777778,0,116,0,46.6977037,0,0,0,28,0,0,0,0,0,0,0,0,0,0,None,0,0,0.352,0,0,0,39.57672222222222,1,0,20/02/2025 15:53,0,0,0
71,0,0,0,0,0,0,0,20/02/2025 15:58,0,2,0,0,15.935660377358492,0,0,0,494,40,2.090245283018868,0,0,0,0.025017,2,0,0,0,67,0,0,0,Success,0,0,0,0,0,0,0,5.639702386,None,20/02/2025 16:05,6.28.1,0,340,0,2025-02-20 D,20/02/2025 16:09,None,0,0,411,1,0,61,118,0.058600341,0,6.28.1,None,0,679,679,194,0,165,3,0,0,0,0,15.935660377358492,0,85,0,43.95339623,0,0,0,27,0,0,0,0,0,0,0,0,0,0,None,0,0,0.317,0,0,0,40.46316981132075,1,0,20/02/2025 16:00,0,0,0
72,0,0,0,0,0,0,0,20/02/2025 16:09,0,1,0,0,16.608333333333334,0,0,0,456,39,2.8970740740740744,0,0,0,0.036186,2,0,0,0,124,0,0,0,Success,0,0,0,0,0,0,0,5.837755305,None,20/02/2025 16:18,6.28.1,0,237,0,2025-02-20 D,20/02/2025 16:19,None,0,0,658,1,0,62,0,0.038626416,0,6.28.1,None,0,580,580,88,0,165,0,0,0,0,0,16.608333333333334,0,92,0,45.101370370370375,0,0,0,26,0,0,0,0,0,0,0,0,0,0,None,0,0,0.314,0,0,0,40.036796296296295,1,0,20/02/2025 16:14,0,0,0
122,0,0,0,0,0,0,0,20/02/2025 16:19,0,1,0,0,17.2755,0,0,0,490,40,4.42342,0,0,0,0.049768,2,0,0,0,81,0,0,0,Success,0,0,0,0,0,0,0,5.57009201,None,20/02/2025 16:27,6.28.1,0,408,0,2025-02-20 D,20/02/2025 16:29,None,0,0,544,1,0,112,0,0.012806249,0,6.28.1,None,0,571,571,177,0,165,7,0,0,0,0,17.2755,0,41,0,44.81214,0,0,0,27,0,0,0,0,0,0,0,0,0,0,None,0,0,0.35,0,0,0,36.89486,1,0,20/02/2025 16:21,0,0,0
90,0,0,0,0,0,0,0,20/02/2025 16:29,0,1,0,0,15.888396226415095,0,0,0,497,50,2.584018867924528,0,0,0,0.032217,2,0,0,0,0,0,0,0,Success,0,0,0,0,0,0,0,5.562455303,None,20/02/2025 16:36,6.28.1,0,324,0,2025-02-20 D,20/02/2025 16:37,None,0,0,416,1,0,80,0,0.032649656,0,6.28.1,None,0,497,497,204,0,165,4,0,0,0,0,15.888396226415095,0,49,0,43.76511320754717,0,0,0,27,0,0,0,0,0,0,0,0,0,0,None,0,0,0.334,0,0,0,41.49133962264151,1,0,20/02/2025 16:30,0,0,0
112,0,0,0,0,0,0,0,20/02/2025 16:44,0,2,0,0,12.12313953488372,0,0,0,452,40,4.6674186046511625,0,0,0,0.049502,2,0,0,0,0,0,0,0,Success,0,0,0,0,0,0,0,5.424008296,None,20/02/2025 16:50,6.28.1,0,277,0,2025-02-20 D,20/02/2025 16:52,None,0,0,405,1,0,102,0,0.015231546,0,6.28.1,None,0,452,452,162,0,165,16,0,0,0,0,12.12313953488372,0,22,0,40.31625581395349,0,0,0,27,0,0,0,0,0,0,0,0,0,0,None,0,0,0.313,0,0,0,36.99974418604651,1,0,20/02/2025 16:46,0,0,0
481,0,0,0,0,0,0,0,20/02/2025 16:52,0,1,0,0,12.559666666666665,0,0,0,446,483,5.203333333333333,0,0,0,0.062042,1,0,0,0,114,0,0,0,Success,0,0,0,0,0,0,0,5.310945019,None,20/02/2025 16:57,6.28.1,0,204,0,2025-02-20 D,20/02/2025 17:05,None,0,405,352,1,0,26,0,0.017720045,0,6.28.1,None,0,821,416,168,0,165,16,0,0,0,0,12.559666666666665,0,26,0,41.20131111111111,0,0,0,0,0,0,0,0,0,0,0,0,0,0,None,0,0,0.331,0,0,0,36.64613333333333,1,0,20/02/2025 16:53,0,0,0
0,0,0,0,0,0,0,0,20/02/2025 17:05,0,0,0,0,14.66659090909091,0,0,0,269,298,2.6077272727272724,0,0,0,0.037572,0,0,0,0,1526,0,0,0,Success,0,0,0,0,0,0,0,4.678332609,None,20/02/2025 17:30,6.28.1,0,204,0,2025-02-20 D,20/02/2025 17:35,None,0,0,0,1,0,0,0,0.050487622,0,6.28.1,None,0,1795,1795,2,0,165,6,0,0,0,0,14.66659090909091,0,0,0,42.76275,0,0,0,0,0,0,0,0,0,0,0,0,0,0,None,0,0,0.35,0,0,0,36.880204545454546,1,0,20/02/2025 17:26,0,0,1
100,0,0,0,0,0,0,0,20/02/2025 17:35,0,1,0,0,16.150312500000002,0,0,0,437,39,2.933,0,0,0,0.037014,2,0,0,0,84,0,0,0,Success,0,0,0,0,0,0,0,5.312677009,None,20/02/2025 17:43,6.28.1,0,250,0,2025-02-20 D,20/02/2025 17:44,None,0,0,2729,1,0,90,0,0.018439089,0,6.28.1,None,0,521,521,124,0,165,5,0,0,0,0,16.150312500000002,0,47,0,43.4669375,0,0,0,27,0,0,0,0,0,0,0,0,0,0,None,0,0,0.33,0,0,0,36.69525,1,0,20/02/2025 17:39,0,0,0
70,0,0,0,0,0,0,0,20/02/2025 17:44,0,1,0,0,14.985,0,0,0,381,39,3.579686274509804,0,0,0,0.046291,2,0,0,0,0,0,0,0,Success,0,0,0,0,0,0,0,5.420934421,None,20/02/2025 17:49,6.28.1,0,197,0,2025-02-20 D,20/02/2025 17:50,None,0,0,368,1,0,60,0,0.012649111,0,6.28.1,None,0,381,381,125,0,165,16,0,0,0,0,14.985,0,34,0,42.60982352941177,0,0,0,27,0,0,0,0,0,0,0,0,0,0,None,0,0,0.321,0,0,0,35.47423529411765,1,0,20/02/2025 17:46,0,0,0
74,0,0,0,0,0,0,0,20/02/2025 17:57,0,1,0,0,16.11375,0,0,0,415,39,2.6719999999999997,0,0,0,0.03684,2,0,0,0,0,0,0,0,Success,0,0,0,0,0,0,0,5.629697949,None,20/02/2025 18:02,6.28.1,0,235,0,2025-02-20 D,20/02/2025 18:04,None,0,0,342,1,0,64,0,0.04414748,0,6.28.1,None,0,415,415,119,0,165,4,0,0,0,0,16.11375,0,61,0,44.16496153846154,0,0,0,27,0,0,0,0,0,0,0,0,0,0,None,0,0,0.345,0,0,0,37.663384615384615,1,0,20/02/2025 17:58,0,0,0
73,0,0,0,0,0,0,0,20/02/2025 18:04,0,1,0,0,15.809716981132075,0,0,0,450,40,2.1583396226415092,0,0,0,0.029474,2,0,0,0,0,0,0,0,Success,0,0,0,0,0,0,0,5.615873396,None,20/02/2025 18:10,6.28.1,0,275,0,2025-02-20 N,20/02/2025 18:11,None,0,0,389,1,0,63,0,0.055461699,0,6.28.1,None,0,450,450,156,0,165,4,0,0,0,0,15.809716981132075,0,67,0,43.88537735849057,0,0,0,27,0,0,0,0,0,0,0,0,0,0,None,0,0,0.335,0,0,0,41.930773584905666,1,0,20/02/2025 18:05,0,0,0
646,0,0,0,0,0,0,0,20/02/2025 18:11,0,1,0,0,9.992142857142856,0,0,0,1013,40,2.9699999999999998,0,0,0,0.02884,2,0,0,0,89,0,0,0,Success,0,0,0,0,0,0,0,5.531381925,None,20/02/2025 18:28,6.28.1,0,938,0,2025-02-20 N,20/02/2025 18:29,None,0,0,1009,1,0,636,0,0.033015148,0,6.28.1,None,0,1102,1102,111,0,165,8,0,0,0,0,9.992142857142856,0,97,0,46.66735714285714,0,0,0,27,0,0,0,0,0,0,0,0,0,0,None,0,0,0.397,0,0,0,48.49814285714286,1,0,20/02/2025 18:13,0,0,0
77,0,0,0,0,0,0,0,20/02/2025 18:36,0,1,0,0,17.202692307692306,0,0,0,418,40,2.594096153846154,0,0,0,0.032162,2,0,0,0,0,0,0,0,Success,0,0,0,0,0,0,0,5.44383229,None,20/02/2025 18:42,6.28.1,0,253,0,2025-02-20 N,20/02/2025 18:43,None,0,0,330,1,0,67,0,0.031240999,0,6.28.1,None,0,418,418,112,0,165,4,0,0,0,0,17.202692307692306,0,84,0,45.000230769230775,0,0,0,27,0,0,0,0,0,0,0,0,0,0,None,0,0,0.319,0,0,0,44.732173076923075,1,0,20/02/2025 18:38,0,0,0
73,0,0,0,0,0,0,0,20/02/2025 18:43,0,1,0,0,15.288900000000002,0,0,0,396,40,2.9893799999999997,0,0,0,0.042587,2,0,0,0,0,0,0,0,Success,0,0,0,0,0,0,0,5.328541076,None,20/02/2025 18:49,6.28.1,0,214,0,2025-02-20 N,20/02/2025 18:50,None,0,0,363,1,0,63,0,0.040261644,0,6.28.1,None,0,396,396,122,0,165,5,0,0,0,0,15.288900000000002,0,40,0,43.15202,0,0,0,27,0,0,0,0,0,0,0,0,0,0,None,0,0,0.332,0,0,0,40.70038,1,0,20/02/2025 18:45,0,0,0
72,0,0,0,0,0,0,0,20/02/2025 18:50,0,1,0,0,13.855625000000002,0,0,0,411,41,3.7769999999999997,0,0,0,0.043639,2,0,0,0,0,0,0,0,Success,0,0,0,0,0,0,0,5.36311197,None,20/02/2025 18:56,6.28.1,0,224,0,2025-02-20 N,20/02/2025 18:57,None,0,0,382,1,0,62,0,0.022627417,0,6.28.1,None,0,411,411,143,0,165,6,0,0,0,0,13.855625000000002,0,32,0,42.24933333333333,0,0,0,28,0,0,0,0,0,0,0,0,0,0,None,0,0,0.359,0,0,0,39.6760625,1,0,20/02/2025 18:52,0,0,0
84,0,0,0,0,0,0,0,20/02/2025 18:57,0,2,0,0,10.483783783783784,0,0,0,429,87,7.276243243243243,0,0,0,0.0715,2,0,0,0,42,0,0,0,Success,0,0,0,0,0,0,0,5.412369629,None,20/02/2025 19:02,6.28.1,0,207,0,2025-02-20 N,20/02/2025 19:05,None,0,0,364,1,0,74,0,0.010049876,0,6.28.1,None,0,471,471,80,0,165,4,0,0,0,0,10.483783783783784,0,26,0,35.02581081081081,0,0,0,27,0,0,0,0,0,0,0,0,0,0,None,0,0,0.324,0,0,0,34.61572972972973,1,0,20/02/2025 18:59,0,0,0
0,0,0,0,0,0,0,0,20/02/2025 19:05,0,0,0,0,14.192093023255813,0,0,0,0,570,3.751046511627907,0,0,0,0.049577,0,0,0,0,948,0,0,0,Success,0,0,0,0,0,0,0,4.756807648,None,20/02/2025 19:11,6.28.1,0,172,0,2025-02-20 N,20/02/2025 19:20,None,0,0,0,1,0,0,0,0.025079872,0,6.28.1,None,0,948,948,0,0,165,5,0,0,0,0,14.192093023255813,0,0,0,41.323279069767445,0,0,0,0,0,0,0,0,0,0,0,0,0,0,None,0,0,0.355,0,0,0,38.04565116,1,0,20/02/2025 19:08,0,0,1
0,0,0,0,0,0,0,0,20/02/2025 19:20,0,0,0,0,15.053522727272728,0,0,0,0,45,2.7154545454545453,0,0,0,0.038165,0,0,0,0,396,0,0,0,Success,0,0,0,0,0,0,0,4.787042824,None,20/02/2025 19:26,6.28.1,0,217,0,2025-02-20 N,20/02/2025 19:27,None,0,0,0,1,0,0,0,0.112969023,0,6.28.1,None,0,396,396,0,0,165,6,0,0,0,0,15.053522727272728,0,0,0,41.82825,0,0,0,0,0,0,0,0,0,0,0,0,0,0,None,0,0,0.364,0,0,0,43.23770454545455,1,0,20/02/2025 19:22,0,0,1
0,0,0,0,0,0,0,0,20/02/2025 19:27,0,0,0,0,15.467727272727274,0,0,0,0,475,2.4634545454545456,0,0,0,0.031904,0,0,0,0,854,0,0,0,Success,0,0,0,0,0,0,0,4.72126106,None,20/02/2025 19:33,6.28.1,0,227,0,2025-02-20 N,20/02/2025 19:41,None,0,0,0,1,0,0,0,0.093407708,0,6.28.1,None,0,854,854,0,0,165,6,0,0,0,0,15.467727272727274,0,0,0,42.16327272727273,0,0,0,0,0,0,0,0,0,0,0,0,0,0,None,0,0,0.334,0,0,0,42.04954545454546,1,0,20/02/2025 19:29,0,0,0
0,0,0,0,0,0,0,0,20/02/2025 19:41,0,0,0,0,16.731477272727272,0,0,0,0,95,2.0363409090909093,0,0,0,0.024884,0,0,0,0,1054,0,0,0,Success,0,0,0,0,0,0,0,4.601606785,None,20/02/2025 19:57,6.28.1,0,268,0,2025-02-20 N,20/02/2025 19:59,None,0,0,0,1,0,0,0,0.065490458,0,6.28.1,None,0,1054,1054,0,0,165,6,0,0,0,0,16.731477272727272,0,0,0,44.59345454545455,0,0,0,0,0,0,0,0,0,0,0,0,0,0,None,0,0,0.322,0,0,0,44.91527272727273,1,0,20/02/2025 19:53,0,0,0
72,0,0,0,0,0,0,0,20/02/2025 19:59,0,1,0,0,15.234117647058822,0,0,0,447,39,2.9684117647058827,0,0,0,0.042184,2,0,0,0,256,0,0,0,Success,0,0,0,0,0,0,0,5.506897221,None,20/02/2025 20:09,6.28.1,0,214,0,2025-02-20 N,20/02/2025 20:10,None,0,0,3976,1,0,62,0,0.067029844,0,6.28.1,None,0,703,703,104,0,165,6,0,0,0,0,15.234117647058822,0,60,0,42.84380392156863,0,0,0,26,0,0,0,0,0,0,0,0,0,0,None,0,0,0.355,0,0,0,42.70347058823529,1,0,20/02/2025 20:06,0,0,0
72,0,0,0,0,0,0,0,20/02/2025 20:10,0,1,0,0,15.695882352941176,0,0,0,372,39,3.116843137254902,0,0,0,0.043343,2,0,0,0,0,0,0,0,Success,0,0,0,0,0,0,0,5.583220397,None,20/02/2025 20:16,6.28.1,0,210,0,2025-02-20 N,20/02/2025 20:17,None,0,0,322,1,0,61,0,0.020024984,0,6.28.1,None,0,372,372,110,0,165,4,0,0,0,0,15.695882352941176,0,49,0,43.42392156862745,0,0,0,26,0,0,0,0,0,0,0,0,0,0,None,0,0,0.349,0,0,0,42.623294117647056,1,0,20/02/2025 20:12,0,0,0
72,0,0,0,0,0,0,0,20/02/2025 20:17,0,1,0,0,14.9472,0,0,0,359,39,3.77956,0,0,0,0.050901,2,0,0,0,0,0,0,0,Success,0,0,0,0,0,0,0,5.555772674,None,20/02/2025 20:21,6.28.1,0,190,0,2025-02-20 N,20/02/2025 20:23,None,0,0,322,1,0,62,0,0.056753854,0,6.28.1,None,0,359,359,104,0,165,5,0,0,0,0,14.9472,0,35,0,43.202479999999994,0,0,0,26,0,0,0,0,0,0,0,0,0,0,None,0,0,0.34,0,0,0,40.70852,1,0,20/02/2025 20:18,0,0,0
72,0,0,0,0,0,0,0,20/02/2025 20:23,0,1,0,0,15.213750000000001,0,0,0,374,38,2.8273076923076923,0,0,0,0.041251,2,0,0,0,0,0,0,0,Success,0,0,0,0,0,0,0,5.502668262,None,20/02/2025 20:37,6.28.1,0,219,0,2025-02-20 N,20/02/2025 20:38,None,0,864,896,1,0,62,0,0.067896981,0,6.28.1,None,0,940,76,120,0,165,5,0,0,0,0,15.213750000000001,0,50,0,43.609115384615386,0,0,0,27,0,0,0,0,0,0,0,0,0,0,None,0,0,0.4,0,0,0,42.2005,1,0,20/02/2025 20:34,0,0,0
70,0,0,0,0,0,0,0,20/02/2025 20:38,0,1,0,0,15.663529411764706,0,0,0,458,39,2.327019607843137,0,0,0,0.033871,2,0,0,0,0,0,0,0,Success,0,0,0,0,0,0,0,5.405532166,None,20/02/2025 20:45,6.28.1,0,243,0,2025-02-20 N,20/02/2025 20:46,None,0,458,396,1,0,60,0,0.060074954,0,6.28.1,None,0,458,0,138,0,165,5,0,0,0,0,15.663529411764706,0,57,0,43.68466666666667,0,0,0,27,0,0,0,0,0,0,0,0,0,0,None,0,0,0.342,0,0,0,44.43364705882353,1,0,20/02/2025 20:41,0,0,0
70,0,0,0,0,0,0,0,20/02/2025 20:46,0,1,0,0,15.231470588235293,0,0,0,468,40,2.0285686274509804,0,0,0,0.028068,2,0,0,0,9,0,0,0,Success,0,0,0,0,0,0,0,5.325534245,None,20/02/2025 21:41,6.28.1,0,272,0,2025-02-20 N,20/02/2025 21:42,None,0,2989,3309,1,0,60,0,0.050249378,0,6.28.1,None,0,3359,370,173,0,165,7,0,0,0,0,15.231470588235293,0,55,0,42.81650980392156,0,0,0,27,0,0,0,0,0,0,0,0,0,0,None,0,0,0.342,0,0,0,46.618843137254906,1,0,20/02/2025 21:36,0,0,0
73,0,0,0,0,0,0,0,20/02/2025 21:42,0,1,0,0,15.702352941176471,0,0,0,428,39,2.0617058823529413,0,0,0,0.028215,2,0,0,0,0,0,0,0,Success,0,0,0,0,0,0,0,5.367193773,None,20/02/2025 21:48,6.28.1,0,273,0,2025-02-20 N,20/02/2025 21:49,None,0,0,370,1,0,63,0,0.034058773,0,6.28.1,None,0,428,428,166,0,165,5,0,0,0,0,15.702352941176471,0,57,0,43.34737255,0,0,0,26,0,0,0,0,0,0,0,0,0,0,None,0,0,0.331,0,0,0,46.84031372549019,1,0,20/02/2025 21:43,0,0,0
80,0,0,0,0,0,0,0,20/02/2025 21:49,0,1,0,0,16.079134615384614,0,0,0,455,39,2.0730384615384616,0,0,0,0.026494,2,0,0,0,0,0,0,0,Success,0,0,0,0,0,0,0,5.387907757,None,20/02/2025 21:56,6.28.1,0,298,0,2025-02-20 N,20/02/2025 21:57,None,0,0,370,1,0,70,0,0.039217344,0,6.28.1,None,0,455,455,157,0,165,5,0,0,0,0,16.079134615384614,0,82,0,43.31917307692308,0,0,0,26,0,0,0,0,0,0,0,0,0,0,None,0,0,0.384,0,0,0,47.04809615384616,1,0,20/02/2025 21:51,0,0,0
72,0,0,0,0,0,0,0,20/02/2025 21:57,0,1,0,0,15.3246,0,0,0,425,39,2.65806,0,0,0,0.02971,2,0,0,0,0,0,0,0,Success,0,0,0,0,0,0,0,5.322549577,None,20/02/2025 22:03,6.28.1,0,258,0,2025-02-20 N,20/02/2025 22:04,None,0,0,341,1,0,62,0,0.01456022,0,6.28.1,None,0,425,425,125,0,165,5,0,0,0,0,15.3246,0,82,0,43.227259999999994,0,0,0,27,0,0,0,0,0,0,0,0,0,0,None,0,0,0.352,0,0,0,44.84026,1,0,20/02/2025 21:58,0,0,0
74,0,0,0,0,0,0,0,20/02/2025 22:04,0,1,0,0,16.295294117647057,0,0,0,530,40,2.3303529411764705,0,0,0,0.033365,2,0,0,0,0,0,0,0,Success,0,0,0,0,0,0,0,5.381061698,None,20/02/2025 22:11,6.28.1,0,248,0,2025-02-20 N,20/02/2025 22:13,None,0,0,473,1,0,64,0,0.076164296,0,6.28.1,None,0,530,530,145,0,165,5,0,0,0,0,16.295294117647057,0,52,0,43.84888235294118,0,0,0,27,0,0,0,0,0,0,0,0,0,0,None,0,0,0.343,0,0,0,43.101431372549015,1,0,20/02/2025 22:07,0,0,0
72,0,0,0,0,0,0,0,20/02/2025 22:13,0,1,0,0,17.1651,0,0,0,440,39,2.07814,0,0,0,0.026115,2,0,0,0,0,0,0,0,Success,0,0,0,0,0,0,0,5.284878996,None,20/02/2025 22:19,6.28.1,0,278,0,2025-02-20 N,20/02/2025 22:20,None,0,0,346,1,0,62,0,0.051,0,6.28.1,None,0,440,440,125,0,165,5,0,0,0,0,17.1651,0,102,0,44.99116,0,0,0,27,0,0,0,0,0,0,0,0,0,0,None,0,0,0.316,0,0,0,48.07452,1,0,20/02/2025 22:14,0,0,0
74,0,0,0,0,0,0,0,20/02/2025 22:34,0,1,0,0,14.863199999999999,0,0,0,386,40,3.0718599999999996,0,0,0,0.040912,2,0,0,0,0,0,0,0,Success,0,0,0,0,0,0,0,5.388477522,None,20/02/2025 22:40,6.28.1,0,217,0,2025-02-20 N,20/02/2025 22:41,None,0,386,742,1,0,64,0,0.027294688,0,6.28.1,None,0,386,0,118,0,165,5,0,0,0,0,14.863199999999999,0,47,0,43.32816,0,0,0,27,0,0,0,0,0,0,0,0,0,0,None,0,0,0.35,0,0,0,44.87238,1,0,20/02/2025 22:36,0,0,0
74,0,0,0,0,0,0,0,20/02/2025 22:50,0,1,0,0,15.931176470588236,0,0,0,375,40,2.9615490196078427,0,0,0,0.040005,2,0,0,0,0,0,0,0,Success,0,0,0,0,0,0,0,5.416695026,None,20/02/2025 22:55,6.28.1,0,217,0,2025-02-20 N,20/02/2025 22:56,None,0,375,336,1,0,64,0,0.045099889,0,6.28.1,None,0,375,0,126,0,165,4,0,0,0,0,15.931176470588236,0,40,0,43.693411764705886,0,0,0,27,0,0,0,0,0,0,0,0,0,0,None,0,0,0.326,0,0,0,37.96194117647059,1,0,20/02/2025 22:52,0,0,0
72,0,0,0,0,0,0,0,20/02/2025 23:02,0,1,0,0,15.1581,0,0,0,353,39,4.12732,0,0,0,0.053121,2,0,0,0,0,0,0,0,Success,0,0,0,0,0,0,0,5.426498318,None,20/02/2025 23:07,6.28.1,0,185,0,2025-02-20 N,20/02/2025 23:08,None,0,353,324,1,0,62,0,0.064202804,0,6.28.1,None,0,353,0,114,0,165,16,0,0,0,0,15.1581,0,31,0,42.372780000000006,0,0,0,27,0,0,0,0,0,0,0,0,0,0,None,0,0,0.353,0,0,0,38.71134,1,0,20/02/2025 23:04,0,0,0
71,0,0,0,0,0,0,0,20/02/2025 23:08,0,1,0,0,15.56294117647059,0,0,0,384,40,2.5888039215686276,0,0,0,0.038197,2,0,0,0,0,0,0,0,Success,0,0,0,0,0,0,0,5.444001194,None,20/02/2025 23:13,6.28.1,0,232,0,2025-02-20 N,20/02/2025 23:14,None,0,384,332,1,0,62,0,0.065513358,0,6.28.1,None,0,384,0,129,0,165,4,0,0,0,0,15.56294117647059,0,52,0,43.22060784313726,0,0,0,28,0,0,0,0,0,0,0,0,0,0,None,0,0,0.356,0,0,0,42.66931373,1,0,20/02/2025 23:09,0,0,0
82,0,0,0,0,0,0,0,20/02/2025 23:28,0,1,0,0,16.117058823529412,0,0,0,455,40,2.1312156862745097,0,0,0,0.028026,2,0,0,0,0,0,0,0,Success,0,0,0,0,0,0,0,5.340109549,None,20/02/2025 23:34,6.28.1,0,286,0,2025-02-20 N,20/02/2025 23:36,None,0,455,376,1,0,72,0,0.017464249,0,6.28.1,None,0,455,0,148,0,165,6,0,0,0,0,16.117058823529412,0,78,0,43.33649019607843,0,0,0,27,0,0,0,0,0,0,0,0,0,0,None,0,0,0.328,0,0,0,44.68949019607844,1,0,20/02/2025 23:30,0,0,0
73,0,0,0,0,0,0,0,20/02/2025 23:36,0,1,0,0,15.4779,0,0,0,494,40,2.6674200000000003,0,0,0,0.038335,2,0,0,0,0,0,0,0,Success,0,0,0,0,0,0,0,5.476450036,None,20/02/2025 23:43,6.28.1,0,223,0,2025-02-20 N,20/02/2025 23:44,None,0,494,440,1,0,63,0,0.088543774,0,6.28.1,None,0,494,0,114,0,165,4,0,0,0,0,15.4779,0,58,0,43.226620000000004,0,0,0,28,0,0,0,0,0,0,0,0,0,0,None,0,0,0.359,0,0,0,39.65484,1,0,20/02/2025 23:39,0,0,0
73,0,0,0,0,0,0,0,20/02/2025 23:44,0,1,0,0,15.112788461538461,0,0,0,388,40,2.6385961538461538,0,0,0,0.036474,2,0,0,0,0,0,0,0,Success,0,0,0,0,0,0,0,5.455077268,None,20/02/2025 23:49,6.28.1,0,233,0,2025-02-20 N,20/02/2025 23:50,None,0,388,339,1,0,63,0,0.024999999,0,6.28.1,None,0,388,0,129,0,165,5,0,0,0,0,15.112788461538461,0,52,0,43.10336538461539,0,0,0,27,0,0,0,0,0,0,0,0,0,0,None,0,0,0.348,0,0,0,41.420403846153846,1,0,20/02/2025 23:45,0,0,0
73,0,0,0,0,0,0,0,20/02/2025 23:50,0,1,0,0,15.421470588235294,0,0,0,397,40,2.958784314,0,0,0,0.039266,2,0,0,0,0,0,0,0,Success,0,0,0,0,0,0,0,5.490778815,None,20/02/2025 23:56,6.28.1,0,225,0,2025-02-20 N,20/02/2025 23:57,None,0,397,349,1,0,63,0,0.043011626,0,6.28.1,None,0,397,0,130,0,165,5,0,0,0,0,15.421470588235294,0,42,0,43.64794117647059,0,0,0,27,0,0,0,0,0,0,0,0,0,0,None,0,0,0.326,0,0,0,42.986745098039215,1,0,20/02/2025 23:52,0,0,0
75,0,0,0,0,0,0,0,20/02/2025 23:57,0,1,0,0,14.68705882352941,0,0,0,353,41,3.7762156862745098,0,0,0,0.04906,2,0,0,0,0,0,0,0,Success,0,0,0,0,0,0,0,5.502029444,None,21/02/2025 00:02,6.28.1,0,202,0,2025-02-20 N,21/02/2025 00:03,None,0,353,329,1,0,65,0,0.070114193,0,6.28.1,None,0,353,0,115,0,165,5,0,0,0,0,14.68705882352941,0,33,0,42.772882352941174,0,0,0,28,0,0,0,0,0,0,0,0,0,0,None,0,0,0.387,0,0,0,38.00078431372549,1,0,20/02/2025 23:58,0,0,0
78,0,0,0,0,0,0,0,21/02/2025 00:03,0,1,0,0,15.8784,0,0,0,395,40,2.89692,0,0,0,0.036965,2,0,0,0,0,0,0,0,Success,0,0,0,0,0,0,0,5.403207751,None,21/02/2025 00:08,6.28.1,0,235,0,2025-02-20 N,21/02/2025 00:09,None,0,395,327,1,0,68,0,0.023769729,0,6.28.1,None,0,395,0,115,0,165,5,0,0,0,0,15.8784,0,63,0,43.10774000000001,0,0,0,27,0,0,0,0,0,0,0,0,0,0,None,0,0,0.332,0,0,0,43.321459999999995,1,0,21/02/2025 00:04,0,0,0
68,0,0,0,0,0,0,0,21/02/2025 00:09,0,1,0,0,17.338529411764707,0,0,0,506,40,2.362627450980392,0,0,0,0.031085,2,0,0,0,4,0,0,0,Success,0,0,0,0,0,0,0,5.365112953,None,21/02/2025 00:22,6.28.1,0,244,0,2025-02-20 N,21/02/2025 00:23,None,0,488,713,1,0,58,0,0.058549125,0,6.28.1,None,0,820,332,95,0,165,6,0,0,0,0,17.338529411764707,0,105,0,46.11715686,0,0,0,27,0,0,0,0,0,0,0,0,0,0,None,0,0,0.385,0,0,0,45.665470588235294,1,0,21/02/2025 00:18,0,0,0
76,0,0,0,0,0,0,0,21/02/2025 00:23,0,1,0,0,17.5401,0,0,0,381,40,2.785,0,0,0,0.034383,2,0,0,0,0,0,0,0,Success,0,0,0,0,0,0,0,5.287020617,None,21/02/2025 00:28,6.28.1,0,230,0,2025-02-20 N,21/02/2025 00:29,None,0,0,278,1,0,65,0,0.079605276,0,6.28.1,None,0,381,381,74,0,165,5,0,0,0,0,17.5401,0,101,0,46.06254,0,0,0,27,0,0,0,0,0,0,0,0,0,0,None,0,0,0.333,0,0,0,40.91506,1,0,21/02/2025 00:24,0,0,0
80,0,0,0,0,0,0,0,21/02/2025 00:29,0,1,0,0,15.920294117647058,0,0,0,527,40,2.705980392156863,0,0,0,0.038142,2,0,0,0,0,0,0,0,Success,0,0,0,0,0,0,0,5.434990432,None,21/02/2025 00:37,6.28.1,0,235,0,2025-02-20 N,21/02/2025 00:38,None,0,0,469,1,0,70,0,0.043011626,0,6.28.1,None,0,527,527,121,0,165,4,0,0,0,0,15.920294117647058,0,54,0,43.27792156862745,0,0,0,27,0,0,0,0,0,0,0,0,0,0,None,0,0,0.343,0,0,0,39.54362745098039,1,0,21/02/2025 00:33,0,0,0
71,0,0,0,0,0,0,0,21/02/2025 00:51,0,1,0,0,15.0552,0,0,0,376,40,2.98854,0,0,0,0.04156,2,0,0,0,0,0,0,0,Success,0,0,0,0,0,0,0,5.333763587,None,21/02/2025 00:56,6.28.1,0,214,0,2025-02-20 N,21/02/2025 00:57,None,0,0,341,1,0,61,0,0.043011626,0,6.28.1,None,0,376,376,125,0,165,5,0,0,0,0,15.0552,0,39,0,43.24388,0,0,0,27,0,0,0,0,0,0,0,0,0,0,None,0,0,0.366,0,0,0,41.03438,1,0,21/02/2025 00:52,0,0,0
69,0,0,0,0,0,0,0,21/02/2025 00:57,0,1,0,0,15.172040816326529,0,0,0,394,39,2.6227346938775513,0,0,0,0.037119,2,0,0,0,0,0,0,0,Success,0,0,0,0,0,0,0,5.253018656,None,21/02/2025 01:02,6.28.1,0,224,0,2025-02-20 N,21/02/2025 01:04,None,0,0,347,1,0,59,0,0.031112698,0,6.28.1,None,0,394,394,140,0,165,16,0,0,0,0,15.172040816326529,0,46,0,43.19444897959183,0,0,0,26,0,0,0,0,0,0,0,0,0,0,None,0,0,0.383,0,0,0,41.47242857142857,1,0,21/02/2025 00:59,0,0,0
77,0,0,0,0,0,0,0,21/02/2025 01:04,0,1,0,0,15.638399999999999,0,0,0,800,39,2.02536,0,0,0,0.027948,2,0,0,0,0,0,0,0,Success,0,0,0,0,0,0,0,5.261996769,None,21/02/2025 01:16,6.28.1,0,646,0,2025-02-20 N,21/02/2025 01:17,None,0,0,745,1,0,67,0,0.064884513,0,6.28.1,None,0,800,800,534,0,165,5,0,0,0,0,15.638399999999999,0,55,0,43.424080000000004,0,0,0,27,0,0,0,0,0,0,0,0,0,0,None,0,0,0.314,0,0,0,45.86805999999999,1,0,21/02/2025 01:05,0,0,0
70,0,0,0,0,0,0,0,21/02/2025 01:26,0,1,0,0,15.213,0,0,0,377,37,2.89486,0,0,0,0.038306,2,0,0,0,0,0,0,0,Success,0,0,0,0,0,0,0,5.370918357,None,21/02/2025 01:31,6.28.1,0,223,0,2025-02-20 N,21/02/2025 01:32,None,0,0,345,1,0,60,0,0.03324154,0,6.28.1,None,0,377,377,132,0,165,13,0,0,0,0,15.213,0,41,0,43.27682,0,0,0,25,0,0,0,0,0,0,0,0,0,0,None,0,0,0.346,0,0,0,42.91096,1,0,21/02/2025 01:27,0,0,0
72,0,0,0,0,0,0,0,21/02/2025 01:32,0,1,0,0,15.416099999999998,0,0,0,387,38,2.52324,0,0,0,0.036495,2,0,0,0,0,0,0,0,Success,0,0,0,0,0,0,0,5.270856477,None,21/02/2025 01:37,6.28.1,0,226,0,2025-02-20 N,21/02/2025 01:38,None,0,0,332,1,0,61,0,0.019416488,0,6.28.1,None,0,387,387,124,0,165,13,0,0,0,0,15.416099999999998,0,51,0,43.55246,0,0,0,26,0,0,0,0,0,0,0,0,0,0,None,0,0,0.343,0,0,0,41.59464,1,0,21/02/2025 01:33,0,0,0
73,0,0,0,0,0,0,0,21/02/2025 01:44,0,1,0,0,15.060899999999998,0,0,0,917,39,2.37212,0,0,0,0.033657,2,0,0,0,19,0,0,0,Success,0,0,0,0,0,0,0,5.252848846,None,21/02/2025 01:59,6.28.1,0,236,0,2025-02-20 N,21/02/2025 02:00,None,0,0,880,1,0,62,0,0.038897301,0,6.28.1,None,0,936,936,132,0,165,5,0,0,0,0,15.060899999999998,0,53,0,43.12738,0,0,0,26,0,0,0,0,0,0,0,0,0,0,None,0,0,0.332,0,0,0,44.763000000000005,1,0,21/02/2025 01:55,0,0,0
0,0,0,0,0,0,0,0,21/02/2025 02:00,0,0,0,0,14.795113636363636,0,0,0,269,46,1.8339999999999999,0,0,0,0.023322,0,0,0,0,622,0,0,0,Success,0,0,0,0,0,0,0,4.666192452,None,21/02/2025 02:14,6.28.1,0,283,0,2025-02-20 N,21/02/2025 02:15,None,0,0,0,1,0,0,0,0.042011903,0,6.28.1,None,0,891,891,0,0,165,5,0,0,0,0,14.795113636363636,0,0,0,43.52215909090909,0,0,0,0,0,0,0,0,0,0,0,0,0,0,None,0,0,0.31,0,0,0,43.308431818181816,1,0,21/02/2025 02:09,0,0,0
72,0,0,0,0,0,0,0,21/02/2025 02:15,0,1,0,0,15.3015,0,0,0,368,39,2.73486,0,0,0,0.040389,2,0,0,0,20,0,0,0,Success,0,0,0,0,0,0,0,5.378683203,None,21/02/2025 02:20,6.28.1,0,217,0,2025-02-20 N,21/02/2025 02:21,None,0,0,1226,1,0,62,0,0.044384682,0,6.28.1,None,0,388,388,113,0,165,5,0,0,0,0,15.3015,0,53,0,43.520959999999995,0,0,0,26,0,0,0,0,0,0,0,0,0,0,None,0,0,0.338,0,0,0,41.71364,1,0,21/02/2025 02:17,0,0,0
72,0,0,0,0,0,0,0,21/02/2025 02:21,0,1,0,0,15.0336,0,0,0,387,39,2.8665800000000004,0,0,0,0.039226,2,0,0,0,0,0,0,0,Success,0,0,0,0,0,0,0,5.274767199,None,21/02/2025 02:27,6.28.1,0,213,0,2025-02-20 N,21/02/2025 02:28,None,0,0,345,1,0,62,0,0.028600699,0,6.28.1,None,0,387,387,135,0,165,15,0,0,0,0,15.0336,0,38,0,43.25844,0,0,0,26,0,0,0,0,0,0,0,0,0,0,None,0,0,0.343,0,0,0,42.09064,1,0,21/02/2025 02:23,0,0,0
71,0,0,0,0,0,0,0,21/02/2025 02:28,0,1,0,0,14.8479,0,0,0,387,39,2.54774,0,0,0,0.036284,2,0,0,0,13,0,0,0,Success,0,0,0,0,0,0,0,5.212022736,None,21/02/2025 02:42,6.28.1,0,222,0,2025-02-20 N,21/02/2025 02:43,None,0,520,880,1,0,61,0,0.060440053,0,6.28.1,None,0,920,400,125,0,165,5,0,0,0,0,14.8479,0,47,0,42.828860000000006,0,0,0,26,0,0,0,0,0,0,0,0,0,0,None,0,0,0.332,0,0,0,41.7757,1,0,21/02/2025 02:38,0,0,0
71,0,0,0,0,0,0,0,21/02/2025 02:43,0,1,0,0,14.936632653061224,0,0,0,365,39,2.9273673469387758,0,0,0,0.04151,2,0,0,0,0,0,0,0,Success,0,0,0,0,0,0,0,5.238177737,None,21/02/2025 02:48,6.28.1,0,208,0,2025-02-20 N,21/02/2025 02:49,None,0,0,326,1,0,61,0,0.035355338,0,6.28.1,None,0,365,365,119,0,165,5,0,0,0,0,14.936632653061224,0,39,0,42.84873469387755,0,0,0,27,0,0,0,0,0,0,0,0,0,0,None,0,0,0.336,0,0,0,43.32355102040816,1,0,21/02/2025 02:45,0,0,0
69,0,0,0,0,0,0,0,21/02/2025 02:49,0,1,0,0,14.102441860465115,0,0,0,497,38,2.9703023255813954,0,0,0,0.040902,2,0,0,0,35,0,0,0,Success,0,0,0,0,0,0,0,4.671216972,None,21/02/2025 02:57,6.28.1,0,191,0,2025-02-20 N,21/02/2025 02:58,None,0,0,508,1,0,59,0,0.06315853,0,6.28.1,None,0,532,532,122,0,165,8,0,0,0,0,14.102441860465115,0,24,0,42.81002325581395,0,0,0,25,0,0,0,0,0,0,0,0,0,0,None,0,0,0.38,0,0,0,44.35279069767442,1,0,21/02/2025 02:54,0,0,0
73,0,0,0,0,0,0,0,21/02/2025 03:05,0,1,0,0,15.086875,0,0,0,384,38,3.0192083333333333,0,0,0,0.041192,2,0,0,0,0,0,0,0,Success,0,0,0,0,0,0,0,5.114804004,None,21/02/2025 03:10,6.28.1,0,206,0,2025-02-20 N,21/02/2025 03:11,None,0,0,347,1,0,63,0,0.035846897,0,6.28.1,None,0,384,384,128,0,165,16,0,0,0,0,15.086875,0,37,0,42.77847916666667,0,0,0,26,0,0,0,0,0,0,0,0,0,0,None,0,0,0.322,0,0,0,43.04387500000001,1,0,21/02/2025 03:07,0,0,0
73,0,0,0,0,0,0,0,21/02/2025 03:11,0,2,0,0,14.635625,0,0,0,412,39,3.7691458333333334,0,0,0,0.044964,2,0,0,0,0,0,0,0,Success,0,0,0,0,0,0,0,5.268717111,None,21/02/2025 03:17,6.28.1,0,248,0,2025-02-20 N,21/02/2025 03:18,None,0,0,381,1,0,63,0,0.053235327,0,6.28.1,None,0,412,412,122,0,165,5,0,0,0,0,14.635625,0,31,0,42.35616666666667,0,0,0,26,0,0,0,0,0,0,0,0,0,0,None,0,0,0.377,0,0,0,40.864375,1,0,21/02/2025 03:13,0,0,0
78,0,0,0,0,0,0,0,21/02/2025 03:18,0,1,0,0,17.041022727272725,0,0,0,473,38,2.494068181818182,0,0,0,0.031483,2,0,0,0,0,0,0,0,Success,0,0,0,0,0,0,0,4.700804293,None,21/02/2025 03:25,6.28.1,0,231,0,2025-02-20 N,21/02/2025 03:26,None,0,0,392,1,0,68,0,0.042107007,0,6.28.1,None,0,473,473,92,0,165,5,0,0,0,0,17.041022727272725,0,83,0,45.264931818181815,0,0,0,26,0,0,0,0,0,0,0,0,0,0,None,0,0,0.326,0,0,0,46.128204545454544,1,0,21/02/2025 03:21,0,0,0
71,0,0,0,0,0,0,0,21/02/2025 03:26,0,1,0,0,14.863499999999998,0,0,0,386,40,2.69552,0,0,0,0.037361,2,0,0,0,0,0,0,0,Success,0,0,0,0,0,0,0,5.293689545,None,21/02/2025 03:31,6.28.1,0,227,0,2025-02-20 N,21/02/2025 03:32,None,0,0,339,1,0,61,0,0.007615772,0,6.28.1,None,0,386,386,130,0,165,4,0,0,0,0,14.863499999999998,0,47,0,42.85654,0,0,0,27,0,0,0,0,0,0,0,0,0,0,None,0,0,0.338,0,0,0,43.259859999999996,1,0,21/02/2025 03:27,0,0,0
71,0,0,0,0,0,0,0,21/02/2025 03:32,0,1,0,0,14.989897959183674,0,0,19,354,39,2.9460204081632653,0,0,0,0.041205,2,0,0,0,0,0,0,0,Success,0,0,0,0,0,0,0,5.325947334,None,21/02/2025 03:37,6.28.1,0,211,0,2025-02-20 N,21/02/2025 03:40,None,0,107,329,1,0,61,0,0.054083269,0,6.28.1,None,0,457,350,122,0,165,4,0,0,0,0,14.989897959183674,0,39,0,43.174408163265305,0,0,0,27,0,0,0,0,0,0,0,0,0,0,None,0,0,0.357,0,0,0,44.34395918367346,1,0,21/02/2025 03:34,0,0,0
68,0,0,0,0,0,0,0,21/02/2025 03:40,0,1,0,0,14.185116279069769,0,0,1018,371,40,2.5127441860465116,0,0,0,0.037086,2,0,0,0,10,0,0,0,Success,0,0,0,0,0,0,0,4.592830173,None,21/02/2025 04:05,6.28.1,0,204,0,2025-02-20 N,21/02/2025 04:06,None,0,1177,1618,1,0,58,0,0.020880613,0,6.28.1,None,0,1558,381,125,0,165,5,0,0,0,0,14.185116279069769,0,32,0,42.86276744186046,0,0,0,26,0,0,0,0,0,0,0,0,0,0,None,0,0,0.341,0,0,0,44.83239534883721,1,0,21/02/2025 04:01,0,0,0
73,0,0,0,0,0,0,0,21/02/2025 04:06,0,1,0,0,14.832954545454545,0,0,0,456,39,2.637840909090909,0,0,0,0.035754,2,0,0,0,0,0,0,0,Success,0,0,0,0,0,0,0,4.681062379,None,21/02/2025 04:12,6.28.1,0,215,0,2025-02-20 N,21/02/2025 04:14,None,0,0,415,1,0,63,0,0.064412732,0,6.28.1,None,0,456,456,125,0,165,4,0,0,0,0,14.832954545454545,0,36,0,42.49590909090909,0,0,0,26,0,0,0,0,0,0,0,0,0,0,None,0,0,0.342,0,0,0,46.59245454545455,1,0,21/02/2025 04:09,0,0,0
76,0,0,0,0,0,0,0,21/02/2025 04:14,0,2,0,0,15.558,0,0,0,429,40,2.64408,0,0,0,0.034963,2,0,0,0,0,0,0,0,Success,0,0,0,0,0,0,0,5.339872377,None,21/02/2025 04:20,6.28.1,0,279,0,2025-02-20 N,21/02/2025 04:21,None,0,0,393,1,0,66,0,0.045177428,0,6.28.1,None,0,429,429,146,0,165,4,0,0,0,0,15.558,0,37,0,42.989020000000004,0,0,0,27,0,0,0,0,0,0,0,0,0,0,None,0,0,0.345,0,0,0,44.834340000000005,1,0,21/02/2025 04:15,0,0,0
74,0,0,0,0,0,0,0,21/02/2025 04:27,0,1,0,0,15.424431818181818,0,0,0,474,38,1.9067727272727273,0,0,0,0.028656,2,0,0,0,5,0,0,0,Success,0,0,0,0,0,0,0,4.575039016,None,21/02/2025 04:33,6.28.1,0,244,0,2025-02-20 N,21/02/2025 04:40,None,0,328,418,1,0,64,0,0.046010868,0,6.28.1,None,0,807,479,150,0,165,6,0,0,0,0,15.424431818181818,0,42,0,42.821386363636364,0,0,0,26,0,0,0,0,0,0,0,0,0,0,None,0,0,0.338,0,0,0,49.962999999999994,1,0,21/02/2025 04:29,0,0,0
75,0,0,0,0,0,0,0,21/02/2025 04:40,0,1,0,0,14.972045454545453,0,0,0,504,38,2.241636363636364,0,0,0,0.033356,2,0,0,0,0,0,0,0,Success,0,0,0,0,0,0,0,4.67675999,None,21/02/2025 04:47,6.28.1,0,354,0,2025-02-20 N,21/02/2025 04:48,None,0,0,813,1,0,65,0,0.046065171,0,6.28.1,None,0,504,504,181,0,165,6,0,0,0,0,14.972045454545453,0,38,0,42.92109090909091,0,0,0,26,0,0,0,0,0,0,0,0,0,0,None,0,0,0.342,0,0,0,46.88993181818182,1,0,21/02/2025 04:41,0,0,0
75,0,0,0,0,0,0,0,21/02/2025 04:48,0,1,0,0,15.373636363636363,0,0,0,420,39,2.0177045454545453,0,0,0,0.027641,2,0,0,0,0,0,0,0,Success,0,0,0,0,0,0,0,4.673302259,None,21/02/2025 04:54,6.28.1,0,259,0,2025-02-20 N,21/02/2025 04:55,None,0,0,385,1,0,65,0,0.022203603,0,6.28.1,None,0,420,420,171,0,165,5,0,0,0,0,15.373636363636363,0,33,0,42.668136363636364,0,0,0,26,0,0,0,0,0,0,0,0,0,0,None,0,0,0.366,0,0,0,48.160227272727276,1,0,21/02/2025 04:50,0,0,0
70,0,0,0,0,0,0,0,21/02/2025 04:55,0,1,0,0,15.135348837209301,0,0,0,627,38,1.6383023255813953,0,0,0,0.024781,2,0,0,0,0,0,0,0,Success,0,0,0,0,0,0,0,4.523734077,None,21/02/2025 05:05,6.28.1,0,261,0,2025-02-20 N,21/02/2025 05:06,None,0,0,572,1,0,60,0,0.062513998,0,6.28.1,None,0,627,627,165,0,165,5,0,0,0,0,15.135348837209301,0,48,0,43.07941860465116,0,0,0,25,0,0,0,0,0,0,0,0,0,0,None,0,0,0.336,0,0,0,44.27318604651163,1,0,21/02/2025 05:00,0,0,0
69,0,0,0,0,0,0,0,21/02/2025 05:06,0,1,0,0,14.37,0,0,0,422,38,1.582974358974359,0,0,0,0.023546,2,0,0,0,96,0,0,0,Success,0,0,0,0,0,0,0,4.06883079,None,21/02/2025 05:13,6.28.1,0,255,0,2025-02-20 N,21/02/2025 05:15,None,0,0,479,1,0,59,0,0.039012818,0,6.28.1,None,0,518,518,165,0,165,5,0,0,0,0,14.37,0,43,0,42.57946153846154,0,0,0,25,0,0,0,0,0,0,0,0,0,0,None,0,0,0.312,0,0,0,44.29823076923077,1,0,21/02/2025 05:09,0,0,0
68,0,0,0,0,0,0,0,21/02/2025 05:15,0,1,0,0,17.460588235294118,0,0,0,408,40,2.043764705882353,0,0,0,0.029812,2,0,0,0,0,0,0,0,Success,0,0,0,0,0,0,0,5.338753506,None,21/02/2025 05:20,6.28.1,0,248,0,2025-02-20 N,21/02/2025 05:21,None,0,0,303,1,0,58,0,0.011045361,0,6.28.1,None,0,408,408,96,0,165,5,0,0,0,0,17.460588235294118,0,106,0,46.308960784313726,0,0,0,27,0,0,0,0,0,0,0,0,0,0,None,0,0,0.341,0,0,0,50.00256862745098,1,0,21/02/2025 05:16,0,0,0
71,0,0,0,0,0,0,0,21/02/2025 05:21,0,1,0,0,17.12267441860465,0,0,0,475,39,2.3103023255813953,0,0,0,0.029426,2,0,0,0,0,0,0,0,Success,0,0,0,0,0,0,0,4.530037307,None,21/02/2025 05:28,6.28.1,0,227,0,2025-02-20 N,21/02/2025 05:29,None,0,0,421,1,0,61,0,0.0156205,0,6.28.1,None,0,475,475,120,0,165,5,0,0,0,0,17.12267441860465,0,59,0,45.31332558139535,0,0,0,26,0,0,0,0,0,0,0,0,0,0,None,0,0,0.329,0,0,0,40.50355813953488,1,0,21/02/2025 05:24,0,0,1
73,0,0,0,0,0,0,0,21/02/2025 05:29,0,1,0,0,17.47558823529412,0,0,0,516,40,1.6260392156862744,0,0,0,0.024826,2,0,0,0,0,0,0,0,Success,0,0,0,0,0,0,0,5.328104916,None,21/02/2025 05:37,6.28.1,0,297,0,2025-02-20 N,21/02/2025 05:38,None,0,0,414,1,0,63,0,0.040360872,0,6.28.1,None,0,516,516,158,0,165,5,0,0,0,0,17.47558823529412,0,88,0,43.82592156862745,0,0,0,27,0,0,0,0,0,0,0,0,0,0,None,0,0,0.324,0,0,0,42.92466666666667,1,0,21/02/2025 05:32,0,0,0
71,0,0,0,0,0,0,0,21/02/2025 05:38,0,1,0,0,16.383979591836734,0,0,0,534,40,2.2068367346938778,0,0,0,0.031866,2,0,0,0,0,0,0,0,Success,0,0,0,0,0,0,0,5.235546772,None,21/02/2025 05:45,6.28.1,0,248,0,2025-02-20 N,21/02/2025 05:47,None,0,0,468,1,0,61,0,0.020124612,0,6.28.1,None,0,534,534,141,0,165,17,0,0,0,0,16.383979591836734,0,70,0,42.97879591836734,0,0,0,27,0,0,0,0,0,0,0,0,0,0,None,0,0,0.36,0,0,0,38.80438775510204,1,0,21/02/2025 05:41,0,0,1
73,0,0,0,0,0,0,0,21/02/2025 05:47,0,1,0,0,16.391826923076923,0,0,0,489,40,1.9677115384615385,0,0,0,0.029965,2,0,0,0,0,0,0,0,Success,0,0,0,0,0,0,0,5.368772858,None,21/02/2025 05:54,6.28.1,0,264,0,2025-02-20 N,21/02/2025 05:55,None,0,0,421,1,0,63,0,0.031144823,0,6.28.1,None,0,489,489,150,0,165,16,0,0,0,0,16.391826923076923,0,73,0,43.188057692307694,0,0,0,27,0,0,0,0,0,0,0,0,0,0,None,0,0,0.321,0,0,0,37.831,1,0,21/02/2025 05:49,0,0,0
74,0,0,0,0,0,0,0,21/02/2025 05:55,0,1,0,0,15.732899999999999,0,0,0,412,39,2.25896,0,0,0,0.034792,2,0,0,0,0,0,0,0,Success,0,0,0,0,0,0,0,5.313824517,None,21/02/2025 06:01,6.28.1,0,235,0,2025-02-20 N,21/02/2025 06:02,None,0,0,352,1,0,64,0,0.014866069,0,6.28.1,None,0,412,412,126,0,165,5,0,0,0,0,15.732899999999999,0,57,0,43.48042,0,0,0,27,0,0,0,0,0,0,0,0,0,0,None,0,0,0.349,0,0,0,37.04006,1,0,21/02/2025 05:57,0,0,0
68,0,0,0,0,0,0,0,21/02/2025 06:10,0,3,0,0,18.45396226415094,0,0,0,529,40,1.6987169811320755,0,0,0,0.020567,2,0,0,0,0,0,0,0,Success,0,0,0,0,0,0,0,5.574109705,None,21/02/2025 06:17,6.28.1,0,357,0,2025-02-21 D,21/02/2025 06:18,None,0,0,349,1,0,58,0,0.028178005,0,6.28.1,None,0,529,529,100,0,165,5,0,0,0,0,18.45396226415094,0,177,0,45.37460377,0,0,0,27,0,0,0,0,0,0,0,0,0,0,None,0,0,0.338,0,0,0,38.17069811320755,1,0,21/02/2025 06:11,0,0,0
74,0,0,0,0,0,0,0,21/02/2025 06:18,0,3,0,0,17.27122641509434,0,0,0,580,40,1.4634339622641508,0,0,0,0.017895,2,0,0,0,0,0,0,0,Success,0,0,0,0,0,0,0,5.536951147,None,21/02/2025 06:27,6.28.1,0,414,0,2025-02-21 D,21/02/2025 06:28,None,0,0,399,1,0,63,0,0.039661064,0,6.28.1,None,0,580,580,150,0,165,5,0,0,0,0,17.27122641509434,0,177,0,43.587245283018866,0,0,0,27,0,0,0,0,0,0,0,0,0,0,None,0,0,0.349,0,0,0,39.981792452830184,1,0,21/02/2025 06:20,0,0,0
76,0,0,0,0,0,0,0,21/02/2025 06:28,0,5,0,0,16.44933962264151,0,0,0,582,40,1.8418490566037735,0,0,0,0.019224,2,0,0,0,0,0,0,0,Success,0,0,0,0,0,0,0,5.559791543,None,21/02/2025 06:37,6.28.1,0,414,0,2025-02-21 D,21/02/2025 06:38,None,0,0,428,1,0,66,0,0.032015621,0,6.28.1,None,0,582,582,135,0,165,5,0,0,0,0,16.44933962264151,0,153,0,43.77543396226415,0,0,0,27,0,0,0,0,0,0,0,0,0,0,None,0,0,0.331,0,0,0,42.11677358490566,1,0,21/02/2025 06:30,0,0,0
57,0,0,0,0,0,0,0,21/02/2025 06:38,0,1,0,0,16.623173076923077,0,0,0,387,1007,2.300403846153846,0,0,0,0.035302,2,0,0,0,0,0,0,0,Success,0,0,0,0,0,0,0,5.483624622,None,21/02/2025 06:43,6.28.1,0,230,0,2025-02-21 D,21/02/2025 07:00,None,0,1042,343,1,0,57,0,0.058137767,0,6.28.1,None,0,1362,320,121,0,165,5,0,0,0,0,16.623173076923077,0,65,0,43.82513461538462,0,0,0,25,0,0,0,0,0,0,0,0,0,0,None,0,0,0.318,0,0,0,40.67448076923077,1,0,21/02/2025 06:39,0,0,0
71,0,0,0,0,0,0,0,21/02/2025 07:00,0,1,0,0,15.132058823529412,0,0,0,377,39,2.529176470588235,0,0,0,0.039129,2,0,0,0,0,0,0,0,Success,0,0,0,0,0,0,0,5.384215542,None,21/02/2025 07:06,6.28.1,0,220,0,2025-02-21 D,21/02/2025 07:07,None,0,377,1291,1,0,61,0,0.006708204,0,6.28.1,None,0,377,0,117,0,165,5,0,0,0,0,15.132058823529412,0,53,0,43.15164705882353,0,0,0,27,0,0,0,0,0,0,0,0,0,0,None,0,0,0.354,0,0,0,43.505686274509806,1,0,21/02/2025 07:02,0,0,0
81,0,0,0,0,0,0,0,21/02/2025 07:07,0,1,0,0,15.9834,0,0,0,397,40,2.4753600000000002,0,0,0,0.036328,2,0,0,0,0,0,0,0,Success,0,0,0,0,0,0,0,5.296280771,None,21/02/2025 07:12,6.28.1,0,237,0,2025-02-21 D,21/02/2025 07:13,None,0,397,343,1,0,71,0,0.064999999,0,6.28.1,None,0,397,0,134,0,165,5,0,0,0,0,15.9834,0,44,0,43.53322,0,0,0,27,0,0,0,0,0,0,0,0,0,0,None,0,0,0.356,0,0,0,45.25562,1,0,21/02/2025 07:08,0,0,0
71,0,0,0,0,0,0,0,21/02/2025 07:13,0,1,0,0,14.417448979591837,0,0,0,399,39,2.530326530612245,0,0,0,0.032242,2,0,0,0,0,0,0,0,Success,0,0,0,0,0,0,0,5.178599135,None,21/02/2025 07:19,6.28.1,0,241,0,2025-02-21 D,21/02/2025 07:20,None,0,399,345,1,0,61,0,0.013416408,0,6.28.1,None,0,399,0,130,0,165,5,0,0,0,0,14.417448979591837,0,61,0,42.43769387755102,0,0,0,26,0,0,0,0,0,0,0,0,0,0,None,0,0,0.319,0,0,0,44.464408163265304,1,0,21/02/2025 07:15,0,0,0
70,0,0,0,0,0,0,0,21/02/2025 07:20,0,1,0,0,15.016200000000001,0,0,0,414,39,2.3147800000000003,0,0,0,0.035129,2,0,0,0,0,0,0,0,Success,0,0,0,0,0,0,0,5.233441888,None,21/02/2025 07:26,6.28.1,0,227,0,2025-02-21 D,21/02/2025 07:27,None,0,414,357,1,0,60,0,0.060033324,0,6.28.1,None,0,414,0,124,0,165,5,0,0,0,0,15.016200000000001,0,55,0,43.3222,0,0,0,27,0,0,0,0,0,0,0,0,0,0,None,0,0,0.325,0,0,0,43.573119999999996,1,0,21/02/2025 07:22,0,0,0
0,0,0,0,0,0,0,0,21/02/2025 07:27,0,0,0,0,14.745937499999998,0,0,0,334,79,2.869895833333333,0,0,0,0.041106,0,0,0,0,508,0,0,0,Success,0,0,0,0,0,0,0,5.178491093,None,21/02/2025 07:40,6.28.1,0,203,0,2025-02-21 D,21/02/2025 07:41,None,0,85,0,1,0,0,0,0.024413112,0,6.28.1,None,0,842,757,0,0,165,4,0,0,0,0,14.745937499999998,0,0,0,42.965125,0,0,0,0,0,0,0,0,0,0,0,0,0,0,None,0,0,0.338,0,0,0,41.9226875,1,0,21/02/2025 07:36,0,0,0
0,0,0,0,0,0,0,0,21/02/2025 07:41,0,0,0,0,15.074062499999998,0,0,32,0,518,2.6417083333333333,0,0,0,0.039171,0,0,0,0,387,0,0,0,Success,0,0,0,0,0,0,0,5.198711475,None,21/02/2025 07:46,6.28.1,0,216,0,2025-02-21 D,21/02/2025 07:55,None,0,471,0,1,0,0,0,0.037121422,0,6.28.1,None,0,858,387,0,0,165,2,0,0,0,0,15.074062499999998,0,0,0,43.2083125,0,0,0,0,0,0,0,0,0,0,0,0,0,0,None,0,0,0.341,0,0,0,42.72675,1,0,21/02/2025 07:43,0,0,1
0,0,0,0,0,0,0,0,21/02/2025 07:55,0,0,0,0,14.7,0,0,2580,138,44,2.5427659574468087,0,0,0,0.037618,0,0,0,0,1695,0,0,0,Success,0,0,0,0,0,0,0,4.908473184,None,21/02/2025 09:10,6.28.1,0,210,0,2025-02-21 D,21/02/2025 09:12,None,0,2847,0,1,0,0,7,0.053009433,0,6.28.1,None,0,4622,1775,0,0,165,5,0,0,0,0,14.7,0,0,0,42.42214893617022,0,0,0,0,0,0,0,0,0,0,0,0,0,0,None,0,0,0.335,0,0,0,41.95968085106383,1,0,21/02/2025 09:06,0,0,1
78,0,0,0,0,0,0,0,21/02/2025 09:12,0,1,0,0,13.97181818181818,0,0,0,425,40,4.108727272727273,0,0,0,0.041441,2,0,0,0,79,0,0,0,Success,0,0,0,0,0,0,0,5.499667808,None,21/02/2025 09:18,6.28.1,0,220,0,2025-02-21 D,21/02/2025 09:21,None,0,0,6718,1,0,68,0,0.019646883,0,6.28.1,None,0,504,504,133,0,165,5,0,0,0,0,13.97181818181818,0,31,0,40.89177272727273,0,0,0,27,0,0,0,0,0,0,0,0,0,0,None,0,0,0.333,0,0,0,43.20615909090909,1,0,21/02/2025 09:15,0,0,0
0,0,0,0,0,0,0,0,21/02/2025 09:29,0,0,0,0,16.027788461538464,0,0,0,0,200,2.9661153846153847,0,0,0,0.03896,0,0,0,0,563,0,0,0,Success,0,0,0,0,0,0,0,5.570828664,None,21/02/2025 09:34,6.28.1,0,229,0,2025-02-21 D,21/02/2025 09:38,None,0,0,0,1,0,0,0,0.068541958,0,6.28.1,None,0,563,563,0,0,165,1,0,0,0,0,16.027788461538464,0,0,0,43.63401923076923,0,0,0,0,0,0,0,0,0,0,0,0,0,0,None,0,0,0.324,0,0,0,44.23078846153847,1,0,21/02/2025 09:31,0,0,1
0,0,0,0,0,0,0,0,21/02/2025 09:38,0,0,0,0,19.5051,0,0,0,58,179,3.11502,0,0,0,0.046498,0,0,0,0,457,0,0,0,Success,0,0,0,0,0,0,0,5.404025444,None,21/02/2025 09:43,6.28.1,0,155,0,2025-02-21 D,21/02/2025 09:47,None,0,0,0,1,0,0,0,0.052773099,0,6.28.1,None,0,515,515,0,0,165,5,0,0,0,0,19.5051,0,0,0,47.76334,0,0,0,0,0,0,0,0,0,0,0,0,0,0,None,0,0,0.344,0,0,0,46.38242,1,0,21/02/2025 09:40,0,0,0
0,0,0,0,0,0,0,0,21/02/2025 09:47,0,0,0,0,15.010531914893617,0,0,0,238,46,2.7181063829787235,0,0,0,0.034371,0,0,0,0,407,0,0,0,Success,0,0,0,0,0,0,0,4.934337848,None,21/02/2025 09:57,6.28.1,0,234,0,2025-02-21 D,21/02/2025 09:58,None,0,0,0,1,0,0,0,0.063285069,0,6.28.1,None,0,645,645,0,0,165,3,0,0,0,0,15.010531914893617,0,0,0,42.86840425531915,0,0,0,0,0,0,0,0,0,0,0,0,0,0,None,0,0,0.34,0,0,0,47.34287234042553,1,0,21/02/2025 09:53,0,0,1
0,0,0,0,0,0,0,0,21/02/2025 09:58,0,0,0,0,15.739615384615385,0,0,0,273,91,2.2151923076923077,0,0,0,0.028027,0,0,0,0,736,0,0,0,Success,0,0,0,0,0,0,0,5.537822316,None,21/02/2025 10:17,6.28.1,0,308,0,2025-02-21 D,21/02/2025 10:19,None,0,302,0,1,0,0,0,0.026305893,0,6.28.1,None,0,1311,1009,0,0,165,7,0,0,0,0,15.739615384615385,0,0,0,43.948730769230764,0,0,0,0,0,0,0,0,0,0,0,0,0,0,None,0,0,0.345,0,0,0,44.24965384615385,1,0,21/02/2025 10:12,0,0,1
77,0,0,0,0,0,0,0,21/02/2025 10:19,0,1,0,0,15.361914893617021,0,0,0,651,39,2.869382978723404,0,0,0,0.030595,2,0,0,0,0,0,0,0,Success,0,0,0,0,0,0,0,4.964755482,None,21/02/2025 10:29,6.28.1,0,251,0,2025-02-21 D,21/02/2025 10:30,None,0,0,4164,1,0,67,0,0.039395431,0,6.28.1,None,0,651,651,123,0,165,17,0,0,0,0,15.361914893617021,0,84,0,41.92131914893617,0,0,0,27,0,0,0,0,0,0,0,0,0,0,None,0,0,0.313,0,0,0,43.156021276595744,1,0,21/02/2025 10:25,0,0,1
78,0,0,0,0,0,0,0,21/02/2025 10:30,0,1,0,0,15.315978260869565,0,0,0,416,39,2.4423478260869564,0,0,0,0.031409,2,0,0,0,0,0,0,0,Success,0,0,0,0,0,0,0,4.914525511,None,21/02/2025 10:36,6.28.1,0,248,0,2025-02-21 D,21/02/2025 10:37,None,0,0,363,1,0,68,0,0.029410882,0,6.28.1,None,0,416,416,131,0,165,4,0,0,0,0,15.315978260869565,0,60,0,42.64645652173913,0,0,0,27,0,0,0,0,0,0,0,0,0,0,None,0,0,0.32,0,0,0,45.24819565217391,1,0,21/02/2025 10:32,0,0,1
135,0,0,0,0,0,0,0,21/02/2025 10:37,0,1,0,0,16.368333333333336,0,0,0,563,39,2.7590222222222223,0,0,0,0.024552,2,0,0,0,0,0,0,0,Success,0,0,0,0,0,0,0,4.732324799,None,21/02/2025 10:45,6.28.1,0,381,0,2025-02-21 D,21/02/2025 10:47,None,0,0,506,1,0,125,0,0.030870698,0,6.28.1,None,0,563,563,219,0,165,13,0,0,0,0,16.368333333333336,0,56,0,43.73673333333333,0,0,0,26,0,0,0,0,0,0,0,0,0,0,None,0,0,0.334,0,0,0,43.73988888888889,1,0,21/02/2025 10:39,0,0,1
69,0,0,0,0,0,0,0,21/02/2025 10:47,0,1,0,0,15.258333333333333,0,0,0,401,39,2.1364888888888887,0,0,0,0.029121,2,0,0,0,0,0,0,0,Success,0,0,0,0,0,0,0,4.712474191,None,21/02/2025 10:52,6.28.1,0,243,0,2025-02-21 D,21/02/2025 10:53,None,0,0,364,1,0,59,0,0.041012193,0,6.28.1,None,0,401,401,152,0,165,5,0,0,0,0,15.258333333333333,0,44,0,42.672977777777774,0,0,0,26,0,0,0,0,0,0,0,0,0,0,None,0,0,0.311,0,0,0,43.340688888888884,1,0,21/02/2025 10:48,0,0,1
65,0,0,0,0,0,0,0,21/02/2025 10:53,0,1,0,0,15.102333333333334,0,0,0,392,39,2.1319333333333335,0,0,0,0.031532,2,0,0,0,0,0,0,0,Success,0,0,0,0,0,0,0,4.707996814,None,21/02/2025 10:59,6.28.1,0,224,0,2025-02-21 D,21/02/2025 11:00,None,0,0,344,1,0,55,0,0.056008928,0,6.28.1,None,0,392,392,136,0,165,4,0,0,0,0,15.102333333333334,0,43,0,42.11533333333333,0,0,0,26,0,0,0,0,0,0,0,0,0,0,None,0,0,0.325,0,0,0,43.98062222222222,1,0,21/02/2025 10:55,0,0,1
62,0,0,0,0,0,0,0,21/02/2025 11:00,0,2,0,0,16.786704545454544,0,0,0,429,39,2.3050454545454544,0,0,0,0.024785,2,0,0,0,0,0,0,0,Success,0,0,0,0,0,0,0,4.665303741,None,21/02/2025 11:06,6.28.1,0,262,0,2025-02-21 D,21/02/2025 11:07,None,0,0,301,1,0,52,0,0.01077033,0,6.28.1,None,0,429,429,94,0,165,5,0,0,0,0,16.786704545454544,0,97,0,45.91009090909091,0,0,0,26,0,0,0,0,0,0,0,0,0,0,None,0,0,0.324,0,0,0,41.29077272727273,1,0,21/02/2025 11:01,0,0,1
72,0,0,0,0,0,0,0,21/02/2025 11:14,0,1,0,0,15.683653846153845,0,0,0,498,39,3.280673076923077,0,0,0,0.0468,2,0,0,0,0,0,0,0,Success,0,0,0,0,0,0,0,5.602677753,None,21/02/2025 11:21,6.28.1,0,205,0,2025-02-21 D,21/02/2025 11:22,None,0,0,439,1,0,62,0,0.080653581,0,6.28.1,None,0,498,498,102,0,165,3,0,0,0,0,15.683653846153845,0,49,0,43.74913461538461,0,0,0,26,0,0,0,0,0,0,0,0,0,0,None,0,0,0.334,0,0,0,41.101653846153845,1,0,21/02/2025 11:17,0,0,1
71,0,0,0,0,0,0,0,21/02/2025 11:29,0,1,0,0,15.579117647058823,0,0,0,406,39,2.6259019607843137,0,0,0,0.035592,2,0,0,0,0,0,0,0,Success,0,0,0,0,0,0,0,5.399290139,None,21/02/2025 11:34,6.28.1,0,244,0,2025-02-21 D,21/02/2025 11:36,None,0,0,357,1,0,61,0,0.028,0,6.28.1,None,0,406,406,141,0,165,4,0,0,0,0,15.579117647058823,0,53,0,43.67568627450981,0,0,0,27,0,0,0,0,0,0,0,0,0,0,None,0,0,0.324,0,0,0,44.18098039215686,1,0,21/02/2025 11:30,0,0,1
70,0,0,0,0,0,0,0,21/02/2025 11:36,0,1,0,0,15.591634615384615,0,0,0,574,39,1.6045384615384617,0,0,0,0.019569,2,0,0,0,0,0,0,0,Success,0,0,0,0,0,0,0,5.399329125,None,21/02/2025 11:44,6.28.1,0,404,0,2025-02-21 D,21/02/2025 11:45,None,0,0,447,1,0,60,0,0.028160256,0,6.28.1,None,0,574,574,236,0,165,3,0,0,0,0,15.591634615384615,0,119,0,43.688788461538465,0,0,0,27,0,0,0,0,0,0,0,0,0,0,None,0,0,0.316,0,0,0,45.75371153846153,1,0,21/02/2025 11:37,0,0,1
73,0,0,0,0,0,0,0,21/02/2025 11:45,0,1,0,0,15.69264705882353,0,0,0,475,40,1.7517450980392157,0,0,0,0.025172,2,0,0,0,0,0,0,0,Success,0,0,0,0,0,0,0,5.381154709,None,21/02/2025 11:52,6.28.1,0,301,0,2025-02-21 D,21/02/2025 11:53,None,0,0,382,1,0,63,0,0.038948684,0,6.28.1,None,0,475,475,155,0,165,8,0,0,0,0,15.69264705882353,0,98,0,43.62594117647058,0,0,0,27,0,0,0,0,0,0,0,0,0,0,None,0,0,0.344,0,0,0,44.33566666666667,1,0,21/02/2025 11:47,0,0,1
83,0,0,0,0,0,0,0,21/02/2025 12:01,0,3,0,0,16.52470588235294,0,0,0,540,39,1.8155294117647058,0,0,0,0.020678,2,0,0,0,0,0,0,0,Success,0,0,0,0,0,0,0,5.370135939,None,21/02/2025 12:09,6.28.1,0,371,0,2025-02-21 D,21/02/2025 12:10,None,0,0,425,1,0,72,0,0.052497619,0,6.28.1,None,0,540,540,156,0,165,6,0,0,0,0,16.52470588235294,0,119,0,44.828862745098036,0,0,0,26,0,0,0,0,0,0,0,0,0,0,None,0,0,0.322,0,0,0,42.09152941176471,1,0,21/02/2025 12:03,0,0,1
65,0,0,0,0,0,0,0,21/02/2025 12:10,0,1,0,0,16.213295454545456,0,0,0,1907,2987,1.8394318181818183,0,0,0,0.023173,2,0,0,0,7,0,0,0,Success,0,0,0,0,0,0,0,4.64630918,None,21/02/2025 12:16,6.28.1,0,278,0,2025-02-21 D,21/02/2025 13:07,None,0,1478,366,1,0,55,0,0.049030603,0,6.28.1,None,0,3392,1914,157,0,165,4,0,0,0,0,16.213295454545456,0,77,0,44.21740909090909,0,0,0,26,0,0,0,0,0,0,0,0,0,0,None,0,0,0.336,0,0,0,42.044659090909086,1,0,21/02/2025 12:12,0,0,1
76,0,0,0,0,0,0,0,21/02/2025 13:07,0,1,0,0,15.146470588235294,0,0,0,708,39,3.3170784313725488,0,0,0,0.048137,2,0,0,0,0,0,0,0,Success,0,0,0,0,0,0,0,5.532574084,None,21/02/2025 13:17,6.28.1,0,206,0,2025-02-21 D,21/02/2025 13:18,None,0,0,3602,1,0,66,0,0.074323617,0,6.28.1,None,0,708,708,106,0,165,10,0,0,0,0,15.146470588235294,0,49,0,43.04488235294118,0,0,0,27,0,0,0,0,0,0,0,0,0,0,None,0,0,0.376,0,0,0,41.22968627,1,0,21/02/2025 13:14,0,0,0
83,0,0,0,0,0,0,0,21/02/2025 13:18,0,1,0,0,16.8821875,0,0,0,421,40,3.2439375,0,0,0,0.036838,2,0,0,0,0,0,0,0,Success,0,0,0,0,0,0,0,5.322595983,None,21/02/2025 13:24,6.28.1,0,234,0,2025-02-21 D,21/02/2025 13:25,None,0,0,333,1,0,73,0,0.028160256,0,6.28.1,None,0,421,421,91,0,165,4,0,0,0,0,16.8821875,0,79,0,45.10775,0,0,0,27,0,0,0,0,0,0,0,0,0,0,None,0,0,0.336,0,0,0,42.607958333333336,1,0,21/02/2025 13:20,0,0,0
72,0,0,0,0,0,0,0,21/02/2025 13:25,0,1,0,0,14.603699999999998,0,0,0,387,39,2.6713799999999996,0,0,0,0.040308,2,0,0,0,0,0,0,0,Success,0,0,0,0,0,0,0,5.263525909,None,21/02/2025 13:31,6.28.1,0,221,0,2025-02-21 D,21/02/2025 13:32,None,0,0,357,1,0,62,0,0.058855756,0,6.28.1,None,0,387,387,128,0,165,5,0,0,0,0,14.603699999999998,0,44,0,42.17348,0,0,0,27,0,0,0,0,0,0,0,0,0,0,None,0,0,0.359,0,0,0,42.99488,1,0,21/02/2025 13:27,0,0,0
0,0,0,0,0,0,0,0,21/02/2025 14:03,0,0,0,0,14.871176470588233,0,0,104162,0,79,3.0176470588235293,0,0,0,0.042941,0,0,0,0,928,0,0,0,Success,0,0,0,0,0,0,0,5.478542598,None,22/02/2025 19:27,6.28.1,0,208,0,2025-02-22 N,22/02/2025 19:28,None,0,104621,0,1,0,0,393,0.049819675,0,6.28.1,None,0,105942,1321,0,0,165,10,0,0,0,0,14.871176470588233,0,0,0,43.053039215686276,0,0,0,0,0,0,0,0,0,0,0,0,0,0,None,0,0,0.344,0,0,0,55.247549019607845,1,0,22/02/2025 19:23,0,0,1
67,0,0,0,0,0,0,0,22/02/2025 19:36,0,1,0,0,15.225865384615386,0,0,0,363,39,2.869788461538462,0,0,0,0.041975,2,0,0,0,0,0,0,0,Success,0,0,0,0,0,0,0,5.527929269,None,22/02/2025 19:41,6.28.1,0,204,0,2025-02-22 N,22/02/2025 19:42,None,0,0,299,1,0,57,0,0.03471311,0,6.28.1,None,0,363,363,96,0,165,5,0,0,0,0,15.225865384615386,0,63,0,42.52867307692308,0,0,0,26,0,0,0,0,0,0,0,0,0,0,None,0,0,0.344,0,0,0,53.87230769230769,1,0,22/02/2025 19:37,0,0,0
71,0,0,0,0,0,0,0,22/02/2025 19:42,0,1,0,0,15.791037735849057,0,0,0,411,38,2.3573584905660376,0,0,0,0.036574,2,0,0,0,0,0,0,0,Success,0,0,0,0,0,0,0,5.547142508,None,22/02/2025 19:47,6.28.1,0,250,0,2025-02-22 N,22/02/2025 19:49,None,0,0,334,1,0,61,0,0.064815122,0,6.28.1,None,0,411,411,122,0,165,6,0,0,0,0,15.791037735849057,0,79,0,44.38026415,0,0,0,26,0,0,0,0,0,0,0,0,0,0,None,0,0,0.355,0,0,0,55.15752830188679,1,0,22/02/2025 19:43,0,0,0
70,0,0,0,0,0,0,0,22/02/2025 19:49,0,1,0,0,15.867692307692307,0,0,0,386,39,2.704230769230769,0,0,0,0.038201,2,0,0,0,0,0,0,0,Success,0,0,0,0,0,0,0,5.482087285,None,22/02/2025 19:54,6.28.1,0,225,0,2025-02-22 N,22/02/2025 19:55,None,0,0,309,1,0,60,0,0.027166155,0,6.28.1,None,0,386,386,104,0,165,5,0,0,0,0,15.867692307692307,0,73,0,45.02342307692307,0,0,0,26,0,0,0,0,0,0,0,0,0,0,None,0,0,0.33,0,0,0,53.21396153846154,1,0,22/02/2025 19:50,0,0,0
66,0,0,0,0,0,0,0,22/02/2025 19:55,0,1,0,0,15.864,0,0,0,408,38,2.39752,0,0,0,0.030939,2,0,0,0,0,0,0,0,Success,0,0,0,0,0,0,0,5.262880295,None,22/02/2025 20:01,6.28.1,0,245,0,2025-02-22 N,22/02/2025 20:02,None,0,0,332,1,0,56,0,0.028319605,0,6.28.1,None,0,408,408,125,0,165,6,0,0,0,0,15.864,0,77,0,44.939840000000004,0,0,0,26,0,0,0,0,0,0,0,0,0,0,None,0,0,0.338,0,0,0,54.781000000000006,1,0,22/02/2025 19:57,0,0,0
65,0,0,0,0,0,0,0,22/02/2025 20:02,0,1,0,0,15.378900000000002,0,0,0,360,39,2.79762,0,0,0,0.041161,2,0,0,0,0,0,0,0,Success,0,0,0,0,0,0,0,5.294027389,None,22/02/2025 20:07,6.28.1,0,206,0,2025-02-22 N,22/02/2025 20:08,None,0,0,307,1,0,55,0,0.017,0,6.28.1,None,0,360,360,104,0,165,4,0,0,0,0,15.378900000000002,0,58,0,44.91204,0,0,0,26,0,0,0,0,0,0,0,0,0,0,None,0,0,0.332,0,0,0,55.452960000000004,1,0,22/02/2025 20:03,0,0,0
69,0,0,0,0,0,0,0,22/02/2025 20:08,0,1,0,0,16.312058823529412,0,0,0,411,38,2.2072745098039217,0,0,0,0.031335,2,0,0,0,0,0,0,0,Success,0,0,0,0,0,0,0,5.397074949,None,22/02/2025 20:14,6.28.1,0,252,0,2025-02-22 N,22/02/2025 20:15,None,0,0,325,1,0,59,0,0.019235384,0,6.28.1,None,0,411,411,122,0,165,4,0,0,0,0,16.312058823529412,0,82,0,45.767705882352935,0,0,0,25,0,0,0,0,0,0,0,0,0,0,None,0,0,0.315,0,0,0,49.62931372549019,1,0,22/02/2025 20:09,0,0,0
67,0,0,0,0,0,0,0,22/02/2025 20:15,0,1,0,0,16.98519230769231,0,0,0,419,38,2.086076923076923,0,0,0,0.030478,2,0,0,0,0,0,0,0,Success,0,0,0,0,0,0,0,5.471227376,None,22/02/2025 20:20,6.28.1,0,262,0,2025-02-22 N,22/02/2025 20:22,None,0,0,322,1,0,57,0,0.046615449,0,6.28.1,None,0,419,419,121,0,165,5,0,0,0,0,16.98519230769231,0,95,0,45.88134615384615,0,0,0,26,0,0,0,0,0,0,0,0,0,0,None,0,0,0.304,0,0,0,50.05180769230769,1,0,22/02/2025 20:16,0,0,0
107,0,0,0,0,0,0,0,22/02/2025 20:22,0,1,0,0,17.230188679245284,0,0,0,473,39,1.9675849056603774,0,0,0,0.029731,2,0,0,0,0,0,0,0,Success,0,0,0,0,0,0,0,5.54722345,None,22/02/2025 20:28,6.28.1,0,304,0,2025-02-22 N,22/02/2025 20:30,None,0,0,340,1,0,97,0,0.068359345,0,6.28.1,None,0,473,473,106,0,165,5,0,0,0,0,17.230188679245284,0,112,0,45.98430188679246,0,0,0,27,0,0,0,0,0,0,0,0,0,0,None,0,0,0.324,0,0,0,47.249339622641514,1,0,22/02/2025 20:23,0,0,0
65,0,0,0,0,0,0,0,22/02/2025 20:30,0,1,0,0,17.75451923076923,0,0,0,385,39,2.8030576923076924,0,0,0,0.036519,2,0,0,0,0,0,0,0,Success,0,0,0,0,0,0,0,5.635372215,None,22/02/2025 20:35,6.28.1,0,220,0,2025-02-22 N,22/02/2025 20:36,None,0,0,321,1,0,55,0,0.02236068,0,6.28.1,None,0,385,385,92,0,165,5,0,0,0,0,17.75451923076923,0,84,0,47.20148076923077,0,0,0,26,0,0,0,0,0,0,0,0,0,0,None,0,0,0.348,0,0,0,46.370250000000006,1,0,22/02/2025 20:31,0,0,0
64,0,0,0,0,0,0,0,22/02/2025 20:36,0,1,0,0,18.031132075471696,0,0,0,399,39,2.8930943396226416,0,0,0,0.036304,2,0,0,0,0,0,0,0,Success,0,0,0,0,0,0,0,5.623822721,None,22/02/2025 20:41,6.28.1,0,234,0,2025-02-22 N,22/02/2025 20:43,None,0,0,313,1,0,54,0,0.038470768,0,6.28.1,None,0,399,399,105,0,165,5,0,0,0,0,18.031132075471696,0,86,0,47.777,0,0,0,27,0,0,0,0,0,0,0,0,0,0,None,0,0,0.344,0,0,0,46.44075471698113,1,0,22/02/2025 20:38,0,0,0
67,0,0,0,0,0,0,0,22/02/2025 20:43,0,1,0,0,17.217115384615383,0,0,0,403,40,2.898519230769231,0,0,0,0.036382,2,0,0,0,0,0,0,0,Success,0,0,0,0,0,0,0,5.528241945,None,22/02/2025 20:48,6.28.1,0,236,0,2025-02-22 N,22/02/2025 20:49,None,0,0,321,1,0,56,0,0.030083218,0,6.28.1,None,0,403,403,110,0,165,5,0,0,0,0,17.217115384615383,0,82,0,46.70313461538462,0,0,0,26,0,0,0,0,0,0,0,0,0,0,None,0,0,0.341,0,0,0,48.108903846153844,1,0,22/02/2025 20:44,0,0,0
69,0,0,0,0,0,0,0,22/02/2025 20:49,0,2,0,0,17.20294117647059,0,0,0,482,39,1.9777450980392155,0,0,0,0.024807,2,0,0,0,0,0,0,0,Success,0,0,0,0,0,0,0,5.411542294,None,22/02/2025 20:56,6.28.1,0,316,0,2025-02-22 N,22/02/2025 20:57,None,0,0,352,1,0,59,0,0.050358713,0,6.28.1,None,0,482,482,126,0,165,5,0,0,0,0,17.20294117647059,0,131,0,45.40582352941177,0,0,0,26,0,0,0,0,0,0,0,0,0,0,None,0,0,0.337,0,0,0,45.56009803921569,1,0,22/02/2025 20:51,0,0,0
69,0,0,0,0,0,0,0,22/02/2025 20:57,0,1,0,0,17.965588235294117,0,0,0,424,57,2.1204705882352943,0,0,0,0.026423,2,0,0,0,58,0,0,0,Success,0,0,0,0,0,0,0,5.41338166,None,22/02/2025 21:04,6.28.1,0,289,0,2025-02-22 N,22/02/2025 21:05,None,0,0,346,1,0,59,0,0.033541019,0,6.28.1,None,0,482,482,137,0,165,6,0,0,0,0,17.965588235294117,0,106,0,45.313352941176475,0,0,0,27,0,0,0,0,0,0,0,0,0,0,None,0,0,0.336,0,0,0,45.13047058823529,1,0,22/02/2025 20:59,0,0,0
0,0,0,0,0,0,0,0,22/02/2025 21:05,0,0,0,0,15.128235294117646,0,0,0,0,173,3.617058823529412,0,0,0,0.044749,0,0,0,0,328,0,0,0,Success,0,0,0,0,0,0,0,5.549289864,None,22/02/2025 21:18,6.28.1,0,205,0,2025-02-22 N,22/02/2025 21:21,None,0,0,0,1,0,0,610,0.21681559,0,6.28.1,None,0,938,938,0,0,165,9,0,0,0,0,15.128235294117646,0,0,0,44.37931372549019,0,0,0,0,0,0,0,0,0,0,0,0,0,0,None,0,0,0.367,0,0,0,55.59749019607843,1,0,22/02/2025 21:14,0,0,1
0,0,0,0,0,0,0,0,22/02/2025 21:21,0,0,0,0,15.344361702127658,0,0,0,0,41,3.5841063829787236,0,0,0,0.040556,0,0,0,0,474,0,0,0,Success,0,0,0,0,0,0,0,5.544176945,None,22/02/2025 21:29,6.28.1,0,412,0,2025-02-22 N,22/02/2025 21:31,None,0,0,0,1,0,0,96,0.18744866,0,6.28.1,None,0,570,570,0,0,165,6,0,0,0,0,15.344361702127658,0,0,0,44.124914893617024,0,0,0,0,0,0,0,0,0,0,0,0,0,0,None,0,0,0.346,0,0,0,54.570404255319154,1,0,22/02/2025 21:23,0,0,1
0,0,0,0,0,0,0,0,22/02/2025 21:31,0,0,0,0,10.414,0,0,522,0,129,3.1481333333333335,0,0,0,0.017369,0,0,0,0,1757,0,0,0,Success,0,0,0,0,0,0,0,5.498956356,None,22/02/2025 22:12,6.28.1,0,1670,0,2025-02-22 N,22/02/2025 22:23,None,0,994,0,1,0,0,385,0.128316017,0,6.28.1,None,0,3136,2142,0,0,165,20,0,0,0,0,10.414,0,0,0,38.08486666666667,0,0,0,0,0,0,0,0,0,0,0,0,0,0,None,0,0,0.305,0,0,0,59.42586666666667,1,0,22/02/2025 21:44,0,0,1
71,0,0,0,0,0,0,0,22/02/2025 22:23,0,1,0,0,13.872980769230768,0,0,457,543,39,2.684480769230769,0,0,0,0.033902,2,0,0,0,1044,0,0,0,Success,0,0,0,0,0,0,0,5.492765879,None,22/02/2025 23:08,6.28.1,0,270,0,2025-02-22 N,22/02/2025 23:09,None,0,1132,7403,1,0,61,46,0.131217377,0,6.28.1,None,0,2765,1633,185,0,165,5,0,0,0,0,13.872980769230768,0,35,0,41.963230769230776,0,0,0,26,0,0,0,0,0,0,0,0,0,0,None,0,0,0.34,0,0,0,58.612269230769236,1,0,22/02/2025 23:03,0,0,0
69,0,0,0,0,0,0,0,22/02/2025 23:09,0,1,0,0,13.881176470588237,0,0,0,432,39,2.6439803921568625,0,0,0,0.032599,2,0,0,0,0,0,0,0,Success,0,0,0,0,0,0,0,5.47792196,None,22/02/2025 23:15,6.28.1,0,275,0,2025-02-22 N,22/02/2025 23:16,None,0,0,401,1,0,59,0,0.054561891,0,6.28.1,None,0,432,432,190,0,165,5,0,0,0,0,13.881176470588237,0,37,0,42.21970588235294,0,0,0,26,0,0,0,0,0,0,0,0,0,0,None,0,0,0.358,0,0,0,57.671882352941175,1,0,22/02/2025 23:10,0,0,0
116,0,0,0,0,0,0,0,22/02/2025 23:16,0,1,0,0,15.99173076923077,0,0,0,433,38,2.470038461538462,0,0,0,0.035075,2,0,0,0,0,0,0,0,Success,0,0,0,0,0,0,0,5.446000551,None,22/02/2025 23:22,6.28.1,0,283,0,2025-02-22 N,22/02/2025 23:23,None,0,0,351,1,0,106,0,0.015231546,0,6.28.1,None,0,433,433,104,0,165,5,0,0,0,0,15.99173076923077,0,83,0,44.00051923076923,0,0,0,26,0,0,0,0,0,0,0,0,0,0,None,0,0,0.339,0,0,0,57.21551923076923,1,0,22/02/2025 23:17,0,0,0
69,0,0,0,0,0,0,0,22/02/2025 23:23,0,1,0,0,14.146442307692308,0,0,0,436,39,2.4315384615384614,0,0,0,0.031019,2,0,0,0,0,0,0,0,Success,0,0,0,0,0,0,0,5.489441684,None,22/02/2025 23:29,6.28.1,0,285,0,2025-02-22 N,22/02/2025 23:31,None,0,0,384,1,0,59,0,0.089358827,0,6.28.1,None,0,436,436,187,0,165,4,0,0,0,0,14.146442307692308,0,49,0,42.44126923076923,0,0,0,27,0,0,0,0,0,0,0,0,0,0,None,0,0,0.359,0,0,0,57.28598076923077,1,0,22/02/2025 23:25,0,0,0
66,0,0,0,0,0,0,0,22/02/2025 23:31,0,1,0,0,15.872884615384615,0,0,0,369,39,2.8799615384615387,0,0,0,0.04081,2,0,0,0,0,0,0,0,Success,0,0,0,0,0,0,0,5.505080744,None,22/02/2025 23:36,6.28.1,0,212,0,2025-02-22 N,22/02/2025 23:37,None,0,0,294,1,0,56,0,0.047707442,0,6.28.1,None,0,369,369,91,0,165,4,0,0,0,0,15.872884615384615,0,74,0,43.587057692307695,0,0,0,26,0,0,0,0,0,0,0,0,0,0,None,0,0,0.368,0,0,0,57.1085,1,0,22/02/2025 23:32,0,0,0
246,0,0,0,0,0,0,0,22/02/2025 23:37,0,2,0,0,13.945108695652175,0,0,0,969,38,2.5064347826086957,0,0,0,0.033501,3,0,0,0,521,0,0,0,Success,0,0,0,0,0,0,0,5.20660542,None,23/02/2025 00:05,6.28.1,0,1592,0,2025-02-22 N,23/02/2025 00:06,None,0,260,1715,1,0,236,0,0.047634021,0,6.28.1,None,0,1750,1490,438,0,165,5,0,0,0,0,13.945108695652175,0,39,0,40.597521739130435,0,0,0,26,0,0,0,0,0,0,0,0,0,0,None,0,0,0.341,0,0,0,58.35771739130435,1,0,22/02/2025 23:38,0,0,0
69,0,0,0,0,0,0,0,23/02/2025 00:06,0,1,0,0,14.7147,0,0,0,441,39,2.2879400000000003,0,0,0,0.030084,2,0,0,0,0,0,0,0,Success,0,0,0,0,0,0,0,5.272593479,None,23/02/2025 00:12,6.28.1,0,282,0,2025-02-22 N,23/02/2025 00:13,None,0,0,391,1,0,58,0,0.020124612,0,6.28.1,None,0,441,441,187,0,165,5,0,0,0,0,14.7147,0,47,0,43.544520000000006,0,0,0,26,0,0,0,0,0,0,0,0,0,0,None,0,0,0.329,0,0,0,55.12104,1,0,23/02/2025 00:07,0,0,0
71,0,0,0,0,0,0,0,23/02/2025 00:13,0,1,0,0,15.570882352941176,0,0,0,467,39,1.9407254901960784,0,0,0,0.027591,2,0,0,0,0,0,0,0,Success,0,0,0,0,0,0,0,5.373837549,None,23/02/2025 00:20,6.28.1,0,309,0,2025-02-22 N,23/02/2025 00:21,None,0,0,401,1,0,61,0,0.007071068,0,6.28.1,None,0,467,467,193,0,165,5,0,0,0,0,15.570882352941176,0,66,0,44.67137255,0,0,0,26,0,0,0,0,0,0,0,0,0,0,None,0,0,0.358,0,0,0,57.28713725490196,1,0,23/02/2025 00:15,0,0,0
72,0,0,0,0,0,0,0,23/02/2025 00:39,0,1,0,0,17.70820754716981,0,0,0,463,39,1.9801509433962265,0,0,0,0.028668,2,0,0,0,0,0,0,0,Success,0,0,0,0,0,0,0,5.599203336,None,23/02/2025 00:46,6.28.1,0,300,0,2025-02-22 N,23/02/2025 00:47,None,0,0,402,1,0,62,0,0.041785165,0,6.28.1,None,0,463,463,184,0,165,5,0,0,0,0,17.70820754716981,0,66,0,42.08081132075471,0,0,0,26,0,0,0,0,0,0,0,0,0,0,None,0,0,0.326,0,0,0,39.33626415,1,0,23/02/2025 00:41,0,0,0
67,0,0,0,0,0,0,0,23/02/2025 00:47,0,1,0,0,18.085188679245285,0,0,0,422,39,2.0229811320754716,0,0,0,0.028704,2,0,0,0,0,0,0,0,Success,0,0,0,0,0,0,0,5.546328786,None,23/02/2025 00:53,6.28.1,0,263,0,2025-02-22 N,23/02/2025 00:54,None,0,0,330,1,0,57,0,0.056035703,0,6.28.1,None,0,422,422,123,0,165,4,0,0,0,0,18.085188679245285,0,94,0,43.60339622641509,0,0,0,26,0,0,0,0,0,0,0,0,0,0,None,0,0,0.346,0,0,0,41.62430188679246,1,0,23/02/2025 00:49,0,0,0
64,0,0,0,0,0,0,0,23/02/2025 00:54,0,1,0,0,19.219528301886793,0,0,0,409,39,2.2241320754716982,0,0,0,0.032109,2,0,0,0,0,0,0,0,Success,0,0,0,0,0,0,0,5.516652155,None,23/02/2025 01:00,6.28.1,0,250,0,2025-02-22 N,23/02/2025 01:01,None,0,0,299,1,0,54,0,0.02118962,0,6.28.1,None,0,409,409,97,0,165,5,0,0,0,0,19.219528301886793,0,110,0,44.27484905660377,0,0,0,26,0,0,0,0,0,0,0,0,0,0,None,0,0,0.336,0,0,0,39.20737735849057,1,0,23/02/2025 00:56,0,0,0
73,0,0,0,0,0,0,0,23/02/2025 01:01,0,1,0,0,18.66403846153846,0,0,0,489,38,2.0444999999999998,0,0,0,0.027405,2,0,0,0,0,0,0,0,Success,0,0,0,0,0,0,0,5.489051102,None,23/02/2025 01:08,6.28.1,0,310,0,2025-02-22 N,23/02/2025 01:09,None,0,0,403,1,0,63,0,0.05758472,0,6.28.1,None,0,489,489,185,0,165,16,0,0,0,0,18.66403846153846,0,83,0,41.91388461538462,0,0,0,26,0,0,0,0,0,0,0,0,0,0,None,0,0,0.32,0,0,0,41.18846153846154,1,0,23/02/2025 01:03,0,0,0
74,0,0,0,0,0,0,0,23/02/2025 01:09,0,1,0,0,18.977884615384617,0,0,0,487,166,2.4414423076923075,0,0,0,0.03322,2,0,0,0,44,0,0,0,Success,0,0,0,0,0,0,0,5.455334362,None,23/02/2025 01:15,6.28.1,0,242,0,2025-02-22 N,23/02/2025 01:18,None,0,0,299,1,0,64,0,0.047507894,0,6.28.1,None,0,531,531,86,0,165,5,0,0,0,0,18.977884615384617,0,103,0,44.261923076923075,0,0,0,27,0,0,0,0,0,0,0,0,0,0,None,0,0,0.327,0,0,0,50.19915384615385,1,0,23/02/2025 01:11,0,0,0
74,0,0,0,0,0,0,0,23/02/2025 01:18,0,1,0,0,16.02735294117647,0,0,0,603,39,3.3409019607843136,0,0,0,0.044403,2,0,0,0,0,0,0,0,Success,0,0,0,0,0,0,0,5.596099177,None,23/02/2025 01:27,6.28.1,0,243,0,2025-02-22 N,23/02/2025 01:28,None,0,0,694,1,0,64,0,0.085802098,0,6.28.1,None,0,603,603,151,0,165,5,0,0,0,0,16.02735294117647,0,38,0,41.58184314,0,0,0,26,0,0,0,0,0,0,0,0,0,0,None,0,0,0.318,0,0,0,44.26727450980392,1,0,23/02/2025 01:23,0,0,0
74,0,0,0,0,0,0,0,23/02/2025 01:34,0,1,0,0,16.26173076923077,0,0,0,403,39,2.890653846153846,0,0,0,0.040728,2,0,0,0,0,0,0,0,Success,0,0,0,0,0,0,0,5.548202772,None,23/02/2025 01:40,6.28.1,0,250,0,2025-02-22 N,23/02/2025 01:41,None,0,0,319,1,0,64,0,0.033015148,0,6.28.1,None,0,403,403,152,0,165,5,0,0,0,0,16.26173076923077,0,45,0,41.68826923076923,0,0,0,26,0,0,0,0,0,0,0,0,0,0,None,0,0,0.318,0,0,0,44.57776923076923,1,0,23/02/2025 01:36,0,0,0
80,0,0,0,0,0,0,0,23/02/2025 01:41,0,1,0,0,16.680865384615384,0,0,0,416,39,2.8741346153846155,0,0,0,0.042489,2,0,0,0,0,0,0,0,Success,0,0,0,0,0,0,0,5.532620446,None,23/02/2025 01:47,6.28.1,0,263,0,2025-02-22 N,23/02/2025 01:48,None,0,0,372,1,0,70,0,0.027856776,0,6.28.1,None,0,416,416,157,0,165,4,0,0,0,0,16.680865384615384,0,47,0,42.36015384615385,0,0,0,26,0,0,0,0,0,0,0,0,0,0,None,0,0,0.316,0,0,0,46.07130769230769,1,0,23/02/2025 01:42,0,0,0
73,0,0,0,0,0,0,0,23/02/2025 01:48,0,1,0,0,16.504326923076924,0,0,0,403,39,2.9467692307692306,0,0,0,0.042011,2,0,0,0,0,0,0,0,Success,0,0,0,0,0,0,0,5.530095298,None,23/02/2025 01:53,6.28.1,0,247,0,2025-02-22 N,23/02/2025 01:55,None,0,0,361,1,0,63,0,0.030886891,0,6.28.1,None,0,403,403,151,0,165,5,0,0,0,0,16.504326923076924,0,43,0,42.242288461538465,0,0,0,26,0,0,0,0,0,0,0,0,0,0,None,0,0,0.334,0,0,0,45.49544230769231,1,0,23/02/2025 01:49,0,0,0
757,0,0,0,0,0,0,0,23/02/2025 01:55,0,2,0,0,18.6219,0,0,0,1382,39,3.5559600000000002,0,0,0,0.026508,4,0,0,0,0,0,0,0,Success,0,0,0,0,0,0,0,5.505579534,None,23/02/2025 02:16,6.28.1,0,1234,0,2025-02-22 N,23/02/2025 02:18,None,0,0,1288,1,0,747,0,0.045880279,0,6.28.1,None,0,1382,1382,86,0,165,4,0,0,0,0,18.6219,0,95,0,43.6194,0,0,0,27,0,0,0,0,0,0,0,0,0,0,None,0,0,0.331,0,0,0,46.76928,1,0,23/02/2025 01:56,0,0,0
71,0,0,0,0,0,0,0,23/02/2025 02:18,0,1,0,0,16.3309375,0,0,0,448,39,2.6718125,0,0,0,0.034234,2,0,0,0,20,0,0,0,Success,0,0,0,0,0,0,0,5.194833587,None,23/02/2025 02:35,6.28.1,0,265,0,2025-02-22 N,23/02/2025 02:36,None,0,627,1085,1,0,61,27,0.093962759,0,6.28.1,None,0,1122,495,178,0,165,5,0,0,0,0,16.3309375,0,38,0,42.039208333333335,0,0,0,26,0,0,0,0,0,0,0,0,0,0,None,0,0,0.357,0,0,0,44.57414583333334,1,0,23/02/2025 02:31,0,0,0
72,0,0,0,0,0,0,0,23/02/2025 02:36,0,1,0,0,16.5333,0,0,0,460,39,1.9135399999999998,0,0,0,0.027871,2,0,0,0,0,0,0,0,Success,0,0,0,0,0,0,0,5.247751614,None,23/02/2025 02:43,6.28.1,0,302,0,2025-02-22 N,23/02/2025 02:44,None,0,0,397,1,0,62,0,0.038013156,0,6.28.1,None,0,460,460,192,0,165,4,0,0,0,0,16.5333,0,59,0,42.147780000000004,0,0,0,26,0,0,0,0,0,0,0,0,0,0,None,0,0,0.326,0,0,0,45.1209,1,0,23/02/2025 02:38,0,0,0
71,0,0,0,0,0,0,0,23/02/2025 02:44,0,1,0,0,17.265588235294118,0,0,0,474,38,1.8303137254901962,0,0,0,0.025678,2,0,0,0,0,0,0,0,Success,0,0,0,0,0,0,0,5.330809788,None,23/02/2025 02:51,6.28.1,0,318,0,2025-02-22 N,23/02/2025 02:52,None,0,0,389,1,0,61,0,0.02915476,0,6.28.1,None,0,474,474,182,0,165,5,0,0,0,0,17.265588235294118,0,85,0,42.538627450980385,0,0,0,26,0,0,0,0,0,0,0,0,0,0,None,0,0,0.34,0,0,0,47.429529411764705,1,0,23/02/2025 02:45,0,0,0
64,0,0,0,0,0,0,0,23/02/2025 02:52,0,1,0,0,19.643653846153846,0,0,0,466,39,1.9761153846153845,0,0,0,0.028396,2,0,0,0,0,0,0,0,Success,0,0,0,0,0,0,0,5.437852058,None,23/02/2025 02:58,6.28.1,0,299,0,2025-02-22 N,23/02/2025 03:00,None,0,0,341,1,0,54,0,0.057982756,0,6.28.1,None,0,466,466,135,0,165,5,0,0,0,0,19.643653846153846,0,120,0,44.292692307692306,0,0,0,26,0,0,0,0,0,0,0,0,0,0,None,0,0,0.352,0,0,0,42.858096153846155,1,0,23/02/2025 02:53,0,0,0
65,0,0,0,0,0,0,0,23/02/2025 03:00,0,1,0,0,21.184326923076924,0,0,0,452,39,2.021692307692308,0,0,0,0.027258,2,0,0,0,0,0,0,0,Success,0,0,0,0,0,0,0,5.446213547,None,23/02/2025 03:06,6.28.1,0,297,0,2025-02-22 N,23/02/2025 03:07,None,0,0,340,1,0,55,0,0.009219545,0,6.28.1,None,0,452,452,133,0,165,4,0,0,0,0,21.184326923076924,0,118,0,44.31036538461539,0,0,0,26,0,0,0,0,0,0,0,0,0,0,None,0,0,0.345,0,0,0,40.844,1,0,23/02/2025 03:01,0,0,0
73,0,0,0,0,0,0,0,23/02/2025 03:15,0,1,0,0,16.69557692307692,0,0,0,455,39,2.1618461538461538,0,0,0,0.03019,2,0,0,0,0,0,0,0,Success,0,0,0,0,0,0,0,5.498558811,None,23/02/2025 03:21,6.28.1,0,294,0,2025-02-22 N,23/02/2025 03:22,None,0,0,397,1,0,63,0,0.061294372,0,6.28.1,None,0,455,455,187,0,165,4,0,0,0,0,16.69557692307692,0,54,0,42.16311538461538,0,0,0,26,0,0,0,0,0,0,0,0,0,0,None,0,0,0.349,0,0,0,39.10817307692308,1,0,23/02/2025 03:16,0,0,0
69,0,0,0,0,0,0,0,23/02/2025 03:22,0,1,0,0,13.837941176470588,0,0,0,461,40,1.5631176470588235,0,0,0,0.028862,2,0,0,0,186,0,0,0,Success,0,0,0,0,0,0,0,5.441721327,None,23/02/2025 03:32,6.28.1,0,489,0,2025-02-22 N,23/02/2025 03:33,None,0,0,545,1,0,58,0,0.045276926,0,6.28.1,None,0,647,647,140,0,165,5,0,0,0,0,13.837941176470588,0,103,0,40.23552941176471,0,0,0,27,0,0,0,0,0,0,0,0,0,0,None,0,0,0.349,0,0,0,42.41170588235294,1,0,23/02/2025 03:24,0,0,0
72,0,0,0,0,0,0,0,23/02/2025 04:58,0,3,0,0,19.254905660377357,0,0,46,2555,41,2.8806037735849057,0,0,0,0.024122,2,0,0,0,266,0,0,0,Success,0,0,0,0,0,0,0,5.654199855,None,23/02/2025 05:50,6.28.1,0,1144,0,2025-02-22 N,23/02/2025 05:51,None,0,349,8139,1,0,62,0,0.064202804,0,6.28.1,None,0,3170,2821,232,0,165,10,0,0,0,0,19.254905660377357,0,110,0,43.70381132075472,0,0,0,29,0,0,0,0,0,0,0,0,0,0,None,0,0,0.399,0,0,0,51.49350943396227,1,0,23/02/2025 05:30,0,0,1
120,0,0,0,0,0,0,0,23/02/2025 05:51,0,1,0,0,17.350882352941177,0,0,0,575,40,3.3848039215686274,0,0,0,0.024474,2,0,0,0,0,0,0,0,Success,0,0,0,0,0,0,0,5.875711787,None,23/02/2025 05:59,6.28.1,0,404,0,2025-02-22 N,23/02/2025 06:00,None,0,0,490,1,0,110,0,0.043462628,0,6.28.1,None,0,575,575,265,0,165,5,0,0,0,0,17.350882352941177,0,41,0,41.18315686274509,0,0,0,27,0,0,0,0,0,0,0,0,0,0,None,0,0,0.398,0,0,0,42.17315686,1,0,23/02/2025 05:52,0,0,1
68,0,0,0,0,0,0,0,23/02/2025 06:00,0,1,0,0,18.78375,0,0,0,460,39,2.4875000000000003,0,0,0,0.026207,2,0,0,0,0,0,0,0,Success,0,0,0,0,0,0,0,5.812110976,None,23/02/2025 06:07,6.28.1,0,299,0,2025-02-23 D,23/02/2025 06:08,None,0,0,405,1,0,58,0,0.032649656,0,6.28.1,None,0,460,460,149,0,165,5,0,0,0,0,18.78375,0,102,0,43.866125000000004,0,0,0,26,0,0,0,0,0,0,0,0,0,0,None,0,0,0.354,0,0,0,42.11807142857143,1,0,23/02/2025 06:02,0,0,1
73,0,0,0,0,0,0,0,23/02/2025 06:15,0,1,0,0,16.644272727272725,0,0,0,423,40,2.5990363636363636,0,0,0,0.038118,2,0,0,0,0,0,0,0,Success,0,0,0,0,0,0,0,5.838879773,None,23/02/2025 06:21,6.28.1,0,262,0,2025-02-23 D,23/02/2025 06:22,None,0,0,370,1,0,63,0,0.035171011,0,6.28.1,None,0,423,423,157,0,165,5,0,0,0,0,16.644272727272725,0,54,0,42.324200000000005,0,0,0,27,0,0,0,0,0,0,0,0,0,0,None,0,0,0.351,0,0,0,44.40418181818182,1,0,23/02/2025 06:17,0,0,1
73,0,0,0,0,0,0,0,23/02/2025 06:22,0,1,0,0,16.776,0,0,0,440,39,2.608527272727273,0,0,0,0.035897,2,0,0,0,0,0,0,0,Success,0,0,0,0,0,0,0,5.811192477,None,23/02/2025 06:29,6.28.1,0,277,0,2025-02-23 D,23/02/2025 06:30,None,0,0,386,1,0,63,0,0.058137767,0,6.28.1,None,0,440,440,173,0,165,5,0,0,0,0,16.776,0,53,0,41.97869090909091,0,0,0,27,0,0,0,0,0,0,0,0,0,0,None,0,0,0.356,0,0,0,40.30638181818182,1,0,23/02/2025 06:24,0,0,1
74,0,0,0,0,0,0,0,23/02/2025 06:30,0,1,0,0,16.91138888888889,0,0,0,427,40,2.5893518518518515,0,0,0,0.036817,2,0,0,0,0,0,0,0,Success,0,0,0,0,0,0,0,5.766247133,None,23/02/2025 06:36,6.28.1,0,270,0,2025-02-23 D,23/02/2025 06:37,None,0,0,363,1,0,63,0,0.026925824,0,6.28.1,None,0,427,427,155,0,165,4,0,0,0,0,16.91138888888889,0,63,0,41.94488888888889,0,0,0,26,0,0,0,0,0,0,0,0,0,0,None,0,0,0.328,0,0,0,41.12653703703704,1,0,23/02/2025 06:31,0,0,1
68,0,0,0,0,0,0,0,23/02/2025 06:37,0,1,0,0,17.515090909090908,0,0,0,635,40,1.9952181818181818,0,0,0,0.027319,2,0,0,0,0,0,0,0,Success,0,0,0,0,0,0,0,5.815740795,None,23/02/2025 06:46,6.28.1,0,288,0,2025-02-23 D,23/02/2025 06:47,None,0,0,527,1,0,58,0,0.028442925,0,6.28.1,None,0,635,635,150,0,165,16,0,0,0,0,17.515090909090908,0,105,0,43.5718,0,0,0,27,0,0,0,0,0,0,0,0,0,0,None,0,0,0.344,0,0,0,44.72172727272728,1,0,23/02/2025 06:41,0,0,1
75,0,0,0,0,0,0,0,23/02/2025 06:47,0,1,0,0,15.67701923076923,0,0,0,479,39,2.6649423076923076,0,0,0,0.031034,2,0,0,0,0,0,0,0,Success,0,0,0,0,0,0,0,5.686175604,None,23/02/2025 06:54,6.28.1,0,302,0,2025-02-23 D,23/02/2025 06:55,None,0,0,423,1,0,65,0,0.030364453,0,6.28.1,None,0,479,479,202,0,165,15,0,0,0,0,15.67701923076923,0,57,0,41.610807692307695,0,0,0,26,0,0,0,0,0,0,0,0,0,0,None,0,0,0.322,0,0,0,44.56061538461539,1,0,23/02/2025 06:49,0,0,1
80,0,0,0,0,0,0,0,23/02/2025 06:55,0,1,0,0,18.927777777777777,0,0,0,483,345,2.8625740740740744,0,0,0,0.036504,2,0,0,0,0,0,0,0,Success,0,0,0,0,0,0,0,5.721901257,None,23/02/2025 07:02,6.28.1,0,325,0,2025-02-23 D,23/02/2025 07:09,None,0,374,425,1,0,80,0,0.044384682,0,6.28.1,None,0,792,418,170,0,165,5,0,0,0,0,18.927777777777777,0,88,0,44.11877777777778,0,0,0,20,0,0,0,0,0,0,0,0,0,0,None,0,0,0.337,0,0,0,44.250907407407404,1,0,23/02/2025 06:57,0,0,1
242,0,0,0,0,0,0,0,23/02/2025 07:09,0,2,0,0,17.139411764705883,0,0,0,635,39,3.231823529411765,0,0,0,0.029702,3,0,0,0,0,0,0,0,Success,0,0,0,0,0,0,0,5.635370085,None,23/02/2025 07:18,6.28.1,0,475,0,2025-02-23 D,23/02/2025 07:19,None,0,635,827,1,0,232,0,0.063031738,0,6.28.1,None,0,635,0,150,0,165,5,0,0,0,0,17.139411764705883,0,80,0,42.59531372549019,0,0,0,26,0,0,0,0,0,0,0,0,0,0,None,0,0,0.323,0,0,0,43.79849019607843,1,0,23/02/2025 07:10,0,0,1
115,0,0,0,0,0,0,0,23/02/2025 07:19,0,1,0,0,9.203333333333333,0,0,0,582,39,3.8824444444444444,0,0,0,0.034788,2,0,0,0,14,0,0,0,Success,0,0,0,0,0,0,0,5.632921977,None,23/02/2025 07:34,6.28.1,0,776,0,2025-02-23 D,23/02/2025 07:35,None,0,461,772,1,0,105,0,0.024351591,0,6.28.1,None,0,937,476,197,0,165,5,0,0,0,0,9.203333333333333,0,51,0,37.541111111111114,0,0,0,26,0,0,0,0,0,0,0,0,0,0,None,0,0,0.334,0,0,0,42.11711111111111,1,0,23/02/2025 07:21,0,0,1
71,0,0,0,0,0,0,0,23/02/2025 07:42,0,1,0,0,16.32622641509434,0,0,0,416,39,2.613283018867924,0,0,0,0.036131,2,0,0,0,0,0,0,0,Success,0,0,0,0,0,0,0,5.673123478,None,23/02/2025 07:48,6.28.1,0,264,0,2025-02-23 D,23/02/2025 07:49,None,0,0,369,1,0,61,0,0.024413111,0,6.28.1,None,0,416,416,162,0,165,4,0,0,0,0,16.32622641509434,0,51,0,42.386981132075476,0,0,0,26,0,0,0,0,0,0,0,0,0,0,None,0,0,0.349,0,0,0,41.18049056603773,1,0,23/02/2025 07:44,0,0,1
72,0,0,0,0,0,0,0,23/02/2025 07:49,0,1,0,0,16.44638888888889,0,0,0,444,39,2.411277777777778,0,0,0,0.034227,2,0,0,0,0,0,0,0,Success,0,0,0,0,0,0,0,5.719390877,None,23/02/2025 07:55,6.28.1,0,279,0,2025-02-23 D,23/02/2025 07:57,None,0,0,385,1,0,62,0,0.053851648,0,6.28.1,None,0,444,444,171,0,165,5,0,0,0,0,16.44638888888889,0,57,0,41.90487037037037,0,0,0,26,0,0,0,0,0,0,0,0,0,0,None,0,0,0.343,0,0,0,42.04694444444444,1,0,23/02/2025 07:51,0,0,1
26,0,0,0,0,0,0,0,23/02/2025 07:57,0,1,0,0,16.72888888888889,0,0,0,450,190,2.614462962962963,0,0,0,0,0,0,0,0,0,0,0,0,Fail,0,0,0,0,0,0,0,3.06781502,None,23/02/2025 08:00,6.28.1,0,146,0,2025-02-23 D,23/02/2025 08:04,None,0,0,366,1,0,0,0,0.022472205,0,6.28.1,None,0,450,450,162,0,165,4,0,0,0,0,16.72888888888889,0,58,0,41.99564814814815,0,0,0,27,0,0,0,0,0,0,0,0,0,0,None,0,0,-2.354,0,0,0,40.36238888888889,0,0,23/02/2025 07:58,0,0,1
73,0,0,0,0,0,0,0,23/02/2025 08:31,0,1,0,0,16.27896226415094,0,0,0,853,39,2.5623773584905662,0,0,0,0.037096,2,0,0,0,260,0,0,0,Success,0,0,0,0,0,0,0,5.618213417,None,23/02/2025 08:40,6.28.1,0,265,0,2025-02-23 D,23/02/2025 08:50,None,0,0,1765,1,0,63,0,4.084504376,0,6.28.1,None,0,1113,1113,148,0,165,3,0,0,0,0,16.27896226415094,0,60,0,42.098283018867924,0,0,0,26,0,0,0,0,0,0,0,0,0,0,None,0,0,0.334,0,0,0,41.72341509433962,1,0,23/02/2025 08:36,0,0,1
0,0,0,0,0,0,0,0,23/02/2025 08:50,0,0,0,0,16.687924528301888,0,0,0,180,417,2.712622641509434,0,0,0,0.039045,0,0,0,0,998,0,0,0,Success,0,0,0,0,0,0,0,5.589333055,None,23/02/2025 09:00,6.28.1,0,262,0,2025-02-23 D,23/02/2025 09:09,None,0,0,0,1,0,0,0,3.841321908,0,6.28.1,None,0,1178,1178,10,0,165,11,0,0,0,0,16.687924528301888,0,0,0,41.679018867924526,0,0,0,0,0,0,0,0,0,0,0,0,0,0,None,0,0,0.339,0,0,0,40.594,1,0,23/02/2025 08:56,0,0,0
74,0,0,0,0,0,0,0,23/02/2025 09:09,0,1,0,0,16.5825,0,0,0,440,39,2.2292222222222224,0,0,0,0.034031,2,0,0,0,0,0,0,0,Success,0,0,0,0,0,0,0,5.683433733,None,23/02/2025 09:15,6.28.1,0,277,0,2025-02-23 D,23/02/2025 09:17,None,0,0,2031,1,0,64,0,0.03640055,0,6.28.1,None,0,440,440,165,0,165,5,0,0,0,0,16.5825,0,61,0,41.938833333333335,0,0,0,26,0,0,0,0,0,0,0,0,0,0,None,0,0,0.348,0,0,0,41.471629629629625,1,0,23/02/2025 09:11,0,0,0
64,0,0,0,0,0,0,0,23/02/2025 09:17,0,1,0,0,17.412403846153843,0,0,0,463,39,2.387923076923077,0,0,0,0.032577,2,0,0,0,0,0,0,0,Success,0,0,0,0,0,0,0,5.46521006,None,23/02/2025 09:23,6.28.1,0,237,0,2025-02-23 D,23/02/2025 09:24,None,0,0,360,1,0,54,0,0.067977937,0,6.28.1,None,0,463,463,100,0,165,5,0,0,0,0,17.412403846153843,0,94,0,43.54930769230769,0,0,0,26,0,0,0,0,0,0,0,0,0,0,None,0,0,0.343,0,0,0,42.969019230769234,1,0,23/02/2025 09:19,0,0,1
72,0,0,0,0,0,0,0,23/02/2025 09:24,0,1,0,0,16.103076923076923,0,0,0,461,42,2.207076923076923,0,0,0,0.030293,2,0,0,0,432,0,0,0,Success,0,0,0,0,0,0,0,5.499556891,None,23/02/2025 09:30,6.28.1,0,289,0,2025-02-23 D,23/02/2025 09:39,None,0,0,390,1,0,62,0,0.028999999,0,6.28.1,None,0,893,893,173,0,165,4,0,0,0,0,16.103076923076923,0,64,0,42.11313461538461,0,0,0,26,0,0,0,0,0,0,0,0,0,0,None,0,0,0.357,0,0,0,42.59936538461538,1,0,23/02/2025 09:26,0,0,0
72,0,0,0,0,0,0,0,23/02/2025 09:39,0,1,0,0,15.970384615384615,0,0,0,433,38,2.1053461538461535,0,0,0,0.031944,2,0,0,0,0,0,0,0,Success,0,0,0,0,0,0,0,5.54061197,None,23/02/2025 09:45,6.28.1,0,280,0,2025-02-23 D,23/02/2025 09:46,None,0,0,812,1,0,62,0,0.032557641,0,6.28.1,None,0,433,433,164,0,165,5,0,0,0,0,15.970384615384615,0,66,0,41.99392307692308,0,0,0,26,0,0,0,0,0,0,0,0,0,0,None,0,0,0.333,0,0,0,41.15701923076923,1,0,23/02/2025 09:40,0,0,0
71,0,0,0,0,0,0,0,23/02/2025 09:46,0,1,0,0,15.6503125,0,0,0,516,38,2.2461458333333333,0,0,0,0.032085,2,0,0,0,0,0,0,0,Success,0,0,0,0,0,0,0,5.032697984,None,23/02/2025 09:59,6.28.1,0,626,0,2025-02-23 D,23/02/2025 10:00,None,0,649,788,1,0,61,0,0.071281134,0,6.28.1,None,0,841,192,185,0,165,4,0,0,0,0,15.6503125,0,54,0,41.59004166666667,0,0,0,26,0,0,0,0,0,0,0,0,0,0,None,0,0,0.34,0,0,0,41.2990625,1,0,23/02/2025 09:49,0,0,1
71,0,0,0,0,0,0,0,23/02/2025 10:00,0,1,0,0,15.629375000000001,0,0,0,426,38,2.629166666666667,0,0,0,0.033,2,0,0,0,0,0,0,0,Success,0,0,0,0,0,0,0,5.111889181,None,23/02/2025 10:06,6.28.1,0,263,0,2025-02-23 D,23/02/2025 10:07,None,0,426,384,1,0,61,0,0.029017236,0,6.28.1,None,0,426,0,168,0,165,4,0,0,0,0,15.629375000000001,0,45,0,41.26195833333333,0,0,0,26,0,0,0,0,0,0,0,0,0,0,None,0,0,0.34,0,0,0,39.214354166666666,1,0,23/02/2025 10:02,0,0,0
71,0,0,0,0,0,0,0,23/02/2025 10:07,0,1,0,0,16.512857142857143,0,0,0,444,39,2.095,0,0,0,0.028607,2,0,0,0,0,0,0,0,Success,0,0,0,0,0,0,0,5.188768833,None,23/02/2025 10:14,6.28.1,0,290,0,2025-02-23 D,23/02/2025 10:15,None,0,444,393,1,0,61,0,0.041231056,0,6.28.1,None,0,444,0,189,0,165,4,0,0,0,0,16.512857142857143,0,51,0,41.983551020408164,0,0,0,26,0,0,0,0,0,0,0,0,0,0,None,0,0,0.332,0,0,0,39.44046939,1,0,23/02/2025 10:09,0,0,0
69,0,0,0,0,0,0,0,23/02/2025 10:15,0,1,0,0,15.394468085106382,0,0,0,474,39,2.463127659574468,0,0,0,0.034069,2,0,0,0,0,0,0,0,Success,0,0,0,0,0,0,0,4.950096868,None,23/02/2025 10:22,6.28.1,0,249,0,2025-02-23 D,23/02/2025 10:23,None,0,474,433,1,0,59,0,0.088566359,0,6.28.1,None,0,474,0,161,0,165,4,0,0,0,0,15.394468085106382,0,40,0,40.99229787234042,0,0,0,26,0,0,0,0,0,0,0,0,0,0,None,0,0,0.367,0,0,0,37.70691489361702,1,0,23/02/2025 10:17,0,0,1
70,0,0,0,0,0,0,0,23/02/2025 10:23,0,1,0,0,15.37404255319149,0,0,0,415,39,2.129042553191489,0,0,0,0.030946,2,0,0,0,0,0,0,0,Success,0,0,0,0,0,0,0,4.96992183,None,23/02/2025 10:29,6.28.1,0,265,0,2025-02-23 D,23/02/2025 10:30,None,0,415,381,1,0,60,0,0.01811077,0,6.28.1,None,0,415,0,178,0,165,5,0,0,0,0,15.37404255319149,0,40,0,42.07419149,0,0,0,26,0,0,0,0,0,0,0,0,0,0,None,0,0,0.357,0,0,0,38.34287234042553,1,0,23/02/2025 10:24,0,0,0
72,0,0,0,0,0,0,0,23/02/2025 10:30,0,1,0,0,16.01771739130435,0,0,0,429,38,2.4146304347826084,0,0,0,0.033991,2,0,0,0,7,0,0,0,Success,0,0,0,0,0,0,0,5.033726055,None,23/02/2025 10:37,6.28.1,0,259,0,2025-02-23 D,23/02/2025 10:38,None,0,503,464,1,0,62,0,0.020615528,0,6.28.1,None,0,510,7,166,0,165,5,0,0,0,0,16.01771739130435,0,43,0,41.90828260869565,0,0,0,25,0,0,0,0,0,0,0,0,0,0,None,0,0,0.338,0,0,0,39.481456521739126,1,0,23/02/2025 10:33,0,0,0
69,0,0,0,0,0,0,0,23/02/2025 10:38,0,1,0,0,15.508404255319148,0,0,0,475,38,2.1345531914893616,0,0,0,0.030711,2,0,0,0,0,0,0,0,Success,0,0,0,0,0,0,0,4.895868156,None,23/02/2025 10:45,6.28.1,0,261,0,2025-02-23 D,23/02/2025 10:46,None,0,475,429,1,0,59,0,0.072034714,0,6.28.1,None,0,475,0,166,0,165,4,0,0,0,0,15.508404255319148,0,47,0,41.93829787234042,0,0,0,26,0,0,0,0,0,0,0,0,0,0,None,0,0,0.35,0,0,0,38.35521276595745,1,0,23/02/2025 10:41,0,0,1
69,0,0,0,0,0,0,0,23/02/2025 10:46,0,1,0,0,15.170333333333332,0,0,0,450,38,2.601355555555555,0,0,0,0.028184,2,0,0,0,0,0,0,0,Success,0,0,0,0,0,0,0,4.894499055,None,23/02/2025 10:52,6.28.1,0,283,0,2025-02-23 D,23/02/2025 10:54,None,0,450,401,1,0,59,0,0.013601471,0,6.28.1,None,0,450,0,190,0,165,4,0,0,0,0,15.170333333333332,0,47,0,41.522444444444446,0,0,0,25,0,0,0,0,0,0,0,0,0,0,None,0,0,0.332,0,0,0,39.66815555555556,1,0,23/02/2025 10:48,0,0,0
89,0,0,0,0,0,0,0,23/02/2025 11:05,0,1,0,0,15.46595744680851,0,0,0,573,39,2.9861276595744686,0,0,0,0.040107,2,0,0,0,200,0,0,0,Success,0,0,0,0,0,0,0,5.009128467,None,23/02/2025 11:13,6.28.1,0,258,0,2025-02-23 D,23/02/2025 11:18,None,0,0,702,1,0,79,0,0.042449971,0,6.28.1,None,0,773,773,146,0,165,1,0,0,0,0,15.46595744680851,0,37,0,41.098787234042554,0,0,0,26,0,0,0,0,0,0,0,0,0,0,None,0,0,0.352,0,0,0,36.10468085106383,1,0,23/02/2025 11:09,0,0,1
70,0,0,0,0,0,0,0,23/02/2025 11:18,0,1,0,0,15.278936170212766,0,0,0,407,38,2.328872340425532,0,0,0,0.032294,2,0,0,0,8,0,0,0,Success,0,0,0,0,0,0,0,4.946857993,None,23/02/2025 11:24,6.28.1,0,258,0,2025-02-23 D,23/02/2025 11:25,None,0,0,620,1,0,59,0,0.058051701,0,6.28.1,None,0,415,415,162,0,165,4,0,0,0,0,15.278936170212766,0,48,0,41.23489361702128,0,0,0,25,0,0,0,0,0,0,0,0,0,0,None,0,0,0.338,0,0,0,39.35068085106383,1,0,23/02/2025 11:19,0,0,1
69,0,0,0,0,0,0,0,23/02/2025 11:32,0,1,0,0,15.601304347826087,0,0,236,458,538,2.4550652173913043,0,0,0,0.03254,2,0,0,0,7,0,0,0,Success,0,0,0,0,0,0,0,4.898669615,None,23/02/2025 11:39,6.28.1,0,258,0,2025-02-23 D,23/02/2025 11:48,None,0,516,440,1,0,59,0,0.085070558,0,6.28.1,None,0,981,465,173,0,165,7,0,0,0,0,15.601304347826087,0,40,0,41.58763043478261,0,0,0,26,0,0,0,0,0,0,0,0,0,0,None,0,0,0.351,0,0,0,38.01167391304348,1,0,23/02/2025 11:34,0,0,1
70,0,0,0,0,0,0,0,23/02/2025 11:48,0,1,0,0,15.260454545454547,0,0,2269,550,38,2.396681818181818,0,0,0,0.032991,2,0,0,0,9,0,0,0,Success,0,0,0,0,0,0,0,4.925665336,None,23/02/2025 12:37,6.28.1,0,255,0,2025-02-23 D,23/02/2025 12:40,None,0,3085,3456,1,0,60,0,0.054037024,0,6.28.1,None,0,3094,9,166,0,165,5,0,0,0,0,15.260454545454547,0,40,0,40.951477272727274,0,0,0,25,0,0,0,0,0,0,0,0,0,0,None,0,0,0.369,0,0,0,38.20465909,1,0,23/02/2025 12:33,0,0,0
71,0,0,0,0,0,0,0,23/02/2025 12:40,0,1,0,0,15.46563829787234,0,0,0,555,37,2.804319149,0,0,0,0.038302,2,0,0,0,93,0,0,0,Success,0,0,0,0,0,0,0,4.963161694,None,23/02/2025 12:47,6.28.1,0,243,0,2025-02-23 D,23/02/2025 12:51,None,0,0,552,1,0,61,0,0.116275534,0,6.28.1,None,0,648,648,163,0,165,5,0,0,0,0,15.46563829787234,0,31,0,41.09304255319149,0,0,0,25,0,0,0,0,0,0,0,0,0,0,None,0,0,0.341,0,0,0,37.25402127659574,1,0,23/02/2025 12:43,0,0,1
70,0,0,0,0,0,0,0,23/02/2025 12:51,0,1,0,0,14.614431818181817,0,0,0,415,38,3.2643181818181817,0,0,0,0.037646,2,0,0,0,147,0,0,0,Success,0,0,0,0,0,0,0,5.068646466,None,23/02/2025 12:56,6.28.1,0,238,0,2025-02-23 D,23/02/2025 13:00,None,0,0,553,1,0,60,0,0.053851648,0,6.28.1,None,0,562,562,161,0,165,4,0,0,0,0,14.614431818181817,0,29,0,40.77620454545455,0,0,0,25,0,0,0,0,0,0,0,0,0,0,None,0,0,0.405,0,0,0,36.25622727272727,1,0,23/02/2025 12:52,0,0,0
73,0,0,0,0,0,0,0,23/02/2025 13:18,0,1,0,0,16.077551020408162,0,0,0,422,39,2.5037959183673473,0,0,0,0.030918,2,0,0,0,27,0,0,0,Success,0,0,0,0,0,0,0,5.192137421,None,23/02/2025 13:25,6.28.1,0,275,0,2025-02-23 D,23/02/2025 13:26,None,0,0,970,1,0,63,0,0.068425141,0,6.28.1,None,0,449,449,181,0,165,4,0,0,0,0,16.077551020408162,0,41,0,42.17530612244898,0,0,0,26,0,0,0,0,0,0,0,0,0,0,None,0,0,0.338,0,0,0,39.18697959183674,1,0,23/02/2025 13:20,0,0,1
71,0,0,0,0,0,0,0,23/02/2025 13:26,0,1,0,0,15.710816326530614,0,0,0,443,38,2.755204081632653,0,0,0,0.035631,2,0,0,0,8,0,0,0,Success,0,0,0,0,0,0,0,5.213913118,None,23/02/2025 13:32,6.28.1,0,252,0,2025-02-23 D,23/02/2025 13:33,None,0,0,374,1,0,61,0,0.025298221,0,6.28.1,None,0,451,451,167,0,165,4,0,0,0,0,15.710816326530614,0,34,0,41.44085714285715,0,0,0,26,0,0,0,0,0,0,0,0,0,0,None,0,0,0.331,0,0,0,36.90663265306122,1,0,23/02/2025 13:27,0,0,1
71,0,0,0,0,0,0,0,23/02/2025 13:33,0,1,0,0,15.109591836734694,0,0,0,548,39,3.085448979591837,0,0,0,0.040493,2,0,0,0,81,0,0,0,Success,0,0,0,0,0,0,0,5.281870313,None,23/02/2025 13:40,6.28.1,0,233,0,2025-02-23 D,23/02/2025 13:44,None,0,0,460,1,0,61,0,0.083486526,0,6.28.1,None,0,629,629,141,0,165,4,0,0,0,0,15.109591836734694,0,42,0,41.01004081632653,0,0,0,26,0,0,0,0,0,0,0,0,0,0,None,0,0,0.345,0,0,0,36.76124489795918,1,0,23/02/2025 13:36,0,0,1
72,0,0,0,0,0,0,0,23/02/2025 13:44,0,1,0,0,15.200510204081633,0,0,0,381,38,2.949081632653061,0,0,0,0.038803,2,0,0,0,29,0,0,0,Success,0,0,0,0,0,0,0,5.195800131,None,23/02/2025 13:50,6.28.1,0,238,0,2025-02-23 D,23/02/2025 13:51,None,0,0,546,1,0,62,0,0.031016125,0,6.28.1,None,0,410,410,156,0,165,4,0,0,0,0,15.200510204081633,0,32,0,41.54671428571429,0,0,0,26,0,0,0,0,0,0,0,0,0,0,None,0,0,0.344,0,0,0,37.322326530612244,1,0,23/02/2025 13:46,0,0,1
76,0,0,0,0,0,0,0,23/02/2025 13:51,0,1,0,0,16.325510204081635,0,0,0,413,38,2.8768367346938777,0,0,0,0.03774,2,0,0,0,0,0,0,0,Success,0,0,0,0,0,0,0,5.17659048,None,23/02/2025 13:56,6.28.1,0,253,0,2025-02-23 D,23/02/2025 13:58,None,0,0,380,1,0,66,0,0.050803543,0,6.28.1,None,0,413,413,164,0,165,5,0,0,0,0,16.325510204081635,0,34,0,41.70246939,0,0,0,26,0,0,0,0,0,0,0,0,0,0,None,0,0,0.308,0,0,0,37.43206122,1,0,23/02/2025 13:52,0,0,0
71,0,0,0,0,0,0,0,23/02/2025 13:58,0,1,0,0,15.190102040816328,0,0,0,472,38,2.858816326530612,0,0,0,0.038685,2,0,0,0,0,0,0,0,Success,0,0,0,0,0,0,0,5.270023434,None,23/02/2025 14:04,6.28.1,0,247,0,2025-02-23 D,23/02/2025 14:05,None,0,0,435,1,0,60,0,0.07653104,0,6.28.1,None,0,472,472,161,0,165,4,0,0,0,0,15.190102040816328,0,36,0,41.54436734693878,0,0,0,25,0,0,0,0,0,0,0,0,0,0,None,0,0,0.339,0,0,0,37.78722448979592,1,0,23/02/2025 14:00,0,0,1
75,0,0,0,0,0,0,0,23/02/2025 14:05,0,1,0,0,16.29122448979592,0,0,0,395,38,3.1820612244897957,0,0,0,0.042347,2,0,0,0,0,0,0,0,Success,0,0,0,0,0,0,0,5.1648393,None,23/02/2025 14:11,6.28.1,0,239,0,2025-02-23 D,23/02/2025 14:12,None,0,0,368,1,0,65,0,0.057201399,0,6.28.1,None,0,395,395,156,0,165,4,0,0,0,0,16.29122448979592,0,28,0,41.17224489795918,0,0,0,25,0,0,0,0,0,0,0,0,0,0,None,0,0,0.35,0,0,0,35.836448979591836,1,0,23/02/2025 14:07,0,0,1
78,0,0,0,0,0,0,0,23/02/2025 14:12,0,1,0,0,15.311250000000001,0,0,0,416,39,2.6990416666666666,0,0,0,0.037149,2,0,0,0,0,0,0,0,Success,0,0,0,0,0,0,0,5.160791025,None,23/02/2025 14:18,6.28.1,0,256,0,2025-02-23 D,23/02/2025 14:19,None,0,0,371,1,0,68,0,0.040012498,0,6.28.1,None,0,416,416,161,0,165,5,0,0,0,0,15.311250000000001,0,38,0,41.689479166666665,0,0,0,26,0,0,0,0,0,0,0,0,0,0,None,0,0,0.32,0,0,0,40.02216666666667,1,0,23/02/2025 14:14,0,0,0
78,0,0,0,0,0,0,0,23/02/2025 14:19,0,1,0,0,16.426836734693875,0,0,0,484,38,2.9537346938775513,0,0,0,0.039827,2,0,0,0,0,0,0,0,Success,0,0,0,0,0,0,0,5.310970627,None,23/02/2025 14:26,6.28.1,0,253,0,2025-02-23 D,23/02/2025 14:27,None,0,0,461,1,0,68,0,0.064124878,0,6.28.1,None,0,484,484,163,0,165,4,0,0,0,0,16.426836734693875,0,32,0,41.88838775510204,0,0,0,26,0,0,0,0,0,0,0,0,0,0,None,0,0,0.317,0,0,0,38.30473469387755,1,0,23/02/2025 14:22,0,0,1
11,0,0,0,0,0,0,0,23/02/2025 14:35,0,0,0,0,13.134868421052632,0,0,0,489,40,2.0463684210526316,0,0,0,0.031515,0,0,0,0,0,0,0,0,Success,0,0,0,0,0,0,0,3.965343617,None,23/02/2025 14:52,6.28.1,0,216,0,2025-02-23 D,23/02/2025 14:53,None,0,921,0,1,0,0,0,11.89104306,0,6.28.1,None,0,1067,146,330,0,165,43,0,0,0,0,13.134868421052632,0,0,0,40.06484210526315,0,0,0,25,0,0,0,0,0,0,0,0,0,0,None,0,0,0.356,0,0,0,40.77473684210526,1,0,23/02/2025 14:48,0,0,0
77,0,0,0,0,0,0,0,23/02/2025 14:53,0,1,0,0,15.008000000000001,0,0,0,454,38,3.7382222222222223,0,0,0,0.044087,2,0,0,0,0,0,0,0,Success,0,0,0,0,0,0,0,5.347808804,None,23/02/2025 14:59,6.28.1,0,242,0,2025-02-23 D,23/02/2025 15:00,None,0,454,1490,1,0,66,0,0.040199503,0,6.28.1,None,0,454,0,165,0,165,4,0,0,0,0,15.008000000000001,0,23,0,41.27133333333333,0,0,0,26,0,0,0,0,0,0,0,0,0,0,None,0,0,0.372,0,0,0,37.062155555555556,1,0,23/02/2025 14:55,0,0,0
341,0,0,0,0,0,0,0,23/02/2025 15:00,0,1,0,0,15.316530612244899,0,0,0,866,70,3.131204081632653,0,0,0,0.041085,3,0,0,0,301,0,0,0,Success,0,0,0,0,0,0,0,5.285518423,None,23/02/2025 15:18,6.28.1,0,975,0,2025-02-23 D,23/02/2025 15:20,None,0,814,501,1,0,341,0,0.021633308,0,6.28.1,None,0,1167,353,189,0,165,4,0,0,0,0,15.316530612244899,0,36,0,42.17457142857143,0,0,0,13,0,0,0,0,0,0,0,0,0,0,None,0,0,0.329,0,0,0,36.40973469387755,1,0,23/02/2025 15:02,0,0,0
76,0,0,0,0,0,0,0,23/02/2025 15:20,0,1,0,0,16.456698113207548,0,0,0,490,40,2.7615094339622637,0,0,0,0.037352,2,0,0,0,0,0,0,0,Success,0,0,0,0,0,0,0,5.644049699,None,23/02/2025 15:27,6.28.1,0,268,0,2025-02-23 D,23/02/2025 15:28,None,0,0,1072,1,0,66,0,0.05141984,0,6.28.1,None,0,490,490,164,0,165,5,0,0,0,0,16.456698113207548,0,50,0,42.05950943396226,0,0,0,27,0,0,0,0,0,0,0,0,0,0,None,0,0,0.33,0,0,0,37.04939622641509,1,0,23/02/2025 15:22,0,0,1
84,0,0,0,0,0,0,0,23/02/2025 15:35,0,1,0,0,14.154300000000001,0,0,0,384,40,3.59692,0,0,0,0.050161,2,0,0,0,0,0,0,0,Success,0,0,0,0,0,0,0,5.393024569,None,23/02/2025 15:41,6.28.1,0,231,0,2025-02-23 D,23/02/2025 15:42,None,0,0,345,1,0,73,0,0.04237924,0,6.28.1,None,0,384,384,136,0,165,4,0,0,0,0,14.154300000000001,0,33,0,41.361959999999996,0,0,0,26,0,0,0,0,0,0,0,0,0,0,None,0,0,0.357,0,0,0,36.93662,1,0,23/02/2025 15:37,0,0,0
120,0,0,0,0,0,0,0,23/02/2025 15:42,0,1,0,0,15.938727272727272,0,0,0,531,40,2.955018181818182,0,0,0,0.041029,2,0,0,0,0,0,0,0,Success,0,0,0,0,0,0,0,5.869255234,None,23/02/2025 15:49,6.28.1,0,298,0,2025-02-23 D,23/02/2025 15:51,None,0,0,441,1,0,110,0,0.057140179,0,6.28.1,None,0,531,531,152,0,165,4,0,0,0,0,15.938727272727272,0,48,0,42.08810909090909,0,0,0,27,0,0,0,0,0,0,0,0,0,0,None,0,0,0.382,0,0,0,39.022163636363636,1,0,23/02/2025 15:44,0,0,1
79,0,0,0,0,0,0,0,23/02/2025 15:51,0,1,0,0,15.833365384615385,0,0,0,422,39,2.822307692307692,0,0,0,0.038269,2,0,0,0,0,0,0,0,Success,0,0,0,0,0,0,0,5.629293561,None,23/02/2025 15:56,6.28.1,0,262,0,2025-02-23 D,23/02/2025 15:58,None,0,0,411,1,0,69,0,0.034481879,0,6.28.1,None,0,422,422,148,0,165,4,0,0,0,0,15.833365384615385,0,56,0,41.95975,0,0,0,27,0,0,0,0,0,0,0,0,0,0,None,0,0,0.317,0,0,0,36.80317307692308,1,0,23/02/2025 15:52,0,0,0
75,0,0,0,0,0,0,0,23/02/2025 16:05,0,1,0,0,15.630283018867924,0,0,0,496,39,3.019679245283019,0,0,0,0.037595,2,0,0,0,0,0,0,0,Success,0,0,0,0,0,0,0,5.762206088,None,23/02/2025 16:12,6.28.1,0,269,0,2025-02-23 D,23/02/2025 16:13,None,0,0,463,1,0,65,0,0.073006849,0,6.28.1,None,0,496,496,158,0,165,4,0,0,0,0,15.630283018867924,0,56,0,41.64077358490566,0,0,0,27,0,0,0,0,0,0,0,0,0,0,None,0,0,0.316,0,0,0,38.53305660377358,1,0,23/02/2025 16:07,0,0,1
78,0,0,0,0,0,0,0,23/02/2025 16:13,0,1,0,0,15.942222222222222,0,0,0,427,40,2.853537037037037,0,0,0,0.03914,2,0,0,0,0,0,0,0,Success,0,0,0,0,0,0,0,5.681867475,None,23/02/2025 16:19,6.28.1,0,262,0,2025-02-23 D,23/02/2025 16:20,None,0,0,376,1,0,68,0,0.035468295,0,6.28.1,None,0,427,427,156,0,165,4,0,0,0,0,15.942222222222222,0,49,0,41.57666666666666,0,0,0,27,0,0,0,0,0,0,0,0,0,0,None,0,0,0.345,0,0,0,37.76612962962963,1,0,23/02/2025 16:14,0,0,0
74,0,0,0,0,0,0,0,23/02/2025 16:20,0,1,0,0,15.822115384615385,0,0,0,434,354,2.508942307692308,0,0,0,0.034865,2,0,0,0,178,0,0,0,Success,0,0,0,0,0,0,0,5.497539632,None,23/02/2025 16:26,6.28.1,0,271,0,2025-02-23 D,23/02/2025 16:32,None,0,0,378,1,0,64,129,0.056435804,0,6.28.1,None,0,741,741,165,0,165,4,0,0,0,0,15.822115384615385,0,52,0,42.473461538461535,0,0,0,26,0,0,0,0,0,0,0,0,0,0,None,0,0,0.332,0,0,0,37.562134615384615,1,0,23/02/2025 16:21,0,0,0
642,0,0,0,0,0,0,0,23/02/2025 16:32,0,1,0,0,11.303571428571429,0,0,0,1357,39,2.0139285714285715,0,0,0,0.038376,2,0,0,0,0,0,0,0,Success,0,0,0,0,0,0,0,5.604642718,None,23/02/2025 17:00,6.28.1,0,1251,0,2025-02-23 D,23/02/2025 17:01,None,0,1252,1457,1,0,632,0,0.046647615,0,6.28.1,None,0,1750,498,185,0,165,4,0,0,0,0,11.303571428571429,0,39,0,40.169500000000006,0,0,0,26,0,0,0,0,0,0,0,0,0,0,None,0,0,0.356,0,0,0,38.52514285714285,1,0,23/02/2025 16:39,0,0,1
75,0,0,0,0,0,0,0,23/02/2025 17:01,0,1,0,0,15.897403846153846,0,0,0,425,39,2.5280576923076925,0,0,0,0.035417,2,0,0,0,0,0,0,0,Success,0,0,0,0,0,0,0,5.502545411,None,23/02/2025 17:07,6.28.1,0,265,0,2025-02-23 D,23/02/2025 17:08,None,0,425,948,1,0,65,0,0.043,0,6.28.1,None,0,425,0,167,0,165,13,0,0,0,0,15.897403846153846,0,45,0,42.26923076923077,0,0,0,26,0,0,0,0,0,0,0,0,0,0,None,0,0,0.323,0,0,0,35.57223076923077,1,0,23/02/2025 17:03,0,0,0
76,0,0,0,0,0,0,0,23/02/2025 17:08,0,1,0,0,15.956037735849057,0,0,0,1451,40,2.5559999999999996,0,0,0,0.035569,2,0,0,0,7,0,0,0,Success,0,0,0,0,0,0,0,5.597523292,None,23/02/2025 17:32,6.28.1,0,266,0,2025-02-23 D,23/02/2025 17:33,None,0,1093,1407,1,0,65,0,0.017262677,0,6.28.1,None,0,1458,365,160,0,165,5,0,0,0,0,15.956037735849057,0,54,0,42.33507547169811,0,0,0,27,0,0,0,0,0,0,0,0,0,0,None,0,0,0.344,0,0,0,36.86852830188679,1,0,23/02/2025 17:27,0,0,0
76,0,0,0,0,0,0,0,23/02/2025 17:33,0,1,0,0,16.057075471698113,0,0,0,424,40,2.5247924528301886,0,0,0,0.037173,2,0,0,0,0,0,0,0,Success,0,0,0,0,0,0,0,5.640214624,None,23/02/2025 17:39,6.28.1,0,265,0,2025-02-23 D,23/02/2025 17:40,None,0,0,371,1,0,65,0,0.074632433,0,6.28.1,None,0,424,424,158,0,165,4,0,0,0,0,16.057075471698113,0,54,0,42.00598113207547,0,0,0,26,0,0,0,0,0,0,0,0,0,0,None,0,0,0.321,0,0,0,37.86920754716981,1,0,23/02/2025 17:34,0,0,0
72,0,0,0,0,0,0,0,23/02/2025 17:40,0,1,0,0,16.024528301886793,0,0,0,421,39,2.676320754716981,0,0,0,0.036521,2,0,0,0,0,0,0,0,Success,0,0,0,0,0,0,0,5.620824228,None,23/02/2025 17:46,6.28.1,0,264,0,2025-02-23 D,23/02/2025 17:47,None,0,0,369,1,0,62,0,0.05565968,0,6.28.1,None,0,421,421,163,0,165,5,0,0,0,0,16.024528301886793,0,51,0,41.88088679245283,0,0,0,26,0,0,0,0,0,0,0,0,0,0,None,0,0,0.32,0,0,0,37.04150943396227,1,0,23/02/2025 17:41,0,0,0
78,0,0,0,0,0,0,0,23/02/2025 17:47,0,1,0,0,16.53679245283019,0,0,0,420,40,2.534924528301887,0,0,0,0.036915,2,0,0,0,0,0,0,0,Success,0,0,0,0,0,0,0,5.580658922,None,23/02/2025 17:53,6.28.1,0,267,0,2025-02-23 D,23/02/2025 17:54,None,0,0,370,1,0,68,0,0.042154478,0,6.28.1,None,0,420,420,163,0,165,5,0,0,0,0,16.53679245283019,0,48,0,41.566490566037736,0,0,0,27,0,0,0,0,0,0,0,0,0,0,None,0,0,0.353,0,0,0,35.072415094339625,1,0,23/02/2025 17:48,0,0,0
80,0,0,0,0,0,0,0,23/02/2025 17:54,0,1,0,0,15.64875,0,0,0,403,39,3.2017307692307693,0,0,0,0.044058,2,0,0,0,0,0,0,0,Success,0,0,0,0,0,0,0,5.542499436,None,23/02/2025 17:59,6.28.1,0,249,0,2025-02-23 D,23/02/2025 18:01,None,0,0,361,1,0,70,0,0.017117243,0,6.28.1,None,0,403,403,150,0,165,4,0,0,0,0,15.64875,0,40,0,40.42067307692308,0,0,0,26,0,0,0,0,0,0,0,0,0,0,None,0,0,0.324,0,0,0,38.02738461538461,1,0,23/02/2025 17:55,0,0,0
93,0,0,0,0,0,0,0,23/02/2025 18:01,0,1,0,0,15.330882352941176,0,0,0,488,40,3.1038039215686277,0,0,0,0.034737,2,0,0,0,127,0,0,0,Success,0,0,0,0,0,0,0,5.502765941,None,23/02/2025 18:07,6.28.1,0,282,0,2025-02-23 N,23/02/2025 18:17,None,0,358,385,1,0,83,0,0.022022716,0,6.28.1,None,0,973,615,172,0,165,4,0,0,0,0,15.330882352941176,0,38,0,41.67460784313726,0,0,0,28,0,0,0,0,0,0,0,0,0,0,None,0,0,0.328,0,0,0,41.402509803921575,1,0,23/02/2025 18:02,0,0,0
105,0,0,0,0,0,0,0,23/02/2025 18:17,0,1,0,0,17.873235294117645,0,0,0,869,39,2.424509803921569,0,0,0,0.025131,3,0,0,0,0,0,0,0,Success,0,0,0,0,0,0,0,5.401137843,None,23/02/2025 18:30,6.28.1,0,476,0,2025-02-23 N,23/02/2025 18:31,None,0,0,1314,1,0,95,0,0.042190046,0,6.28.1,None,0,869,869,292,0,165,6,0,0,0,0,17.873235294117645,0,102,0,44.276294117647055,0,0,0,26,0,0,0,0,0,0,0,0,0,0,None,0,0,0.322,0,0,0,46.55786274509804,1,0,23/02/2025 18:22,0,0,0
71,0,0,0,0,0,0,0,23/02/2025 18:31,0,1,0,0,16.50923076923077,0,0,0,451,39,2.307942307692308,0,0,0,0.034634,2,0,0,0,0,0,0,0,Success,0,0,0,0,0,0,0,5.465775791,None,23/02/2025 18:38,6.28.1,0,280,0,2025-02-23 N,23/02/2025 18:39,None,0,0,405,1,0,61,0,0.037107951,0,6.28.1,None,0,451,451,178,0,165,3,0,0,0,0,16.50923076923077,0,51,0,41.98823076923077,0,0,0,26,0,0,0,0,0,0,0,0,0,0,None,0,0,0.363,0,0,0,41.95661538461539,1,0,23/02/2025 18:33,0,0,0
91,0,0,0,0,0,0,0,23/02/2025 18:39,0,1,0,0,16.93029411764706,0,0,0,420,40,3.215588235294118,0,0,0,0.045732,2,0,0,0,0,0,0,0,Success,0,0,0,0,0,0,0,5.433069206,None,23/02/2025 18:45,6.28.1,0,258,0,2025-02-23 N,23/02/2025 18:46,None,0,0,378,1,0,81,0,0.024083189,0,6.28.1,None,0,420,420,147,0,165,4,0,0,0,0,16.93029411764706,0,40,0,41.929980392156864,0,0,0,27,0,0,0,0,0,0,0,0,0,0,None,0,0,0.333,0,0,0,37.39256862745098,1,0,23/02/2025 18:40,0,0,0
105,0,0,0,0,0,0,0,23/02/2025 18:46,0,1,0,0,16.533837209302327,0,0,0,382,37,3.2848372093023253,0,0,0,0.041096,2,0,0,0,0,0,0,0,Success,0,0,0,0,0,0,0,4.622377743,None,23/02/2025 18:51,6.28.1,0,223,0,2025-02-23 N,23/02/2025 18:52,None,0,0,347,1,0,95,0,0.026832816,0,6.28.1,None,0,382,382,96,0,165,4,0,0,0,0,16.533837209302327,0,42,0,42.134720930232554,0,0,0,24,0,0,0,0,0,0,0,0,0,0,None,0,0,0.349,0,0,0,41.69506976744186,1,0,23/02/2025 18:47,0,0,0
66,0,0,0,0,0,0,0,23/02/2025 18:52,0,1,0,0,14.059230769230771,0,0,0,374,38,3.0116923076923077,0,0,0,0.039683,2,0,0,0,0,0,0,0,Success,0,0,0,0,0,0,0,4.164689904,None,23/02/2025 18:57,6.28.1,0,211,0,2025-02-23 N,23/02/2025 18:58,None,0,0,369,1,0,56,0,0.01835756,0,6.28.1,None,0,374,374,151,0,165,5,0,0,0,0,14.059230769230771,0,16,0,39.14433333333333,0,0,0,25,0,0,0,0,0,0,0,0,0,0,None,0,0,0.321,0,0,0,44.59235897435898,1,0,23/02/2025 18:54,0,0,0
71,0,0,0,0,0,0,0,23/02/2025 18:58,0,1,0,0,15.542142857142856,0,0,0,373,37,3.520142857142857,0,0,0,0.043871,2,0,0,0,0,0,0,0,Success,0,0,0,0,0,0,0,4.608263339,None,23/02/2025 19:03,6.28.1,0,219,0,2025-02-23 N,23/02/2025 19:05,None,0,0,350,1,0,61,0,0.05077401,0,6.28.1,None,0,373,373,151,0,165,4,0,0,0,0,15.542142857142856,0,17,0,39.63352380952381,0,0,0,24,0,0,0,0,0,0,0,0,0,0,None,0,0,0.346,0,0,0,44.68604761904762,1,0,23/02/2025 19:00,0,0,0
73,0,0,0,0,0,0,0,23/02/2025 19:05,0,1,0,0,15.657857142857143,0,0,0,391,38,3.2828163265306123,0,0,0,0.042669,2,0,0,0,0,0,0,0,Success,0,0,0,0,0,0,0,5.263092342,None,23/02/2025 19:10,6.28.1,0,234,0,2025-02-23 N,23/02/2025 19:11,None,0,0,355,1,0,62,0,0.037121422,0,6.28.1,None,0,391,391,152,0,165,7,0,0,0,0,15.657857142857143,0,33,0,41.04261224489796,0,0,0,26,0,0,0,0,0,0,0,0,0,0,None,0,0,0.342,0,0,0,40.22765306122449,1,0,23/02/2025 19:06,0,0,0
72,0,0,0,0,0,0,0,23/02/2025 19:11,0,1,0,0,16.1584375,0,0,0,461,39,2.42775,0,0,0,0.029877,2,0,0,0,0,0,0,0,Success,0,0,0,0,0,0,0,5.095158584,None,23/02/2025 19:18,6.28.1,0,306,0,2025-02-23 N,23/02/2025 19:19,None,0,0,407,1,0,62,0,0.051894123,0,6.28.1,None,0,461,461,202,0,165,5,0,0,0,0,16.1584375,0,54,0,41.632958333333335,0,0,0,26,0,0,0,0,0,0,0,0,0,0,None,0,0,0.343,0,0,0,42.102020833333334,1,0,23/02/2025 19:13,0,0,0
65,0,0,0,0,0,0,0,23/02/2025 19:19,0,1,0,0,18.183979591836735,0,0,0,415,39,2.2796326530612245,0,0,0,0.028499,2,0,0,0,0,0,0,0,Success,0,0,0,0,0,0,0,5.176796403,None,23/02/2025 19:25,6.28.1,0,254,0,2025-02-23 N,23/02/2025 19:26,None,0,0,299,1,0,55,0,0.039824616,0,6.28.1,None,0,415,415,98,0,165,5,0,0,0,0,18.183979591836735,0,113,0,44.24018367346938,0,0,0,26,0,0,0,0,0,0,0,0,0,0,None,0,0,0.325,0,0,0,45.57359183673469,1,0,23/02/2025 19:20,0,0,0
75,0,0,0,0,0,0,0,23/02/2025 19:26,0,1,0,0,16.3749,0,0,0,450,39,2.4122399999999997,0,0,0,0.030608,2,0,0,0,0,0,0,0,Success,0,0,0,0,0,0,0,5.294922662,None,23/02/2025 19:32,6.28.1,0,289,0,2025-02-23 N,23/02/2025 19:33,None,0,0,370,1,0,65,0,0.055973207,0,6.28.1,None,0,450,450,158,0,165,4,0,0,0,0,16.3749,0,78,0,41.87114,0,0,0,26,0,0,0,0,0,0,0,0,0,0,None,0,0,0.378,0,0,0,40.50882,1,0,23/02/2025 19:27,0,0,0
93,0,0,0,0,0,0,0,23/02/2025 19:33,0,1,0,0,14.99387755102041,0,0,0,402,39,3.7616326530612243,0,0,0,0.044603,2,0,0,0,0,0,0,0,Success,0,0,0,0,0,0,0,5.37969711,None,23/02/2025 19:39,6.28.1,0,252,0,2025-02-23 N,23/02/2025 19:40,None,0,0,367,1,0,83,0,0.018027757,0,6.28.1,None,0,402,402,143,0,165,4,0,0,0,0,14.99387755102041,0,36,0,40.67330612244898,0,0,0,26,0,0,0,0,0,0,0,0,0,0,None,0,0,0.342,0,0,0,37.71018367346939,1,0,23/02/2025 19:35,0,0,0
72,0,0,0,0,0,0,0,23/02/2025 19:40,0,1,0,0,15.895199999999999,0,0,0,405,39,2.8892399999999996,0,0,0,0.039983,2,0,0,0,0,0,0,0,Success,0,0,0,0,0,0,0,5.31784195,None,23/02/2025 19:46,6.28.1,0,248,0,2025-02-23 N,23/02/2025 19:47,None,0,0,362,1,0,62,0,0.050931326,0,6.28.1,None,0,405,405,153,0,165,4,0,0,0,0,15.895199999999999,0,44,0,41.04712000000001,0,0,0,26,0,0,0,0,0,0,0,0,0,0,None,0,0,0.347,0,0,0,38.22802,1,0,23/02/2025 19:41,0,0,0
81,0,0,0,0,0,0,0,23/02/2025 19:47,0,1,0,0,15.378673469387754,0,0,0,456,40,3.202346939,0,0,0,0.036581,2,0,0,0,0,0,0,0,Success,0,0,0,0,0,0,0,5.300268389,None,23/02/2025 19:53,6.28.1,0,277,0,2025-02-23 N,23/02/2025 19:54,None,0,0,387,1,0,71,0,0.022090722,0,6.28.1,None,0,456,456,161,0,165,5,0,0,0,0,15.378673469387754,0,58,0,41.491244897959184,0,0,0,27,0,0,0,0,0,0,0,0,0,0,None,0,0,0.327,0,0,0,40.47822448979592,1,0,23/02/2025 19:48,0,0,0
73,0,0,0,0,0,0,0,23/02/2025 19:54,0,1,0,0,15.314400000000001,0,0,0,416,39,3.25472,0,0,0,0.044629,2,0,0,0,0,0,0,0,Success,0,0,0,0,0,0,0,5.342119991,None,23/02/2025 20:00,6.28.1,0,254,0,2025-02-23 N,23/02/2025 20:01,None,0,0,384,1,0,63,0,0.023345235,0,6.28.1,None,0,416,416,166,0,165,5,0,0,0,0,15.314400000000001,0,37,0,42.079139999999995,0,0,0,27,0,0,0,0,0,0,0,0,0,0,None,0,0,0.357,0,0,0,36.9619,1,0,23/02/2025 19:56,0,0,0
76,0,0,0,0,0,0,0,23/02/2025 20:01,0,1,0,0,16.115294117647057,0,0,0,832,84,2.544019607843137,0,0,0,0.035338,2,0,0,0,18,0,0,0,Success,0,0,0,0,0,0,0,5.422306797,None,23/02/2025 20:18,6.28.1,0,280,0,2025-02-23 N,23/02/2025 20:20,None,0,970,1004,1,0,66,0,0.052038447,0,6.28.1,None,0,1100,130,175,0,165,5,0,0,0,0,16.115294117647057,0,51,0,42.37405882352942,0,0,0,26,0,0,0,0,0,0,0,0,0,0,None,0,0,0.314,0,0,0,40.80598039215686,1,0,23/02/2025 20:13,0,0,0
96,0,0,0,0,0,0,0,23/02/2025 20:20,0,1,0,0,15.182058823529411,0,0,0,575,39,2.4462745098039216,0,0,0,0.034299,2,0,0,0,0,0,0,0,Success,0,0,0,0,0,0,0,5.36520885,None,23/02/2025 20:28,6.28.1,0,301,0,2025-02-23 N,23/02/2025 20:29,None,0,575,550,1,0,86,0,0.058694122,0,6.28.1,None,0,575,0,181,0,165,5,0,0,0,0,15.182058823529411,0,45,0,42.36864705882353,0,0,0,27,0,0,0,0,0,0,0,0,0,0,None,0,0,0.351,0,0,0,43.11888235294118,1,0,23/02/2025 20:23,0,0,0
75,0,0,0,0,0,0,0,23/02/2025 20:29,0,1,0,0,16.0839,0,0,0,423,39,3.012,0,0,0,0.042252,2,0,0,0,0,0,0,0,Success,0,0,0,0,0,0,0,5.308815499,None,23/02/2025 20:35,6.28.1,0,257,0,2025-02-23 N,23/02/2025 20:36,None,0,423,413,1,0,65,0,0.030413813,0,6.28.1,None,0,423,0,165,0,165,5,0,0,0,0,16.0839,0,39,0,41.437439999999995,0,0,0,26,0,0,0,0,0,0,0,0,0,0,None,0,0,0.34,0,0,0,39.26278,1,0,23/02/2025 20:31,0,0,0
75,0,0,0,0,0,0,0,23/02/2025 20:36,0,1,0,0,15.397040816326532,0,0,0,387,39,3.7368571428571427,0,0,0,0.046353,2,0,0,0,0,0,0,0,Success,0,0,0,0,0,0,0,5.339406053,None,23/02/2025 20:42,6.28.1,0,230,0,2025-02-23 N,23/02/2025 20:43,None,0,387,355,1,0,65,0,0.036891734,0,6.28.1,None,0,387,0,145,0,165,4,0,0,0,0,15.397040816326532,0,31,0,41.42557142857143,0,0,0,26,0,0,0,0,0,0,0,0,0,0,None,0,0,0.337,0,0,0,37.22124489795919,1,0,23/02/2025 20:38,0,0,0
71,0,0,0,0,0,0,0,23/02/2025 21:04,0,1,0,0,15.84375,0,0,0,503,38,1.9739772727272729,0,0,0,0.020896,2,0,0,0,0,0,0,0,Success,0,0,0,0,0,0,0,4.617783992,None,23/02/2025 21:11,6.28.1,0,333,0,2025-02-23 N,23/02/2025 21:12,None,0,503,416,1,0,61,0,0.022022715,0,6.28.1,None,0,503,0,206,0,165,8,0,0,0,0,15.84375,0,81,0,42.55675,0,0,0,26,0,0,0,0,0,0,0,0,0,0,None,0,0,0.374,0,0,0,45.13995454545454,1,0,23/02/2025 21:06,0,0,0
72,0,0,0,0,0,0,0,23/02/2025 21:12,0,1,0,0,14.582045454545455,0,0,0,445,38,2.1895,0,0,0,0.028917,2,0,0,0,0,0,0,0,Success,0,0,0,0,0,0,0,4.619992424,None,23/02/2025 21:19,6.28.1,0,282,0,2025-02-23 N,23/02/2025 21:20,None,0,445,417,1,0,62,0,0.053160135,0,6.28.1,None,0,445,0,200,0,165,4,0,0,0,0,14.582045454545455,0,31,0,41.30652272727273,0,0,0,26,0,0,0,0,0,0,0,0,0,0,None,0,0,0.319,0,0,0,43.07422727272728,1,0,23/02/2025 21:14,0,0,0
76,0,0,0,0,0,0,0,23/02/2025 21:20,0,1,0,0,15.0954,0,0,0,439,39,2.72104,0,0,0,0.035079,2,0,0,0,0,0,0,0,Success,0,0,0,0,0,0,0,5.241849006,None,23/02/2025 21:26,6.28.1,0,273,0,2025-02-23 N,23/02/2025 21:27,None,0,439,393,1,0,65,0,0.029410882,0,6.28.1,None,0,439,0,179,0,165,5,0,0,0,0,15.0954,0,41,0,41.64606,0,0,0,26,0,0,0,0,0,0,0,0,0,0,None,0,0,0.324,0,0,0,41.953059999999994,1,0,23/02/2025 21:21,0,0,0
73,0,0,0,0,0,0,0,23/02/2025 21:27,0,1,0,0,14.761800000000001,0,0,0,436,39,2.44874,0,0,0,0.032601,2,0,0,0,0,0,0,0,Success,0,0,0,0,0,0,0,5.274024365,None,23/02/2025 21:33,6.28.1,0,279,0,2025-02-23 N,23/02/2025 21:34,None,0,436,393,1,0,63,0,0.016763055,0,6.28.1,None,0,436,0,179,0,165,4,0,0,0,0,14.761800000000001,0,48,0,41.34356,0,0,0,26,0,0,0,0,0,0,0,0,0,0,None,0,0,0.344,0,0,0,40.329899999999995,1,0,23/02/2025 21:29,0,0,0
75,0,0,0,0,0,0,0,23/02/2025 21:34,0,1,0,0,14.925,0,0,0,430,40,2.79602,0,0,0,0.038175,2,0,0,0,0,0,0,0,Success,0,0,0,0,0,0,0,5.328238827,None,23/02/2025 21:40,6.28.1,0,260,0,2025-02-23 N,23/02/2025 21:42,None,0,430,380,1,0,65,0,0.016552945,0,6.28.1,None,0,430,0,164,0,165,4,0,0,0,0,14.925,0,42,0,41.3187,0,0,0,27,0,0,0,0,0,0,0,0,0,0,None,0,0,0.344,0,0,0,36.71524,1,0,23/02/2025 21:36,0,0,0
77,0,0,0,0,0,0,0,23/02/2025 21:42,0,1,0,0,15.225588235294117,0,0,0,414,40,3.208176470588235,0,0,0,0.044533,2,0,0,0,0,0,0,0,Success,0,0,0,0,0,0,0,5.373862112,None,23/02/2025 21:47,6.28.1,0,254,0,2025-02-23 N,23/02/2025 21:49,None,0,414,383,1,0,67,0,0.010198039,0,6.28.1,None,0,414,0,159,0,165,5,0,0,0,0,15.225588235294117,0,39,0,40.57576470588236,0,0,0,27,0,0,0,0,0,0,0,0,0,0,None,0,0,0.379,0,0,0,37.378313725490194,1,0,23/02/2025 21:43,0,0,0
75,0,0,0,0,0,0,0,23/02/2025 21:49,0,1,0,0,15.479705882352942,0,0,0,498,149,2.447313725490196,0,0,0,0.031581,2,0,0,0,69,0,0,0,Success,0,0,0,0,0,0,0,5.351723274,None,23/02/2025 21:55,6.28.1,0,293,0,2025-02-23 N,23/02/2025 21:58,None,0,458,410,1,0,65,0,0.01603122,0,6.28.1,None,0,567,109,197,0,165,4,0,0,0,0,15.479705882352942,0,42,0,42.10562745098039,0,0,0,27,0,0,0,0,0,0,0,0,0,0,None,0,0,0.316,0,0,0,38.91598039215686,1,0,23/02/2025 21:50,0,0,0
85,0,0,0,0,0,0,0,23/02/2025 21:58,0,1,0,0,13.249239130434784,0,0,0,480,40,4.04,0,0,0,0.045893,2,0,0,0,0,0,0,0,Success,0,0,0,0,0,0,0,5.308042389,None,23/02/2025 22:05,6.28.1,0,251,0,2025-02-23 N,23/02/2025 22:06,None,0,0,554,1,0,75,0,0.080280757,0,6.28.1,None,0,480,480,159,0,165,5,0,0,0,0,13.249239130434784,0,28,0,40.75786956521739,0,0,0,28,0,0,0,0,0,0,0,0,0,0,None,0,0,0.344,0,0,0,37.59904347826087,1,0,23/02/2025 22:01,0,0,0
109,0,0,0,0,0,0,0,23/02/2025 22:06,0,2,0,0,11.459999999999999,0,0,0,767,41,2.615375,0,0,0,0.037995,2,0,0,0,8,0,0,0,Success,0,0,0,0,0,0,0,5.294831159,None,23/02/2025 22:23,6.28.1,0,915,0,2025-02-23 N,23/02/2025 22:24,None,0,314,1018,1,0,99,0,0.075802375,0,6.28.1,None,0,1089,775,138,0,165,5,0,0,0,0,11.459999999999999,0,72,0,38.534125,0,0,0,28,0,0,0,0,0,0,0,0,0,0,None,0,0,0.288,0,0,0,42.422875,1,0,23/02/2025 22:08,0,0,0
84,0,0,0,0,0,0,0,23/02/2025 22:24,0,1,0,0,17.4807,0,0,0,428,40,3.04168,0,0,0,0.041875,2,0,0,0,0,0,0,0,Success,0,0,0,0,0,0,0,5.331860745,None,23/02/2025 22:30,6.28.1,0,228,0,2025-02-23 N,23/02/2025 22:31,None,0,0,333,1,0,74,0,0.043289722,0,6.28.1,None,0,428,428,83,0,165,5,0,0,0,0,17.4807,0,82,0,44.01756,0,0,0,27,0,0,0,0,0,0,0,0,0,0,None,0,0,0.329,0,0,0,38.88142,1,0,23/02/2025 22:26,0,0,0
73,0,0,0,0,0,0,0,23/02/2025 22:31,0,1,0,0,16.3587,0,0,0,415,40,2.6017,0,0,0,0.034765,2,0,0,0,0,0,0,0,Success,0,0,0,0,0,0,0,5.280592107,None,23/02/2025 22:37,6.28.1,0,235,0,2025-02-23 N,23/02/2025 22:38,None,0,0,349,1,0,63,0,0.023769729,0,6.28.1,None,0,415,415,99,0,165,5,0,0,0,0,16.3587,0,85,0,43.06138,0,0,0,27,0,0,0,0,0,0,0,0,0,0,None,0,0,0.323,0,0,0,40.46996,1,0,23/02/2025 22:33,0,0,0
98,0,0,0,0,0,0,0,23/02/2025 22:38,0,1,0,0,13.449255319148936,0,0,0,504,39,3.5906170212765955,0,0,0,0.04374,2,0,0,0,0,0,0,0,Success,0,0,0,0,0,0,0,5.255745332,None,23/02/2025 22:45,6.28.1,0,256,0,2025-02-23 N,23/02/2025 22:47,None,0,0,433,1,0,88,0,0.021095023,0,6.28.1,None,0,504,504,137,0,165,4,0,0,0,0,13.449255319148936,0,42,0,40.29670212765957,0,0,0,26,0,0,0,0,0,0,0,0,0,0,None,0,0,0.291,0,0,0,38.93202127659575,1,0,23/02/2025 22:41,0,0,0
91,0,0,0,0,0,0,0,23/02/2025 22:47,0,1,0,0,17.028673469387755,0,0,0,414,39,3.1350000000000002,0,0,0,0.038162,2,0,0,0,0,0,0,0,Success,0,0,0,0,0,0,0,5.24708157,None,23/02/2025 22:52,6.28.1,0,256,0,2025-02-23 N,23/02/2025 22:53,None,0,0,377,1,0,81,0,0.045967379,0,6.28.1,None,0,414,414,120,0,165,5,0,0,0,0,17.028673469387755,0,66,0,43.42981632653061,0,0,0,27,0,0,0,0,0,0,0,0,0,0,None,0,0,0.304,0,0,0,38.548755102040815,1,0,23/02/2025 22:48,0,0,0
74,0,0,0,0,0,0,0,23/02/2025 22:53,0,1,0,0,15.471122448979592,0,0,0,428,39,3.1551020408163266,0,0,0,0.042263,2,0,0,0,0,0,0,0,Success,0,0,0,0,0,0,0,5.317651173,None,23/02/2025 22:59,6.28.1,0,252,0,2025-02-23 N,23/02/2025 23:01,None,0,0,389,1,0,64,0,0.011401754,0,6.28.1,None,0,428,428,156,0,165,4,0,0,0,0,15.471122448979592,0,43,0,41.572326530612244,0,0,0,27,0,0,0,0,0,0,0,0,0,0,None,0,0,0.358,0,0,0,36.93293878,1,0,23/02/2025 22:55,0,0,0
76,0,0,0,0,0,0,0,23/02/2025 23:01,0,1,0,0,15.175102040816327,0,0,0,428,40,2.677612244897959,0,0,0,0.037761,2,0,0,0,0,0,0,0,Success,0,0,0,0,0,0,0,5.243914759,None,23/02/2025 23:07,6.28.1,0,266,0,2025-02-23 N,23/02/2025 23:08,None,0,0,380,1,0,66,0,0.030066593,0,6.28.1,None,0,428,428,164,0,165,4,0,0,0,0,15.175102040816327,0,48,0,41.73940816,0,0,0,27,0,0,0,0,0,0,0,0,0,0,None,0,0,0.31,0,0,0,39.021102040816324,1,0,23/02/2025 23:02,0,0,0
74,0,0,0,0,0,0,0,23/02/2025 23:08,0,1,0,0,15.57857142857143,0,0,0,443,39,2.4036734693877553,0,0,0,0.033523,2,0,0,0,0,0,0,0,Success,0,0,0,0,0,0,0,5.222002202,None,23/02/2025 23:14,6.28.1,0,276,0,2025-02-23 N,23/02/2025 23:15,None,0,0,397,1,0,64,0,0.029410883,0,6.28.1,None,0,443,443,176,0,165,5,0,0,0,0,15.57857142857143,0,49,0,41.54736734693877,0,0,0,27,0,0,0,0,0,0,0,0,0,0,None,0,0,0.322,0,0,0,38.46485714285714,1,0,23/02/2025 23:09,0,0,0
69,0,0,0,0,0,0,0,23/02/2025 23:15,0,1,0,0,16.602857142857143,0,0,0,402,40,2.8705510204081635,0,0,0,0.034045,2,0,0,0,0,0,0,0,Success,0,0,0,0,0,0,0,5.199406985,None,23/02/2025 23:21,6.28.1,0,237,0,2025-02-23 N,23/02/2025 23:22,None,0,0,338,1,0,59,0,0.02236068,0,6.28.1,None,0,402,402,131,0,165,4,0,0,0,0,16.602857142857143,0,58,0,43.365857142857145,0,0,0,27,0,0,0,0,0,0,0,0,0,0,None,0,0,0.35,0,0,0,41.635714285714286,1,0,23/02/2025 23:17,0,0,0
75,0,0,0,0,0,0,0,23/02/2025 23:22,0,1,0,0,16.7028,0,0,0,441,40,2.5980399999999997,0,0,0,0.032353,2,0,0,0,0,0,0,0,Success,0,0,0,0,0,0,0,5.232298634,None,23/02/2025 23:28,6.28.1,0,280,0,2025-02-23 N,23/02/2025 23:29,None,0,0,386,1,0,65,0,0.101607086,0,6.28.1,None,0,441,441,165,0,165,5,0,0,0,0,16.7028,0,63,0,42.14594,0,0,0,27,0,0,0,0,0,0,0,0,0,0,None,0,0,0.358,0,0,0,40.99352,1,0,23/02/2025 23:23,0,0,0
72,0,0,0,0,0,0,0,23/02/2025 23:29,0,1,0,0,16.009705882352943,0,0,0,1221,792,1.9562156862745097,0,0,0,0.026795,2,0,0,0,26,0,0,0,Success,0,0,0,0,0,0,0,5.371326652,None,23/02/2025 23:36,6.28.1,0,321,0,2025-02-23 N,23/02/2025 23:50,None,0,0,415,1,0,62,0,0.048918299,0,6.28.1,None,0,1247,1247,202,0,165,9,0,0,0,0,16.009705882352943,0,72,0,41.53262745,0,0,0,26,0,0,0,0,0,0,0,0,0,0,None,0,0,0.356,0,0,0,40.47394117647058,1,0,23/02/2025 23:31,0,0,0
111,0,0,0,0,0,0,0,23/02/2025 23:50,0,1,0,0,17.248800000000003,0,0,1035,716,40,3.7674000000000003,0,0,0,0.04394,2,0,0,0,0,0,0,0,Success,0,0,0,0,0,0,0,5.404497849,None,24/02/2025 00:22,6.28.1,0,240,0,2025-02-23 N,24/02/2025 00:23,None,0,1585,2657,1,0,101,0,0.036769553,0,6.28.1,None,0,1964,379,101,0,165,6,0,0,0,0,17.248800000000003,0,60,0,44.0681,0,0,0,27,0,0,0,0,0,0,0,0,0,0,None,0,0,0.404,0,0,0,39.18322,1,0,24/02/2025 00:18,0,0,0
67,0,0,0,0,0,0,0,24/02/2025 00:23,0,2,0,0,16.5478125,0,0,0,409,39,3.142875,0,0,0,0.031411,2,0,0,0,21,0,0,0,Success,0,0,0,0,0,0,0,5.239780339,None,24/02/2025 00:29,6.28.1,0,258,0,2025-02-23 N,24/02/2025 00:30,None,0,409,326,1,0,57,0,0.048010415,0,6.28.1,None,0,430,21,91,0,165,9,0,0,0,0,16.5478125,0,97,0,43.8361875,0,0,0,26,0,0,0,0,0,0,0,0,0,0,None,0,0,0.367,0,0,0,41.68264583333333,1,0,24/02/2025 00:24,0,0,0
0,0,0,0,0,0,0,0,24/02/2025 00:30,0,0,0,0,15.464411764705883,0,0,0,0,130,2.2161372549019607,0,0,0,0.031482,0,0,0,0,162,0,0,0,Success,0,0,0,0,0,0,0,5.379055865,None,24/02/2025 00:37,6.28.1,0,289,0,2025-02-23 N,24/02/2025 00:39,None,0,81,0,1,0,0,320,0.070064256,0,6.28.1,None,0,563,482,0,0,165,5,0,0,0,0,15.464411764705883,0,0,0,42.16703921568628,0,0,0,0,0,0,0,0,0,0,0,0,0,0,None,0,0,0.348,0,0,0,44.821745098039216,1,0,24/02/2025 00:32,0,0,0
567,0,0,0,0,0,0,0,24/02/2025 00:39,0,2,0,0,11.97264705882353,0,0,56,805,55,4.601382352941177,0,0,0,0.041458,1,0,0,0,827,0,0,0,Success,0,0,0,0,0,0,0,5.336750041,None,24/02/2025 01:06,6.28.1,0,1442,0,2025-02-23 N,24/02/2025 01:09,None,0,56,1875,1,0,33,98,0.027892651,0,6.28.1,None,0,1786,1730,168,0,165,5,0,0,0,0,11.97264705882353,0,59,0,38.836588235294116,0,0,0,0,0,0,0,0,0,0,0,0,0,0,None,0,0,0.388,0,0,0,38.08735294117647,1,0,24/02/2025 00:42,0,0,0
0,0,0,0,0,0,0,0,24/02/2025 01:09,0,0,0,0,14.84204081632653,0,0,0,235,52,2.854510204081633,0,0,0,0.038569,0,0,0,0,348,0,0,0,Success,0,0,0,0,0,0,0,5.262070125,None,24/02/2025 01:22,6.28.1,0,266,0,2025-02-23 N,24/02/2025 01:23,None,0,0,0,1,0,0,253,0.051400389,0,6.28.1,None,0,836,836,0,0,165,5,0,0,0,0,14.84204081632653,0,0,0,40.648265306122454,0,0,0,0,0,0,0,0,0,0,0,0,0,0,None,0,0,0.344,0,0,0,41.621,1,0,24/02/2025 01:17,0,0,0
0,0,0,0,0,0,0,0,24/02/2025 01:23,0,0,0,0,15.519705882352941,0,0,0,122,53,2.383431373,0,0,0,0.032636,0,0,0,0,537,0,0,0,Success,0,0,0,0,0,0,0,5.306640934,None,24/02/2025 01:33,6.28.1,0,439,0,2025-02-23 N,24/02/2025 01:34,None,0,0,0,1,0,0,0,0.197408206,0,6.28.1,None,0,659,659,0,0,165,4,0,0,0,0,15.519705882352941,0,0,0,40.51558823529412,0,0,0,0,0,0,0,0,0,0,0,0,0,0,None,0,0,0.332,0,0,0,42.18258823529411,1,0,24/02/2025 01:25,0,0,0
78,0,0,0,0,0,0,0,24/02/2025 01:41,0,1,0,0,16.658877551020407,0,0,0,428,39,2.836591836734694,0,0,0,0.036351,2,0,0,0,0,0,0,0,Success,0,0,0,0,0,0,0,5.254694663,None,24/02/2025 01:47,6.28.1,0,274,0,2025-02-23 N,24/02/2025 01:48,None,0,0,385,1,0,68,0,0.042579338,0,6.28.1,None,0,428,428,148,0,165,5,0,0,0,0,16.658877551020407,0,69,0,43.477000000000004,0,0,0,27,0,0,0,0,0,0,0,0,0,0,None,0,0,0.334,0,0,0,43.45797959183673,1,0,24/02/2025 01:42,0,0,0
71,0,0,0,0,0,0,0,24/02/2025 01:48,0,1,0,0,15.127142857142857,0,0,0,398,38,2.9998809523809524,0,0,0,0.033258,2,0,0,0,0,0,0,0,Success,0,0,0,0,0,0,0,4.549871537,None,24/02/2025 01:54,6.28.1,0,245,0,2025-02-23 N,24/02/2025 01:55,None,0,0,349,1,0,61,0,0.046754679,0,6.28.1,None,0,398,398,142,0,165,5,0,0,0,0,15.127142857142857,0,53,0,42.03042857142857,0,0,0,26,0,0,0,0,0,0,0,0,0,0,None,0,0,0.345,0,0,0,39.52464285714286,1,0,24/02/2025 01:50,0,0,0
76,0,0,0,0,0,0,0,24/02/2025 02:08,0,1,0,0,14.6898,0,0,0,424,39,2.80116,0,0,0,0.034606,2,0,0,0,0,0,0,0,Success,0,0,0,0,0,0,0,5.27955661,None,24/02/2025 02:14,6.28.1,0,266,0,2025-02-23 N,24/02/2025 02:15,None,0,0,412,1,0,66,0,0.055758408,0,6.28.1,None,0,424,424,193,0,165,5,0,0,0,0,14.6898,0,19,0,41.05988,0,0,0,26,0,0,0,0,0,0,0,0,0,0,None,0,0,0.35,0,0,0,39.81322,1,0,24/02/2025 02:10,0,0,0
76,0,0,0,0,0,0,0,24/02/2025 02:15,0,1,0,0,15.0940625,0,0,0,415,39,2.8019583333333333,0,0,0,0.035837,2,0,0,0,0,0,0,0,Success,0,0,0,0,0,0,0,5.24802944,None,24/02/2025 02:21,6.28.1,0,255,0,2025-02-23 N,24/02/2025 02:22,None,0,0,389,1,0,66,0,0.045177428,0,6.28.1,None,0,415,415,179,0,165,5,0,0,0,0,15.0940625,0,23,0,40.176458333333336,0,0,0,26,0,0,0,0,0,0,0,0,0,0,None,0,0,0.327,0,0,0,41.46247916666667,1,0,24/02/2025 02:17,0,0,0
78,0,0,0,0,0,0,0,24/02/2025 02:22,0,1,0,0,13.14418604651163,0,0,0,418,39,3.390372093023256,0,0,0,0.035906,2,0,0,0,0,0,0,0,Success,0,0,0,0,0,0,0,5.15044668,None,24/02/2025 02:28,6.28.1,0,254,0,2025-02-23 N,24/02/2025 02:29,None,0,0,398,1,0,68,0,0.074732857,0,6.28.1,None,0,418,418,180,0,165,5,0,0,0,0,13.14418604651163,0,18,0,39.01544186046512,0,0,0,26,0,0,0,0,0,0,0,0,0,0,None,0,0,0.301,0,0,0,41.50539534883721,1,0,24/02/2025 02:24,0,0,0
31,0,0,0,0,0,0,0,24/02/2025 02:29,0,1,0,0,17.248695652173915,0,0,0,371,470,3.1255652173913044,0,0,0,0.036516,2,0,0,0,8,0,0,0,Success,0,0,0,0,0,0,0,5.053620682,None,24/02/2025 02:34,6.28.1,0,216,0,2025-02-23 N,24/02/2025 02:43,None,0,429,348,1,0,31,0,0.068600292,0,6.28.1,None,0,808,379,139,0,165,4,0,0,0,0,17.248695652173915,0,58,0,43.372608695652175,0,0,0,20,0,0,0,0,0,0,0,0,0,0,None,0,0,0.317,0,0,0,40.875152173913044,1,0,24/02/2025 02:31,0,0,0
76,0,0,0,0,0,0,0,24/02/2025 02:43,0,1,0,0,14.694489795918367,0,0,0,428,39,2.6896734693877553,0,0,0,0.034956,2,0,0,0,0,0,0,0,Success,0,0,0,0,0,0,0,5.209723505,None,24/02/2025 02:49,6.28.1,0,257,0,2025-02-23 N,24/02/2025 02:50,None,0,0,807,1,0,66,0,0.036055513,0,6.28.1,None,0,428,428,178,0,165,4,0,0,0,0,14.694489795918367,0,23,0,40.71077551020408,0,0,0,26,0,0,0,0,0,0,0,0,0,0,None,0,0,0.359,0,0,0,43.621040816326534,1,0,24/02/2025 02:44,0,0,0
73,0,0,0,0,0,0,0,24/02/2025 02:50,0,1,0,0,15.044375,0,0,0,438,39,2.2812916666666667,0,0,0,0.030842,2,0,0,0,0,0,0,0,Success,0,0,0,0,0,0,0,5.116704408,None,24/02/2025 02:56,6.28.1,0,280,0,2025-02-23 N,24/02/2025 02:57,None,0,0,416,1,0,63,0,0.024041631,0,6.28.1,None,0,438,438,202,0,165,4,0,0,0,0,15.044375,0,25,0,40.550979166666664,0,0,0,26,0,0,0,0,0,0,0,0,0,0,None,0,0,0.344,0,0,0,42.09972916666667,1,0,24/02/2025 02:51,0,0,0
346,0,0,0,0,0,0,0,24/02/2025 02:57,0,1,0,0,17.0903125,0,0,0,726,39,2.3316666666666666,0,0,0,0.028889,2,0,0,0,0,0,0,0,Success,0,0,0,0,0,0,0,5.09960018,None,24/02/2025 03:08,6.28.1,0,553,0,2025-02-23 N,24/02/2025 03:09,None,0,0,631,1,0,336,0,0.009055385,0,6.28.1,None,0,726,726,140,0,165,5,0,0,0,0,17.0903125,0,87,0,46.78787500000001,0,0,0,26,0,0,0,0,0,0,0,0,0,0,None,0,0,0.335,0,0,0,47.38152083333333,1,0,24/02/2025 02:59,0,0,0
73,0,0,0,0,0,0,0,24/02/2025 03:09,0,1,0,0,15.755204081632654,0,0,0,476,39,2.2309591836734697,0,0,0,0.028176,2,0,0,0,0,0,0,0,Success,0,0,0,0,0,0,0,5.144027799,None,24/02/2025 03:16,6.28.1,0,303,0,2025-02-23 N,24/02/2025 03:17,None,0,0,444,1,0,63,0,0.02570992,0,6.28.1,None,0,476,476,218,0,165,4,0,0,0,0,15.755204081632654,0,33,0,39.99340816326531,0,0,0,26,0,0,0,0,0,0,0,0,0,0,None,0,0,0.351,0,0,0,40.44504081632653,1,0,24/02/2025 03:11,0,0,0
67,0,0,0,0,0,0,0,24/02/2025 03:17,0,1,0,0,16.555882352941175,0,0,0,436,40,2.1310588235294117,0,0,0,0.027498,2,0,0,0,24,0,0,0,Success,0,0,0,0,0,0,0,5.284726388,None,24/02/2025 03:24,6.28.1,0,264,0,2025-02-23 N,24/02/2025 03:25,None,0,0,329,1,0,57,0,0.012806248,0,6.28.1,None,0,460,460,104,0,165,5,0,0,0,0,16.555882352941175,0,123,0,43.643607843137254,0,0,0,27,0,0,0,0,0,0,0,0,0,0,None,0,0,0.329,0,0,0,42.680313725490194,1,0,24/02/2025 03:19,0,0,0
10,0,0,0,0,0,0,0,24/02/2025 04:18,0,0,0,0,14.475,0,0,0,229,33,0.9175,0,0,0,0.01225,0,0,0,0,0,0,0,0,Success,0,0,0,0,0,0,0,0.304047694,None,24/02/2025 04:21,6.28.1,0,25,0,2025-02-23 N,24/02/2025 04:22,None,0,0,0,1,0,0,0,0.091219516,0,6.28.1,None,0,229,229,87,0,165,18,0,0,0,0,14.475,0,0,0,39.065,0,0,0,19,0,0,0,0,0,0,0,0,0,0,None,0,0,0.63,0,0,0,38.269000000000005,1,0,24/02/2025 04:21,0,0,0
73,0,0,0,0,0,0,0,24/02/2025 04:22,0,1,0,0,15.0996875,0,0,0,663,38,2.2157708333333335,0,0,0,0.030248,2,0,0,0,308,0,0,0,Success,0,0,0,0,0,0,0,5.214672952,None,24/02/2025 04:49,6.28.1,0,290,0,2025-02-23 N,24/02/2025 04:50,None,0,656,1844,1,0,64,22,0.074323617,0,6.28.1,None,0,1649,993,221,0,165,5,0,0,0,0,15.0996875,0,26,0,41.31072916666667,0,0,0,27,0,0,0,0,0,0,0,0,0,0,None,0,0,0.355,0,0,0,45.43889583333333,1,0,24/02/2025 04:44,0,0,0
74,0,0,0,0,0,0,0,24/02/2025 04:50,0,1,0,0,15.2211,0,0,0,448,39,2.03832,0,0,0,0.030466,2,0,0,0,0,0,0,0,Success,0,0,0,0,0,0,0,5.254810368,None,24/02/2025 04:56,6.28.1,0,284,0,2025-02-23 N,24/02/2025 04:57,None,0,0,414,1,0,64,0,0.034132096,0,6.28.1,None,0,448,448,201,0,165,5,0,0,0,0,15.2211,0,32,0,41.63648,0,0,0,26,0,0,0,0,0,0,0,0,0,0,None,0,0,0.333,0,0,0,45.059979999999996,1,0,24/02/2025 04:51,0,0,0
73,0,0,0,0,0,0,0,24/02/2025 04:57,0,1,0,0,15.899705882352942,0,0,0,487,38,1.7292549019607844,0,0,0,0.024872,2,0,0,0,0,0,0,0,Success,0,0,0,0,0,0,0,5.345169876,None,24/02/2025 05:04,6.28.1,0,323,0,2025-02-23 N,24/02/2025 05:05,None,0,0,448,1,0,63,0,0.030870698,0,6.28.1,None,0,487,487,236,0,165,4,0,0,0,0,15.899705882352942,0,35,0,41.485215686274515,0,0,0,25,0,0,0,0,0,0,0,0,0,0,None,0,0,0.356,0,0,0,40.34966666666667,1,0,24/02/2025 04:59,0,0,0
32,0,0,0,0,0,0,0,24/02/2025 05:05,0,1,0,0,18.4806,0,0,0,856,500,2.1422,0,0,0,0.028498,2,0,0,0,0,0,0,0,Success,0,0,0,0,0,0,0,5.28102812,None,24/02/2025 05:11,6.28.1,0,232,0,2025-02-23 N,24/02/2025 05:20,None,0,0,305,1,0,32,0,0.013453624,0,6.28.1,None,0,856,856,99,0,165,5,0,0,0,0,18.4806,0,115,0,45.78398,0,0,0,20,0,0,0,0,0,0,0,0,0,0,None,0,0,0.303,0,0,0,41.76631999999999,1,0,24/02/2025 05:07,0,0,0
66,0,0,0,0,0,0,0,24/02/2025 05:20,0,1,0,0,19.055,0,0,0,415,38,2.4266470588235296,0,0,0,0.030052,2,0,0,0,0,0,0,0,Success,0,0,0,0,0,0,0,5.339291151,None,24/02/2025 05:25,6.28.1,0,247,0,2025-02-23 N,24/02/2025 05:27,None,0,0,740,1,0,55,0,0.016492422,0,6.28.1,None,0,415,415,96,0,165,5,0,0,0,0,19.055,0,107,0,46.12282352941177,0,0,0,25,0,0,0,0,0,0,0,0,0,0,None,0,0,0.346,0,0,0,39.588607843137254,1,0,24/02/2025 05:21,0,0,0
75,0,0,0,0,0,0,0,24/02/2025 05:27,0,1,0,0,15.712058823529413,0,0,0,457,38,2.0865686274509803,0,0,0,0.028564,2,0,0,0,0,0,0,0,Success,0,0,0,0,0,0,0,5.374904464,None,24/02/2025 05:33,6.28.1,0,302,0,2025-02-23 N,24/02/2025 05:34,None,0,0,438,1,0,65,0,0.019235384,0,6.28.1,None,0,457,457,219,0,165,4,0,0,0,0,15.712058823529413,0,29,0,40.85543137254902,0,0,0,26,0,0,0,0,0,0,0,0,0,0,None,0,0,0.334,0,0,0,37.11578431372549,1,0,24/02/2025 05:28,0,0,0
207,0,0,0,0,0,0,0,24/02/2025 05:42,0,1,0,0,17.231764705882355,0,0,0,539,39,2.3532941176470588,0,0,0,0.032107,2,0,0,0,0,0,0,0,Success,0,0,0,0,0,0,0,5.395582916,None,24/02/2025 05:49,6.28.1,0,377,0,2025-02-23 N,24/02/2025 05:51,None,0,0,454,1,0,197,0,0.01,0,6.28.1,None,0,539,539,106,0,165,5,0,0,0,0,17.231764705882355,0,87,0,45.58968627,0,0,0,26,0,0,0,0,0,0,0,0,0,0,None,0,0,0.35,0,0,0,48.92437254901961,1,0,24/02/2025 05:43,0,0,0
123,0,0,0,0,0,0,0,24/02/2025 05:58,0,1,0,0,15.0640625,0,0,0,429,39,3.7721875,0,0,0,0.048246,2,0,0,0,0,0,0,0,Success,0,0,0,0,0,0,0,5.343207744,None,24/02/2025 06:04,6.28.1,0,277,0,2025-02-24 D,24/02/2025 06:05,None,0,0,417,1,0,113,0,0.038013156,0,6.28.1,None,0,429,429,159,0,165,5,0,0,0,0,15.0640625,0,17,0,40.88045833333333,0,0,0,26,0,0,0,0,0,0,0,0,0,0,None,0,0,0.351,0,0,0,42.034708333333334,1,0,24/02/2025 06:00,0,0,0
77,0,0,0,0,0,0,0,24/02/2025 06:05,0,1,0,0,13.827857142857145,0,0,0,402,39,2.9848163265306122,0,0,0,0.039991,2,0,0,0,0,0,0,0,Success,0,0,0,0,0,0,0,5.25290215,None,24/02/2025 06:11,6.28.1,0,245,0,2025-02-24 D,24/02/2025 06:12,None,0,0,379,1,0,67,0,0.039812059,0,6.28.1,None,0,402,402,171,0,165,5,0,0,0,0,13.827857142857145,0,18,0,40.51779591836735,0,0,0,26,0,0,0,0,0,0,0,0,0,0,None,0,0,0.349,0,0,0,44.672061224489795,1,0,24/02/2025 06:07,0,0,0
87,0,0,0,0,0,0,0,24/02/2025 06:12,0,1,0,0,13.149574468085106,0,0,0,1999,1558,3.9765106382978725,0,0,0,0.042392,2,0,0,0,0,0,0,0,Success,0,0,0,0,0,0,0,5.232848746,None,24/02/2025 06:19,6.28.1,0,246,0,2025-02-24 D,24/02/2025 06:45,None,0,0,472,1,0,77,0,0.005,0,6.28.1,None,0,1999,1999,171,0,165,4,0,0,0,0,13.149574468085106,0,9,0,39.84168085106383,0,0,0,26,0,0,0,0,0,0,0,0,0,0,None,0,0,0.337,0,0,0,42.451255319148935,1,0,24/02/2025 06:15,0,0,0
83,0,0,0,0,0,0,0,24/02/2025 06:45,0,1,0,0,16.3525,0,0,0,442,39,3.4817291666666663,0,0,0,0.043477,2,0,0,0,0,0,0,0,Success,0,0,0,0,0,0,0,5.290853617,None,24/02/2025 06:51,6.28.1,0,212,0,2025-02-24 D,24/02/2025 06:53,None,0,0,1890,1,0,73,0,0.081006172,0,6.28.1,None,0,442,442,91,0,165,5,0,0,0,0,16.3525,0,60,0,44.81089583333334,0,0,0,26,0,0,0,0,0,0,0,0,0,0,None,0,0,0.337,0,0,0,44.5006875,1,0,24/02/2025 06:48,0,0,0
58,0,0,0,0,0,0,0,24/02/2025 06:53,0,2,0,0,14.613552631578946,0,0,0,660,39,2.5355000000000003,0,0,0,0.032261,2,0,0,0,171,0,0,0,Success,0,0,0,0,0,0,0,5.284856289,None,24/02/2025 07:14,6.28.1,0,1068,0,2025-02-24 D,24/02/2025 07:15,None,0,520,1325,1,0,48,0,0.06574192,0,6.28.1,None,0,1351,831,248,0,165,5,0,0,0,0,14.613552631578946,0,28,0,39.89110526,0,0,0,27,0,0,0,0,0,0,0,0,0,0,None,0,0,0.335,0,0,0,43.215131578947364,1,0,24/02/2025 06:56,0,0,0
79,0,0,0,0,0,0,0,24/02/2025 07:15,0,1,0,0,14.981020408163266,0,0,0,405,39,3.3808367346938777,0,0,0,0.046294,2,0,0,0,0,0,0,0,Success,0,0,0,0,0,0,0,5.288158281,None,24/02/2025 07:21,6.28.1,0,242,0,2025-02-24 D,24/02/2025 07:22,None,0,0,396,1,0,69,0,0.050774009,0,6.28.1,None,0,405,405,171,0,165,10,0,0,0,0,14.981020408163266,0,20,0,40.52128571428571,0,0,0,26,0,0,0,0,0,0,0,0,0,0,None,0,0,0.324,0,0,0,41.589,1,0,24/02/2025 07:17,0,0,0
75,0,0,0,0,0,0,0,24/02/2025 07:22,0,1,0,0,14.7159,0,0,0,425,39,2.5423400000000003,0,0,0,0.036854,2,0,0,0,0,0,0,0,Success,0,0,0,0,0,0,0,5.331964272,None,24/02/2025 07:28,6.28.1,0,262,0,2025-02-24 D,24/02/2025 07:29,None,0,0,399,1,0,65,0,0.029614185,0,6.28.1,None,0,425,425,186,0,165,5,0,0,0,0,14.7159,0,24,0,40.87936,0,0,0,26,0,0,0,0,0,0,0,0,0,0,None,0,0,0.349,0,0,0,42.77744,1,0,24/02/2025 07:24,0,0,0
74,0,0,0,0,0,0,0,24/02/2025 07:29,0,1,0,0,14.571,0,0,0,416,38,2.88798,0,0,0,0.038985,2,0,0,0,563,0,0,0,Success,0,0,0,0,0,0,0,5.39109117,None,24/02/2025 07:44,6.28.1,0,256,0,2025-02-24 D,24/02/2025 07:45,None,0,0,963,1,0,64,0,0.004472136,0,6.28.1,None,0,979,979,186,0,165,6,0,0,0,0,14.571,0,19,0,41.4887,0,0,0,25,0,0,0,0,0,0,0,0,0,0,None,0,0,0.367,0,0,0,42.64674,1,0,24/02/2025 07:40,0,0,0
75,0,0,0,0,0,0,0,24/02/2025 07:45,0,1,0,0,15.322352941176472,0,0,0,446,38,2.530686274509804,0,0,0,0.032018,2,0,0,0,0,0,0,0,Success,0,0,0,0,0,0,0,5.412888693,None,24/02/2025 07:52,6.28.1,0,286,0,2025-02-24 D,24/02/2025 07:53,None,0,0,419,1,0,65,0,0.040804411,0,6.28.1,None,0,446,446,207,0,165,5,0,0,0,0,15.322352941176472,0,25,0,41.86115686,0,0,0,25,0,0,0,0,0,0,0,0,0,0,None,0,0,0.326,0,0,0,43.733784313725494,1,0,24/02/2025 07:47,0,0,0
913,0,0,0,0,0,0,0,24/02/2025 07:53,0,0,0,0,14.116578947368422,0,0,0,4372,49,2.115078947368421,0,0,0,0.010494,2,0,0,0,1615,0,0,0,Success,0,0,0,0,0,0,0,5.390374755,None,24/02/2025 09:35,6.28.1,0,6056,0,2025-02-24 D,24/02/2025 09:37,None,0,603,0,1,0,913,2,0.012041594,0,6.28.1,None,0,6227,5624,3091,0,165,5,0,0,0,0,14.116578947368422,0,0,0,40.18255263157894,0,0,0,0,0,0,0,0,0,0,0,0,0,0,None,0,0,0.304,0,0,0,43.518368421052635,1,0,24/02/2025 07:54,0,0,0
73,0,0,0,0,0,0,0,24/02/2025 09:37,0,1,0,0,14.80029411764706,0,0,0,443,39,2.078549019607843,0,0,0,0.030814,2,0,0,0,0,0,0,0,Success,0,0,0,0,0,0,0,5.388848671,None,24/02/2025 09:43,6.28.1,0,283,0,2025-02-24 D,24/02/2025 09:44,None,0,0,6639,1,0,63,0,0.04110961,0,6.28.1,None,0,443,443,201,0,165,4,0,0,0,0,14.80029411764706,0,30,0,41.70658823529412,0,0,0,26,0,0,0,0,0,0,0,0,0,0,None,0,0,0.347,0,0,0,52.897254901960785,1,0,24/02/2025 09:38,0,0,0
73,0,0,0,0,0,0,0,24/02/2025 09:44,0,1,0,0,17.554903846153845,0,0,0,500,39,1.7981730769230768,0,0,0,0.022932,2,0,0,0,0,0,0,0,Success,0,0,0,0,0,0,0,5.385893148,None,24/02/2025 09:51,6.28.1,0,344,0,2025-02-24 D,24/02/2025 09:52,None,0,0,437,1,0,63,0,0.039204591,0,6.28.1,None,0,500,500,230,0,165,4,0,0,0,0,17.554903846153845,0,61,0,42.62873076923077,0,0,0,26,0,0,0,0,0,0,0,0,0,0,None,0,0,0.361,0,0,0,50.74534615384615,1,0,24/02/2025 09:45,0,0,0
68,0,0,0,0,0,0,0,24/02/2025 09:52,0,1,0,0,18.8928,0,0,0,438,39,1.8527799999999999,0,0,0,0.025145,2,0,0,0,0,0,0,0,Success,0,0,0,0,0,0,0,5.279796019,None,24/02/2025 09:58,6.28.1,0,281,0,2025-02-24 D,24/02/2025 10:00,None,0,0,325,1,0,58,0,0.048383882,0,6.28.1,None,0,438,438,122,0,165,4,0,0,0,0,18.8928,0,113,0,45.31778,0,0,0,27,0,0,0,0,0,0,0,0,0,0,None,0,0,0.339,0,0,0,48.413239999999995,1,0,24/02/2025 09:54,0,0,0
67,0,0,0,0,0,0,0,24/02/2025 10:00,0,1,0,0,19.0245,0,0,0,417,39,2.11852,0,0,0,0.027782,2,0,0,0,0,0,0,0,Success,0,0,0,0,0,0,0,5.258871172,None,24/02/2025 10:05,6.28.1,0,261,0,2025-02-24 D,24/02/2025 10:07,None,0,0,332,1,0,56,0,0.041785165,0,6.28.1,None,0,417,417,128,0,165,4,0,0,0,0,19.0245,0,87,0,45.458819999999996,0,0,0,26,0,0,0,0,0,0,0,0,0,0,None,0,0,0.331,0,0,0,47.45914,1,0,24/02/2025 10:01,0,0,0
105,0,0,0,0,0,0,0,24/02/2025 10:07,0,1,0,0,17.8803,0,0,0,496,39,2.1679,0,0,0,0.026882,2,0,0,0,0,0,0,0,Success,0,0,0,0,0,0,0,5.280359457,None,24/02/2025 10:14,6.28.1,0,344,0,2025-02-24 D,24/02/2025 10:15,None,0,0,418,1,0,95,0,0.065115282,0,6.28.1,None,0,496,496,180,0,165,4,0,0,0,0,17.8803,0,80,0,43.83652,0,0,0,27,0,0,0,0,0,0,0,0,0,0,None,0,0,0.352,0,0,0,42.39902,1,0,24/02/2025 10:08,0,0,0
72,0,0,0,0,0,0,0,24/02/2025 10:15,0,1,0,0,15.9636,0,0,0,478,39,1.72844,0,0,0,0.024682,2,0,0,0,0,0,0,0,Success,0,0,0,0,0,0,0,5.259753892,None,24/02/2025 10:22,6.28.1,0,320,0,2025-02-24 D,24/02/2025 10:23,None,0,0,426,1,0,62,0,0.05800862,0,6.28.1,None,0,478,478,220,0,165,5,0,0,0,0,15.9636,0,49,0,42.054899999999996,0,0,0,26,0,0,0,0,0,0,0,0,0,0,None,0,0,0.329,0,0,0,40.4123,1,0,24/02/2025 10:16,0,0,0
74,0,0,0,0,0,0,0,24/02/2025 10:23,0,1,0,0,14.628061224489796,0,0,0,692,40,2.3891020408163266,0,0,0,0.03392,2,0,0,0,0,0,0,0,Success,0,0,0,0,0,0,0,5.248080887,None,24/02/2025 10:33,6.28.1,0,357,0,2025-02-24 D,24/02/2025 10:34,None,0,0,661,1,0,64,0,0.077935871,0,6.28.1,None,0,692,692,204,0,165,4,0,0,0,0,14.628061224489796,0,31,0,41.45128571428572,0,0,0,27,0,0,0,0,0,0,0,0,0,0,None,0,0,0.347,0,0,0,40.86485714285714,1,0,24/02/2025 10:27,0,0,0
96,0,0,0,0,0,0,0,24/02/2025 10:34,0,1,0,0,16.127142857142857,0,0,0,467,40,2.894734693877551,0,0,0,0.036962,2,0,0,0,0,0,0,0,Success,0,0,0,0,0,0,0,5.265994113,None,24/02/2025 10:41,6.28.1,0,280,0,2025-02-24 D,24/02/2025 10:42,None,0,0,423,1,0,86,0,0.043931765,0,6.28.1,None,0,467,467,171,0,165,5,0,0,0,0,16.127142857142857,0,35,0,41.303,0,0,0,27,0,0,0,0,0,0,0,0,0,0,None,0,0,0.334,0,0,0,38.77138775510204,1,0,24/02/2025 10:36,0,0,0
74,0,0,0,0,0,0,0,24/02/2025 10:50,0,1,0,0,14.7507,0,0,0,990,39,1.98546,0,0,0,0.02805,2,0,0,0,0,0,0,0,Success,0,0,0,0,0,0,0,5.215552703,None,24/02/2025 11:05,6.28.1,0,828,0,2025-02-24 D,24/02/2025 11:06,None,0,0,959,1,0,64,0,0.035468296,0,6.28.1,None,0,990,990,228,0,165,4,0,0,0,0,14.7507,0,29,0,40.88322,0,0,0,26,0,0,0,0,0,0,0,0,0,0,None,0,0,0.338,0,0,0,36.1328,1,0,24/02/2025 10:51,0,0,0
76,0,0,0,0,0,0,0,24/02/2025 11:13,0,1,0,0,16.2546,0,0,0,955,40,2.14492,0,0,0,0.029853,2,0,0,0,0,0,0,0,Success,0,0,0,0,0,0,0,5.284175054,None,24/02/2025 11:28,6.28.1,0,791,0,2025-02-24 D,24/02/2025 11:29,None,0,0,909,1,0,66,0,0.0560803,0,6.28.1,None,0,955,955,231,0,165,5,0,0,0,0,16.2546,0,43,0,41.50014,0,0,0,27,0,0,0,0,0,0,0,0,0,0,None,0,0,0.336,0,0,0,35.98646,1,0,24/02/2025 11:15,0,0,0
77,0,0,0,0,0,0,0,24/02/2025 11:29,0,1,0,0,15.911470588235295,0,0,0,488,39,2.049294117647059,0,0,0,0.024196,2,0,0,0,0,0,0,0,Success,0,0,0,0,0,0,0,5.330665343,None,24/02/2025 11:36,6.28.1,0,327,0,2025-02-24 D,24/02/2025 11:37,None,0,0,455,1,0,67,0,0.023853721,0,6.28.1,None,0,488,488,238,0,165,5,0,0,0,0,15.911470588235295,0,33,0,40.75135294117647,0,0,0,27,0,0,0,0,0,0,0,0,0,0,None,0,0,0.344,0,0,0,39.68786274509804,1,0,24/02/2025 11:31,0,0,0
257,0,0,0,0,0,0,0,24/02/2025 12:02,0,1,0,0,14.040918367346938,0,0,0,589,39,2.994061224489796,0,0,0,0.039986,2,0,0,0,0,0,0,0,Success,0,0,0,0,0,0,0,5.313502988,None,24/02/2025 12:11,6.28.1,0,427,0,2025-02-24 D,24/02/2025 12:12,None,0,589,545,1,0,247,0,0.060827626,0,6.28.1,None,0,589,0,168,0,165,4,0,0,0,0,14.040918367346938,0,23,0,41.486448979591835,0,0,0,27,0,0,0,0,0,0,0,0,0,0,None,0,0,0.324,0,0,0,40.83851020408163,1,0,24/02/2025 12:04,0,0,0
67,0,0,0,0,0,0,0,24/02/2025 12:12,0,1,0,0,15.5547,0,0,0,378,40,2.80396,0,0,0,0.036395,2,0,0,0,0,0,0,0,Success,0,0,0,0,0,0,0,5.368569363,None,24/02/2025 12:17,6.28.1,0,217,0,2025-02-24 D,24/02/2025 12:18,None,0,378,343,1,0,57,0,0.038910153,0,6.28.1,None,0,378,0,117,0,165,4,0,0,0,0,15.5547,0,55,0,44.20112,0,0,0,27,0,0,0,0,0,0,0,0,0,0,None,0,0,0.327,0,0,0,40.83788,1,0,24/02/2025 12:14,0,0,0
154,0,0,0,0,0,0,0,24/02/2025 12:18,0,1,0,0,17.195588235294117,0,0,0,475,40,2.8402745098039217,0,0,0,0.038708,2,0,0,0,0,0,0,0,Success,0,0,0,0,0,0,0,5.340560738,None,24/02/2025 12:25,6.28.1,0,310,0,2025-02-24 D,24/02/2025 12:26,None,0,475,396,1,0,144,0,0.063953108,0,6.28.1,None,0,475,0,103,0,165,4,0,0,0,0,17.195588235294117,0,74,0,45.90398039215686,0,0,0,28,0,0,0,0,0,0,0,0,0,0,None,0,0,0.311,0,0,0,42.092666666666666,1,0,24/02/2025 12:20,0,0,0
65,0,0,0,0,0,0,0,24/02/2025 12:33,0,1,0,0,17.79346153846154,0,0,0,578,39,2.159769230769231,0,0,0,0.025194,2,0,0,0,1103,0,0,0,Success,0,0,0,0,0,0,0,5.56244146,None,24/02/2025 12:59,6.28.1,0,296,0,2025-02-24 D,24/02/2025 13:01,None,0,80,1521,1,0,55,0,0.0822253,0,6.28.1,None,0,1681,1601,112,0,165,4,0,0,0,0,17.79346153846154,0,139,0,46.51076923076923,0,0,0,27,0,0,0,0,0,0,0,0,0,0,None,0,0,0.319,0,0,0,40.40113461538461,1,0,24/02/2025 12:55,0,0,0
68,0,0,0,0,0,0,0,24/02/2025 13:01,0,1,0,0,16.394444444444442,0,0,0,507,40,2.149222222222222,0,0,0,0.023873,2,0,0,0,0,0,0,0,Success,0,0,0,0,0,0,0,5.628916947,None,24/02/2025 13:08,6.28.1,0,336,0,2025-02-24 D,24/02/2025 13:09,None,0,0,428,1,0,58,0,0.070837843,0,6.28.1,None,0,507,507,201,0,165,9,0,0,0,0,16.394444444444442,0,92,0,44.99283333333333,0,0,0,28,0,0,0,0,0,0,0,0,0,0,None,0,0,0.389,0,0,0,41.91535185185185,1,0,24/02/2025 13:03,0,0,0
65,0,0,0,0,0,0,0,24/02/2025 13:09,0,1,0,0,17.244807692307692,0,0,0,428,39,2.3179230769230768,0,0,0,0.027923,2,0,0,0,0,0,0,0,Success,0,0,0,0,0,0,0,5.542682924,None,24/02/2025 13:15,6.28.1,0,273,0,2025-02-24 D,24/02/2025 13:16,None,0,0,332,1,0,55,0,0.097308787,0,6.28.1,None,0,428,428,125,0,165,5,0,0,0,0,17.244807692307692,0,103,0,46.16234615384615,0,0,0,26,0,0,0,0,0,0,0,0,0,0,None,0,0,0.337,0,0,0,40.93482692307692,1,0,24/02/2025 13:11,0,0,0
72,0,0,0,0,0,0,0,24/02/2025 13:16,0,1,0,0,16.68,0,0,0,393,39,2.801377358490566,0,0,0,0.036991,2,0,0,0,0,0,0,0,Success,0,0,0,0,0,0,0,5.595830144,None,24/02/2025 13:22,6.28.1,0,232,0,2025-02-24 D,24/02/2025 13:23,None,0,0,320,1,0,62,0,0.03104835,0,6.28.1,None,0,393,393,111,0,165,5,0,0,0,0,16.68,0,69,0,45.35150943396226,0,0,0,26,0,0,0,0,0,0,0,0,0,0,None,0,0,0.328,0,0,0,41.05896226415094,1,0,24/02/2025 13:18,0,0,0
72,0,0,0,0,0,0,0,24/02/2025 13:23,0,1,0,0,16.750588235294117,0,0,0,355,40,3.5653137254901957,0,0,0,0.049044,2,0,0,0,0,0,0,0,Success,0,0,0,0,0,0,0,5.553348359,None,24/02/2025 13:28,6.28.1,0,195,0,2025-02-24 D,24/02/2025 13:29,None,0,0,307,1,0,62,0,0.02641969,0,6.28.1,None,0,355,355,95,0,165,5,0,0,0,0,16.750588235294117,0,50,0,45.08235294117647,0,0,0,27,0,0,0,0,0,0,0,0,0,0,None,0,0,0.35,0,0,0,36.33852941,1,0,24/02/2025 13:25,0,0,0
69,0,0,0,0,0,0,0,24/02/2025 13:29,0,1,0,0,16.58480769230769,0,0,0,341,39,3.779461538461539,0,0,0,0.047173,2,0,0,0,0,0,0,0,Success,0,0,0,0,0,0,0,5.613488131,None,24/02/2025 13:34,6.28.1,0,190,0,2025-02-24 D,24/02/2025 13:35,None,0,0,294,1,0,59,0,0.060539244,0,6.28.1,None,0,341,341,90,0,165,4,0,0,0,0,16.58480769230769,0,51,0,44.97442307692308,0,0,0,26,0,0,0,0,0,0,0,0,0,0,None,0,0,0.34,0,0,0,36.103596153846155,1,0,24/02/2025 13:30,0,0,0
69,0,0,0,0,0,0,0,24/02/2025 13:35,0,1,0,0,16.323333333333334,0,0,0,387,40,2.521851851851852,0,0,0,0.038653,2,0,0,0,8,0,0,0,Success,0,0,0,0,0,0,0,5.669575822,None,24/02/2025 13:40,6.28.1,0,227,0,2025-02-24 D,24/02/2025 13:41,None,0,0,307,1,0,59,0,0.024596748,0,6.28.1,None,0,395,395,105,0,165,5,0,0,0,0,16.323333333333334,0,75,0,45.11761111111111,0,0,0,27,0,0,0,0,0,0,0,0,0,0,None,0,0,0.326,0,0,0,37.694074074074074,1,0,24/02/2025 13:36,0,0,0
68,0,0,0,0,0,0,0,24/02/2025 13:41,0,1,0,0,16.21470588235294,0,0,0,341,39,2.8570196078431374,0,0,0,0.043133,2,0,0,0,285,0,0,0,Success,0,0,0,0,0,0,0,5.458109013,None,24/02/2025 13:51,6.28.1,0,202,0,2025-02-24 D,24/02/2025 13:52,None,0,0,575,1,0,58,0,0.165921668,0,6.28.1,None,0,626,626,93,0,165,5,0,0,0,0,16.21470588235294,0,63,0,45.07188235294118,0,0,0,26,0,0,0,0,0,0,0,0,0,0,None,0,0,0.334,0,0,0,39.34915686,1,0,24/02/2025 13:47,0,0,0
68,0,0,0,0,0,0,0,24/02/2025 13:52,0,1,0,0,16.24557692307692,0,0,0,383,39,2.5791538461538464,0,0,0,0.03668,2,0,0,0,0,0,0,0,Success,0,0,0,0,0,0,0,5.514163944,None,24/02/2025 13:57,6.28.1,0,224,0,2025-02-24 D,24/02/2025 13:58,None,0,0,307,1,0,58,0,0.013601471,0,6.28.1,None,0,383,383,106,0,165,4,0,0,0,0,16.24557692307692,0,70,0,45.1305,0,0,0,26,0,0,0,0,0,0,0,0,0,0,None,0,0,0.358,0,0,0,37.65832692307692,1,0,24/02/2025 13:53,0,0,0
68,0,0,0,0,0,0,0,24/02/2025 13:58,0,1,0,0,15.849489795918368,0,0,0,398,39,2.7871224489795914,0,0,0,0.041528,2,0,0,0,6,0,0,0,Success,0,0,0,0,0,0,0,5.491727779,None,24/02/2025 14:11,6.28.1,0,695,0,2025-02-24 D,24/02/2025 14:12,None,0,441,290,1,0,58,0,0.067911707,0,6.28.1,None,0,845,404,97,0,165,4,0,0,0,0,15.849489795918368,0,63,0,45.25867346938776,0,0,0,27,0,0,0,0,0,0,0,0,0,0,None,0,0,0.346,0,0,0,37.91451020408163,1,0,24/02/2025 13:59,0,0,0
78,0,0,0,0,0,0,0,24/02/2025 14:12,0,1,0,0,16.596634615384616,0,0,0,366,40,2.9853653846153847,0,0,0,0.045517,2,0,0,0,0,0,0,0,Success,0,0,0,0,0,0,0,5.540019043,None,24/02/2025 14:17,6.28.1,0,207,0,2025-02-24 D,24/02/2025 14:18,None,0,0,793,1,0,68,0,0.00509902,0,6.28.1,None,0,366,366,88,0,165,5,0,0,0,0,16.596634615384616,0,63,0,45.232846153846154,0,0,0,27,0,0,0,0,0,0,0,0,0,0,None,0,0,0.338,0,0,0,37.971961538461535,1,0,24/02/2025 14:14,0,0,0
71,0,0,0,0,0,0,0,24/02/2025 14:18,0,1,0,0,16.511603773584905,0,0,0,372,39,2.6371509433962266,0,0,0,0.038928,2,0,0,0,0,0,0,0,Success,0,0,0,0,0,0,0,5.613545315,None,24/02/2025 14:23,6.28.1,0,221,0,2025-02-24 D,24/02/2025 14:24,None,0,0,304,1,0,61,0,0.014866069,0,6.28.1,None,0,372,372,96,0,165,4,0,0,0,0,16.511603773584905,0,73,0,44.84428301886792,0,0,0,27,0,0,0,0,0,0,0,0,0,0,None,0,0,0.352,0,0,0,39.39781132075471,1,0,24/02/2025 14:20,0,0,0
104,0,0,0,0,0,0,0,24/02/2025 14:24,0,1,0,0,17.439230769230768,0,0,0,507,40,3.3500769230769234,0,0,0,0.041844,2,0,0,0,0,0,0,0,Success,0,0,0,0,0,0,0,5.54782579,None,24/02/2025 14:32,6.28.1,0,235,0,2025-02-24 D,24/02/2025 14:33,None,0,0,442,1,0,93,0,0.052554734,0,6.28.1,None,0,507,507,90,0,165,4,0,0,0,0,17.439230769230768,0,63,0,46.158,0,0,0,26,0,0,0,0,0,0,0,0,0,0,None,0,0,0.351,0,0,0,38.44344230769231,1,0,24/02/2025 14:28,0,0,0
70,0,0,0,0,0,0,0,24/02/2025 14:33,0,1,0,0,16.3875,0,0,0,387,39,2.8304230769230765,0,0,0,0.034002,2,0,0,0,0,0,0,0,Success,0,0,0,0,0,0,0,5.532638069,None,24/02/2025 14:38,6.28.1,0,234,0,2025-02-24 D,24/02/2025 14:39,None,0,0,328,1,0,60,0,0.025632011,0,6.28.1,None,0,387,387,122,0,165,4,0,0,0,0,16.3875,0,63,0,45.22601923076923,0,0,0,27,0,0,0,0,0,0,0,0,0,0,None,0,0,0.325,0,0,0,40.277980769230766,1,0,24/02/2025 14:34,0,0,0
67,0,0,0,0,0,0,0,24/02/2025 14:39,0,1,0,0,16.314117647058822,0,0,0,377,40,2.8031960784313723,0,0,0,0.037487,2,0,0,0,178,0,0,0,Success,0,0,0,0,0,0,0,5.408126663,None,24/02/2025 14:47,6.28.1,0,226,0,2025-02-24 D,24/02/2025 14:49,None,0,0,473,1,0,57,0,0.155618122,0,6.28.1,None,0,555,555,109,0,165,5,0,0,0,0,16.314117647058822,0,71,0,44.98047058823529,0,0,0,27,0,0,0,0,0,0,0,0,0,0,None,0,0,0.341,0,0,0,38.038450980392156,1,0,24/02/2025 14:43,0,0,0
66,0,0,0,0,0,0,0,24/02/2025 14:49,0,1,0,0,15.786176470588236,0,0,1069,521,39,2.8891764705882355,0,0,0,0.035761,2,0,0,0,20,0,0,0,Success,0,0,0,0,0,0,0,5.396443736,None,24/02/2025 14:54,6.28.1,0,224,0,2025-02-24 D,24/02/2025 15:23,None,0,1656,335,1,0,56,0,0.055000001,0,6.28.1,None,0,2045,389,112,0,165,5,0,0,0,0,15.786176470588236,0,69,0,45.15415686,0,0,0,27,0,0,0,0,0,0,0,0,0,0,None,0,0,0.339,0,0,0,38.80890196078431,1,0,24/02/2025 14:50,0,0,0
0,0,0,0,0,0,0,0,24/02/2025 15:23,0,0,0,0,18.908804347826088,0,0,1898,0,52,7.993478260869565,0,0,0,0,0,0,0,0,222,0,0,0,Success,0,0,0,0,0,0,0,5.495521176,None,24/02/2025 15:59,6.28.1,0,148,0,2025-02-24 D,24/02/2025 16:00,None,0,1960,0,1,0,0,47,85.05383583,0,6.28.1,None,0,2229,269,0,0,165,33,0,0,0,0,18.908804347826088,0,0,0,49.839260869565216,0,0,0,0,0,0,0,0,0,0,0,0,0,0,None,0,0,0.255,0,0,0,44.235608695652175,0,0,24/02/2025 15:56,0,0,1
69,0,0,0,0,0,0,0,24/02/2025 16:22,0,1,0,0,16.222211538461536,0,0,0,371,39,2.7254423076923078,0,0,0,0.042426,2,0,0,0,0,0,0,0,Success,0,0,0,0,0,0,0,5.509661605,None,24/02/2025 16:27,6.28.1,0,206,0,2025-02-24 D,24/02/2025 16:28,None,0,371,301,1,0,59,0,0.035341194,0,6.28.1,None,0,371,0,90,0,165,5,0,0,0,0,16.222211538461536,0,69,0,44.98538461538462,0,0,0,27,0,0,0,0,0,0,0,0,0,0,None,0,0,0.371,0,0,0,37.97605769230769,1,0,24/02/2025 16:23,0,0,0
370,0,0,0,0,0,0,0,24/02/2025 16:28,0,2,0,0,14.959411764705882,0,0,0,684,40,3.655960784313726,0,0,0,0.046973,2,0,0,0,0,0,0,0,Success,0,0,0,0,0,0,0,5.514012967,None,24/02/2025 16:43,6.28.1,0,506,0,2025-02-24 D,24/02/2025 16:44,None,0,959,609,1,0,360,0,0.023430749,0,6.28.1,None,0,959,0,98,0,165,6,0,0,0,0,14.959411764705882,0,48,0,44.33970588235294,0,0,0,27,0,0,0,0,0,0,0,0,0,0,None,0,0,0.442,0,0,0,37.46539215686275,1,0,24/02/2025 16:34,0,0,0
129,0,0,0,0,0,0,0,24/02/2025 16:44,0,2,0,0,15.353235294117647,0,0,0,605,90,3.548313725490196,0,0,0,0.041084,2,0,0,0,225,0,0,0,Success,0,0,0,0,0,0,0,5.473305217,None,24/02/2025 16:56,6.28.1,0,387,0,2025-02-24 D,24/02/2025 16:58,None,0,74,971,1,0,119,0,0.031,0,6.28.1,None,0,830,756,116,0,165,7,0,0,0,0,15.353235294117647,0,52,0,45.62819607843137,0,0,0,77,0,0,0,0,0,0,0,0,0,0,None,0,0,0.325,0,0,0,34.60658823529412,1,0,24/02/2025 16:49,0,0,0
70,0,0,0,0,0,0,0,24/02/2025 16:58,0,1,0,0,15.875192307692307,0,0,0,390,39,2.769596153846154,0,0,0,0.037686,2,0,0,0,0,0,0,0,Success,0,0,0,0,0,0,0,5.489958379,None,24/02/2025 17:03,6.28.1,0,220,0,2025-02-24 D,24/02/2025 17:04,None,0,0,428,1,0,60,0,0.019235384,0,6.28.1,None,0,390,390,105,0,165,5,0,0,0,0,15.875192307692307,0,66,0,45.21001923076923,0,0,0,26,0,0,0,0,0,0,0,0,0,0,None,0,0,0.335,0,0,0,39.81655769230769,1,0,24/02/2025 16:59,0,0,0
131,0,0,0,0,0,0,0,24/02/2025 17:04,0,1,0,0,16.546470588235294,0,0,0,574,38,3.167,0,0,0,0.039379,2,0,0,0,0,0,0,0,Success,0,0,0,0,0,0,0,5.428003869,None,24/02/2025 17:12,6.28.1,0,280,0,2025-02-24 D,24/02/2025 17:14,None,0,0,518,1,0,121,0,0.074632432,0,6.28.1,None,0,574,574,110,0,165,5,0,0,0,0,16.546470588235294,0,60,0,44.754588235294115,0,0,0,26,0,0,0,0,0,0,0,0,0,0,None,0,0,0.349,0,0,0,40.56668627,1,0,24/02/2025 17:08,0,0,0
69,0,0,0,0,0,0,0,24/02/2025 17:14,0,1,0,0,16.21264705882353,0,0,0,401,40,2.463941176470588,0,0,0,0.032237,2,0,0,0,0,0,0,0,Success,0,0,0,0,0,0,0,5.403925333,None,24/02/2025 17:19,6.28.1,0,238,0,2025-02-24 D,24/02/2025 17:20,None,0,0,325,1,0,59,0,0.022847319,0,6.28.1,None,0,401,401,117,0,165,5,0,0,0,0,16.21264705882353,0,75,0,45.01678431372549,0,0,0,27,0,0,0,0,0,0,0,0,0,0,None,0,0,0.345,0,0,0,39.210549019607846,1,0,24/02/2025 17:15,0,0,0
81,0,0,0,0,0,0,0,24/02/2025 17:20,0,1,0,0,15.394117647058824,0,0,0,388,39,3.359392156862745,0,0,0,0.037951,2,0,0,0,0,0,0,0,Success,0,0,0,0,0,0,0,5.448685897,None,24/02/2025 17:26,6.28.1,0,232,0,2025-02-24 D,24/02/2025 17:27,None,0,0,323,1,0,71,0,0.023345235,0,6.28.1,None,0,388,388,110,0,165,5,0,0,0,0,15.394117647058824,0,63,0,45.05141176470588,0,0,0,26,0,0,0,0,0,0,0,0,0,0,None,0,0,0.332,0,0,0,39.51605882352941,1,0,24/02/2025 17:22,0,0,0
69,0,0,0,0,0,0,0,24/02/2025 17:27,0,1,0,0,16.13076923076923,0,0,0,360,40,2.8889423076923078,0,0,0,0.041586,2,0,0,0,0,0,0,0,Success,0,0,0,0,0,0,0,5.528144445,None,24/02/2025 17:32,6.28.1,0,209,0,2025-02-24 D,24/02/2025 17:33,None,0,0,305,1,0,59,0,0.035902646,0,6.28.1,None,0,360,360,101,0,165,5,0,0,0,0,16.13076923076923,0,62,0,45.24392307692308,0,0,0,27,0,0,0,0,0,0,0,0,0,0,None,0,0,0.342,0,0,0,36.37292307692308,1,0,24/02/2025 17:28,0,0,0
132,0,0,0,0,0,0,0,24/02/2025 18:02,0,2,0,0,14.799900000000001,0,0,0,411,57,4.17078,0,0,0,0.048399,2,0,0,0,32,0,0,0,Success,0,0,0,0,0,0,0,5.560106564,None,24/02/2025 18:08,6.28.1,0,270,0,2025-02-24 N,24/02/2025 18:10,None,0,0,410,1,0,132,0,0.025317977,0,6.28.1,None,0,443,443,100,0,165,4,0,0,0,0,14.799900000000001,0,40,0,43.0716,0,0,0,12,0,0,0,0,0,0,0,0,0,0,None,0,0,0.335,0,0,0,52.534620000000004,1,0,24/02/2025 18:04,0,0,0
69,0,0,0,0,0,0,0,24/02/2025 18:10,0,1,0,0,16.24644230769231,0,0,0,357,40,3.0263846153846155,0,0,0,0.042221,2,0,0,0,0,0,0,0,Success,0,0,0,0,0,0,0,5.594607761,None,24/02/2025 18:15,6.28.1,0,206,0,2025-02-24 N,24/02/2025 18:16,None,0,0,389,1,0,59,0,0.051623638,0,6.28.1,None,0,357,357,101,0,165,4,0,0,0,0,16.24644230769231,0,57,0,45.40969230769231,0,0,0,27,0,0,0,0,0,0,0,0,0,0,None,0,0,0.357,0,0,0,51.04421153846154,1,0,24/02/2025 18:11,0,0,0
68,0,0,0,0,0,0,0,24/02/2025 18:16,0,1,0,0,15.718301886792453,0,0,0,405,72,2.6999056603773584,0,0,0,0.039437,2,0,0,0,0,0,0,0,Success,0,0,0,0,0,0,0,5.579199046,None,24/02/2025 18:21,6.28.1,0,213,0,2025-02-24 N,24/02/2025 18:23,None,0,0,292,1,0,58,0,0.017029386,0,6.28.1,None,0,405,405,90,0,165,4,0,0,0,0,15.718301886792453,0,75,0,44.76909433962265,0,0,0,26,0,0,0,0,0,0,0,0,0,0,None,0,0,0.347,0,0,0,47.185415094339625,1,0,24/02/2025 18:17,0,0,0
69,0,0,0,0,0,0,0,24/02/2025 18:23,0,1,0,0,16.584230769230768,0,0,0,464,39,1.9589038461538462,0,0,0,0.027974,2,0,0,0,0,0,0,0,Success,0,0,0,0,0,0,0,5.465316917,None,24/02/2025 18:29,6.28.1,0,269,0,2025-02-24 N,24/02/2025 18:30,None,0,0,400,1,0,59,0,0.076655072,0,6.28.1,None,0,464,464,122,0,165,5,0,0,0,0,16.584230769230768,0,98,0,45.13013461538461,0,0,0,26,0,0,0,0,0,0,0,0,0,0,None,0,0,0.367,0,0,0,45.53380769230769,1,0,24/02/2025 18:25,0,0,0
69,0,0,0,0,0,0,0,24/02/2025 18:30,0,1,0,0,16.61009433962264,0,0,0,1011,697,2.6532830188679246,0,0,0,0.035961,2,0,0,0,26,0,0,0,Success,0,0,0,0,0,0,0,5.58591237,None,24/02/2025 18:36,6.28.1,0,228,0,2025-02-24 N,24/02/2025 18:48,None,0,0,317,1,0,59,0,0.0560803,0,6.28.1,None,0,1037,1037,112,0,165,5,0,0,0,0,16.61009433962264,0,68,0,45.01228301886792,0,0,0,27,0,0,0,0,0,0,0,0,0,0,None,0,0,0.343,0,0,0,43.90428301886793,1,0,24/02/2025 18:32,0,0,0
0,0,0,0,0,0,0,0,24/02/2025 18:48,0,0,0,0,16.505399999999998,0,0,0,0,414,3.14122,0,0,0,0.042768,0,0,0,0,198,0,0,0,Success,0,0,0,0,0,0,0,5.463085667,None,24/02/2025 18:53,6.28.1,0,211,0,2025-02-24 N,24/02/2025 19:01,None,0,0,0,1,0,0,603,0.207251056,0,6.28.1,None,0,801,801,0,0,165,5,0,0,0,0,16.505399999999998,0,0,0,45.142759999999996,0,0,0,0,0,0,0,0,0,0,0,0,0,0,None,0,0,0.333,0,0,0,44.561800000000005,1,0,24/02/2025 18:50,0,0,0
72,0,0,0,0,0,0,0,24/02/2025 19:01,0,1,0,0,15.77295918367347,0,0,1836,524,39,3.5191020408163265,0,0,0,0.048153,2,0,0,0,620,0,0,0,Success,0,0,0,0,0,0,0,5.305710603,None,24/02/2025 19:56,6.28.1,0,189,0,2025-02-24 N,24/02/2025 19:58,None,0,2241,4792,1,0,62,22,0.080361682,0,6.28.1,None,0,3396,1155,84,0,165,5,0,0,0,0,15.77295918367347,0,56,0,44.949775510204084,0,0,0,27,0,0,0,0,0,0,0,0,0,0,None,0,0,0.334,0,0,0,44.853693877551024,1,0,24/02/2025 19:53,0,0,0
72,0,0,0,0,0,0,0,24/02/2025 19:58,0,1,0,0,16.554000000000002,0,0,0,510,157,3.4975400000000003,0,0,0,0.039259,2,0,0,0,38,0,0,0,Success,0,0,0,0,0,0,0,5.316798003,None,24/02/2025 20:04,6.28.1,0,264,0,2025-02-24 N,24/02/2025 20:07,None,0,0,393,1,0,62,0,0.045343136,0,6.28.1,None,0,548,548,174,0,165,5,0,0,0,0,16.554000000000002,0,40,0,44.33876,0,0,0,82,0,0,0,0,0,0,0,0,0,0,None,0,0,0.356,0,0,0,43.0032,1,0,24/02/2025 19:59,0,0,0
77,0,0,0,0,0,0,0,24/02/2025 20:29,0,1,0,0,15.992872340425532,0,0,0,373,40,3.8553404255319146,0,0,0,0.047648,2,0,0,0,0,0,0,0,Success,0,0,0,0,0,0,0,5.242784565,None,24/02/2025 20:34,6.28.1,0,213,0,2025-02-24 N,24/02/2025 20:35,None,0,0,351,1,0,67,0,0.047010637,0,6.28.1,None,0,373,373,135,0,165,5,0,0,0,0,15.992872340425532,0,24,0,42.57593617021276,0,0,0,28,0,0,0,0,0,0,0,0,0,0,None,0,0,0.354,0,0,0,42.651659574468084,1,0,24/02/2025 20:31,0,0,0
71,0,0,0,0,0,0,0,24/02/2025 20:35,0,1,0,0,16.118877551020407,0,0,0,394,40,3.111142857142857,0,0,0,0.040019,2,0,0,0,0,0,0,0,Success,0,0,0,0,0,0,0,5.307638835,None,24/02/2025 20:41,6.28.1,0,234,0,2025-02-24 N,24/02/2025 20:42,None,0,0,357,1,0,61,0,0.012041595,0,6.28.1,None,0,394,394,148,0,165,4,0,0,0,0,16.118877551020407,0,34,0,42.29014285714286,0,0,0,27,0,0,0,0,0,0,0,0,0,0,None,0,0,0.35,0,0,0,43.155244897959186,1,0,24/02/2025 20:37,0,0,0
70,0,0,0,0,0,0,0,24/02/2025 20:42,0,1,0,0,15.038023255813954,0,0,0,393,39,2.2853488372093023,0,0,0,0.032101,2,0,0,0,0,0,0,0,Success,0,0,0,0,0,0,0,4.556023485,None,24/02/2025 20:47,6.28.1,0,237,0,2025-02-24 N,24/02/2025 20:49,None,0,0,365,1,0,60,0,0.00781025,0,6.28.1,None,0,393,393,156,0,165,5,0,0,0,0,15.038023255813954,0,32,0,42.15186046511628,0,0,0,26,0,0,0,0,0,0,0,0,0,0,None,0,0,0.344,0,0,0,44.32606976744186,1,0,24/02/2025 20:43,0,0,0
73,0,0,0,0,0,0,0,24/02/2025 20:49,0,1,0,0,15.25953488372093,0,0,0,393,39,2.730279069767442,0,0,0,0.037062,2,0,0,0,0,0,0,0,Success,0,0,0,0,0,0,0,4.596987057,None,24/02/2025 20:54,6.28.1,0,229,0,2025-02-24 N,24/02/2025 20:55,None,0,0,351,1,0,63,0,0.023769728,0,6.28.1,None,0,393,393,139,0,165,5,0,0,0,0,15.25953488372093,0,37,0,41.666558139534885,0,0,0,26,0,0,0,0,0,0,0,0,0,0,None,0,0,0.334,0,0,0,42.16783720930233,1,0,24/02/2025 20:50,0,0,0
69,0,0,0,0,0,0,0,24/02/2025 20:55,0,1,0,0,14.595,0,0,0,402,39,2.305953488372093,0,0,0,0.030732,2,0,0,0,0,0,0,0,Success,0,0,0,0,0,0,0,4.604769375,None,24/02/2025 21:01,6.28.1,0,245,0,2025-02-24 N,24/02/2025 21:02,None,0,0,375,1,0,59,0,0.06,0,6.28.1,None,0,402,402,165,0,165,5,0,0,0,0,14.595,0,32,0,40.912627906976745,0,0,0,26,0,0,0,0,0,0,0,0,0,0,None,0,0,0.355,0,0,0,43.45083720930233,1,0,24/02/2025 20:57,0,0,0
71,0,0,0,0,0,0,0,24/02/2025 21:02,0,1,0,0,13.627857142857144,0,0,0,367,39,3.237333333333333,0,0,0,0.041568,2,0,0,0,0,0,0,0,Success,0,0,0,0,0,0,0,4.561749336,None,24/02/2025 21:07,6.28.1,0,203,0,2025-02-24 N,24/02/2025 21:08,None,0,0,337,1,0,61,0,0.023086793,0,6.28.1,None,0,367,367,124,0,165,5,0,0,0,0,13.627857142857144,0,29,0,42.27283333333334,0,0,0,26,0,0,0,0,0,0,0,0,0,0,None,0,0,0.352,0,0,0,42.71335714285714,1,0,24/02/2025 21:03,0,0,0
111,0,0,0,0,0,0,0,24/02/2025 21:08,0,1,0,0,11.642926829268292,0,0,0,427,51,5.444902439024391,0,0,0,0.045102,2,0,0,0,0,0,0,0,Success,0,0,0,0,0,0,0,5.123963505,None,24/02/2025 21:14,6.28.1,0,261,0,2025-02-24 N,24/02/2025 21:15,None,0,0,309,1,0,101,0,0.032557641,0,6.28.1,None,0,427,427,106,0,165,5,0,0,0,0,11.642926829268292,0,64,0,37.397536585365856,0,0,0,38,0,0,0,0,0,0,0,0,0,0,None,0,0,0.316,0,0,0,41.389219512195126,1,0,24/02/2025 21:09,0,0,0
99,0,0,0,0,0,0,0,24/02/2025 21:15,0,1,0,0,14.161914893617022,0,0,0,698,39,2.642659574468085,0,0,0,0.019195,2,0,0,0,5,0,0,0,Success,0,0,0,0,0,0,0,5.123660703,None,24/02/2025 21:33,6.28.1,0,405,0,2025-02-24 N,24/02/2025 21:35,None,0,467,1117,1,0,89,0,0.030886891,0,6.28.1,None,0,1170,703,280,0,165,5,0,0,0,0,14.161914893617022,0,47,0,42.589234042553194,0,0,0,27,0,0,0,0,0,0,0,0,0,0,None,0,0,0.336,0,0,0,45.92610638297872,1,0,24/02/2025 21:26,0,0,0
0,0,0,0,0,0,0,0,24/02/2025 21:35,0,0,0,0,14.41125,0,0,0,18,61,2.9130000000000003,0,0,0,0,0,0,0,0,603,0,0,0,Success,0,0,0,0,0,0,0,5.12909378,None,24/02/2025 21:47,6.28.1,0,648,0,2025-02-24 N,24/02/2025 21:48,None,0,0,0,1,0,0,209,0.090553851,0,6.28.1,None,0,830,830,0,0,165,5,0,0,0,0,14.41125,0,0,0,42.770520833333336,0,0,0,0,0,0,0,0,0,0,0,0,0,0,None,0,0,0.28,0,0,0,44.597145833333336,1,0,24/02/2025 21:36,0,0,0
71,0,0,0,0,0,0,0,24/02/2025 22:02,0,1,0,0,12.980921052631578,0,0,0,351,38,3.417578947368421,0,0,0,0.043627,2,0,0,0,0,0,0,0,Success,0,0,0,0,0,0,0,4.121551528,None,24/02/2025 22:07,6.28.1,0,200,0,2025-02-24 N,24/02/2025 22:08,None,0,0,339,1,0,61,0,0.011401754,0,6.28.1,None,0,351,351,130,0,165,5,0,0,0,0,12.980921052631578,0,20,0,40.882552631578946,0,0,0,25,0,0,0,0,0,0,0,0,0,0,None,0,0,0.315,0,0,0,42.35368421052632,1,0,24/02/2025 22:04,0,0,0
70,0,0,0,0,0,0,0,24/02/2025 22:08,0,1,0,0,14.570357142857144,0,0,0,412,39,2.191357142857143,0,0,0,0.028767,2,0,0,0,0,0,0,0,Success,0,0,0,0,0,0,0,4.560077741,None,24/02/2025 22:14,6.28.1,0,254,0,2025-02-24 N,24/02/2025 22:15,None,0,0,378,1,0,60,0,0.040360873,0,6.28.1,None,0,412,412,176,0,165,5,0,0,0,0,14.570357142857144,0,28,0,42.48054761904762,0,0,0,26,0,0,0,0,0,0,0,0,0,0,None,0,0,0.366,0,0,0,42.39552380952381,1,0,24/02/2025 22:10,0,0,0
72,0,0,0,0,0,0,0,24/02/2025 22:15,0,1,0,0,14.0171875,0,0,0,430,39,3.036520833333333,0,0,0,0.03099,2,0,0,0,0,0,0,0,Success,0,0,0,0,0,0,0,5.348697972,None,24/02/2025 22:21,6.28.1,0,270,0,2025-02-24 N,24/02/2025 22:22,None,0,0,395,1,0,62,0,0.081498466,0,6.28.1,None,0,430,430,186,0,165,5,0,0,0,0,14.0171875,0,33,0,42.595979166666666,0,0,0,27,0,0,0,0,0,0,0,0,0,0,None,0,0,0.363,0,0,0,43.29810416666667,1,0,24/02/2025 22:17,0,0,0
70,0,0,0,0,0,0,0,24/02/2025 22:22,0,1,0,0,15.119100000000001,0,0,0,396,39,2.7319,0,0,0,0.037317,2,0,0,0,0,0,0,0,Success,0,0,0,0,0,0,0,5.399662767,None,24/02/2025 22:28,6.28.1,0,240,0,2025-02-24 N,24/02/2025 22:29,None,0,0,356,1,0,60,0,0.072069411,0,6.28.1,None,0,396,396,149,0,165,5,0,0,0,0,15.119100000000001,0,41,0,43.24884,0,0,0,27,0,0,0,0,0,0,0,0,0,0,None,0,0,0.35,0,0,0,42.3087,1,0,24/02/2025 22:24,0,0,0
73,0,0,0,0,0,0,0,24/02/2025 22:36,0,1,0,0,14.638499999999999,0,0,0,410,39,2.47532,0,0,0,0.035036,2,0,0,0,0,0,0,0,Success,0,0,0,0,0,0,0,5.26287887,None,24/02/2025 22:41,6.28.1,0,249,0,2025-02-24 N,24/02/2025 22:42,None,0,0,365,1,0,63,0,0.012806248,0,6.28.1,None,0,410,410,153,0,165,4,0,0,0,0,14.638499999999999,0,43,0,42.22092,0,0,0,26,0,0,0,0,0,0,0,0,0,0,None,0,0,0.348,0,0,0,43.0585,1,0,24/02/2025 22:37,0,0,0
72,0,0,0,0,0,0,0,24/02/2025 22:58,0,1,0,0,15.041400000000001,0,0,0,559,502,2.5494399999999997,0,0,0,0.030475,2,0,0,0,0,0,0,0,Success,0,0,0,0,0,0,0,5.333244603,None,24/02/2025 23:06,6.28.1,0,281,0,2025-02-24 N,24/02/2025 23:15,None,0,500,487,1,0,62,0,0.025495098,0,6.28.1,None,0,1005,505,181,0,165,5,0,0,0,0,15.041400000000001,0,48,0,42.48294,0,0,0,33,0,0,0,0,0,0,0,0,0,0,None,0,0,0.361,0,0,0,45.294920000000005,1,0,24/02/2025 23:01,0,0,0
77,0,0,0,0,0,0,0,24/02/2025 23:32,0,1,0,0,15.603673469387756,0,0,0,478,39,2.4819795918367347,0,0,0,0.033464,2,0,0,0,0,0,0,0,Success,0,0,0,0,0,0,0,5.232876456,None,24/02/2025 23:39,6.28.1,0,264,0,2025-02-24 N,24/02/2025 23:40,None,0,0,561,1,0,67,0,0.028600699,0,6.28.1,None,0,478,478,165,0,165,6,0,0,0,0,15.603673469387756,0,43,0,42.89583673469388,0,0,0,26,0,0,0,0,0,0,0,0,0,0,None,0,0,0.321,0,0,0,46.26173469387755,1,0,24/02/2025 23:34,0,0,0
75,0,0,0,0,0,0,0,24/02/2025 23:40,0,1,0,0,15.067959183673468,0,0,0,420,39,2.581938775510204,0,0,0,0.034665,2,0,0,0,0,0,0,0,Success,0,0,0,0,0,0,0,5.250720046,None,24/02/2025 23:46,6.28.1,0,262,0,2025-02-24 N,24/02/2025 23:47,None,0,0,374,1,0,65,0,0.048836462,0,6.28.1,None,0,420,420,165,0,165,4,0,0,0,0,15.067959183673468,0,42,0,43.261775510204075,0,0,0,26,0,0,0,0,0,0,0,0,0,0,None,0,0,0.344,0,0,0,45.072428571428574,1,0,24/02/2025 23:41,0,0,0
77,0,0,0,0,0,0,0,24/02/2025 23:47,0,1,0,0,15.349897959183673,0,0,0,412,38,2.8450204081632653,0,0,0,0.037168,2,0,0,0,0,0,0,0,Success,0,0,0,0,0,0,0,5.240578117,None,24/02/2025 23:52,6.28.1,0,245,0,2025-02-24 N,24/02/2025 23:54,None,0,0,373,1,0,67,0,0.03354102,0,6.28.1,None,0,412,412,156,0,165,8,0,0,0,0,15.349897959183673,0,35,0,42.664428571428566,0,0,0,26,0,0,0,0,0,0,0,0,0,0,None,0,0,0.378,0,0,0,43.856469387755105,1,0,24/02/2025 23:48,0,0,0
73,0,0,0,0,0,0,0,24/02/2025 23:54,0,1,0,0,15.189795918367347,0,0,0,396,38,2.902612244897959,0,0,0,0.038287,2,0,0,0,0,0,0,0,Success,0,0,0,0,0,0,0,5.260968827,None,24/02/2025 23:59,6.28.1,0,239,0,2025-02-24 N,25/02/2025 00:00,None,0,0,369,1,0,63,0,0.031622776,0,6.28.1,None,0,396,396,150,0,165,12,0,0,0,0,15.189795918367347,0,35,0,42.71648979591837,0,0,0,26,0,0,0,0,0,0,0,0,0,0,None,0,0,0.338,0,0,0,42.97146939,1,0,24/02/2025 23:55,0,0,0
164,0,0,0,0,0,0,0,25/02/2025 00:00,0,1,0,0,15.515699999999999,0,0,0,512,39,2.45134,0,0,0,0.031959,2,0,0,0,0,0,0,0,Success,0,0,0,0,0,0,0,5.271925739,None,25/02/2025 00:08,6.28.1,0,355,0,2025-02-24 N,25/02/2025 00:09,None,0,0,375,1,0,154,0,0.047042534,0,6.28.1,None,0,512,512,167,0,165,5,0,0,0,0,15.515699999999999,0,45,0,43.58134,0,0,0,26,0,0,0,0,0,0,0,0,0,0,None,0,0,0.379,0,0,0,43.57636,1,0,25/02/2025 00:02,0,0,0
70,0,0,0,0,0,0,0,25/02/2025 00:09,0,1,0,0,13.359255319148936,0,0,0,403,39,3.059063829787234,0,0,0,0.037186,2,0,0,0,2,0,0,0,Success,0,0,0,0,0,0,0,5.226045828,None,25/02/2025 00:14,6.28.1,0,238,0,2025-02-24 N,25/02/2025 00:15,None,0,0,461,1,0,60,0,0.115572488,0,6.28.1,None,0,405,405,158,0,165,3,0,0,0,0,13.359255319148936,0,32,0,42.19687234042553,0,0,0,26,0,0,0,0,0,0,0,0,0,0,None,0,0,0.326,0,0,0,44.97659574468085,1,0,25/02/2025 00:10,0,0,0
85,0,0,0,0,0,0,0,25/02/2025 00:15,0,1,0,0,14.331764705882351,0,0,0,469,64,2.4233333333333333,0,0,0,0.030757,2,0,0,0,547,0,0,0,Success,0,0,0,0,0,0,0,5.410719823,None,25/02/2025 00:36,6.28.1,0,945,0,2025-02-24 N,25/02/2025 00:37,None,0,0,562,1,0,85,299,0.004123105,0,6.28.1,None,0,1315,1315,170,0,165,12,0,0,0,0,14.331764705882351,0,60,0,45.020274509803926,0,0,0,0,0,0,0,0,0,0,0,0,0,0,None,0,0,0.526,0,0,0,46.91149019607843,1,0,25/02/2025 00:20,0,0,0
70,0,0,0,0,0,0,0,25/02/2025 00:37,0,1,0,0,13.674117647058823,0,0,0,480,38,2.2480784313725493,0,0,0,0.030432,2,0,0,0,0,0,0,0,Success,0,0,0,0,0,0,0,5.410710951,None,25/02/2025 00:44,6.28.1,0,319,0,2025-02-24 N,25/02/2025 00:45,None,0,0,1127,1,0,60,0,0.0234094,0,6.28.1,None,0,480,480,223,0,165,6,0,0,0,0,13.674117647058823,0,51,0,43.252450980392155,0,0,0,26,0,0,0,0,0,0,0,0,0,0,None,0,0,0.585,0,0,0,47.70715686,1,0,25/02/2025 00:39,0,0,0
69,0,0,0,0,0,0,0,25/02/2025 00:45,0,1,0,0,13.66470588235294,0,0,0,513,38,2.489392156862745,0,0,0,0.029929,2,0,0,0,36,0,0,0,Success,0,0,0,0,0,0,0,5.420286063,None,25/02/2025 00:53,6.28.1,0,318,0,2025-02-24 N,25/02/2025 00:55,None,0,0,502,1,0,59,0,0.062369865,0,6.28.1,None,0,549,549,227,0,165,4,0,0,0,0,13.66470588235294,0,41,0,42.921058823529414,0,0,0,25,0,0,0,0,0,0,0,0,0,0,None,0,0,0.55,0,0,0,46.358901960784316,1,0,25/02/2025 00:48,0,0,0
40,0,0,0,0,0,0,0,25/02/2025 00:55,0,1,0,0,15.892040816326531,0,0,0,365,96,3.4887755102040816,0,0,0,0.049385,2,0,0,0,73,0,0,0,Success,0,0,0,0,0,0,0,5.349656624,None,25/02/2025 01:00,6.28.1,0,228,0,2025-02-24 N,25/02/2025 01:02,None,0,0,341,1,0,40,0,0.019646883,0,6.28.1,None,0,438,438,137,0,165,5,0,0,0,0,15.892040816326531,0,64,0,45.73740816,0,0,0,13,0,0,0,0,0,0,0,0,0,0,None,0,0,0.527,0,0,0,47.00806122448979,1,0,25/02/2025 00:56,0,0,0
74,0,0,0,0,0,0,0,25/02/2025 01:02,0,1,0,0,13.329183673469387,0,0,0,613,39,2.904224489795918,0,0,0,0.034094,2,0,0,0,45,0,0,0,Success,0,0,0,0,0,0,0,5.298428163,None,25/02/2025 01:12,6.28.1,0,494,0,2025-02-24 N,25/02/2025 01:13,None,0,0,679,1,0,64,0,0.022090722,0,6.28.1,None,0,658,658,372,0,165,4,0,0,0,0,13.329183673469387,0,15,0,40.563204081632655,0,0,0,26,0,0,0,0,0,0,0,0,0,0,None,0,0,0.543,0,0,0,44.67853061,1,0,25/02/2025 01:03,0,0,0
66,0,0,0,0,0,0,0,25/02/2025 01:13,0,1,0,0,14.6535,0,0,0,591,42,2.13944,0,0,0,0.022138,2,0,0,0,410,0,0,0,Success,0,0,0,0,0,0,0,5.284099356,None,25/02/2025 01:34,6.28.1,0,1124,0,2025-02-24 N,25/02/2025 01:36,None,0,361,572,1,0,66,0,0.07542546,0,6.28.1,None,0,1362,1001,285,0,165,5,0,0,0,0,14.6535,0,36,0,40.7176,0,0,0,0,0,0,0,0,0,0,0,0,0,0,None,0,0,0.577,0,0,0,43.249539999999996,1,0,25/02/2025 01:16,0,0,0
458,0,0,0,0,0,0,0,25/02/2025 01:36,0,1,0,0,12.860249999999999,0,0,0,998,119,2.809375,0,0,0,0.020305,2,0,0,0,39,0,0,0,Success,0,0,0,0,0,0,0,4.519924446,None,25/02/2025 01:50,6.28.1,0,750,0,2025-02-24 N,25/02/2025 01:53,None,0,0,1680,1,0,448,0,0.053535035,0,6.28.1,None,0,1037,1037,280,0,165,5,0,0,0,0,12.860249999999999,0,33,0,41.1267,0,0,0,25,0,0,0,0,0,0,0,0,0,0,None,0,0,0.536,0,0,0,43.969575,1,0,25/02/2025 01:38,0,0,0
0,0,0,0,0,0,0,0,25/02/2025 01:53,0,0,0,0,16.641375,0,0,0,0,44,2.938025,0,0,0,0.028677,0,0,0,0,592,0,0,0,Success,0,0,0,0,0,0,0,4.289225804,None,25/02/2025 02:02,6.28.1,0,430,0,2025-02-24 N,25/02/2025 02:03,None,0,0,0,1,0,0,0,0.067357256,0,6.28.1,None,0,592,592,0,0,165,4,0,0,0,0,16.641375,0,0,0,45.3469,0,0,0,0,0,0,0,0,0,0,0,0,0,0,None,0,0,0.53,0,0,0,44.2295,1,0,25/02/2025 01:54,0,0,0
0,0,0,0,0,0,0,0,25/02/2025 02:03,0,0,0,0,13.6696875,0,0,0,0,160,2.6325,0,0,0,0.025963,0,0,0,0,345,0,0,0,Success,0,0,0,0,0,0,0,5.203066211,None,25/02/2025 02:19,6.28.1,0,901,0,2025-02-24 N,25/02/2025 02:22,None,0,0,0,1,0,0,826,0.224198573,0,6.28.1,None,0,1171,1171,0,0,165,2,0,0,0,0,13.6696875,0,0,0,39.4186875,0,0,0,0,0,0,0,0,0,0,0,0,0,0,None,0,0,0.526,0,0,0,40.64989583333333,1,0,25/02/2025 02:04,0,0,0
89,0,0,0,0,0,0,0,25/02/2025 02:32,0,1,0,0,13.802448979591837,0,0,0,509,39,2.463673469387755,0,0,0,0.028452,2,0,0,0,0,0,0,0,Success,0,0,0,0,0,0,0,5.217804232,None,25/02/2025 02:39,6.28.1,0,347,0,2025-02-24 N,25/02/2025 02:41,None,0,0,499,1,0,79,0,0.038600518,0,6.28.1,None,0,509,509,270,0,165,5,0,0,0,0,13.802448979591837,0,8,0,39.42989795918368,0,0,0,26,0,0,0,0,0,0,0,0,0,0,None,0,0,0.541,0,0,0,41.99071428571429,1,0,25/02/2025 02:34,0,0,0
79,0,0,0,0,0,0,0,25/02/2025 02:41,0,1,0,0,13.643099999999999,0,0,0,529,40,2.08794,0,0,0,0.02633,2,0,0,0,0,0,0,0,Success,0,0,0,0,0,0,0,5.270605373,None,25/02/2025 02:55,6.28.1,0,343,0,2025-02-24 N,25/02/2025 02:56,None,0,826,913,1,0,69,0,0.032140318,0,6.28.1,None,0,924,98,273,0,165,5,0,0,0,0,13.643099999999999,0,12,0,39.42098,0,0,0,27,0,0,0,0,0,0,0,0,0,0,None,0,0,0.55,0,0,0,42.22854,1,0,25/02/2025 02:49,0,0,0
90,0,0,0,0,0,0,0,25/02/2025 03:04,0,1,0,0,14.1597,0,0,0,514,41,2.4457,0,0,0,0.029488,2,0,0,0,0,0,0,0,Success,0,0,0,0,0,0,0,5.367665601,None,25/02/2025 03:11,6.28.1,0,359,0,2025-02-24 N,25/02/2025 03:12,None,0,514,500,1,0,80,0,0.086023253,0,6.28.1,None,0,514,0,281,0,165,5,0,0,0,0,14.1597,0,9,0,39.86032,0,0,0,28,0,0,0,0,0,0,0,0,0,0,None,0,0,0.534,0,0,0,41.61274,1,0,25/02/2025 03:05,0,0,0
79,0,0,0,0,0,0,0,25/02/2025 03:12,0,1,0,0,13.743529411764705,0,0,0,477,40,2.2205882352941178,0,0,0,0.030126,2,0,0,0,0,0,0,0,Success,0,0,0,0,0,0,0,5.368461046,None,25/02/2025 03:19,6.28.1,0,322,0,2025-02-24 N,25/02/2025 03:20,None,0,477,466,1,0,69,0,0.038327536,0,6.28.1,None,0,477,0,249,0,165,5,0,0,0,0,13.743529411764705,0,14,0,38.91931373,0,0,0,27,0,0,0,0,0,0,0,0,0,0,None,0,0,0.531,0,0,0,43.01727450980392,1,0,25/02/2025 03:14,0,0,0
84,0,0,0,0,0,0,0,25/02/2025 03:20,0,1,0,0,13.114705882352942,0,0,0,463,40,2.637705882352941,0,0,0,0.03524,2,0,0,0,0,0,0,0,Success,0,0,0,0,0,0,0,5.433286482,None,25/02/2025 03:27,6.28.1,0,306,0,2025-02-24 N,25/02/2025 03:28,None,0,463,451,1,0,74,0,0.037336309,0,6.28.1,None,0,463,0,233,0,165,4,0,0,0,0,13.114705882352942,0,10,0,39.87549019607843,0,0,0,27,0,0,0,0,0,0,0,0,0,0,None,0,0,0.552,0,0,0,41.59245098039216,1,0,25/02/2025 03:22,0,0,0
78,0,0,0,0,0,0,0,25/02/2025 03:28,0,1,0,0,14.2782,0,0,0,476,39,2.37186,0,0,0,0.030987,2,0,0,0,0,0,0,0,Success,0,0,0,0,0,0,0,5.442889674,None,25/02/2025 03:35,6.28.1,0,318,0,2025-02-24 N,25/02/2025 03:36,None,0,476,460,1,0,68,0,0.038209946,0,6.28.1,None,0,476,0,244,0,165,5,0,0,0,0,14.2782,0,16,0,40.03084,0,0,0,27,0,0,0,0,0,0,0,0,0,0,None,0,0,0.551,0,0,0,40.57362,1,0,25/02/2025 03:30,0,0,0
87,0,0,0,0,0,0,0,25/02/2025 03:36,0,1,0,0,14.589411764705881,0,0,0,497,40,2.2663529411764705,0,0,0,0.028671,2,0,0,0,0,0,0,0,Success,0,0,0,0,0,0,0,5.418822566,None,25/02/2025 03:43,6.28.1,0,341,0,2025-02-24 N,25/02/2025 03:44,None,0,497,485,1,0,77,0,0.048466483,0,6.28.1,None,0,497,0,266,0,165,5,0,0,0,0,14.589411764705881,0,10,0,39.15454901960784,0,0,0,27,0,0,0,0,0,0,0,0,0,0,None,0,0,0.529,0,0,0,41.53396078431373,1,0,25/02/2025 03:37,0,0,0
81,0,0,0,0,0,0,0,25/02/2025 03:44,0,1,0,0,13.907941176470587,0,0,0,482,39,2.7011960784313724,0,0,0,0.035243,2,0,0,0,0,0,0,0,Success,0,0,0,0,0,0,0,5.442670668,None,25/02/2025 03:51,6.28.1,0,324,0,2025-02-24 N,25/02/2025 03:52,None,0,482,476,1,0,71,0,0.018601075,0,6.28.1,None,0,482,0,254,0,165,4,0,0,0,0,13.907941176470587,0,11,0,40.23845098039216,0,0,0,26,0,0,0,0,0,0,0,0,0,0,None,0,0,0.547,0,0,0,41.18880392156863,1,0,25/02/2025 03:46,0,0,0
81,0,0,0,0,0,0,0,25/02/2025 03:52,0,1,0,0,14.127,0,0,0,457,39,2.65272,0,0,0,0.033099,2,0,0,0,0,0,0,0,Success,0,0,0,0,0,0,0,5.472020742,None,25/02/2025 03:59,6.28.1,0,299,0,2025-02-24 N,25/02/2025 04:00,None,0,457,440,1,0,71,0,0.016763055,0,6.28.1,None,0,457,0,222,0,165,5,0,0,0,0,14.127,0,16,0,40.3624,0,0,0,26,0,0,0,0,0,0,0,0,0,0,None,0,0,0.559,0,0,0,42.84322,1,0,25/02/2025 03:54,0,0,0
77,0,0,0,0,0,0,0,25/02/2025 04:08,0,1,0,0,14.301764705882352,0,0,0,483,39,2.1680392156862744,0,0,0,0.027732,2,0,0,0,0,0,0,0,Success,0,0,0,0,0,0,0,5.458010169,None,25/02/2025 04:14,6.28.1,0,331,0,2025-02-24 N,25/02/2025 04:16,None,0,483,472,1,0,67,0,0.02236068,0,6.28.1,None,0,483,0,260,0,165,5,0,0,0,0,14.301764705882352,0,14,0,40.65631373,0,0,0,27,0,0,0,0,0,0,0,0,0,0,None,0,0,0.557,0,0,0,43.11088235294118,1,0,25/02/2025 04:09,0,0,0
81,0,0,0,0,0,0,0,25/02/2025 04:16,0,1,0,0,13.93264705882353,0,0,0,464,39,2.4859607843137255,0,0,0,0.031881,2,0,0,0,0,0,0,0,Success,0,0,0,0,0,0,0,5.44753871,None,25/02/2025 04:22,6.28.1,0,308,0,2025-02-24 N,25/02/2025 04:23,None,0,464,451,1,0,70,0,0.032015622,0,6.28.1,None,0,464,0,237,0,165,5,0,0,0,0,13.93264705882353,0,11,0,39.81713725490196,0,0,0,26,0,0,0,0,0,0,0,0,0,0,None,0,0,0.565,0,0,0,42.28029411764706,1,0,25/02/2025 04:17,0,0,0
78,0,0,0,0,0,0,0,25/02/2025 04:23,0,1,0,0,13.4823,0,0,0,483,39,2.53248,0,0,0,0.031602,2,0,0,0,9,0,0,0,Success,0,0,0,0,0,0,0,5.400677828,None,25/02/2025 04:35,6.28.1,0,303,0,2025-02-24 N,25/02/2025 04:36,None,0,361,749,1,0,68,0,0.050990195,0,6.28.1,None,0,761,400,236,0,165,5,0,0,0,0,13.4823,0,11,0,39.22988,0,0,0,26,0,0,0,0,0,0,0,0,0,0,None,0,0,0.565,0,0,0,40.89146,1,0,25/02/2025 04:30,0,0,0
80,0,0,0,0,0,0,0,25/02/2025 04:44,0,1,0,0,13.917647058823528,0,0,0,505,39,2.2675686274509803,0,0,0,0.028748,2,0,0,0,0,0,0,0,Success,0,0,0,0,0,0,0,5.448846575,None,25/02/2025 04:51,6.28.1,0,329,0,2025-02-24 N,25/02/2025 04:52,None,0,0,488,1,0,70,0,0.017117243,0,6.28.1,None,0,505,505,258,0,165,5,0,0,0,0,13.917647058823528,0,13,0,39.65090196078431,0,0,0,26,0,0,0,0,0,0,0,0,0,0,None,0,0,0.555,0,0,0,40.45035294117647,1,0,25/02/2025 04:46,0,0,0
77,0,0,0,0,0,0,0,25/02/2025 05:00,0,1,0,0,13.251176470588236,0,0,0,486,39,2.376627450980392,0,0,0,0.029649,2,0,0,0,0,0,0,0,Success,0,0,0,0,0,0,0,5.421670038,None,25/02/2025 05:07,6.28.1,0,316,0,2025-02-24 N,25/02/2025 05:08,None,0,0,475,1,0,67,0,0.02236068,0,6.28.1,None,0,486,486,247,0,165,5,0,0,0,0,13.251176470588236,0,13,0,39.69337254901961,0,0,0,26,0,0,0,0,0,0,0,0,0,0,None,0,0,0.559,0,0,0,41.57266666666667,1,0,25/02/2025 05:02,0,0,0
88,0,0,0,0,0,0,0,25/02/2025 05:08,0,1,0,0,14.650588235294117,0,0,0,1061,39,1.803784314,0,0,0,0.024423,2,0,0,0,0,0,0,0,Success,0,0,0,0,0,0,0,5.389614736,None,25/02/2025 05:25,6.28.1,0,368,0,2025-02-24 N,25/02/2025 05:26,None,0,0,1041,1,0,77,0,0.030870698,0,6.28.1,None,0,1061,1061,290,0,165,5,0,0,0,0,14.650588235294117,0,13,0,40.47923529411764,0,0,0,26,0,0,0,0,0,0,0,0,0,0,None,0,0,0.522,0,0,0,41.39250980392157,1,0,25/02/2025 05:19,0,0,0
76,0,0,0,0,0,0,0,25/02/2025 05:26,0,1,0,0,13.5348,0,0,0,458,39,2.2135599999999998,0,0,0,0.031442,2,0,0,0,0,0,0,0,Success,0,0,0,0,0,0,0,5.332609493,None,25/02/2025 05:32,6.28.1,0,306,0,2025-02-24 N,25/02/2025 05:34,None,0,0,462,1,0,66,0,0.027658634,0,6.28.1,None,0,458,458,245,0,165,7,0,0,0,0,13.5348,0,9,0,39.56566,0,0,0,26,0,0,0,0,0,0,0,0,0,0,None,0,0,0.527,0,0,0,39.66106,1,0,25/02/2025 05:27,0,0,0
76,0,0,0,0,0,0,0,25/02/2025 05:42,0,1,0,0,14.022403846153846,0,0,0,505,38,1.8909999999999998,0,0,0,0.026006,2,0,0,0,0,0,0,0,Success,0,0,0,0,0,0,0,5.399883054,None,25/02/2025 05:49,6.28.1,0,347,0,2025-02-24 N,25/02/2025 05:51,None,0,0,483,1,0,66,0,0.026832816,0,6.28.1,None,0,505,505,271,0,165,4,0,0,0,0,14.022403846153846,0,20,0,39.33432692307692,0,0,0,26,0,0,0,0,0,0,0,0,0,0,None,0,0,0.54,0,0,0,42.353153846153845,1,0,25/02/2025 05:44,0,0,0
78,0,0,0,0,0,0,0,25/02/2025 05:51,0,1,0,0,15.177692307692308,0,0,0,565,40,1.4921923076923076,0,0,0,0.02111,2,0,0,0,0,0,0,0,Success,0,0,0,0,0,0,0,5.482372297,None,25/02/2025 05:59,6.28.1,0,399,0,2025-02-24 N,25/02/2025 06:00,None,0,0,535,1,0,68,0,0.065620118,0,6.28.1,None,0,565,565,318,0,165,6,0,0,0,0,15.177692307692308,0,26,0,40.99553846153846,0,0,0,27,0,0,0,0,0,0,0,0,0,0,None,0,0,0.534,0,0,0,40.80867307692308,1,0,25/02/2025 05:52,0,0,0
79,0,0,0,0,0,0,0,25/02/2025 06:00,0,1,0,0,15.001636363636365,0,0,0,535,39,1.940309090909091,0,0,0,0.026316,2,0,0,0,0,0,0,0,Success,0,0,0,0,0,0,0,5.836826706,None,25/02/2025 06:08,6.28.1,0,361,0,2025-02-25 D,25/02/2025 06:09,None,0,0,508,1,0,69,0,0.050089919,0,6.28.1,None,0,535,535,272,0,165,4,0,0,0,0,15.001636363636365,0,31,0,41.13416363636363,0,0,0,27,0,0,0,0,0,0,0,0,0,0,None,0,0,0.529,0,0,0,43.053163636363635,1,0,25/02/2025 06:02,0,0,0
78,0,0,0,0,0,0,0,25/02/2025 06:09,0,1,0,0,14.221636363636364,0,0,0,507,39,2.066909090909091,0,0,0,0.028316,2,0,0,0,0,0,0,0,Success,0,0,0,0,0,0,0,5.848604021,None,25/02/2025 06:16,6.28.1,0,348,0,2025-02-25 D,25/02/2025 06:17,None,0,0,472,1,0,68,0,0.040521599,0,6.28.1,None,0,507,507,260,0,165,5,0,0,0,0,14.221636363636364,0,32,0,40.79912727272727,0,0,0,27,0,0,0,0,0,0,0,0,0,0,None,0,0,0.545,0,0,0,42.68472727272727,1,0,25/02/2025 06:10,0,0,0
79,0,0,0,0,0,0,0,25/02/2025 06:17,0,1,0,0,14.467222222222222,0,0,0,750,307,2.473759259259259,0,0,0,0.034112,2,0,0,0,0,0,0,0,Success,0,0,0,0,0,0,0,5.845930379,None,25/02/2025 06:24,6.28.1,0,311,0,2025-02-25 D,25/02/2025 06:30,None,0,0,455,1,0,69,0,0.047507893,0,6.28.1,None,0,750,750,230,0,165,4,0,0,0,0,14.467222222222222,0,23,0,41.19755555555556,0,0,0,27,0,0,0,0,0,0,0,0,0,0,None,0,0,0.536,0,0,0,40.18551851851852,1,0,25/02/2025 06:19,0,0,0
10,0,0,0,0,0,0,0,25/02/2025 06:30,0,0,0,0,5.415,0,0,0,220,36,3.0985,0,0,0,0.025679,0,0,0,0,0,0,0,0,Success,0,0,0,0,0,0,0,0.508102352,None,25/02/2025 06:32,6.28.1,0,19,0,2025-02-25 D,25/02/2025 06:33,None,0,0,0,1,0,0,0,0.134714513,0,6.28.1,None,0,220,220,87,0,165,19,0,0,0,0,5.415,0,0,0,37.49375,0,0,0,21,0,0,0,0,0,0,0,0,0,0,None,0,0,0.773,0,0,0,50.94775,1,0,25/02/2025 06:32,0,0,0
10,0,0,0,0,0,0,0,25/02/2025 06:33,0,0,0,0,6.09,0,0,0,361,40,7.5426,0,0,0,0.078681,0,0,0,0,0,0,0,0,Success,0,0,0,0,0,0,0,2.753440393,None,25/02/2025 06:38,6.28.1,0,164,0,2025-02-25 D,25/02/2025 06:40,None,0,0,0,1,0,0,0,0.091400219,0,6.28.1,None,0,361,361,214,0,165,19,0,0,0,0,6.09,0,0,0,31.12915,0,0,0,26,0,0,0,0,0,0,0,0,0,0,None,0,0,0.543,0,0,0,37.0078,1,0,25/02/2025 06:36,0,0,0
110,0,0,0,0,0,0,0,25/02/2025 06:40,0,1,0,0,7.852058823529412,0,0,0,1536,40,5.444117647058824,0,0,0,0.033938,2,0,0,0,0,0,0,0,Success,0,0,0,0,0,0,0,5.643425733,None,25/02/2025 07:19,6.28.1,0,2297,0,2025-02-25 D,25/02/2025 07:21,None,0,1716,3297,1,0,100,0,0.013601471,0,6.28.1,None,0,2466,750,908,0,165,16,0,0,0,0,7.852058823529412,0,18,0,36.31041176470588,0,0,0,28,0,0,0,0,0,0,0,0,0,0,None,0,0,0.55,0,0,0,44.58720588235294,1,0,25/02/2025 06:41,0,0,0
80,0,0,0,0,0,0,0,25/02/2025 07:21,0,1,0,0,13.759591836734694,0,0,0,732,39,2.114122448979592,0,0,0,0.028135,2,0,0,0,628,0,0,0,Success,0,0,0,0,0,0,0,5.267947798,None,25/02/2025 07:46,6.28.1,0,330,0,2025-02-25 D,25/02/2025 07:48,None,0,35,1596,1,0,70,263,0.108521887,0,6.28.1,None,0,1623,1588,259,0,165,5,0,0,0,0,13.759591836734694,0,13,0,39.72257142857143,0,0,0,26,0,0,0,0,0,0,0,0,0,0,None,0,0,0.529,0,0,0,43.49242857142857,1,0,25/02/2025 07:41,0,0,0
82,0,0,0,0,0,0,0,25/02/2025 07:48,0,1,0,0,13.7346,0,0,0,456,39,2.3543600000000002,0,0,0,0.031442,2,0,0,0,34,0,0,0,Success,0,0,0,0,0,0,0,5.257886838,None,25/02/2025 07:55,6.28.1,0,316,0,2025-02-25 D,25/02/2025 07:56,None,0,0,497,1,0,72,0,0.049729267,0,6.28.1,None,0,490,490,246,0,165,5,0,0,0,0,13.7346,0,8,0,40.169360000000005,0,0,0,27,0,0,0,0,0,0,0,0,0,0,None,0,0,0.557,0,0,0,44.125299999999996,1,0,25/02/2025 07:49,0,0,0
80,0,0,0,0,0,0,0,25/02/2025 07:56,0,1,0,0,13.757448979591837,0,0,0,538,38,3.016061224489796,0,0,0,0.033132,2,0,0,0,0,0,0,0,Success,0,0,0,0,0,0,0,5.273965207,None,25/02/2025 08:04,6.28.1,0,298,0,2025-02-25 D,25/02/2025 08:05,None,0,0,539,1,0,70,0,0.046486558,0,6.28.1,None,0,538,538,238,0,165,6,0,0,0,0,13.757448979591837,0,11,0,39.527795918367346,0,0,0,26,0,0,0,0,0,0,0,0,0,0,None,0,0,0.61,0,0,0,38.99834693877551,1,0,25/02/2025 07:59,0,0,0
135,0,0,0,0,0,0,0,25/02/2025 08:05,0,1,0,0,13.0776,0,0,0,530,39,2.54008,0,0,0,0.030636,2,0,0,0,0,0,0,0,Success,0,0,0,0,0,0,0,5.346922105,None,25/02/2025 08:12,6.28.1,0,370,0,2025-02-25 D,25/02/2025 08:14,None,0,0,515,1,0,125,0,0.029427878,0,6.28.1,None,0,530,530,247,0,165,5,0,0,0,0,13.0776,0,9,0,38.59194,0,0,0,27,0,0,0,0,0,0,0,0,0,0,None,0,0,0.561,0,0,0,41.59936,1,0,25/02/2025 08:06,0,0,0
78,0,0,0,0,0,0,0,25/02/2025 08:14,0,1,0,0,14.4537,0,0,95,1356,1016,1.97088,0,0,0,0.021599,2,0,0,0,0,0,0,0,Success,0,0,0,0,0,0,0,5.334581614,None,25/02/2025 08:21,6.28.1,0,386,0,2025-02-25 D,25/02/2025 08:40,None,0,203,490,1,0,68,0,0.028160256,0,6.28.1,None,0,1559,1356,282,0,165,5,0,0,0,0,14.4537,0,48,0,39.77938,0,0,0,26,0,0,0,0,0,0,0,0,0,0,None,0,0,0.522,0,0,0,40.6986,1,0,25/02/2025 08:15,0,0,0
80,0,0,0,0,0,0,0,25/02/2025 08:40,0,1,0,0,10.463478260869564,0,0,2507,665,38,1.9356086956521739,0,0,0,0.025776,2,0,0,0,469,0,0,0,Success,0,0,0,0,0,0,0,5.402557635,None,25/02/2025 09:45,6.28.1,0,706,0,2025-02-25 D,25/02/2025 09:47,None,0,2776,5033,1,0,70,109,0.13885244,0,6.28.1,None,0,4019,1243,303,0,165,5,0,0,0,0,10.463478260869564,0,11,0,40.15239130434782,0,0,0,26,0,0,0,0,0,0,0,0,0,0,None,0,0,0.547,0,0,0,43.074260869565215,1,0,25/02/2025 09:34,0,0,0
82,0,0,0,0,0,0,0,25/02/2025 09:47,0,1,0,0,12.653235294117648,0,0,0,479,39,2.5501176470588236,0,0,0,0.03014,2,0,0,0,0,0,0,0,Success,0,0,0,0,0,0,0,5.46857806,None,25/02/2025 09:53,6.28.1,0,321,0,2025-02-25 D,25/02/2025 09:55,None,0,0,467,1,0,72,0,0.021213204,0,6.28.1,None,0,479,479,251,0,165,5,0,0,0,0,12.653235294117648,0,10,0,39.48654901960784,0,0,0,26,0,0,0,0,0,0,0,0,0,0,None,0,0,0.518,0,0,0,40.43278431372549,1,0,25/02/2025 09:48,0,0,0
80,0,0,0,0,0,0,0,25/02/2025 09:55,0,1,0,0,13.499117647058824,0,0,0,462,39,2.441705882352941,0,0,0,0.03398,2,0,0,0,0,0,0,0,Success,0,0,0,0,0,0,0,5.467626999,None,25/02/2025 10:01,6.28.1,0,307,0,2025-02-25 D,25/02/2025 10:02,None,0,0,450,1,0,70,0,0.059059292,0,6.28.1,None,0,462,462,237,0,165,5,0,0,0,0,13.499117647058824,0,12,0,39.53174509803922,0,0,0,26,0,0,0,0,0,0,0,0,0,0,None,0,0,0.498,0,0,0,40.45498039215687,1,0,25/02/2025 09:56,0,0,0
78,0,0,0,0,0,0,0,25/02/2025 10:02,0,1,0,0,13.64625,0,0,0,493,39,2.4032307692307695,0,0,0,0.032288,2,0,0,0,0,0,0,0,Success,0,0,0,0,0,0,0,5.597736418,None,25/02/2025 10:09,6.28.1,0,308,0,2025-02-25 D,25/02/2025 10:10,None,0,0,470,1,0,68,0,0.065299311,0,6.28.1,None,0,493,493,238,0,165,4,0,0,0,0,13.64625,0,14,0,40.56696153846154,0,0,0,27,0,0,0,0,0,0,0,0,0,0,None,0,0,0.566,0,0,0,40.63684615384615,1,0,25/02/2025 10:04,0,0,0
82,0,0,0,0,0,0,0,25/02/2025 10:27,0,1,0,0,15.43603448275862,0,0,0,877,42,1.5988793103448276,0,0,0,0.018223,2,0,0,0,2089,0,0,0,Success,0,0,0,0,0,0,0,6.010080033,None,25/02/2025 11:15,6.28.1,0,469,0,2025-02-25 D,25/02/2025 11:16,None,0,0,2938,1,0,72,4,0.167621597,0,6.28.1,None,0,2970,2970,392,0,165,5,0,0,0,0,15.43603448275862,0,30,0,41.48708620689656,0,0,0,29,0,0,0,0,0,0,0,0,0,0,None,0,0,0.521,0,0,0,39.86943103448276,1,0,25/02/2025 11:07,0,0,0
82,0,0,0,0,0,0,0,25/02/2025 11:16,0,1,0,0,15.108157894736841,0,0,0,1054,41,1.9637719298245615,0,0,0,0.018287,2,0,0,0,64,0,0,0,Success,0,0,0,0,0,0,0,6.030103896,None,25/02/2025 11:33,6.28.1,0,904,0,2025-02-25 D,25/02/2025 11:35,None,0,0,1084,1,0,72,0,0.040607881,0,6.28.1,None,0,1118,1118,743,0,165,16,0,0,0,0,15.108157894736841,0,29,0,41.48571929824562,0,0,0,29,0,0,0,0,0,0,0,0,0,0,None,0,0,0.558,0,0,0,40.96375438596492,1,0,25/02/2025 11:18,0,0,0
81,0,0,0,0,0,0,0,25/02/2025 11:35,0,1,0,0,14.707767857142857,0,0,0,601,41,1.7709821428571428,0,0,0,0.019449,2,0,0,0,0,0,0,0,Success,0,0,0,0,0,0,0,5.887009258,None,25/02/2025 11:43,6.28.1,0,439,0,2025-02-25 D,25/02/2025 11:45,None,0,0,588,1,0,71,0,0.039824615,0,6.28.1,None,0,601,601,355,0,165,4,0,0,0,0,14.707767857142857,0,22,0,41.02251785714286,0,0,0,28,0,0,0,0,0,0,0,0,0,0,None,0,0,0.559,0,0,0,40.86025,1,0,25/02/2025 11:36,0,0,0
646,0,0,0,0,0,0,0,25/02/2025 11:45,0,1,0,0,7.873928571428571,0,0,0,8900,10603,1.3377857142857141,0,0,0,0.028062,2,0,0,0,381,0,0,0,Success,0,0,0,0,0,0,0,5.797328781,None,25/02/2025 12:17,6.28.1,0,1862,0,2025-02-25 D,25/02/2025 15:14,None,0,7127,1454,1,0,646,413,0.047539457,0,6.28.1,None,0,12585,5458,345,0,165,4,0,0,0,0,7.873928571428571,0,9,0,39.5655,0,0,0,7614,0,0,0,0,0,0,0,0,0,0,None,0,0,0.563,0,0,0,44.246500000000005,1,0,25/02/2025 11:46,0,0,0
0,0,0,0,0,0,0,0,25/02/2025 15:14,0,0,0,0,14.451509433962263,0,0,0,1219,395,2.7755471698113205,0,0,0,0.020234,0,0,0,0,2007,0,0,0,Success,0,0,0,0,0,0,0,5.733508001,None,25/02/2025 16:01,6.28.1,0,2716,0,2025-02-25 D,25/02/2025 16:08,None,0,0,0,1,0,0,0,0.021,0,6.28.1,None,0,3226,3226,1109,0,165,4,0,0,0,0,14.451509433962263,0,0,0,43.27345283018868,0,0,0,0,0,0,0,0,0,0,0,0,0,0,None,0,0,0.531,0,0,0,45.38171698113207,1,0,25/02/2025 15:16,0,0,0
84,0,0,0,0,0,0,0,25/02/2025 16:08,0,1,0,0,7.601999999999999,0,0,0,1155,40,1.8422,0,0,0,0.032503,2,0,0,0,514,0,0,0,Success,0,0,0,0,0,0,0,5.709227181,None,25/02/2025 16:51,6.28.1,0,2468,0,2025-02-25 D,25/02/2025 16:52,None,0,1141,16963,1,0,74,539,0.062297672,0,6.28.1,None,0,2628,1487,554,0,165,4,0,0,0,0,7.601999999999999,0,14,0,38.583600000000004,0,0,0,27,0,0,0,0,0,0,0,0,0,0,None,0,0,0.528,0,0,0,39.119,1,0,25/02/2025 16:10,0,0,0
139,0,0,0,0,0,0,0,25/02/2025 17:00,0,0,0,0,14.442321428571429,0,0,0,1686,242,2.280982142857143,0,0,0,0.029457,1,0,0,0,763,0,0,0,Success,0,0,0,0,0,0,0,5.937891713,None,25/02/2025 17:49,6.28.1,0,349,0,2025-02-25 D,25/02/2025 17:54,None,0,0,0,1,0,139,777,1.174994894,0,6.28.1,None,0,3226,3226,268,0,165,2,0,0,0,0,14.442321428571429,0,0,0,40.93271428571428,0,0,0,0,0,0,0,0,0,0,0,0,0,0,None,0,0,0.528,0,0,0,37.152232142857144,1,0,25/02/2025 17:43,0,0,0
85,0,0,0,0,0,0,0,25/02/2025 17:54,0,1,0,0,14.809722222222222,0,0,0,502,40,2.6897037037037035,0,0,0,0.034725,2,0,0,0,6,0,0,0,Success,0,0,0,0,0,0,0,5.875110637,None,25/02/2025 18:01,6.28.1,0,323,0,2025-02-25 D,25/02/2025 18:02,None,0,0,3712,1,0,75,0,0.066910387,0,6.28.1,None,0,508,508,242,0,165,6,0,0,0,0,14.809722222222222,0,19,0,39.86227777777778,0,0,0,27,0,0,0,0,0,0,0,0,0,0,None,0,0,0.532,0,0,0,37.73716666666667,1,0,25/02/2025 17:56,0,0,0
82,0,0,0,0,0,0,0,25/02/2025 18:02,0,1,0,0,15.67990909090909,0,0,0,513,40,1.953218181818182,0,0,0,0.027402,2,0,0,0,0,0,0,0,Success,0,0,0,0,0,0,0,5.849727088,None,25/02/2025 18:10,6.28.1,0,356,0,2025-02-25 N,25/02/2025 18:11,None,0,0,489,1,0,72,0,0.054083269,0,6.28.1,None,0,513,513,265,0,165,8,0,0,0,0,15.67990909090909,0,34,0,41.29970909090909,0,0,0,28,0,0,0,0,0,0,0,0,0,0,None,0,0,0.517,0,0,0,39.32263636363636,1,0,25/02/2025 18:04,0,0,0
81,0,0,0,0,0,0,0,25/02/2025 18:11,0,1,0,0,14.603333333333333,0,0,0,471,40,2.8753703703703706,0,0,0,0.036066,2,0,0,0,0,0,0,0,Success,0,0,0,0,0,0,0,5.890847562,None,25/02/2025 18:18,6.28.1,0,308,0,2025-02-25 N,25/02/2025 18:19,None,0,0,447,1,0,71,0,0.023853721,0,6.28.1,None,0,471,471,228,0,165,4,0,0,0,0,14.603333333333333,0,20,0,40.83233333333333,0,0,0,28,0,0,0,0,0,0,0,0,0,0,None,0,0,0.527,0,0,0,39.72170370370371,1,0,25/02/2025 18:13,0,0,0
78,0,0,0,0,0,0,0,25/02/2025 18:19,0,1,0,0,15.515192307692306,0,0,0,651,39,1.5084423076923075,0,0,0,0.018656,2,0,0,0,10,0,0,0,Success,0,0,0,0,0,0,0,5.414334585,None,25/02/2025 18:38,6.28.1,0,421,0,2025-02-25 N,25/02/2025 18:39,None,0,542,1143,1,0,68,0,0.047539457,0,6.28.1,None,0,1203,661,328,0,165,5,0,0,0,0,15.515192307692306,0,37,0,40.45765384615384,0,0,0,27,0,0,0,0,0,0,0,0,0,0,None,0,0,0.489,0,0,0,37.28478846153846,1,0,25/02/2025 18:31,0,0,0
74,0,0,0,0,0,0,0,25/02/2025 18:39,0,1,0,0,15.048461538461538,0,0,0,651,239,1.9187500000000002,0,0,0,0.026452,2,0,0,0,46,0,0,0,Success,0,0,0,0,0,0,0,5.410905377,None,25/02/2025 18:46,6.28.1,0,338,0,2025-02-25 N,25/02/2025 18:51,None,0,0,482,1,0,64,0,0.005099019,0,6.28.1,None,0,697,697,242,0,165,4,0,0,0,0,15.048461538461538,0,43,0,40.708653846153844,0,0,0,26,0,0,0,0,0,0,0,0,0,0,None,0,0,0.557,0,0,0,36.93623076923077,1,0,25/02/2025 18:40,0,0,0
75,0,0,0,0,0,0,0,25/02/2025 18:59,0,1,0,0,15.29205882352941,0,0,0,533,39,1.5698823529411763,0,0,0,0.022166,2,0,0,0,0,0,0,0,Success,0,0,0,0,0,0,0,5.306429025,None,25/02/2025 19:06,6.28.1,0,370,0,2025-02-25 N,25/02/2025 19:07,None,0,0,499,1,0,65,0,0.017804493,0,6.28.1,None,0,533,533,276,0,165,5,0,0,0,0,15.29205882352941,0,41,0,40.97976470588235,0,0,0,27,0,0,0,0,0,0,0,0,0,0,None,0,0,0.522,0,0,0,38.033725490196076,1,0,25/02/2025 19:00,0,0,0
82,0,0,0,0,0,0,0,25/02/2025 19:16,0,1,0,0,13.520425531914894,0,0,0,442,39,3.3696382978723403,0,0,0,0.035112,2,0,0,0,0,0,0,0,Success,0,0,0,0,0,0,0,5.250887544,None,25/02/2025 19:22,6.28.1,0,285,0,2025-02-25 N,25/02/2025 19:23,None,0,0,411,1,0,72,0,0.012083046,0,6.28.1,None,0,442,442,196,0,165,5,0,0,0,0,13.520425531914894,0,30,0,39.91580851063829,0,0,0,27,0,0,0,0,0,0,0,0,0,0,None,0,0,0.517,0,0,0,38.02159574468085,1,0,25/02/2025 19:17,0,0,0
87,0,0,0,0,0,0,0,25/02/2025 19:31,0,1,0,0,15.16470588235294,0,0,0,472,39,2.518588235294118,0,0,0,0.031085,2,0,0,0,0,0,0,0,Success,0,0,0,0,0,0,0,5.400907794,None,25/02/2025 19:38,6.28.1,0,317,0,2025-02-25 N,25/02/2025 19:39,None,0,0,436,1,0,77,0,0.018027757,0,6.28.1,None,0,472,472,216,0,165,5,0,0,0,0,15.16470588235294,0,36,0,41.49056862745098,0,0,0,27,0,0,0,0,0,0,0,0,0,0,None,0,0,0.532,0,0,0,38.72476470588235,1,0,25/02/2025 19:32,0,0,0
79,0,0,0,0,0,0,0,25/02/2025 19:39,0,1,0,0,14.701176470588235,0,0,0,441,40,2.6256274509803923,0,0,0,0.035617,2,0,0,0,0,0,0,0,Success,0,0,0,0,0,0,0,5.396813134,None,25/02/2025 19:45,6.28.1,0,282,0,2025-02-25 N,25/02/2025 19:46,None,0,0,423,1,0,69,0,0.042154478,0,6.28.1,None,0,441,441,204,0,165,5,0,0,0,0,14.701176470588235,0,21,0,40.56637254901961,0,0,0,27,0,0,0,0,0,0,0,0,0,0,None,0,0,0.557,0,0,0,36.86184314,1,0,25/02/2025 19:40,0,0,0
681,0,0,0,0,0,0,0,25/02/2025 19:46,0,1,0,0,14.628529411764704,0,0,0,1591,39,2.6828431372549018,0,0,0,0.022984,3,0,0,0,224,0,0,0,Success,0,0,0,0,0,0,0,5.437375378,None,25/02/2025 20:17,6.28.1,0,1747,0,2025-02-25 N,25/02/2025 20:18,None,0,0,1864,1,0,671,87,0.046389654,0,6.28.1,None,0,1902,1902,671,0,165,5,0,0,0,0,14.628529411764704,0,33,0,40.155313725490196,0,0,0,26,0,0,0,0,0,0,0,0,0,0,None,0,0,0.504,0,0,0,42.78509803921568,1,0,25/02/2025 19:48,0,0,0
76,0,0,0,0,0,0,0,25/02/2025 20:18,0,1,0,0,13.58205882352941,0,0,0,458,39,2.796176470588235,0,0,0,0.036008,2,0,0,0,50,0,0,0,Success,0,0,0,0,0,0,0,5.449631639,None,25/02/2025 20:31,6.28.1,0,286,0,2025-02-25 N,25/02/2025 20:32,None,0,346,834,1,0,66,0,0.039962482,0,6.28.1,None,0,854,508,205,0,165,5,0,0,0,0,13.58205882352941,0,28,0,40.680392156862744,0,0,0,26,0,0,0,0,0,0,0,0,0,0,None,0,0,0.528,0,0,0,41.95443137254902,1,0,25/02/2025 20:26,0,0,0
647,0,0,0,0,0,0,0,25/02/2025 20:32,0,1,0,0,14.301176470588235,0,0,0,1185,38,2.710843137254902,0,0,0,0.034777,2,0,0,0,95,0,0,0,Success,0,0,0,0,0,0,0,5.466518453,None,25/02/2025 20:52,6.28.1,0,1127,0,2025-02-25 N,25/02/2025 20:53,None,0,0,1262,1,0,637,0,0.020099752,0,6.28.1,None,0,1280,1280,260,0,165,6,0,0,0,0,14.301176470588235,0,17,0,40.284549019607844,0,0,0,26,0,0,0,0,0,0,0,0,0,0,None,0,0,0.547,0,0,0,43.52321568627451,1,0,25/02/2025 20:34,0,0,0
80,0,0,0,0,0,0,0,25/02/2025 20:53,0,1,0,0,13.6251,0,0,0,449,39,2.9125,0,0,0,0.035455,2,0,0,0,0,0,0,0,Success,0,0,0,0,0,0,0,5.492883032,None,25/02/2025 21:00,6.28.1,0,294,0,2025-02-25 N,25/02/2025 21:01,None,0,0,419,1,0,70,0,0.032249031,0,6.28.1,None,0,449,449,213,0,165,6,0,0,0,0,13.6251,0,24,0,40.13124,0,0,0,26,0,0,0,0,0,0,0,0,0,0,None,0,0,0.54,0,0,0,42.725919999999995,1,0,25/02/2025 20:55,0,0,0
79,0,0,0,0,0,0,0,25/02/2025 21:01,0,1,0,0,14.190000000000001,0,0,0,543,157,2.5622745098039212,0,0,0,0.033514,2,0,0,0,33,0,0,0,Success,0,0,0,0,0,0,0,5.444043167,None,25/02/2025 21:07,6.28.1,0,304,0,2025-02-25 N,25/02/2025 21:10,None,0,0,442,1,0,69,0,0.006324555,0,6.28.1,None,0,576,576,219,0,165,5,0,0,0,0,14.190000000000001,0,27,0,41.198078431372544,0,0,0,26,0,0,0,0,0,0,0,0,0,0,None,0,0,0.537,0,0,0,44.00786274509804,1,0,25/02/2025 21:02,0,0,0
0,0,0,0,0,0,0,0,25/02/2025 21:10,0,0,0,0,14.273399999999999,0,0,0,0,30,3.0361399999999996,0,0,0,0.039889,0,0,0,0,565,0,0,0,Success,0,0,0,0,0,0,0,5.383232579,None,25/02/2025 21:35,6.28.1,0,1145,0,2025-02-25 N,25/02/2025 21:36,None,0,647,0,1,0,0,305,0.286251638,0,6.28.1,None,0,1517,870,0,0,165,7,0,0,0,0,14.273399999999999,0,0,0,40.1185,0,0,0,0,0,0,0,0,0,0,0,0,0,0,None,0,0,0.56,0,0,0,42.40336,1,0,25/02/2025 21:16,0,0,1
0,0,0,0,0,0,0,0,25/02/2025 21:36,0,0,0,0,13.956470588235293,0,0,0,0,40,2.5540784313725493,0,0,0,0.03472,0,0,0,0,456,0,0,0,Success,0,0,0,0,0,0,0,5.385198418,None,25/02/2025 21:43,6.28.1,0,372,0,2025-02-25 N,25/02/2025 21:44,None,0,0,0,1,0,0,56,0.115767008,0,6.28.1,None,0,512,512,0,0,165,2,0,0,0,0,13.956470588235293,0,0,0,40.09629411764706,0,0,0,0,0,0,0,0,0,0,0,0,0,0,None,0,0,0.588,0,0,0,44.27498039215686,1,0,25/02/2025 21:37,0,0,1
0,0,0,0,0,0,0,0,25/02/2025 21:44,0,0,0,0,13.261249999999999,0,0,0,0,53,3.1291875,0,0,0,0.037497,0,0,0,0,212,0,0,0,Success,0,0,0,0,0,0,0,5.243441809,None,25/02/2025 21:51,6.28.1,0,279,0,2025-02-25 N,25/02/2025 21:52,None,0,0,0,1,0,0,263,0.275230812,0,6.28.1,None,0,475,475,0,0,165,5,0,0,0,0,13.261249999999999,0,0,0,39.50960416666667,0,0,0,0,0,0,0,0,0,0,0,0,0,0,None,0,0,0.569,0,0,0,43.18929166666666,1,0,25/02/2025 21:46,0,0,0
0,0,0,0,0,0,0,0,25/02/2025 21:52,0,0,0,0,14.31734693877551,0,0,0,0,39,3.107204081632653,0,0,0,0.025146,0,0,0,0,531,0,0,0,Success,0,0,0,0,0,0,0,5.318154379,None,25/02/2025 22:00,6.28.1,0,379,0,2025-02-25 N,25/02/2025 22:01,None,0,0,0,1,0,0,0,0.085005882,0,6.28.1,None,0,531,531,0,0,165,5,0,0,0,0,14.31734693877551,0,0,0,38.94320408163266,0,0,0,0,0,0,0,0,0,0,0,0,0,0,None,0,0,0.529,0,0,0,41.84840816326531,1,0,25/02/2025 21:54,0,0,1
0,0,0,0,0,0,0,0,25/02/2025 22:01,0,0,0,0,14.5296,0,0,0,0,62,3.13738,0,0,0,0.033217,0,0,0,0,101,0,0,0,Success,0,0,0,0,0,0,0,5.599392378,None,25/02/2025 22:08,6.28.1,0,361,0,2025-02-25 N,25/02/2025 22:10,None,0,0,0,1,0,0,422,0.059236813,0,6.28.1,None,0,523,523,0,0,165,4,0,0,0,0,14.5296,0,0,0,40.6846,0,0,0,0,0,0,0,0,0,0,0,0,0,0,None,0,0,0.532,0,0,0,43.71794,1,0,25/02/2025 22:02,0,0,1
0,0,0,0,0,0,0,0,25/02/2025 22:10,0,0,0,0,14.764615384615384,0,0,0,0,104,2.8015961538461536,0,0,0,0.037587,0,0,0,0,328,0,0,0,Success,0,0,0,0,0,0,0,5.577109108,None,25/02/2025 22:16,6.28.1,0,304,0,2025-02-25 N,25/02/2025 22:18,None,0,0,0,1,0,0,193,0.06226556,0,6.28.1,None,0,521,521,0,0,165,8,0,0,0,0,14.764615384615384,0,0,0,40.88090384615385,0,0,0,0,0,0,0,0,0,0,0,0,0,0,None,0,0,0.575,0,0,0,44.087096153846154,1,0,25/02/2025 22:11,0,0,1
0,0,0,0,0,0,0,0,25/02/2025 22:18,0,0,0,0,14.1084,0,0,0,0,308,2.6539800000000002,0,0,0,0.034816,0,0,0,0,190,0,0,0,Success,0,0,0,0,0,0,0,5.338030442,None,25/02/2025 22:25,6.28.1,0,308,0,2025-02-25 N,25/02/2025 22:31,None,0,0,0,1,0,0,554,0.115974135,0,6.28.1,None,0,744,744,0,0,165,13,0,0,0,0,14.1084,0,0,0,40.315239999999996,0,0,0,0,0,0,0,0,0,0,0,0,0,0,None,0,0,0.552,0,0,0,43.26838,1,0,25/02/2025 22:20,0,0,1
0,0,0,0,0,0,0,0,25/02/2025 22:31,0,0,0,0,14.0919,0,0,0,0,72,2.04986,0,0,0,0.02717,0,0,0,0,248,0,0,0,Success,0,0,0,0,0,0,0,5.267022024,None,25/02/2025 22:38,6.28.1,0,335,0,2025-02-25 N,25/02/2025 22:40,None,0,0,0,1,0,0,272,0.079649231,0,6.28.1,None,0,520,520,0,0,165,6,0,0,0,0,14.0919,0,0,0,40.623360000000005,0,0,0,0,0,0,0,0,0,0,0,0,0,0,None,0,0,0.54,0,0,0,44.328059999999994,1,0,25/02/2025 22:32,0,0,1
0,0,0,0,0,0,0,0,25/02/2025 22:40,0,0,0,0,13.982596153846155,0,0,0,0,39,2.323,0,0,0,0.030866,0,0,0,0,461,0,0,0,Success,0,0,0,0,0,0,0,5.533361546,None,25/02/2025 22:46,6.28.1,0,307,0,2025-02-25 N,25/02/2025 22:47,None,0,0,0,1,0,0,0,0.079849859,0,6.28.1,None,0,461,461,0,0,165,4,0,0,0,0,13.982596153846155,0,0,0,41.204442307692304,0,0,0,0,0,0,0,0,0,0,0,0,0,0,None,0,0,0.562,0,0,0,43.39076923076924,1,0,25/02/2025 22:41,0,0,1
0,0,0,0,0,0,0,0,25/02/2025 22:47,0,0,0,0,14.106226415094339,0,0,0,0,108,2.556735849056604,0,0,0,0,0,0,0,0,152,0,0,0,Success,0,0,0,0,0,0,0,5.585051746,None,25/02/2025 22:54,6.28.1,0,299,0,2025-02-25 N,25/02/2025 22:56,None,0,0,0,1,0,0,381,0.123822454,0,6.28.1,None,0,533,533,0,0,165,4,0,0,0,0,14.106226415094339,0,0,0,41.01941509433962,0,0,0,0,0,0,0,0,0,0,0,0,0,0,None,0,0,0.511,0,0,0,40.73162264150943,1,0,25/02/2025 22:49,0,0,1
0,0,0,0,0,0,0,0,25/02/2025 22:56,0,0,0,0,14.205,0,0,0,0,38,2.360781818181818,0,0,0,0.030294,0,0,0,0,461,0,0,0,Success,0,0,0,0,0,0,0,5.797097032,None,25/02/2025 23:03,6.28.1,0,323,0,2025-02-25 N,25/02/2025 23:04,None,0,0,0,1,0,0,0,0.132653684,0,6.28.1,None,0,461,461,0,0,165,4,0,0,0,0,14.205,0,0,0,41.77885454545454,0,0,0,0,0,0,0,0,0,0,0,0,0,0,None,0,0,0.565,0,0,0,39.38952727272727,1,0,25/02/2025 22:57,0,0,1
0,0,0,0,0,0,0,0,25/02/2025 23:04,0,0,0,0,14.990089285714287,0,0,0,0,113,2.1205000000000003,0,0,0,0.026661,0,0,0,0,396,0,0,0,Success,0,0,0,0,0,0,0,5.911255958,None,25/02/2025 23:13,6.28.1,0,384,0,2025-02-25 N,25/02/2025 23:15,None,0,0,0,1,0,0,265,0.134617978,0,6.28.1,None,0,661,661,0,0,165,16,0,0,0,0,14.990089285714287,0,0,0,41.05519642857143,0,0,0,0,0,0,0,0,0,0,0,0,0,0,None,0,0,0.548,0,0,0,39.833285714285715,1,0,25/02/2025 23:06,0,0,1
0,0,0,0,0,0,0,0,25/02/2025 23:15,0,0,0,0,15.279736842105262,0,0,0,0,48,2.660263157894737,0,0,0,0.032512,0,0,0,0,571,0,0,0,Success,0,0,0,0,0,0,0,6.02015847,None,25/02/2025 23:28,6.28.1,0,721,0,2025-02-25 N,25/02/2025 23:30,None,0,0,0,1,0,0,324,0.700343487,0,6.28.1,None,0,895,895,0,0,165,5,0,0,0,0,15.279736842105262,0,0,0,40.36924561403509,0,0,0,0,0,0,0,0,0,0,0,0,0,0,None,0,0,0.509,0,0,0,39.04163157894737,1,0,25/02/2025 23:16,0,0,1
80,0,0,0,0,0,0,0,25/02/2025 23:30,0,1,0,0,13.9251,0,0,0,589,39,2.71172,0,0,0,0.035122,2,0,0,0,86,0,0,0,Success,0,0,0,0,0,0,0,5.388044729,None,25/02/2025 23:40,6.28.1,0,300,0,2025-02-25 N,25/02/2025 23:41,None,0,0,9107,1,0,70,0,0.097529483,0,6.28.1,None,0,675,675,215,0,165,5,0,0,0,0,13.9251,0,25,0,40.00576,0,0,0,26,0,0,0,0,0,0,0,0,0,0,None,0,0,0.529,0,0,0,36.43498,1,0,25/02/2025 23:35,0,0,1
94,0,0,0,0,0,0,0,25/02/2025 23:49,0,1,0,0,15.041099999999998,0,0,0,640,39,2.85334,0,0,0,0.030636,2,0,0,0,555,0,0,0,Success,0,0,0,0,0,0,0,5.32781184,None,26/02/2025 00:08,6.28.1,0,1043,0,2025-02-25 N,26/02/2025 00:09,None,0,0,1171,1,0,84,0,0.067720012,0,6.28.1,None,0,1195,1195,302,0,165,4,0,0,0,0,15.041099999999998,0,29,0,41.44348,0,0,0,26,0,0,0,0,0,0,0,0,0,0,None,0,0,0.556,0,0,0,39.26122,1,0,25/02/2025 23:51,0,0,1
74,0,0,0,0,0,0,0,26/02/2025 00:09,0,1,0,0,14.1843,0,0,0,527,39,2.18482,0,0,0,0.022092,2,0,0,0,0,0,0,0,Success,0,0,0,0,0,0,0,5.278813124,None,26/02/2025 00:17,6.28.1,0,375,0,2025-02-25 N,26/02/2025 00:18,None,0,0,515,1,0,64,0,0.010440307,0,6.28.1,None,0,527,527,301,0,165,4,0,0,0,0,14.1843,0,19,0,40.78232,0,0,0,26,0,0,0,0,0,0,0,0,0,0,None,0,0,0.557,0,0,0,44.6214,1,0,26/02/2025 00:10,0,0,1
75,0,0,0,0,0,0,0,26/02/2025 00:18,0,1,0,0,14.1924,0,0,0,463,39,2.4888999999999997,0,0,0,0.032293,2,0,0,0,0,0,0,0,Success,0,0,0,0,0,0,0,5.421098136,None,26/02/2025 00:24,6.28.1,0,310,0,2025-02-25 N,26/02/2025 00:26,None,0,0,433,1,0,65,0,0.029614186,0,6.28.1,None,0,463,463,225,0,165,4,0,0,0,0,14.1924,0,29,0,40.22318,0,0,0,26,0,0,0,0,0,0,0,0,0,0,None,0,0,0.529,0,0,0,43.48622,1,0,26/02/2025 00:19,0,0,1
76,0,0,0,0,0,0,0,26/02/2025 00:26,0,1,0,0,14.410384615384617,0,0,0,534,39,2.05925,0,0,0,0.027303,2,0,0,0,0,0,0,0,Success,0,0,0,0,0,0,0,5.570094972,None,26/02/2025 00:33,6.28.1,0,344,0,2025-02-25 N,26/02/2025 00:34,None,0,0,481,1,0,66,0,0.051088159,0,6.28.1,None,0,534,534,242,0,165,11,0,0,0,0,14.410384615384617,0,53,0,41.08469230769231,0,0,0,27,0,0,0,0,0,0,0,0,0,0,None,0,0,0.567,0,0,0,44.44607692307692,1,0,26/02/2025 00:28,0,0,1
57,0,0,0,0,0,0,0,26/02/2025 00:34,0,1,0,0,14.339711538461538,0,0,0,557,342,2.2551346153846152,0,0,0,0.027692,2,0,0,0,0,0,0,0,Success,0,0,0,0,0,0,0,5.497723711,None,26/02/2025 00:42,6.28.1,0,328,0,2025-02-25 N,26/02/2025 00:48,None,0,320,462,1,0,57,0,0.080622577,0,6.28.1,None,0,809,489,250,0,165,16,0,0,0,0,14.339711538461538,0,44,0,40.499057692307694,0,0,0,24,0,0,0,0,0,0,0,0,0,0,None,0,0,0.516,0,0,0,44.09898076923077,1,0,26/02/2025 00:36,0,0,1
79,0,0,0,0,0,0,0,26/02/2025 01:07,0,1,0,0,14.497777777777777,0,0,0,531,40,2.109648148148148,0,0,0,0.028659,2,0,0,0,0,0,0,0,Success,0,0,0,0,0,0,0,5.734691012,None,26/02/2025 01:15,6.28.1,0,352,0,2025-02-25 N,26/02/2025 01:16,None,0,531,497,1,0,69,0,0.012041595,0,6.28.1,None,0,531,0,263,0,165,16,0,0,0,0,14.497777777777777,0,42,0,40.445796296296294,0,0,0,27,0,0,0,0,0,0,0,0,0,0,None,0,0,0.535,0,0,0,43.247759259259254,1,0,26/02/2025 01:09,0,0,1
87,0,0,0,0,0,0,0,26/02/2025 01:16,0,1,0,0,13.485,0,0,0,619,39,2.3623673469387754,0,0,0,0.030351,2,0,0,0,0,0,0,0,Success,0,0,0,0,0,0,0,5.248757758,None,26/02/2025 01:25,6.28.1,0,330,0,2025-02-25 N,26/02/2025 01:26,None,0,619,583,1,0,77,0,0.05731492,0,6.28.1,None,0,619,0,234,0,165,5,0,0,0,0,13.485,0,32,0,40.55585714285714,0,0,0,27,0,0,0,0,0,0,0,0,0,0,None,0,0,0.562,0,0,0,46.110897959183674,1,0,26/02/2025 01:19,0,0,0
80,0,0,0,0,0,0,0,26/02/2025 01:26,0,1,0,0,13.022142857142859,0,0,0,508,39,2.946918367346939,0,0,0,0.035524,2,0,0,0,108,0,0,0,Success,0,0,0,0,0,0,0,5.244759766,None,26/02/2025 01:35,6.28.1,0,461,0,2025-02-25 N,26/02/2025 01:36,None,0,282,598,1,0,70,0,0.027294688,0,6.28.1,None,0,616,334,268,0,165,5,0,0,0,0,13.022142857142859,0,21,0,40.453387755102035,0,0,0,26,0,0,0,0,0,0,0,0,0,0,None,0,0,0.555,0,0,0,45.99502040816326,1,0,26/02/2025 01:28,0,0,0
74,0,0,0,0,0,0,0,26/02/2025 01:36,0,1,0,0,14.87387755102041,0,0,0,462,39,2.548632653061224,0,0,0,0.032738,2,0,0,0,0,0,0,0,Success,0,0,0,0,0,0,0,5.264963153,None,26/02/2025 01:43,6.28.1,0,301,0,2025-02-25 N,26/02/2025 01:44,None,0,0,434,1,0,64,0,0.036769553,0,6.28.1,None,0,462,462,216,0,165,5,0,0,0,0,14.87387755102041,0,32,0,40.83761224489796,0,0,0,26,0,0,0,0,0,0,0,0,0,0,None,0,0,0.547,0,0,0,43.94,1,0,26/02/2025 01:38,0,0,0
74,0,0,0,0,0,0,0,26/02/2025 01:44,0,1,0,0,14.4618,0,0,0,477,39,2.354,0,0,0,0.030322,2,0,0,0,0,0,0,0,Success,0,0,0,0,0,0,0,5.324760652,None,26/02/2025 01:51,6.28.1,0,321,0,2025-02-25 N,26/02/2025 01:52,None,0,0,445,1,0,64,0,0.061554853,0,6.28.1,None,0,477,477,237,0,165,4,0,0,0,0,14.4618,0,32,0,40.8579,0,0,0,26,0,0,0,0,0,0,0,0,0,0,None,0,0,0.545,0,0,0,44.86862,1,0,26/02/2025 01:46,0,0,0
159,0,0,0,0,0,0,0,26/02/2025 01:52,0,1,0,0,14.226764705882355,0,0,0,610,40,2.0019411764705883,0,0,0,0.023557,2,0,0,0,0,0,0,0,Success,0,0,0,0,0,0,0,5.407548613,None,26/02/2025 02:01,6.28.1,0,453,0,2025-02-25 N,26/02/2025 02:02,None,0,0,538,1,0,149,0,0.015620499,0,6.28.1,None,0,610,610,245,0,165,4,0,0,0,0,14.226764705882355,0,71,0,40.24919607843137,0,0,0,27,0,0,0,0,0,0,0,0,0,0,None,0,0,0.532,0,0,0,44.38711764705882,1,0,26/02/2025 01:54,0,0,0
79,0,0,0,0,0,0,0,26/02/2025 02:02,0,1,0,0,14.532058823529411,0,0,0,505,39,2.3289999999999997,0,0,0,0.027741,2,0,0,0,0,0,0,0,Success,0,0,0,0,0,0,0,5.436050221,None,26/02/2025 02:09,6.28.1,0,338,0,2025-02-25 N,26/02/2025 02:11,None,0,0,472,1,0,69,0,0.050487622,0,6.28.1,None,0,505,505,258,0,165,11,0,0,0,0,14.532058823529411,0,30,0,40.40841176470589,0,0,0,26,0,0,0,0,0,0,0,0,0,0,None,0,0,0.547,0,0,0,44.74864705882353,1,0,26/02/2025 02:04,0,0,0
83,0,0,0,0,0,0,0,26/02/2025 02:18,0,1,0,0,13.558800000000002,0,0,0,494,38,2.39358,0,0,0,0.031381,2,0,0,0,3,0,0,0,Success,0,0,0,0,0,0,0,5.280835161,None,26/02/2025 02:25,6.28.1,0,325,0,2025-02-25 N,26/02/2025 02:27,None,0,0,435,1,0,73,0,0.020024984,0,6.28.1,None,0,497,497,218,0,165,4,0,0,0,0,13.558800000000002,0,44,0,40.9382,0,0,0,26,0,0,0,0,0,0,0,0,0,0,None,0,0,0.308,0,0,0,44.81692,1,0,26/02/2025 02:20,0,0,0
0,0,0,0,0,0,0,0,26/02/2025 02:27,0,0,0,0,13.456800000000001,0,0,0,0,43,2.5154,0,0,0,0.033947,0,0,0,0,467,0,0,0,Success,0,0,0,0,0,0,0,5.361058291,None,26/02/2025 02:33,6.28.1,0,302,0,2025-02-25 N,26/02/2025 02:35,None,0,0,0,1,0,0,0,0.078721026,0,6.28.1,None,0,467,467,0,0,165,16,0,0,0,0,13.456800000000001,0,0,0,40.914,0,0,0,0,0,0,0,0,0,0,0,0,0,0,None,0,0,0.313,0,0,0,45.67182,1,0,26/02/2025 02:28,0,0,0
58,0,0,0,0,0,0,0,26/02/2025 02:35,0,1,0,0,13.352830188679246,0,0,56,664,335,2.2721509433962264,0,0,0,0.032354,2,0,0,0,41,0,0,0,Success,0,0,0,0,0,0,0,5.625651073,None,26/02/2025 02:42,6.28.1,0,305,0,2025-02-25 N,26/02/2025 02:48,None,0,113,950,1,0,58,0,0.140758659,0,6.28.1,None,0,818,705,213,0,165,4,0,0,0,0,13.352830188679246,0,47,0,41.232339622641504,0,0,0,0,0,0,0,0,0,0,0,0,0,0,None,0,0,0.3,0,0,0,45.21213208,1,0,26/02/2025 02:37,0,0,1
0,0,0,0,0,0,0,0,26/02/2025 02:48,0,0,0,0,16.704574468085106,0,0,1829,0,58,2.7382127659574467,0,0,0,0.047567,0,0,0,0,0,0,0,0,Success,0,0,0,0,0,0,0,5.52394551,None,26/02/2025 03:18,6.28.1,0,117,0,2025-02-25 N,26/02/2025 03:19,None,0,1848,0,1,0,0,0,0.170578428,0,6.28.1,None,0,1848,0,0,0,165,15,0,0,0,0,16.704574468085106,0,0,0,46.11485106382979,0,0,0,0,0,0,0,0,0,0,0,0,0,0,None,0,0,0.315,0,0,0,46.57721276595745,0,0,26/02/2025 03:16,0,0,0
0,0,0,0,0,0,0,0,26/02/2025 03:26,0,0,0,0,17.71275,0,0,260,0,53,8.8767,0,0,0,0.073542,0,0,0,0,0,0,0,0,Success,0,0,0,0,0,0,0,5.041486487,None,26/02/2025 03:30,6.28.1,0,70,0,2025-02-25 N,26/02/2025 03:31,None,0,260,0,1,0,0,0,0.202714085,0,6.28.1,None,0,260,0,0,0,165,16,0,0,0,0,17.71275,0,0,0,45.655325,0,0,0,0,0,0,0,0,0,0,0,0,0,0,None,0,0,0.356,0,0,0,47.60955,0,0,26/02/2025 03:29,0,0,0
0,0,0,0,0,0,0,0,26/02/2025 03:31,0,0,0,0,17.818064516129034,0,0,395,0,38,5.2423548387096774,0,0,0,0,0,0,0,0,0,0,0,0,Success,0,0,0,0,0,0,0,4.806919596,None,26/02/2025 03:37,6.28.1,0,69,0,2025-02-25 N,26/02/2025 03:37,None,0,395,0,1,0,0,0,0.042047592,0,6.28.1,None,0,395,0,0,0,165,25,0,0,0,0,17.818064516129034,0,0,0,46.394677419354835,0,0,0,0,0,0,0,0,0,0,0,0,0,0,None,0,0,0.208,0,0,0,47.88816129032258,0,0,26/02/2025 03:35,0,0,0
0,0,0,0,0,0,0,0,26/02/2025 03:37,0,0,0,0,16.550930232558137,0,0,216,0,39,2.517325581395349,0,0,0,0,0,0,0,0,0,0,0,0,Fail,0,0,0,0,0,0,0,4.933601828,None,26/02/2025 03:40,6.28.1,0,117,0,2025-02-25 N,26/02/2025 03:41,None,0,216,0,0,0,0,0,0.266176633,0,6.28.1,None,0,216,0,0,0,165,17,0,0,0,0,16.550930232558137,0,0,0,46.05934884,0,0,0,0,0,0,0,0,0,0,0,0,0,0,None,0,0,0.284,0,0,0,44.73195348837209,0,0,26/02/2025 03:38,0,0,0
0,0,0,0,0,0,0,0,26/02/2025 03:41,0,0,0,0,17.175,0,0,306,0,26,3.8547857142857147,0,0,0,0,0,0,0,0,0,0,0,0,Success,0,0,0,0,0,0,0,4.934067186,None,26/02/2025 03:46,6.28.1,0,137,0,2025-02-25 N,26/02/2025 03:46,None,0,306,0,1,0,0,0,0.251431899,0,6.28.1,None,0,306,0,0,0,165,16,0,0,0,0,17.175,0,0,0,46.31180952380952,0,0,0,0,0,0,0,0,0,0,0,0,0,0,None,0,0,0.221,0,0,0,46.959023809523806,0,0,26/02/2025 03:43,0,0,0
0,0,0,0,0,0,0,0,26/02/2025 03:46,0,0,0,0,18.464189189189188,0,0,257,0,67,2.477972972972973,0,0,0,0,0,0,0,0,0,0,0,0,Success,0,0,0,0,0,0,0,5.121029779,None,26/02/2025 03:49,6.28.1,0,125,0,2025-02-25 N,26/02/2025 03:50,None,0,257,0,1,0,0,0,0.233961535,0,6.28.1,None,0,257,0,0,0,165,32,0,0,0,0,18.464189189189188,0,0,0,46.73686486486486,0,0,0,0,0,0,0,0,0,0,0,0,0,0,None,0,0,0.299,0,0,0,43.50343243243243,0,0,26/02/2025 03:47,0,0,0
0,0,0,0,0,0,0,0,26/02/2025 03:50,0,0,0,0,19.754333333333335,0,0,199,0,45,3.2456,0,0,0,0,0,0,0,0,0,0,0,0,Success,0,0,0,0,0,0,0,5.090116109,None,26/02/2025 03:53,6.28.1,0,90,0,2025-02-25 N,26/02/2025 03:54,None,0,199,0,1,0,0,0,0.067082039,0,6.28.1,None,0,199,0,0,0,165,15,0,0,0,0,19.754333333333335,0,0,0,46.56448888888889,0,0,0,0,0,0,0,0,0,0,0,0,0,0,None,0,0,0.691,0,0,0,41.043533333333336,0,0,26/02/2025 03:51,0,0,0
0,0,0,0,0,0,0,0,26/02/2025 03:54,0,0,0,0,18.579285714285714,0,0,222,0,57,5.171690476190475,0,0,0,0,0,0,0,0,0,0,0,0,Success,0,0,0,0,0,0,0,5.171925947,None,26/02/2025 03:56,6.28.1,0,112,0,2025-02-25 N,26/02/2025 03:57,None,0,222,0,1,0,0,0,0.061465437,0,6.28.1,None,0,222,0,0,0,165,9,0,0,0,0,18.579285714285714,0,0,0,45.498047619047625,0,0,0,0,0,0,0,0,0,0,0,0,0,0,None,0,0,0.485,0,0,0,41.449380952380956,0,0,26/02/2025 03:54,0,0,0
0,0,0,0,0,0,0,0,26/02/2025 03:57,0,0,0,0,19.879534883720932,0,0,175,0,41,3.6305813953488375,0,0,0,0,0,0,0,0,0,0,0,0,Success,0,0,0,0,0,0,0,5.20827553,None,26/02/2025 04:00,6.28.1,0,88,0,2025-02-25 N,26/02/2025 04:00,None,0,175,0,1,0,0,0,0.190433716,0,6.28.1,None,0,175,0,0,0,165,14,0,0,0,0,19.879534883720932,0,0,0,46.56923255813954,0,0,0,0,0,0,0,0,0,0,0,0,0,0,None,0,0,0.257,0,0,0,42.52193023255814,0,0,26/02/2025 03:58,0,0,0
0,0,0,0,0,0,0,0,26/02/2025 04:00,0,0,0,0,19.803333333333335,0,0,162,0,44,4.242422222222222,0,0,0,0,0,0,0,0,0,0,0,0,Success,0,0,0,0,0,0,0,5.153931897,None,26/02/2025 04:02,6.28.1,0,76,0,2025-02-25 N,26/02/2025 04:03,None,0,162,0,1,0,0,0,0.088836929,0,6.28.1,None,0,162,0,0,0,165,12,0,0,0,0,19.803333333333335,0,0,0,45.86913333333333,0,0,0,0,0,0,0,0,0,0,0,0,0,0,None,0,0,0.633,0,0,0,40.78633333333333,0,0,26/02/2025 04:01,0,0,0
0,0,0,0,0,0,0,0,26/02/2025 04:03,0,0,0,0,19.941627906976745,0,0,176,0,39,3.6739534883720926,0,0,0,0,0,0,0,0,0,0,0,0,Success,0,0,0,0,0,0,0,5.164407226,None,26/02/2025 04:05,6.28.1,0,81,0,2025-02-25 N,26/02/2025 04:06,None,0,176,0,1,0,0,0,0.122122889,0,6.28.1,None,0,176,0,0,0,165,15,0,0,0,0,19.941627906976745,0,0,0,46.14790697674419,0,0,0,0,0,0,0,0,0,0,0,0,0,0,None,0,0,0.19,0,0,0,43.93772093023256,0,0,26/02/2025 04:04,0,0,0
0,0,0,0,0,0,0,0,26/02/2025 04:06,0,0,0,0,19.387040816326532,0,0,315,0,48,2.420612244897959,0,0,0,0,0,0,0,0,0,0,0,0,Success,0,0,0,0,0,0,0,5.229487451,None,26/02/2025 04:10,6.28.1,0,132,0,2025-02-25 N,26/02/2025 04:11,None,0,315,0,1,0,0,0,0.011401754,0,6.28.1,None,0,315,0,0,0,165,11,0,0,0,0,19.387040816326532,0,0,0,46.46257142857143,0,0,0,0,0,0,0,0,0,0,0,0,0,0,None,0,0,0.513,0,0,0,44.252428571428574,0,0,26/02/2025 04:08,0,0,0
158,0,0,0,0,0,0,0,26/02/2025 04:11,0,1,0,0,15.90219512195122,0,0,2415,1226,40,3.4710487804878047,0,0,0,0.032876,2,0,0,0,78,0,0,0,Success,0,0,0,0,0,0,0,4.623804819,None,26/02/2025 05:22,6.28.1,0,859,0,2025-02-25 N,26/02/2025 05:24,None,0,3049,9593,1,0,148,0,-10000,0,6.28.1,None,0,4353,1304,201,0,165,5,0,0,0,0,15.90219512195122,0,39,0,40.902219512195124,0,0,0,27,0,0,0,0,0,0,0,0,0,0,None,0,0,-10000,0,0,0,45.560097560975606,1,0,26/02/2025 05:08,0,0,1
226,0,0,0,0,0,0,0,26/02/2025 05:24,0,13,0,0,10.9464,0,0,442,3188,223,4.10488,0,0,0,0.037398,1,0,0,0,354,0,0,0,Success,0,0,0,0,0,0,0,5.956972134,None,26/02/2025 07:20,6.28.1,0,6903,0,2025-02-25 N,26/02/2025 07:25,None,0,3843,3093,1,0,226,0,0.020808652,0,6.28.1,None,0,7286,3443,444,0,165,5,0,0,0,0,10.9464,0,163,0,37.26748,0,0,0,0,0,0,0,0,0,0,0,0,0,0,None,0,0,0.858,0,0,0,43.067879999999995,1,0,26/02/2025 05:25,0,0,1
376,0,0,0,0,0,0,0,26/02/2025 07:25,0,2,0,0,13.2828125,0,0,0,1164,58,4.5664375,0,0,0,0.026867,3,0,0,0,0,0,0,0,Success,0,0,0,0,0,0,0,5.664828418,None,26/02/2025 07:43,6.28.1,0,989,0,2025-02-26 D,26/02/2025 07:45,None,0,1164,4903,1,0,376,0,0.039293765,0,6.28.1,None,0,1164,0,285,0,165,6,0,0,0,0,13.2828125,0,45,0,39.00445833333333,0,0,0,36,0,0,0,0,0,0,0,0,0,0,None,0,0,0.503,0,0,0,43.305958333333336,1,0,26/02/2025 07:27,0,0,1
472,0,0,0,0,0,0,0,26/02/2025 07:45,0,3,0,0,12.825652173913044,0,0,0,1327,41,4.448369565217392,0,0,0,0.02221,2,0,0,0,121,0,0,0,Success,0,0,0,0,0,0,0,5.742127567,None,26/02/2025 08:07,6.28.1,0,1287,0,2025-02-26 D,26/02/2025 08:09,None,0,748,1565,1,0,462,0,0.018384776,0,6.28.1,None,0,1448,700,378,0,165,5,0,0,0,0,12.825652173913044,0,78,0,37.232565217391304,0,0,0,29,0,0,0,0,0,0,0,0,0,0,None,0,0,0.546,0,0,0,42.76826086956522,1,0,26/02/2025 07:46,0,0,1
128,0,0,0,0,0,0,0,26/02/2025 08:09,0,2,0,0,11.963877551020408,0,0,0,894,41,4.045489795918367,0,0,0,0.024266,2,0,0,0,44,0,0,0,Success,0,0,0,0,0,0,0,5.831875427,None,26/02/2025 08:23,6.28.1,0,782,0,2025-02-26 D,26/02/2025 08:24,None,0,0,936,1,0,118,0,0.006324555,0,6.28.1,None,0,938,938,473,0,165,5,0,0,0,0,11.963877551020408,0,54,0,38.38067346938776,0,0,0,28,0,0,0,0,0,0,0,0,0,0,None,0,0,0.553,0,0,0,45.70191836734694,1,0,26/02/2025 08:10,0,0,1
123,0,0,0,0,0,0,0,26/02/2025 08:24,0,2,0,0,13.0119,0,0,0,755,42,4.637919999999999,0,0,0,0.033276,2,0,0,0,418,0,0,0,Success,0,0,0,0,0,0,0,5.814350179,None,26/02/2025 08:51,6.28.1,0,1508,0,2025-02-26 D,26/02/2025 08:52,None,0,567,1604,1,0,113,0,0.066287253,0,6.28.1,None,0,1669,1102,309,0,165,4,0,0,0,0,13.0119,0,42,0,37.25904,0,0,0,29,0,0,0,0,0,0,0,0,0,0,None,0,0,0.543,0,0,0,43.9671,1,0,26/02/2025 08:26,0,0,1
129,0,0,0,0,0,0,0,26/02/2025 08:52,0,1,0,0,14.9562,0,0,0,523,41,4.36096,0,0,0,0.033574,3,0,0,0,0,0,0,0,Success,0,0,0,0,0,0,0,5.742035005,None,26/02/2025 09:00,6.28.1,0,361,0,2025-02-26 D,26/02/2025 09:01,None,0,0,516,1,0,118,0,0.042190047,0,6.28.1,None,0,523,523,228,0,165,4,0,0,0,0,14.9562,0,23,0,38.12448,0,0,0,28,0,0,0,0,0,0,0,0,0,0,None,0,0,0.545,0,0,0,48.67229999999999,1,0,26/02/2025 08:54,0,0,1
137,0,0,0,0,0,0,0,26/02/2025 09:01,0,1,0,0,15.0648,0,0,0,643,40,3.7441000000000004,0,0,0,0.02627,3,0,0,0,0,0,0,0,Success,0,0,0,0,0,0,0,5.656672167,None,26/02/2025 09:10,6.28.1,0,480,0,2025-02-26 D,26/02/2025 09:12,None,0,0,617,1,0,127,0,0.022825424,0,6.28.1,None,0,643,643,343,0,165,6,0,0,0,0,15.0648,0,20,0,39.04428,0,0,0,27,0,0,0,0,0,0,0,0,0,0,None,0,0,0.53,0,0,0,49.818400000000004,1,0,26/02/2025 09:02,0,0,1
86,0,0,0,0,0,0,0,26/02/2025 10:03,0,1,0,0,13.366363636363637,0,0,0,774,315,5.014522727272728,0,0,0,0.04179,2,0,0,0,0,0,0,0,Success,0,0,0,0,0,0,0,5.641328301,None,26/02/2025 10:10,6.28.1,0,335,0,2025-02-26 D,26/02/2025 10:16,None,0,0,479,1,0,76,0,0.038275318,0,6.28.1,None,0,774,774,242,0,165,8,0,0,0,0,13.366363636363637,0,30,0,37.30220454545454,0,0,0,28,0,0,0,0,0,0,0,0,0,0,None,0,0,0.574,0,0,0,45.90934090909091,1,0,26/02/2025 10:05,0,0,1
93,0,0,0,0,0,0,0,26/02/2025 10:16,0,1,0,0,16.04872340425532,0,0,0,421,40,4.464319148936171,0,0,0,0.045776,2,0,0,0,0,0,0,0,Success,0,0,0,0,0,0,0,5.529952803,None,26/02/2025 10:22,6.28.1,0,268,0,2025-02-26 D,26/02/2025 10:23,None,0,0,679,1,0,83,0,0.012206555,0,6.28.1,None,0,421,421,174,0,165,4,0,0,0,0,16.04872340425532,0,20,0,40.20765957446808,0,0,0,27,0,0,0,0,0,0,0,0,0,0,None,0,0,0.533,0,0,0,47.498872340425535,1,0,26/02/2025 10:17,0,0,1
635,0,0,0,0,0,0,0,26/02/2025 10:23,0,1,0,0,15.7443,0,0,0,1754,780,4.2375,0,0,0,0.024835,2,0,0,0,131,0,0,0,Success,0,0,0,0,0,0,0,5.729943281,None,26/02/2025 10:41,6.28.1,0,815,0,2025-02-26 D,26/02/2025 10:54,None,0,0,551,1,0,635,0,0.031906112,0,6.28.1,None,0,1885,1885,149,0,165,5,0,0,0,0,15.7443,0,21,0,45.9799,0,0,0,72,0,0,0,0,0,0,0,0,0,0,None,0,0,0.765,0,0,0,49.05504,1,0,26/02/2025 10:27,0,0,1
98,0,0,0,0,0,0,0,26/02/2025 10:54,0,1,0,0,16.444411764705883,0,0,0,435,40,3.7909803921568628,0,0,0,0.043096,2,0,0,0,0,0,0,0,Success,0,0,0,0,0,0,0,5.65509549,None,26/02/2025 11:00,6.28.1,0,281,0,2025-02-26 D,26/02/2025 11:02,None,0,0,1718,1,0,88,0,0.061773781,0,6.28.1,None,0,435,435,178,0,165,4,0,0,0,0,16.444411764705883,0,25,0,39.969529411764704,0,0,0,27,0,0,0,0,0,0,0,0,0,0,None,0,0,0.535,0,0,0,46.77849019607843,1,0,26/02/2025 10:56,0,0,1
0,0,0,0,0,0,0,0,26/02/2025 11:02,0,0,0,0,12.718815789473684,0,0,512,255,48,7.987289473684211,0,0,0,0.108,0,0,0,0,66,0,0,0,Fail,0,0,0,0,0,0,0,5.804358793,None,26/02/2025 11:51,6.28.1,0,67,0,2025-02-26 D,26/02/2025 12:02,None,0,912,0,0,0,0,2398,0.069856997,0,6.28.1,None,0,3631,2719,3555,0,165,12,0,0,0,0,12.718815789473684,0,0,0,35.37586842105263,0,0,0,0,0,0,0,0,0,0,0,0,0,0,None,0,0,0.5,0,0,0,44.58684210526316,0,0,26/02/2025 11:50,0,0,1
96,0,0,0,0,0,0,0,26/02/2025 12:02,0,1,0,0,16.279117647058825,0,0,0,440,40,3.7926862745098036,0,0,0,0.050306,2,0,0,0,0,0,0,0,Success,0,0,0,0,0,0,0,5.614070359,None,26/02/2025 12:08,6.28.1,0,265,0,2025-02-26 D,26/02/2025 12:10,None,0,0,4053,1,0,86,0,0.064404969,0,6.28.1,None,0,440,440,174,0,165,8,0,0,0,0,16.279117647058825,0,19,0,40.73939215686274,0,0,0,27,0,0,0,0,0,0,0,0,0,0,None,0,0,0.573,0,0,0,48.98758823529412,1,0,26/02/2025 12:04,0,0,1
91,0,0,0,0,0,0,0,26/02/2025 12:18,0,1,0,0,16.98933962264151,0,0,0,444,40,3.680849056603774,0,0,0,0.044714,2,0,0,0,0,0,0,0,Success,0,0,0,0,0,0,0,5.712734547,None,26/02/2025 12:24,6.28.1,0,272,0,2025-02-26 D,26/02/2025 12:26,None,0,0,416,1,0,81,0,0.003162277,0,6.28.1,None,0,444,444,173,0,165,4,0,0,0,0,16.98933962264151,0,28,0,40.39118867924529,0,0,0,27,0,0,0,0,0,0,0,0,0,0,None,0,0,0.545,0,0,0,46.03011320754717,1,0,26/02/2025 12:20,0,0,1
84,0,0,0,0,0,0,0,26/02/2025 12:26,0,1,0,0,17.42112244897959,0,0,0,511,39,3.586183673469388,0,0,0,0.031052,2,0,0,0,0,0,0,0,Success,0,0,0,0,0,0,0,5.558246036,None,26/02/2025 12:33,6.28.1,0,339,0,2025-02-26 D,26/02/2025 12:34,None,0,0,494,1,0,74,0,0.026832816,0,6.28.1,None,0,511,511,256,0,165,8,0,0,0,0,17.42112244897959,0,22,0,40.64155102040816,0,0,0,27,0,0,0,0,0,0,0,0,0,0,None,0,0,0.553,0,0,0,46.335734693877555,1,0,26/02/2025 12:27,0,0,1
79,0,0,0,0,0,0,0,26/02/2025 12:34,0,1,0,0,17.6703,0,0,0,504,40,3.4491199999999997,0,0,0,0.02756,2,0,0,0,0,0,0,0,Success,0,0,0,0,0,0,0,5.577066075,None,26/02/2025 12:41,6.28.1,0,337,0,2025-02-26 D,26/02/2025 12:42,None,0,0,462,1,0,69,0,0.048052055,0,6.28.1,None,0,504,504,246,0,165,16,0,0,0,0,17.6703,0,44,0,40.50768,0,0,0,27,0,0,0,0,0,0,0,0,0,0,None,0,0,0.537,0,0,0,47.29724,1,0,26/02/2025 12:36,0,0,1
91,0,0,0,0,0,0,0,26/02/2025 12:42,0,1,0,0,16.787647058823527,0,0,0,583,40,3.5867843137254907,0,0,0,0.025702,2,0,0,0,0,0,0,0,Success,0,0,0,0,0,0,0,5.638908937,None,26/02/2025 12:51,6.28.1,0,425,0,2025-02-26 D,26/02/2025 12:52,None,0,0,530,1,0,81,0,0.052497619,0,6.28.1,None,0,583,583,301,0,165,4,0,0,0,0,16.787647058823527,0,36,0,38.460607843137254,0,0,0,27,0,0,0,0,0,0,0,0,0,0,None,0,0,0.517,0,0,0,46.28135294117647,1,0,26/02/2025 12:44,0,0,1
109,0,0,0,0,0,0,0,26/02/2025 12:52,0,1,0,0,17.175882352941176,0,0,0,2162,1638,3.733450980392157,0,0,0,0.033922,2,0,0,0,0,0,0,0,Success,0,0,0,0,0,0,0,5.670288617,None,26/02/2025 13:00,6.28.1,0,354,0,2025-02-26 D,26/02/2025 13:30,None,0,1802,493,1,0,99,0,0.02745906,0,6.28.1,None,0,2290,488,237,0,165,5,0,0,0,0,17.175882352941176,0,26,0,39.93407843137255,0,0,0,27,0,0,0,0,0,0,0,0,0,0,None,0,0,0.531,0,0,0,46.29478431372549,1,0,26/02/2025 12:54,0,0,1
988,0,0,0,0,0,0,0,26/02/2025 13:30,0,1,0,0,17.428823529411765,0,0,0,1153,41,4.192078431372549,0,0,0,0.03162,3,0,0,0,397,0,0,0,Success,0,0,0,0,0,0,0,5.612204825,None,26/02/2025 14:03,6.28.1,0,1237,0,2025-02-26 D,26/02/2025 14:04,None,0,530,2880,1,0,978,158,0.020248457,0,6.28.1,None,0,2015,1485,253,0,165,4,0,0,0,0,17.428823529411765,0,18,0,39.449333333333335,0,0,0,27,0,0,0,0,0,0,0,0,0,0,None,0,0,0.548,0,0,0,46.89403921568628,1,0,26/02/2025 13:42,0,0,1
162,0,0,0,0,0,0,0,26/02/2025 14:18,0,1,0,0,17.145899999999997,0,0,0,639,40,3.76594,0,0,0,0.030017,2,0,0,0,0,0,0,0,Success,0,0,0,0,0,0,0,5.614144726,None,26/02/2025 14:28,6.28.1,0,469,0,2025-02-26 D,26/02/2025 14:29,None,0,639,587,1,0,152,0,0.025709921,0,6.28.1,None,0,639,0,305,0,165,5,0,0,0,0,17.145899999999997,0,22,0,40.35046,0,0,0,28,0,0,0,0,0,0,0,0,0,0,None,0,0,0.565,0,0,0,35.70796,1,0,26/02/2025 14:20,0,0,1
167,0,0,0,0,0,0,0,26/02/2025 14:29,0,1,0,0,16.193823529411766,0,0,0,967,40,3.0061764705882354,0,0,0,0.017139,3,0,0,0,0,0,0,0,Success,0,0,0,0,0,0,0,5.613344279,None,26/02/2025 14:44,6.28.1,0,814,0,2025-02-26 D,26/02/2025 14:45,None,0,967,927,1,0,157,0,0.030805844,0,6.28.1,None,0,967,0,604,0,165,5,0,0,0,0,16.193823529411766,0,63,0,41.13811764705882,0,0,0,27,0,0,0,0,0,0,0,0,0,0,None,0,0,0.542,0,0,0,41.85692156862745,1,0,26/02/2025 14:30,0,0,1
93,0,0,0,0,0,0,0,26/02/2025 14:45,0,1,0,0,17.30970588235294,0,0,0,798,404,3.511725490196078,0,0,0,0.044066,2,0,0,0,0,0,0,0,Success,0,0,0,0,0,0,0,5.655036074,None,26/02/2025 14:51,6.28.1,0,277,0,2025-02-26 D,26/02/2025 14:58,None,0,798,421,1,0,83,0,0.031320919,0,6.28.1,None,0,798,0,179,0,165,4,0,0,0,0,17.30970588235294,0,26,0,40.457882352941176,0,0,0,27,0,0,0,0,0,0,0,0,0,0,None,0,0,0.542,0,0,0,35.85160784313725,1,0,26/02/2025 14:46,0,0,1
75,0,0,0,0,0,0,0,26/02/2025 14:58,0,1,0,0,14.37,0,0,0,861,39,3.200268292682927,0,0,0,0.025086,2,0,0,0,31,0,0,0,Success,0,0,0,0,0,0,0,4.634562439,None,26/02/2025 15:12,6.28.1,0,393,0,2025-02-26 D,26/02/2025 15:13,None,0,42,1253,1,0,65,0,0.016492423,0,6.28.1,None,0,892,850,329,0,165,5,0,0,0,0,14.37,0,8,0,38.086390243902436,0,0,0,26,0,0,0,0,0,0,0,0,0,0,None,0,0,0.534,0,0,0,37.41024390243902,1,0,26/02/2025 15:05,0,0,1
185,0,0,0,0,0,0,0,26/02/2025 15:42,0,1,0,0,15.503936170212768,0,0,0,601,39,4.443021276595744,0,0,0,0.036146,2,0,0,0,0,0,0,0,Success,0,0,0,0,0,0,0,5.734047959,None,26/02/2025 15:50,6.28.1,0,440,0,2025-02-26 D,26/02/2025 15:52,None,0,0,2273,1,0,175,0,0.022671568,0,6.28.1,None,0,601,601,250,0,165,5,0,0,0,0,15.503936170212768,0,23,0,38.58995744680851,0,0,0,26,0,0,0,0,0,0,0,0,0,0,None,0,0,0.553,0,0,0,43.645702127659575,1,0,26/02/2025 15:43,0,0,1
97,0,0,0,0,0,0,0,26/02/2025 15:52,0,1,0,0,17.012941176470587,0,0,0,462,40,3.9737254901960783,0,0,0,0.038722,2,0,0,0,0,0,0,0,Success,0,0,0,0,0,0,0,5.770142633,None,26/02/2025 15:58,6.28.1,0,310,0,2025-02-26 D,26/02/2025 15:59,None,0,0,442,1,0,87,0,0.037656341,0,6.28.1,None,0,462,462,209,0,165,5,0,0,0,0,17.012941176470587,0,24,0,39.269,0,0,0,27,0,0,0,0,0,0,0,0,0,0,None,0,0,0.543,0,0,0,43.98005882352942,1,0,26/02/2025 15:53,0,0,1
141,0,0,0,0,0,0,0,26/02/2025 15:59,0,2,0,0,16.45441176470588,0,0,0,591,39,3.3172745098039216,0,0,0,0.025904,2,0,0,0,0,0,0,0,Success,0,0,0,0,0,0,0,5.730553551,None,26/02/2025 16:08,6.28.1,0,435,0,2025-02-26 D,26/02/2025 16:09,None,0,0,540,1,0,131,0,0.079605276,0,6.28.1,None,0,591,591,244,0,165,5,0,0,0,0,16.45441176470588,0,53,0,39.318960784313724,0,0,0,26,0,0,0,0,0,0,0,0,0,0,None,0,0,0.528,0,0,0,44.54847059,1,0,26/02/2025 16:01,0,0,1
154,0,0,0,0,0,0,0,26/02/2025 16:09,0,2,0,0,16.337058823529414,0,0,0,1135,39,3.179705882352941,0,0,0,0.020002,3,0,0,0,61,0,0,0,Success,0,0,0,0,0,0,0,5.755418751,None,26/02/2025 16:28,6.28.1,0,1030,0,2025-02-26 D,26/02/2025 16:36,None,0,431,663,1,0,144,0,0.016763055,0,6.28.1,None,0,1595,1164,296,0,165,5,0,0,0,0,16.337058823529414,0,90,0,41.39358823529412,0,0,0,27,0,0,0,0,0,0,0,0,0,0,None,0,0,0.563,0,0,0,47.27715686,1,0,26/02/2025 16:11,0,0,1
112,0,0,0,0,0,0,0,26/02/2025 16:45,0,1,0,0,16.5384,0,0,0,581,40,4.05906,0,0,0,0.022961,2,0,0,0,0,0,0,0,Success,0,0,0,0,0,0,0,5.668803842,None,26/02/2025 16:54,6.28.1,0,425,0,2025-02-26 D,26/02/2025 16:55,None,0,581,522,1,0,102,0,0.062241466,0,6.28.1,None,0,581,0,309,0,165,4,0,0,0,0,16.5384,0,25,0,39.94056,0,0,0,27,0,0,0,0,0,0,0,0,0,0,None,0,0,0.537,0,0,0,51.180820000000004,1,0,26/02/2025 16:46,0,0,1
49,0,0,0,0,0,0,0,26/02/2025 16:55,0,1,0,0,15.0365625,0,0,0,1573,79,3.7163749999999998,0,0,0,0.02523,1,0,0,0,254,0,0,0,Success,0,0,0,0,0,0,0,5.601836395,None,26/02/2025 17:25,6.28.1,0,1739,0,2025-02-26 D,26/02/2025 17:27,None,0,1446,700,1,0,49,112,0.023430749,0,6.28.1,None,0,1939,493,457,0,165,16,0,0,0,0,15.0365625,0,24,0,37.241395833333335,0,0,0,0,0,0,0,0,0,0,0,0,0,0,None,0,0,0.529,0,0,0,50.451708333333336,1,0,26/02/2025 16:56,0,0,1
89,0,0,0,0,0,0,0,26/02/2025 17:27,0,1,0,0,16.27111111111111,0,0,0,480,41,4.142185185185185,0,0,0,0.040518,2,0,0,0,0,0,0,0,Success,0,0,0,0,0,0,0,6.121252895,None,26/02/2025 17:34,6.28.1,0,318,0,2025-02-26 D,26/02/2025 17:35,None,0,0,1693,1,0,79,0,0.016643317,0,6.28.1,None,0,480,480,219,0,165,4,0,0,0,0,16.27111111111111,0,30,0,38.86083333333334,0,0,0,28,0,0,0,0,0,0,0,0,0,0,None,0,0,1.025,0,0,0,48.641222222222225,1,0,26/02/2025 17:28,0,0,1
91,0,0,0,0,0,0,0,26/02/2025 17:35,0,1,0,0,14.490849056603773,0,0,0,488,41,3.9151320754716985,0,0,0,0.038239,2,0,0,0,0,0,0,0,Success,0,0,0,0,0,0,0,6.086851731,None,26/02/2025 17:42,6.28.1,0,333,0,2025-02-26 D,26/02/2025 17:43,None,0,0,481,1,0,81,0,0.037107951,0,6.28.1,None,0,488,488,248,0,165,4,0,0,0,0,14.490849056603773,0,14,0,37.77420754716981,0,0,0,28,0,0,0,0,0,0,0,0,0,0,None,0,0,1.03,0,0,0,48.05047169811321,1,0,26/02/2025 17:36,0,0,1
88,0,0,0,0,0,0,0,26/02/2025 17:43,0,1,0,0,14.235283018867925,0,0,0,462,40,4.206849056603773,0,0,0,0.04703,2,0,0,0,0,0,0,0,Success,0,0,0,0,0,0,0,6.150845877,None,26/02/2025 17:50,6.28.1,0,305,0,2025-02-26 D,26/02/2025 17:51,None,0,0,447,1,0,78,0,0.037054015,0,6.28.1,None,0,462,462,223,0,165,5,0,0,0,0,14.235283018867925,0,14,0,37.96339622641509,0,0,0,28,0,0,0,0,0,0,0,0,0,0,None,0,0,1.044,0,0,0,48.45881132075472,1,0,26/02/2025 17:45,0,0,1
85,0,0,0,0,0,0,0,26/02/2025 17:59,0,1,0,0,14.743888888888888,0,0,0,474,41,3.2181296296296296,0,0,0,0.039157,2,0,0,0,0,0,0,0,Success,0,0,0,0,0,0,0,6.12621139,None,26/02/2025 18:05,6.28.1,0,318,0,2025-02-26 N,26/02/2025 18:07,None,0,0,455,1,0,75,0,0.018439089,0,6.28.1,None,0,474,474,236,0,165,5,0,0,0,0,14.743888888888888,0,19,0,39.24753703703704,0,0,0,28,0,0,0,0,0,0,0,0,0,0,None,0,0,1.038,0,0,0,48.738814814814816,1,0,26/02/2025 18:00,0,0,1
82,0,0,0,0,0,0,0,26/02/2025 18:07,0,1,0,0,13.785,0,0,0,508,39,3.129056603773585,0,0,0,0.036709,2,0,0,0,0,0,0,0,Success,0,0,0,0,0,0,0,5.727749122,None,26/02/2025 18:14,6.28.1,0,350,0,2025-02-26 N,26/02/2025 18:15,None,0,0,494,1,0,72,0,0.034365681,0,6.28.1,None,0,508,508,263,0,165,4,0,0,0,0,13.785,0,15,0,37.85569811320755,0,0,0,27,0,0,0,0,0,0,0,0,0,0,None,0,0,0.619,0,0,0,50.33011320754717,1,0,26/02/2025 18:08,0,0,1
90,0,0,0,0,0,0,0,26/02/2025 18:40,0,1,0,0,13.962115384615384,0,0,0,580,40,3.9042884615384614,0,0,0,0.040248,2,0,0,0,0,0,0,0,Success,0,0,0,0,0,0,0,5.813020213,None,26/02/2025 18:48,6.28.1,0,428,0,2025-02-26 N,26/02/2025 18:49,None,0,0,598,1,0,80,0,0.025495098,0,6.28.1,None,0,580,580,350,0,165,4,0,0,0,0,13.962115384615384,0,8,0,38.26930769230769,0,0,0,27,0,0,0,0,0,0,0,0,0,0,None,0,0,0.83,0,0,0,49.459057692307695,1,0,26/02/2025 18:41,0,0,1
91,0,0,0,0,0,0,0,26/02/2025 18:49,0,1,0,0,19.244117647058825,0,0,0,468,40,3.715333333333333,0,0,0,0.032514,2,0,0,0,0,0,0,0,Success,0,0,0,0,0,0,0,5.712937248,None,26/02/2025 18:56,6.28.1,0,313,0,2025-02-26 N,26/02/2025 18:57,None,0,0,396,1,0,81,0,0.034014703,0,6.28.1,None,0,468,468,190,0,165,3,0,0,0,0,19.244117647058825,0,52,0,43.878549019607846,0,0,0,27,0,0,0,0,0,0,0,0,0,0,None,0,0,0.817,0,0,0,46.820803921568626,1,0,26/02/2025 18:51,0,0,1
88,0,0,0,0,0,0,0,26/02/2025 18:57,0,1,0,0,14.92235294117647,0,0,0,491,40,3.3861764705882353,0,0,0,0.037685,2,0,0,0,6,0,0,0,Success,0,0,0,0,0,0,0,5.811049819,None,26/02/2025 19:16,6.28.1,0,313,0,2025-02-26 N,26/02/2025 19:17,None,0,721,1215,1,0,78,0,0.044911023,0,6.28.1,None,0,1218,497,237,0,165,11,0,0,0,0,14.92235294117647,0,15,0,40.416666666666664,0,0,0,28,0,0,0,0,0,0,0,0,0,0,None,0,0,0.858,0,0,0,43.860960784313725,1,0,26/02/2025 19:11,0,0,1
118,0,0,0,0,0,0,0,26/02/2025 19:17,0,1,0,0,16.962,0,0,0,608,40,3.0216727272727275,0,0,0,0.03071,2,0,0,0,56,0,0,0,Success,0,0,0,0,0,0,0,5.811202027,None,26/02/2025 19:27,6.28.1,0,363,0,2025-02-26 N,26/02/2025 19:28,None,0,0,608,1,0,108,0,0.062072538,0,6.28.1,None,0,664,664,229,0,165,4,0,0,0,0,16.962,0,35,0,41.460527272727276,0,0,0,27,0,0,0,0,0,0,0,0,0,0,None,0,0,0.826,0,0,0,45.61665454545455,1,0,26/02/2025 19:21,0,0,1
108,0,0,0,0,0,0,0,26/02/2025 19:28,0,1,0,0,15.558396226415095,0,0,0,469,39,3.5923773584905656,0,0,0,0.037152,2,0,0,0,0,0,0,0,Success,0,0,0,0,0,0,0,5.822972179,None,26/02/2025 19:35,6.28.1,0,316,0,2025-02-26 N,26/02/2025 19:36,None,0,0,444,1,0,98,0,0.040024992,0,6.28.1,None,0,469,469,197,0,165,4,0,0,0,0,15.558396226415095,0,30,0,41.749773584905654,0,0,0,27,0,0,0,0,0,0,0,0,0,0,None,0,0,0.84,0,0,0,44.17401886792453,1,0,26/02/2025 19:30,0,0,1
87,0,0,0,0,0,0,0,26/02/2025 19:36,0,1,0,0,15.009339622641509,0,0,0,478,40,3.241264150943396,0,0,0,0.034793,2,0,0,0,0,0,0,0,Success,0,0,0,0,0,0,0,5.786628984,None,26/02/2025 19:43,6.28.1,0,317,0,2025-02-26 N,26/02/2025 19:44,None,0,0,461,1,0,77,0,0.026248809,0,6.28.1,None,0,478,478,225,0,165,4,0,0,0,0,15.009339622641509,0,26,0,40.114452830188675,0,0,0,27,0,0,0,0,0,0,0,0,0,0,None,0,0,0.826,0,0,0,46.060471698113204,1,0,26/02/2025 19:38,0,0,1
95,0,0,0,0,0,0,0,26/02/2025 19:44,0,1,0,0,17.854166666666668,0,0,0,614,41,3.063314814814815,0,0,0,0.030832,2,0,0,0,9,0,0,0,Success,0,0,0,0,0,0,0,5.816931923,None,26/02/2025 19:53,6.28.1,0,345,0,2025-02-26 N,26/02/2025 19:55,None,0,0,535,1,0,85,0,0.039051248,0,6.28.1,None,0,623,623,210,0,165,5,0,0,0,0,17.854166666666668,0,57,0,42.72438888888889,0,0,0,28,0,0,0,0,0,0,0,0,0,0,None,0,0,0.818,0,0,0,49.37514814814814,1,0,26/02/2025 19:47,0,0,1
10,0,0,0,0,0,0,0,26/02/2025 19:55,0,0,0,0,14.261931818181818,0,0,0,659,41,2.840727272727273,0,0,0,0.025625,0,0,0,0,61,0,0,0,Success,0,0,0,0,0,0,0,4.964945619,None,26/02/2025 20:05,6.28.1,0,270,0,2025-02-26 N,26/02/2025 20:07,None,0,0,0,1,0,0,0,0.080224684,0,6.28.1,None,0,720,720,283,0,165,4,0,0,0,0,14.261931818181818,0,0,0,37.517295454545454,0,0,0,26,0,0,0,0,0,0,0,0,0,0,None,0,0,0.827,0,0,0,46.36359090909091,1,0,26/02/2025 20:01,0,0,1
94,0,0,0,0,0,0,0,26/02/2025 20:07,0,2,0,0,16.050833333333333,0,0,0,1063,41,2.8793888888888888,0,0,0,0.016908,2,0,0,0,0,0,0,0,Success,0,0,0,0,0,0,0,6.012399521,None,26/02/2025 20:23,6.28.1,0,903,0,2025-02-26 N,26/02/2025 20:24,None,0,0,1766,1,0,84,0,0.021587033,0,6.28.1,None,0,1063,1063,709,0,165,4,0,0,0,0,16.050833333333333,0,45,0,41.230870370370376,0,0,0,29,0,0,0,0,0,0,0,0,0,0,None,0,0,0.827,0,0,0,49.39805555555555,1,0,26/02/2025 20:08,0,0,1
137,0,0,0,0,0,0,0,26/02/2025 20:24,0,1,0,0,15.24311320754717,0,0,0,893,40,3.1557735849056603,0,0,0,0.021338,3,0,0,0,0,0,0,0,Success,0,0,0,0,0,0,0,5.973966354,None,26/02/2025 20:38,6.28.1,0,730,0,2025-02-26 N,26/02/2025 20:39,None,0,0,838,1,0,127,0,0.074732858,0,6.28.1,None,0,893,893,572,0,165,8,0,0,0,0,15.24311320754717,0,44,0,42.22773584905661,0,0,0,28,0,0,0,0,0,0,0,0,0,0,None,0,0,0.822,0,0,0,50.45341509433962,1,0,26/02/2025 20:26,0,0,0
0,0,0,0,0,0,0,0,26/02/2025 20:39,0,0,0,0,5.0415,0,0,0,146,45,8.3558,0,0,0,0.024937,0,0,0,0,718,0,0,0,Success,0,0,0,0,0,0,0,5.964875187,None,26/02/2025 20:59,6.28.1,0,1132,0,2025-02-26 N,26/02/2025 21:01,None,0,374,0,1,0,0,45,0.074966659,0,6.28.1,None,0,1283,909,46,0,165,4,0,0,0,0,5.0415,0,0,0,26.8145,0,0,0,0,0,0,0,0,0,0,0,0,0,0,None,0,0,0.823,0,0,0,32.1767,1,0,26/02/2025 20:41,0,0,0
0,0,0,0,0,0,0,0,26/02/2025 21:01,0,0,0,0,12.7884375,0,0,0,0,170,4.467333333333333,0,0,0,0.020093,0,0,0,0,1040,0,0,0,Success,0,0,0,0,0,0,0,6.008288442,None,26/02/2025 21:15,6.28.1,0,699,0,2025-02-26 N,26/02/2025 21:18,None,0,0,0,1,0,0,0,0.132438665,0,6.28.1,None,0,1040,1040,0,0,165,15,0,0,0,0,12.7884375,0,0,0,35.866791666666664,0,0,0,0,0,0,0,0,0,0,0,0,0,0,None,0,0,0.843,0,0,0,42.577354166666666,1,0,26/02/2025 21:03,0,0,1
134,0,0,0,0,0,0,0,26/02/2025 21:18,0,1,0,0,14.583673469387756,0,0,0,950,40,5.959734693877551,0,0,0,0.048067,1,0,0,0,576,0,0,0,Success,0,0,0,0,0,0,0,6.252390663,None,26/02/2025 21:45,6.28.1,0,367,0,2025-02-26 N,26/02/2025 21:47,None,0,0,3318,1,0,134,205,1.406488535,0,6.28.1,None,0,1731,1731,523,0,165,4,0,0,0,0,14.583673469387756,0,37,0,38.33971428571429,0,0,0,0,0,0,0,0,0,0,0,0,0,0,None,0,0,1.042,0,0,0,39.38330612244898,1,0,26/02/2025 21:39,0,0,0
107,0,0,0,0,0,0,0,26/02/2025 21:47,0,1,0,0,16.032222222222224,0,0,0,593,41,4.218166666666667,0,0,0,0.040805,2,0,0,0,0,0,0,0,Success,0,0,0,0,0,0,0,6.28910876,None,26/02/2025 21:55,6.28.1,0,431,0,2025-02-26 N,26/02/2025 21:57,None,0,0,1264,1,0,97,0,0.022627418,0,6.28.1,None,0,593,593,316,0,165,5,0,0,0,0,16.032222222222224,0,29,0,39.28409259259259,0,0,0,29,0,0,0,0,0,0,0,0,0,0,None,0,0,1.055,0,0,0,40.513925925925925,1,0,26/02/2025 21:48,0,0,0
117,0,0,0,0,0,0,0,26/02/2025 21:57,0,1,0,0,16.035288461538464,0,0,0,533,41,4.663019230769231,0,0,0,0.042253,2,0,0,0,0,0,0,0,Success,0,0,0,0,0,0,0,6.258133348,None,26/02/2025 22:04,6.28.1,0,370,0,2025-02-26 N,26/02/2025 22:06,None,0,0,475,1,0,107,0,0.035355339,0,6.28.1,None,0,533,533,227,0,165,4,0,0,0,0,16.035288461538464,0,46,0,41.52663461538461,0,0,0,28,0,0,0,0,0,0,0,0,0,0,None,0,0,1.028,0,0,0,42.63161538461539,1,0,26/02/2025 21:58,0,0,0
96,0,0,0,0,0,0,0,26/02/2025 22:14,0,1,0,0,14.92235294117647,0,0,0,505,41,5.319960784313725,0,0,0,0.049211,2,0,0,0,0,0,0,0,Success,0,0,0,0,0,0,0,6.176419513,None,26/02/2025 22:21,6.28.1,0,344,0,2025-02-26 N,26/02/2025 22:23,None,0,0,480,1,0,86,0,0.039319207,0,6.28.1,None,0,505,505,246,0,165,6,0,0,0,0,14.92235294117647,0,22,0,38.32888235294118,0,0,0,28,0,0,0,0,0,0,0,0,0,0,None,0,0,1.064,0,0,0,38.43772549019608,1,0,26/02/2025 22:16,0,0,0
72,0,0,0,0,0,0,0,26/02/2025 22:23,0,1,0,0,15.349117647058822,0,0,0,630,40,4.470745098039216,0,0,0,0.050457,2,0,0,0,0,0,0,0,Success,0,0,0,0,0,0,0,6.172056626,None,26/02/2025 22:32,6.28.1,0,473,0,2025-02-26 N,26/02/2025 22:33,None,0,0,601,1,0,62,0,0.055317267,0,6.28.1,None,0,630,630,276,0,165,5,0,0,0,0,15.349117647058822,0,23,0,38.94558823529412,0,0,0,28,0,0,0,0,0,0,0,0,0,0,None,0,0,1.071,0,0,0,39.787549019607845,1,0,26/02/2025 22:24,0,0,0
123,0,0,0,0,0,0,0,26/02/2025 22:33,0,1,0,0,15.936176470588235,0,0,1126,560,41,4.662196078431372,0,0,0,0.04268,2,0,0,0,3,0,0,0,Success,0,0,0,0,0,0,0,6.111998118,None,26/02/2025 23:09,6.28.1,0,390,0,2025-02-26 N,26/02/2025 23:11,None,0,2129,2185,1,0,113,0,0.104938077,0,6.28.1,None,0,2242,113,246,0,165,4,0,0,0,0,15.936176470588235,0,41,0,39.52798039215686,0,0,0,28,0,0,0,0,0,0,0,0,0,0,None,0,0,1.045,0,0,0,42.57323529411765,1,0,26/02/2025 23:03,0,0,0
113,0,0,0,0,0,0,0,26/02/2025 23:11,0,1,0,0,15.24173076923077,0,0,0,556,41,4.013115384615384,0,0,0,0.04349,2,0,0,0,0,0,0,0,Success,0,0,0,0,0,0,0,6.119821566,None,26/02/2025 23:19,6.28.1,0,401,0,2025-02-26 N,26/02/2025 23:20,None,0,0,562,1,0,103,0,0.010630145,0,6.28.1,None,0,556,556,293,0,165,5,0,0,0,0,15.24173076923077,0,15,0,38.13998076923077,0,0,0,28,0,0,0,0,0,0,0,0,0,0,None,0,0,1.035,0,0,0,35.171807692307695,1,0,26/02/2025 23:12,0,0,0
100,0,0,0,0,0,0,0,26/02/2025 23:20,0,1,0,0,16.051442307692305,0,0,0,522,40,4.028538461538462,0,0,0,0.035653,2,0,0,0,0,0,0,0,Success,0,0,0,0,0,0,0,6.158449318,None,26/02/2025 23:27,6.28.1,0,367,0,2025-02-26 N,26/02/2025 23:28,None,0,0,449,1,0,90,0,0.018601075,0,6.28.1,None,0,522,522,211,0,165,4,0,0,0,0,16.051442307692305,0,57,0,40.64471153846154,0,0,0,28,0,0,0,0,0,0,0,0,0,0,None,0,0,1.04,0,0,0,36.86071153846154,1,0,26/02/2025 23:21,0,0,0
117,0,0,0,0,0,0,0,26/02/2025 23:28,0,1,0,0,16.42,0,0,0,487,41,4.106462962962963,0,0,0,0.0478,2,0,0,0,0,0,0,0,Success,0,0,0,0,0,0,0,6.189004524,None,26/02/2025 23:35,6.28.1,0,328,0,2025-02-26 N,26/02/2025 23:37,None,0,0,466,1,0,107,0,0.032756679,0,6.28.1,None,0,487,487,203,0,165,4,0,0,0,0,16.42,0,27,0,39.09374074074074,0,0,0,28,0,0,0,0,0,0,0,0,0,0,None,0,0,1.037,0,0,0,36.255037037037035,1,0,26/02/2025 23:30,0,0,0
98,0,0,0,0,0,0,0,26/02/2025 23:44,0,1,0,0,15.011896551724139,0,0,0,499,40,2.8212586206896555,0,0,0,0.038299,2,0,0,0,0,0,0,0,Success,0,0,0,0,0,0,0,6.189312482,None,26/02/2025 23:52,6.28.1,0,347,0,2025-02-26 N,26/02/2025 23:53,None,0,0,458,1,0,88,0,0.05147815,0,6.28.1,None,0,499,499,234,0,165,4,0,0,0,0,15.011896551724139,0,36,0,41.584293103448275,0,0,0,27,0,0,0,0,0,0,0,0,0,0,None,0,0,1.026,0,0,0,41.53174137931034,1,0,26/02/2025 23:46,0,0,0
83,0,0,0,0,0,0,0,26/02/2025 23:53,0,1,0,0,13.429396551724137,0,0,0,477,40,2.4895344827586205,0,0,0,0.037185,2,0,0,0,0,0,0,0,Success,0,0,0,0,0,0,0,6.090888113,None,26/02/2025 23:59,6.28.1,0,314,0,2025-02-26 N,27/02/2025 00:01,None,0,0,442,1,0,73,0,0.037,0,6.28.1,None,0,477,477,213,0,165,3,0,0,0,0,13.429396551724137,0,38,0,41.44625862068966,0,0,0,27,0,0,0,0,0,0,0,0,0,0,None,0,0,1.028,0,0,0,40.59337931034483,1,0,26/02/2025 23:54,0,0,0
96,0,0,0,0,0,0,0,27/02/2025 00:09,0,1,0,0,12.979821428571428,0,0,0,494,40,2.3557678571428573,0,0,0,0.03149,2,0,0,0,0,0,0,0,Success,0,0,0,0,0,0,0,5.968098022,None,27/02/2025 00:16,6.28.1,0,341,0,2025-02-26 N,27/02/2025 00:17,None,0,0,457,1,0,86,0,0.019026297,0,6.28.1,None,0,494,494,232,0,165,4,0,0,0,0,12.979821428571428,0,33,0,41.72025,0,0,0,27,0,0,0,0,0,0,0,0,0,0,None,0,0,1.021,0,0,0,40.98733928571429,1,0,27/02/2025 00:10,0,0,0
90,0,0,0,0,0,0,0,27/02/2025 00:17,0,1,0,0,13.344375,0,0,0,645,40,3.520375,0,0,0,0.027796,2,0,0,0,48,0,0,0,Success,0,0,0,0,0,0,0,5.695709087,None,27/02/2025 00:34,6.28.1,0,918,0,2025-02-26 N,27/02/2025 00:35,None,0,379,1035,1,0,80,0,0.054203321,0,6.28.1,None,0,1072,693,317,0,165,3,0,0,0,0,13.344375,0,39,0,39.604625,0,0,0,27,0,0,0,0,0,0,0,0,0,0,None,0,0,0.839,0,0,0,35.78975,1,0,27/02/2025 00:18,0,0,0
78,0,0,0,0,0,0,0,27/02/2025 00:43,0,1,0,0,13.487019230769231,0,0,0,492,39,2.5405576923076927,0,0,0,0.031819,2,0,0,0,0,0,0,0,Success,0,0,0,0,0,0,0,5.500166088,None,27/02/2025 00:50,6.28.1,0,341,0,2025-02-26 N,27/02/2025 00:51,None,0,0,473,1,0,68,0,0.011661904,0,6.28.1,None,0,492,492,260,0,165,4,0,0,0,0,13.487019230769231,0,24,0,40.89903846153846,0,0,0,27,0,0,0,0,0,0,0,0,0,0,None,0,0,0.628,0,0,0,40.00067307692307,1,0,27/02/2025 00:44,0,0,0
80,0,0,0,0,0,0,0,27/02/2025 00:51,0,1,0,0,13.30673076923077,0,0,0,488,40,2.3616923076923078,0,0,0,0.028205,2,0,0,0,0,0,0,0,Success,0,0,0,0,0,0,0,5.443016902,None,27/02/2025 00:58,6.28.1,0,338,0,2025-02-26 N,27/02/2025 00:59,None,0,0,471,1,0,70,0,0.024207437,0,6.28.1,None,0,488,488,260,0,165,4,0,0,0,0,13.30673076923077,0,19,0,39.61605769230769,0,0,0,27,0,0,0,0,0,0,0,0,0,0,None,0,0,0.626,0,0,0,40.13026923076923,1,0,27/02/2025 00:53,0,0,0
91,0,0,0,0,0,0,0,27/02/2025 00:59,0,1,0,0,13.974230769230768,0,0,0,543,40,2.1965192307692307,0,0,0,0.025692,2,0,0,0,0,0,0,0,Success,0,0,0,0,0,0,0,5.545359592,None,27/02/2025 01:07,6.28.1,0,390,0,2025-02-26 N,27/02/2025 01:08,None,0,0,510,1,0,81,0,0.006324555,0,6.28.1,None,0,543,543,296,0,165,3,0,0,0,0,13.974230769230768,0,22,0,40.78432692307692,0,0,0,27,0,0,0,0,0,0,0,0,0,0,None,0,0,0.639,0,0,0,44.068480769230774,1,0,27/02/2025 01:01,0,0,0
0,0,0,0,0,0,0,0,27/02/2025 01:08,0,0,0,0,13.937307692307693,0,0,0,109,175,1.9562692307692306,0,0,0,0.020866,0,0,0,0,737,0,0,0,Success,0,0,0,0,0,0,0,5.539188478,None,27/02/2025 01:20,6.28.1,0,483,0,2025-02-26 N,27/02/2025 01:23,None,0,0,0,1,0,0,46,0.06306346,0,6.28.1,None,0,892,892,0,0,165,4,0,0,0,0,13.937307692307693,0,0,0,41.32517307692308,0,0,0,0,0,0,0,0,0,0,0,0,0,0,None,0,0,0.618,0,0,0,46.728884615384615,1,0,27/02/2025 01:12,0,0,0
107,0,0,0,0,0,0,0,27/02/2025 01:23,0,1,0,0,13.792358490566038,0,0,0,583,40,2.589452830188679,0,0,0,0.026711,2,0,0,0,0,0,0,0,Success,0,0,0,0,0,0,0,5.673832391,None,27/02/2025 01:32,6.28.1,0,390,0,2025-02-26 N,27/02/2025 01:33,None,0,0,1427,1,0,97,0,0.031064449,0,6.28.1,None,0,583,583,288,0,165,14,0,0,0,0,13.792358490566038,0,27,0,40.233226415094336,0,0,0,27,0,0,0,0,0,0,0,0,0,0,None,0,0,0.609,0,0,0,42.94009433962264,1,0,27/02/2025 01:25,0,0,0
81,0,0,0,0,0,0,0,27/02/2025 01:33,0,1,0,0,13.354615384615386,0,0,0,506,40,2.4001153846153844,0,0,0,0.027002,2,0,0,0,0,0,0,0,Success,0,0,0,0,0,0,0,5.636836081,None,27/02/2025 01:40,6.28.1,0,353,0,2025-02-26 N,27/02/2025 01:41,None,0,0,511,1,0,71,0,0.075133215,0,6.28.1,None,0,506,506,268,0,165,4,0,0,0,0,13.354615384615386,0,24,0,41.24386538461538,0,0,0,27,0,0,0,0,0,0,0,0,0,0,None,0,0,0.614,0,0,0,43.49280769230769,1,0,27/02/2025 01:34,0,0,0
95,0,0,0,0,0,0,0,27/02/2025 01:41,0,1,0,0,13.839056603773585,0,0,0,506,41,2.511566037735849,0,0,0,0.029314,2,0,0,0,0,0,0,0,Success,0,0,0,0,0,0,0,5.591980061,None,27/02/2025 01:49,6.28.1,0,349,0,2025-02-26 N,27/02/2025 01:50,None,0,0,469,1,0,85,0,0.035355339,0,6.28.1,None,0,506,506,253,0,165,3,0,0,0,0,13.839056603773585,0,22,0,41.05432075471698,0,0,0,28,0,0,0,0,0,0,0,0,0,0,None,0,0,0.641,0,0,0,43.64860377358491,1,0,27/02/2025 01:43,0,0,0
90,0,0,0,0,0,0,0,27/02/2025 01:50,0,1,0,0,14.567307692307692,0,0,0,492,41,2.5928846153846155,0,0,0,0.030166,2,0,0,0,0,0,0,0,Success,0,0,0,0,0,0,0,5.580955115,None,27/02/2025 01:57,6.28.1,0,339,0,2025-02-26 N,27/02/2025 01:58,None,0,0,461,1,0,80,0,0.040224371,0,6.28.1,None,0,492,492,233,0,165,4,0,0,0,0,14.567307692307692,0,36,0,40.65563461538461,0,0,0,28,0,0,0,0,0,0,0,0,0,0,None,0,0,0.632,0,0,0,43.65717307692307,1,0,27/02/2025 01:51,0,0,0
130,0,0,0,0,0,0,0,27/02/2025 01:58,0,1,0,0,13.69875,0,0,0,552,41,2.4037307692307692,0,0,0,0.023435,3,0,0,0,0,0,0,0,Success,0,0,0,0,0,0,0,5.582259937,None,27/02/2025 02:06,6.28.1,0,394,0,2025-02-26 N,27/02/2025 02:07,None,0,0,520,1,0,120,0,0.017888544,0,6.28.1,None,0,552,552,263,0,165,4,0,0,0,0,13.69875,0,22,0,40.40413461538461,0,0,0,28,0,0,0,0,0,0,0,0,0,0,None,0,0,0.621,0,0,0,43.90025,1,0,27/02/2025 02:00,0,0,0
78,0,0,0,0,0,0,0,27/02/2025 02:07,0,1,0,0,17.044903846153847,0,0,0,372,41,2.997769230769231,0,0,0,0.038584,2,0,0,0,0,0,0,0,Success,0,0,0,0,0,0,0,5.549796933,None,27/02/2025 02:12,6.28.1,0,218,0,2025-02-26 N,27/02/2025 02:14,None,0,0,302,1,0,68,0,0.027202941,0,6.28.1,None,0,372,372,75,0,165,4,0,0,0,0,17.044903846153847,0,85,0,45.76069230769231,0,0,0,28,0,0,0,0,0,0,0,0,0,0,None,0,0,0.633,0,0,0,42.88848076923077,1,0,27/02/2025 02:09,0,0,0
65,0,0,0,0,0,0,0,27/02/2025 02:14,0,1,0,0,17.593775510204082,0,0,0,409,46,2.4612448979591837,0,0,0,0.032029,2,0,0,0,0,0,0,0,Success,0,0,0,0,0,0,0,5.352804499,None,27/02/2025 02:19,6.28.1,0,254,0,2025-02-26 N,27/02/2025 02:20,None,0,0,322,1,0,65,0,0.034,0,6.28.1,None,0,409,409,118,0,165,5,0,0,0,0,17.593775510204082,0,85,0,45.99791836734694,0,0,0,26,0,0,0,0,0,0,0,0,0,0,None,0,0,0.446,0,0,0,47.48873469387755,1,0,27/02/2025 02:15,0,0,0
77,0,0,0,0,0,0,0,27/02/2025 02:20,0,1,0,0,17.12846939,0,0,0,362,41,3.0319183673469388,0,0,0,0.039682,2,0,0,0,0,0,0,0,Success,0,0,0,0,0,0,0,5.396871872,None,27/02/2025 02:25,6.28.1,0,211,0,2025-02-26 N,27/02/2025 02:26,None,0,0,279,1,0,67,0,0.05234501,0,6.28.1,None,0,362,362,68,0,165,4,0,0,0,0,17.12846939,0,86,0,45.872530612244894,0,0,0,28,0,0,0,0,0,0,0,0,0,0,None,0,0,0.415,0,0,0,41.98028571428571,1,0,27/02/2025 02:22,0,0,0
331,0,0,0,0,0,0,0,27/02/2025 02:26,0,3,0,0,15.55235294117647,0,0,0,754,546,2.2736666666666667,0,0,0,0.021782,3,0,0,0,76,0,0,0,Success,0,0,0,0,0,0,0,5.502376305,None,27/02/2025 02:38,6.28.1,0,601,0,2025-02-26 N,27/02/2025 02:48,None,0,450,488,1,0,331,0,0.02745906,0,6.28.1,None,0,1280,830,135,0,165,4,0,0,0,0,15.55235294117647,0,105,0,44.772098039215685,0,0,0,0,0,0,0,0,0,0,0,0,0,0,None,0,0,0.415,0,0,0,46.377980392156864,1,0,27/02/2025 02:28,0,0,0
145,0,0,0,0,0,0,0,27/02/2025 02:48,0,2,0,0,16.606698113207546,0,0,0,491,41,2.547339622641509,0,0,0,0.031398,2,0,0,0,0,0,0,0,Success,0,0,0,0,0,0,0,5.582190699,None,27/02/2025 02:55,6.28.1,0,331,0,2025-02-26 N,27/02/2025 02:56,None,0,0,1013,1,0,135,0,0.044643028,0,6.28.1,None,0,491,491,80,0,165,4,0,0,0,0,16.606698113207546,0,108,0,45.93739622641509,0,0,0,28,0,0,0,0,0,0,0,0,0,0,None,0,0,0.406,0,0,0,43.682,1,0,27/02/2025 02:49,0,0,0
78,0,0,0,0,0,0,0,27/02/2025 02:56,0,1,0,0,12.668076923076923,0,0,0,408,40,2.8085961538461537,0,0,0,0.037969,2,0,0,0,0,0,0,0,Success,0,0,0,0,0,0,0,5.675304045,None,27/02/2025 03:02,6.28.1,0,252,0,2025-02-26 N,27/02/2025 03:03,None,0,0,444,1,0,68,0,0.025495098,0,6.28.1,None,0,408,408,169,0,165,4,0,0,0,0,12.668076923076923,0,26,0,40.76278846153846,0,0,0,28,0,0,0,0,0,0,0,0,0,0,None,0,0,0.41,0,0,0,41.33773076923077,1,0,27/02/2025 02:57,0,0,0
109,0,0,0,0,0,0,0,27/02/2025 03:23,0,2,0,0,14.151509433962264,0,0,0,738,40,3.0690000000000004,0,0,0,0.028496,2,0,0,0,128,0,0,0,Success,0,0,0,0,0,0,0,5.705181066,None,27/02/2025 03:36,6.28.1,0,712,0,2025-02-26 N,27/02/2025 03:37,None,0,0,1476,1,0,99,0,0.055,0,6.28.1,None,0,866,866,351,0,165,3,0,0,0,0,14.151509433962264,0,35,0,39.98705660377358,0,0,0,28,0,0,0,0,0,0,0,0,0,0,None,0,0,0.442,0,0,0,40.56930188679246,1,0,27/02/2025 03:24,0,0,0
125,0,0,0,0,0,0,0,27/02/2025 03:37,0,3,0,0,15.14076923076923,0,0,0,573,40,3.0918653846153847,0,0,0,0.026759,2,0,0,0,0,0,0,0,Success,0,0,0,0,0,0,0,5.598761113,None,27/02/2025 03:45,6.28.1,0,425,0,2025-02-26 N,27/02/2025 03:47,None,0,0,442,1,0,115,0,0.01,0,6.28.1,None,0,573,573,157,0,165,4,0,0,0,0,15.14076923076923,0,94,0,44.936211538461535,0,0,0,27,0,0,0,0,0,0,0,0,0,0,None,0,0,0.438,0,0,0,46.00782692307693,1,0,27/02/2025 03:38,0,0,0
88,0,0,0,0,0,0,0,27/02/2025 03:47,0,1,0,0,14.296176470588236,0,0,0,507,40,2.6191764705882354,0,0,0,0.028504,2,0,0,0,0,0,0,0,Success,0,0,0,0,0,0,0,5.544198229,None,27/02/2025 03:54,6.28.1,0,355,0,2025-02-26 N,27/02/2025 03:55,None,0,0,536,1,0,78,0,0.027018512,0,6.28.1,None,0,507,507,275,0,165,3,0,0,0,0,14.296176470588236,0,11,0,39.49025490196078,0,0,0,27,0,0,0,0,0,0,0,0,0,0,None,0,0,0.413,0,0,0,44.754901960784316,1,0,27/02/2025 03:48,0,0,0
248,0,0,0,0,0,0,0,27/02/2025 03:55,0,3,0,0,14.648699999999998,0,0,0,1098,320,2.69776,0,0,0,0.023742,1,0,0,0,321,0,0,0,Success,0,0,0,0,0,0,0,5.505290819,None,27/02/2025 04:17,6.28.1,0,1230,0,2025-02-26 N,27/02/2025 04:23,None,0,309,585,1,0,248,0,0.030083218,0,6.28.1,None,0,1666,1357,105,0,165,4,0,0,0,0,14.648699999999998,0,104,0,42.608000000000004,0,0,0,0,0,0,0,0,0,0,0,0,0,0,None,0,0,0.414,0,0,0,51.001180000000005,1,0,27/02/2025 03:56,0,0,0
91,0,0,0,0,0,0,0,27/02/2025 04:23,0,1,0,0,14.611176470588234,0,0,0,515,40,3.0158039215686276,0,0,0,0.028412,2,0,0,0,0,0,0,0,Success,0,0,0,0,0,0,0,5.526660565,None,27/02/2025 04:30,6.28.1,0,362,0,2025-02-26 N,27/02/2025 04:31,None,0,515,1427,1,0,81,0,0.03522783,0,6.28.1,None,0,515,0,237,0,165,4,0,0,0,0,14.611176470588234,0,54,0,42.791117647058826,0,0,0,28,0,0,0,0,0,0,0,0,0,0,None,0,0,0.439,0,0,0,55.53127450980393,1,0,27/02/2025 04:24,0,0,0
0,0,0,0,0,0,0,0,27/02/2025 04:31,0,0,0,0,13.418235294117649,0,0,0,597,46,3.135843137254902,0,0,0,0.024001,0,0,0,0,206,0,0,0,Success,0,0,0,0,0,0,0,5.754777233,None,27/02/2025 04:43,6.28.1,0,644,0,2025-02-26 N,27/02/2025 04:45,None,0,419,0,1,0,0,0,0.065069194,0,6.28.1,None,0,803,384,464,0,165,3,0,0,0,0,13.418235294117649,0,0,0,39.75270588235294,0,0,0,0,0,0,0,0,0,0,0,0,0,0,None,0,0,0.648,0,0,0,47.69562745098039,1,0,27/02/2025 04:33,0,0,0
119,0,0,0,0,0,0,0,27/02/2025 04:45,0,0,0,0,15.012115384615385,0,0,0,472,60,3.6841730769230767,0,0,0,0,1,0,0,0,278,0,0,0,Success,0,0,0,0,0,0,0,5.792701356,None,27/02/2025 04:56,6.28.1,0,578,0,2025-02-26 N,27/02/2025 04:57,None,0,0,0,1,0,119,0,0.048332184,0,6.28.1,None,0,750,750,235,0,165,5,0,0,0,0,15.012115384615385,0,0,0,42.38113461538462,0,0,0,0,0,0,0,0,0,0,0,0,0,0,None,0,0,0.641,0,0,0,44.38369231,1,0,27/02/2025 04:46,0,0,0
241,0,0,0,0,0,0,0,27/02/2025 04:57,0,3,0,0,16.416428571428572,0,0,0,885,42,4.069142857142857,0,0,0,0.023993,2,0,0,0,267,0,0,0,Success,0,0,0,0,0,0,0,6.01953063,None,27/02/2025 05:20,6.28.1,0,1279,0,2025-02-26 N,27/02/2025 05:21,None,0,0,2808,1,0,231,295,0.015132746,0,6.28.1,None,0,1447,1447,174,0,165,5,0,0,0,0,16.416428571428572,0,172,0,43.94751020408163,0,0,0,29,0,0,0,0,0,0,0,0,0,0,None,0,0,0.83,0,0,0,45.522081632653055,1,0,27/02/2025 04:59,0,0,0
394,0,0,0,0,0,0,0,27/02/2025 05:35,0,3,0,0,17.205288461538462,0,0,0,923,41,3.913846153846154,0,0,0,0.027747,2,0,0,0,0,0,0,0,Success,0,0,0,0,0,0,0,6.023103934,None,27/02/2025 05:49,6.28.1,0,758,0,2025-02-26 N,27/02/2025 05:51,None,0,0,641,1,0,383,0,0.042047592,0,6.28.1,None,0,923,923,151,0,165,5,0,0,0,0,17.205288461538462,0,122,0,43.11155769230769,0,0,0,28,0,0,0,0,0,0,0,0,0,0,None,0,0,0.833,0,0,0,45.68513461538461,1,0,27/02/2025 05:37,0,0,0
127,0,0,0,0,0,0,0,27/02/2025 05:51,0,1,0,0,13.950545454545454,0,0,0,1109,41,2.679018181818182,0,0,0,0.018477,3,0,0,0,0,0,0,0,Success,0,0,0,0,0,0,0,6.014399887,None,27/02/2025 06:08,6.28.1,0,940,0,2025-02-26 N,27/02/2025 06:09,None,0,0,1307,1,0,117,0,0.0351141,0,6.28.1,None,0,1109,1109,831,0,165,17,0,0,0,0,13.950545454545454,0,12,0,40.45721818181818,0,0,0,28,0,0,0,0,0,0,0,0,0,0,None,0,0,0.824,0,0,0,48.19390909090909,1,0,27/02/2025 05:52,0,0,0
88,0,0,0,0,0,0,0,27/02/2025 06:43,0,1,0,0,17.6076,0,0,0,548,41,4.63784,0,0,0,0.041977,2,0,0,0,0,0,0,0,Success,0,0,0,0,0,0,0,6.007117612,None,27/02/2025 06:51,6.28.1,0,322,0,2025-02-27 D,27/02/2025 06:52,None,0,0,748,1,0,78,0,0.065391131,0,6.28.1,None,0,548,548,181,0,165,6,0,0,0,0,17.6076,0,74,0,43.58642,0,0,0,29,0,0,0,0,0,0,0,0,0,0,None,0,0,0.873,0,0,0,43.19798,1,0,27/02/2025 06:45,0,0,1
83,0,0,0,0,0,0,0,27/02/2025 07:11,0,1,0,0,12.89445652173913,0,0,0,642,41,3.3299565217391303,0,0,0,0.033027,2,0,0,0,0,0,0,0,Success,0,0,0,0,0,0,0,5.100793076,None,27/02/2025 07:20,6.28.1,0,469,0,2025-02-27 D,27/02/2025 07:22,None,0,0,1810,1,0,73,0,0.027892651,0,6.28.1,None,0,642,642,407,0,165,5,0,0,0,0,12.89445652173913,0,0,0,37.62863043478261,0,0,0,28,0,0,0,0,0,0,0,0,0,0,None,0,0,0.869,0,0,0,41.97039130434782,1,0,27/02/2025 07:13,0,0,1
124,0,0,0,0,0,0,0,27/02/2025 07:22,0,1,0,0,16.04111111111111,0,0,0,694,42,3.579148148148148,0,0,0,0.039567,2,0,0,0,0,0,0,0,Success,0,0,0,0,0,0,0,6.06761683,None,27/02/2025 07:32,6.28.1,0,418,0,2025-02-27 D,27/02/2025 07:33,None,0,0,606,1,0,114,0,0.063505905,0,6.28.1,None,0,694,694,283,0,165,6,0,0,0,0,16.04111111111111,0,32,0,41.496148148148144,0,0,0,29,0,0,0,0,0,0,0,0,0,0,None,0,0,0.88,0,0,0,42.02722222222222,1,0,27/02/2025 07:25,0,0,1
98,0,0,0,0,0,0,0,27/02/2025 07:33,0,1,0,0,14.24490566037736,0,0,0,688,41,3.3781886792452833,0,0,0,0.028777,2,0,0,0,0,0,0,0,Success,0,0,0,0,0,0,0,6.012221054,None,27/02/2025 07:43,6.28.1,0,526,0,2025-02-27 D,27/02/2025 07:45,None,0,0,696,1,0,88,0,0.013453624,0,6.28.1,None,0,688,688,418,0,165,5,0,0,0,0,14.24490566037736,0,29,0,39.25245283018868,0,0,0,28,0,0,0,0,0,0,0,0,0,0,None,0,0,0.85,0,0,0,42.34720754716981,1,0,27/02/2025 07:35,0,0,0
105,0,0,0,0,0,0,0,27/02/2025 07:45,0,1,0,0,17.762264150943395,0,0,0,699,41,3.404150943396226,0,0,0,0.034954,2,0,0,0,0,0,0,0,Success,0,0,0,0,0,0,0,6.013810606,None,27/02/2025 07:55,6.28.1,0,536,0,2025-02-27 D,27/02/2025 07:56,None,0,0,690,1,0,95,0,0.090697299,0,6.28.1,None,0,699,699,449,0,165,17,0,0,0,0,17.762264150943395,0,14,0,39.47901886792452,0,0,0,29,0,0,0,0,0,0,0,0,0,0,None,0,0,0.855,0,0,0,42.03413208,1,0,27/02/2025 07:46,0,0,0
105,0,0,0,0,0,0,0,27/02/2025 07:56,0,1,0,0,16.098113207547172,0,0,0,810,42,3.4666226415094337,0,0,0,0.028568,2,0,0,0,0,0,0,0,Success,0,0,0,0,0,0,0,5.985646999,None,27/02/2025 08:09,6.28.1,0,640,0,2025-02-27 D,27/02/2025 08:10,None,0,0,791,1,0,95,0,0.017492856,0,6.28.1,None,0,810,810,553,0,165,16,0,0,0,0,16.098113207547172,0,14,0,39.43373585,0,0,0,29,0,0,0,0,0,0,0,0,0,0,None,0,0,0.852,0,0,0,43.89316981132076,1,0,27/02/2025 07:58,0,0,0
101,0,0,0,0,0,0,0,27/02/2025 08:10,0,1,0,0,13.3818,0,0,0,616,41,4.1034,0,0,0,0.039973,2,0,0,0,0,0,0,0,Success,0,0,0,0,0,0,0,5.966599785,None,27/02/2025 08:19,6.28.1,0,454,0,2025-02-27 D,27/02/2025 08:20,None,0,0,609,1,0,91,0,0.053488317,0,6.28.1,None,0,616,616,367,0,165,7,0,0,0,0,13.3818,0,9,0,37.7442,0,0,0,29,0,0,0,0,0,0,0,0,0,0,None,0,0,0.844,0,0,0,39.74212,1,0,27/02/2025 08:11,0,0,0
100,0,0,0,0,0,0,0,27/02/2025 08:20,0,1,0,0,14.703823529411764,0,0,0,617,41,3.9659411764705883,0,0,0,0.040197,2,0,0,0,0,0,0,0,Success,0,0,0,0,0,0,0,6.002910711,None,27/02/2025 08:29,6.28.1,0,455,0,2025-02-27 D,27/02/2025 08:30,None,0,0,591,1,0,90,0,0.03310589,0,6.28.1,None,0,617,617,350,0,165,5,0,0,0,0,14.703823529411764,0,24,0,38.532745098039214,0,0,0,28,0,0,0,0,0,0,0,0,0,0,None,0,0,0.797,0,0,0,39.418549019607845,1,0,27/02/2025 08:22,0,0,0
138,0,0,0,0,0,0,0,27/02/2025 08:30,0,2,0,0,15.265,0,0,0,1000,41,4.1895,0,0,0,0.025458,2,0,0,0,0,0,0,0,Success,0,0,0,0,0,0,0,5.978796953,None,27/02/2025 08:46,6.28.1,0,846,0,2025-02-27 D,27/02/2025 08:47,None,0,0,877,1,0,128,0,0.018027756,0,6.28.1,None,0,1000,1000,294,0,165,5,0,0,0,0,15.265,0,95,0,42.606125,0,0,0,28,0,0,0,0,0,0,0,0,0,0,None,0,0,0.851,0,0,0,43.445125,1,0,27/02/2025 08:32,0,0,0
133,0,0,0,0,0,0,0,27/02/2025 08:47,0,4,0,0,15.573,0,0,0,1318,42,3.3887818181818186,0,0,0,0.023466,2,0,0,0,0,0,0,0,Success,0,0,0,0,0,0,0,6.123155069,None,27/02/2025 11:09,6.28.1,0,8430,0,2025-02-27 D,27/02/2025 11:10,None,0,7565,8496,1,0,123,0,0.015524175,0,6.28.1,None,0,8588,1023,517,0,165,5,0,0,0,0,15.573,0,105,0,42.9074,0,0,0,29,0,0,0,0,0,0,0,0,0,0,None,0,0,1.029,0,0,0,45.533418181818185,1,0,27/02/2025 08:48,0,0,0
185,0,0,0,0,0,0,0,27/02/2025 11:10,0,2,0,0,13.806702127659573,0,0,0,618,42,4.702765957446808,0,0,0,0.031001,2,0,0,0,206,0,0,0,Success,0,0,0,0,0,0,0,6.139007412,None,27/02/2025 11:23,6.28.1,0,662,0,2025-02-27 D,27/02/2025 11:24,None,0,424,695,1,0,175,0,0.03748333,0,6.28.1,None,0,824,400,94,0,165,5,0,0,0,0,13.806702127659573,0,123,0,52.07917021276596,0,0,0,30,0,0,0,0,0,0,0,0,0,0,None,0,0,1.025,0,0,0,41.53448936170213,1,0,27/02/2025 11:12,0,0,0
211,0,0,0,0,0,0,0,27/02/2025 11:24,0,3,0,0,10.845882352941176,0,0,2024,1209,64,3.7379411764705885,0,0,0,0,2,0,0,0,184,0,0,0,Fail,0,0,0,0,0,0,0,4.087720881,None,27/02/2025 12:21,6.28.1,0,467,0,2025-02-27 D,27/02/2025 12:23,None,0,2130,1090,1,0,211,0,1.525319639,0,6.28.1,None,0,3523,1393,130,0,165,15,0,0,0,0,10.845882352941176,0,173,0,34.06005882352941,0,0,0,0,0,0,0,0,0,0,0,0,0,0,None,0,0,-0.97,0,0,0,37.34591176470588,0,0,27/02/2025 12:14,0,0,0
0,0,0,0,0,0,0,0,27/02/2025 12:23,0,0,0,0,12.873157894736842,0,0,7904,0,88,3.0020000000000002,0,0,0,0.035524,0,0,0,0,0,0,0,0,Success,0,0,0,0,0,0,0,6.095289821,None,27/02/2025 14:33,6.28.1,0,494,0,2025-02-27 D,27/02/2025 14:35,None,0,7919,0,1,0,0,0,0.15981239,0,6.28.1,None,0,7919,0,0,0,165,20,0,0,0,0,12.873157894736842,0,0,0,34.67691228070176,0,0,0,0,0,0,0,0,0,0,0,0,0,0,None,0,0,1.049,0,0,0,34.66552631578947,1,0,27/02/2025 14:25,0,0,0
153,0,0,0,0,0,0,0,27/02/2025 15:10,0,6,0,0,11.481101694915255,0,0,0,1566,42,2.7195593220338985,0,0,0,0.020557,3,0,0,0,1166,0,0,0,Success,0,0,0,0,0,0,0,6.359019657,None,27/02/2025 15:54,6.28.1,0,2573,0,2025-02-27 D,27/02/2025 15:55,None,0,1321,1368,1,0,143,0,0.038013156,0,6.28.1,None,0,2732,1411,432,0,165,4,0,0,0,0,11.481101694915255,0,104,0,33.430593220338984,0,0,0,29,0,0,0,0,0,0,0,0,0,0,None,0,0,1.034,0,0,0,38.54272881355933,1,0,27/02/2025 15:11,0,0,0
208,0,0,0,0,0,0,0,27/02/2025 15:55,0,1,0,0,13.78728813559322,0,0,0,930,42,2.4371186440677963,0,0,0,0.024515,4,0,0,0,0,0,0,0,Success,0,0,0,0,0,0,0,6.25050438,None,27/02/2025 16:10,6.28.1,0,762,0,2025-02-27 D,27/02/2025 16:11,None,0,0,2500,1,0,198,0,0.049648766,0,6.28.1,None,0,930,930,548,0,165,4,0,0,0,0,13.78728813559322,0,23,0,35.69718644067797,0,0,0,29,0,0,0,0,0,0,0,0,0,0,None,0,0,1.026,0,0,0,37.575813559322036,1,0,27/02/2025 15:57,0,0,0
175,0,0,0,0,0,0,0,27/02/2025 16:11,0,1,0,0,13.287203389830509,0,0,0,947,41,2.479033898305085,0,0,0,0,3,0,0,0,0,0,0,0,Success,0,0,0,0,0,0,0,6.231550208,None,27/02/2025 16:25,6.28.1,0,784,0,2025-02-27 D,27/02/2025 16:27,None,0,0,923,1,0,165,0,0.035057096,0,6.28.1,None,0,947,947,610,0,165,3,0,0,0,0,13.287203389830509,0,20,0,36.957745762711866,0,0,0,28,0,0,0,0,0,0,0,0,0,0,None,0,0,1.029,0,0,0,36.602881355932205,1,0,27/02/2025 16:12,0,0,0
10,0,0,0,0,0,0,0,27/02/2025 16:27,0,0,0,0,14.538482142857143,0,0,0,627,64,2.3400892857142854,0,0,0,0.020456,0,0,0,0,887,0,0,0,Success,0,0,0,0,0,0,0,5.857426995,None,27/02/2025 16:55,6.28.1,0,750,0,2025-02-27 D,27/02/2025 16:57,None,0,676,0,1,0,0,0,3.489170818,0,6.28.1,None,0,1805,1129,94,0,165,14,0,0,0,0,14.538482142857143,0,0,0,37.030232142857145,0,0,0,0,0,0,0,0,0,0,0,0,0,0,None,0,0,1.033,0,0,0,37.77558928571428,1,0,27/02/2025 16:43,0,0,0
0,0,0,0,0,0,0,0,27/02/2025 16:57,0,0,0,0,18.813103448275864,0,0,0,62,74,2.5177241379310344,0,0,0,0.033119,0,0,0,0,409,0,0,0,Success,0,0,0,0,0,0,0,6.079837909,None,27/02/2025 17:03,6.28.1,0,294,0,2025-02-27 D,27/02/2025 17:05,None,0,0,0,1,0,0,0,0.041725292,0,6.28.1,None,0,471,471,0,0,165,4,0,0,0,0,18.813103448275864,0,0,0,41.80517241,0,0,0,0,0,0,0,0,0,0,0,0,0,0,None,0,0,1.028,0,0,0,37.99853448275862,1,0,27/02/2025 16:58,0,0,0
104,0,0,0,0,0,0,0,27/02/2025 17:05,0,4,0,0,16.684913793103448,0,0,0,897,41,2.1125517241379312,0,0,0,0.026415,2,0,0,0,0,0,0,0,Success,0,0,0,0,0,0,0,6.06329135,None,27/02/2025 17:18,6.28.1,0,721,0,2025-02-27 D,27/02/2025 17:20,None,0,0,3064,1,0,94,0,0.036878177,0,6.28.1,None,0,897,897,156,0,165,2,0,0,0,0,16.684913793103448,0,115,0,38.11843103448276,0,0,0,28,0,0,0,0,0,0,0,0,0,0,None,0,0,1.013,0,0,0,44.94112068965517,1,0,27/02/2025 17:06,0,0,0
148,0,0,0,0,0,0,0,27/02/2025 17:20,0,2,0,0,14.765689655172412,0,0,0,960,41,2.0924827586206898,0,0,0,0.017841,4,0,0,0,0,0,0,0,Success,0,0,0,0,0,0,0,6.095737117,None,27/02/2025 17:34,6.28.1,0,799,0,2025-02-27 D,27/02/2025 17:36,None,0,0,920,1,0,138,0,0.020124612,0,6.28.1,None,0,960,960,591,0,165,3,0,0,0,0,14.765689655172412,0,51,0,37.25058620689656,0,0,0,28,0,0,0,0,0,0,0,0,0,0,None,0,0,1.022,0,0,0,42.71163793103448,1,0,27/02/2025 17:21,0,0,0
108,0,0,0,0,0,0,0,27/02/2025 17:36,0,1,0,0,14.629396551724138,0,0,0,876,40,2.3455,0,0,0,0.026128,2,0,0,0,0,0,0,0,Success,0,0,0,0,0,0,0,6.098620254,None,27/02/2025 17:49,6.28.1,0,699,0,2025-02-27 D,27/02/2025 17:50,None,0,0,845,1,0,98,0,0.031016125,0,6.28.1,None,0,876,876,595,0,165,7,0,0,0,0,14.629396551724138,0,23,0,34.656362068965514,0,0,0,27,0,0,0,0,0,0,0,0,0,0,None,0,0,1.032,0,0,0,39.829499999999996,1,0,27/02/2025 17:37,0,0,0
122,0,0,0,0,0,0,0,27/02/2025 17:50,0,1,0,0,14.929396551724137,0,0,0,873,41,2.678758620689655,0,0,0,0.023933,2,0,0,0,0,0,0,0,Success,0,0,0,0,0,0,0,6.148815252,None,27/02/2025 18:03,6.28.1,0,702,0,2025-02-27 D,27/02/2025 18:05,None,0,0,848,1,0,112,0,0.040311289,0,6.28.1,None,0,873,873,580,0,165,5,0,0,0,0,14.929396551724137,0,22,0,34.72331034482759,0,0,0,28,0,0,0,0,0,0,0,0,0,0,None,0,0,1.017,0,0,0,40.954655172413794,1,0,27/02/2025 17:52,0,0,0
95,0,0,0,0,0,0,0,27/02/2025 18:05,0,1,0,0,13.403793103448276,0,0,0,796,40,2.8592758620689653,0,0,0,0.028954,2,0,0,0,0,0,0,0,Success,0,0,0,0,0,0,0,6.217513168,None,27/02/2025 18:17,6.28.1,0,629,0,2025-02-27 N,27/02/2025 18:18,None,0,0,789,1,0,85,0,0.038948684,0,6.28.1,None,0,796,796,536,0,165,1,0,0,0,0,13.403793103448276,0,20,0,34.63705172413793,0,0,0,27,0,0,0,0,0,0,0,0,0,0,None,0,0,1.029,0,0,0,38.689206896551724,1,0,27/02/2025 18:06,0,0,0
127,0,0,0,0,0,0,0,27/02/2025 18:18,0,1,0,0,15.475169491525422,0,0,0,1286,40,2.7651016949152543,0,0,0,0.032617,2,0,0,0,42,0,0,0,Success,0,0,0,0,0,0,0,6.235820876,None,27/02/2025 18:30,6.28.1,0,556,0,2025-02-27 N,27/02/2025 18:40,None,0,0,728,1,0,117,0,0.032449962,0,6.28.1,None,0,1328,1328,426,0,165,4,0,0,0,0,15.475169491525422,0,24,0,35.22959322033898,0,0,0,27,0,0,0,0,0,0,0,0,0,0,None,0,0,1.059,0,0,0,39.967932203389836,1,0,27/02/2025 18:20,0,0,0
100,0,0,0,0,0,0,0,27/02/2025 18:40,0,5,0,0,13.78377551020408,0,0,0,1437,39,2.527877551020408,0,0,0,0.020377,2,0,0,0,424,0,0,0,Success,0,0,0,0,0,0,0,5.184175344,None,27/02/2025 19:15,6.28.1,0,1256,0,2025-02-27 N,27/02/2025 19:16,None,0,293,2564,1,0,90,0,0.126562238,0,6.28.1,None,0,2154,1861,185,0,165,10,0,0,0,0,13.78377551020408,0,148,0,35.83669387755102,0,0,0,26,0,0,0,0,0,0,0,0,0,0,None,0,0,1.012,0,0,0,41.49732653061224,1,0,27/02/2025 18:54,0,0,1
114,0,0,0,0,0,0,0,27/02/2025 19:16,0,1,0,0,12.393970588235293,0,0,0,800,40,3.0163529411764705,0,0,0,0.031756,2,0,0,0,0,0,0,0,Success,0,0,0,0,0,0,0,6.271814012,None,27/02/2025 19:39,6.28.1,0,1290,0,2025-02-27 N,27/02/2025 19:40,None,0,1084,1443,1,0,104,0,0.019646883,0,6.28.1,None,0,1452,368,516,0,165,6,0,0,0,0,12.393970588235293,0,20,0,31.960117647058823,0,0,0,28,0,0,0,0,0,0,0,0,0,0,None,0,0,1.035,0,0,0,36.30182352941176,1,0,27/02/2025 19:18,0,0,0
85,0,0,0,0,0,0,0,27/02/2025 19:40,0,4,0,0,14.293706896551724,0,0,0,788,40,2.5486724137931036,0,0,0,0.0244,2,0,0,0,0,0,0,0,Success,0,0,0,0,0,0,0,6.169899999,None,27/02/2025 19:52,6.28.1,0,610,0,2025-02-27 N,27/02/2025 19:53,None,0,788,653,1,0,75,0,0.034655447,0,6.28.1,None,0,788,0,141,0,165,16,0,0,0,0,14.293706896551724,0,139,0,34.89703448275862,0,0,0,27,0,0,0,0,0,0,0,0,0,0,None,0,0,1.036,0,0,0,44.84970689655172,1,0,27/02/2025 19:42,0,0,0
120,0,0,0,0,0,0,0,27/02/2025 19:53,0,1,0,0,14.78313559322034,0,0,0,771,40,2.8037288135593217,0,0,0,0.032569,2,0,0,0,0,0,0,0,Success,0,0,0,0,0,0,0,6.253079961,None,27/02/2025 20:05,6.28.1,0,586,0,2025-02-27 N,27/02/2025 20:06,None,0,771,736,1,0,110,0,0.060638272,0,6.28.1,None,0,771,0,467,0,165,8,0,0,0,0,14.78313559322034,0,25,0,34.53083050847457,0,0,0,27,0,0,0,0,0,0,0,0,0,0,None,0,0,1.041,0,0,0,42.36113559322033,1,0,27/02/2025 19:55,0,0,0
186,0,0,0,0,0,0,0,27/02/2025 20:19,0,8,0,0,11.640258620689655,0,0,0,944,41,2.5712931034482756,0,0,0,0,2,0,0,0,0,0,0,0,Success,0,0,0,0,0,0,0,6.170713897,None,27/02/2025 20:33,6.28.1,0,778,0,2025-02-27 N,27/02/2025 20:34,None,0,944,842,1,0,176,0,0.038626416,0,6.28.1,None,0,944,0,100,0,165,5,0,0,0,0,11.640258620689655,0,102,0,32.51781034482759,0,0,0,28,0,0,0,0,0,0,0,0,0,0,None,0,0,1.015,0,0,0,45.479517241379305,1,0,27/02/2025 20:20,0,0,0
35,0,0,0,0,0,0,0,27/02/2025 20:34,0,0,0,0,13.561184210526317,0,0,0,1682,42,0.8629736842105263,0,0,0,0.007968,0,0,0,0,5,0,0,0,Success,0,0,0,0,0,0,0,3.929378831,None,27/02/2025 21:10,6.28.1,0,1268,0,2025-02-27 N,27/02/2025 21:11,None,0,830,0,1,0,0,0,3.453967573,0,6.28.1,None,0,2203,1373,1400,0,165,19,0,0,0,0,13.561184210526317,0,0,0,44.48297368421053,0,0,0,26,0,0,0,0,0,0,0,0,0,0,None,0,0,1.039,0,0,0,55.47102631578947,1,0,27/02/2025 20:49,0,0,0
130,0,0,0,0,0,0,0,27/02/2025 21:11,0,2,0,0,13.844482758620689,0,0,0,794,41,3.5184827586206895,0,0,0,0.028876,2,0,0,0,0,0,0,0,Success,0,0,0,0,0,0,0,6.173869046,None,27/02/2025 21:23,6.28.1,0,632,0,2025-02-27 N,27/02/2025 21:24,None,0,0,2880,1,0,120,0,0.037483329,0,6.28.1,None,0,794,794,247,0,165,4,0,0,0,0,13.844482758620689,0,57,0,33.848568965517245,0,0,0,28,0,0,0,0,0,0,0,0,0,0,None,0,0,1.057,0,0,0,41.542637931034484,1,0,27/02/2025 21:13,0,0,0
243,0,0,0,0,0,0,0,27/02/2025 21:24,0,11,0,0,11.723142857142857,0,0,0,2592,42,2.600257142857143,0,0,0,0.014411,4,0,0,0,9,0,0,0,Success,0,0,0,0,0,0,0,6.218187598,None,27/02/2025 22:08,6.28.1,0,2524,0,2025-02-27 N,27/02/2025 22:09,None,0,0,2355,1,0,233,82,0.024041631,0,6.28.1,None,0,2683,2683,343,0,165,4,0,0,0,0,11.723142857142857,0,285,0,37.26291428571429,0,0,0,29,0,0,0,0,0,0,0,0,0,0,None,0,0,1.041,0,0,0,43.15517142857143,1,0,27/02/2025 21:26,0,0,0
142,0,0,0,0,0,0,0,27/02/2025 22:24,0,4,0,0,8.606875,0,0,0,963,41,2.6572916666666666,0,0,0,0.026266,2,0,0,0,0,0,0,0,Success,0,0,0,0,0,0,0,6.252482387,None,27/02/2025 22:45,6.28.1,0,1184,0,2025-02-27 N,27/02/2025 22:46,None,0,910,1269,1,0,132,0,0.01019804,0,6.28.1,None,0,1343,433,792,0,165,4,0,0,0,0,8.606875,0,46,0,29.360625,0,0,0,28,0,0,0,0,0,0,0,0,0,0,None,0,0,1.041,0,0,0,36.078833333333336,1,0,27/02/2025 22:25,0,0,0
417,0,0,0,0,0,0,0,27/02/2025 23:25,0,4,0,0,15.66,0,0,0,1504,41,2.8483333333333336,0,0,0,0.024859,3,0,0,0,10,0,0,0,Success,0,0,0,0,0,0,0,6.341790441,None,27/02/2025 23:42,6.28.1,0,955,0,2025-02-27 N,27/02/2025 23:50,None,0,0,1166,1,0,407,0,0.006708204,0,6.28.1,None,0,1514,1514,186,0,165,5,0,0,0,0,15.66,0,102,0,36.78023333333333,0,0,0,29,0,0,0,0,0,0,0,0,0,0,None,0,0,1.028,0,0,0,46.26366666666667,1,0,27/02/2025 23:27,0,0,0
148,0,0,0,0,0,0,0,27/02/2025 23:50,0,3,0,0,13.43,0,0,0,837,42,2.6136041666666667,0,0,0,0.025529,2,0,0,0,91,0,0,0,Success,0,0,0,0,0,0,0,6.367269666,None,28/02/2025 00:04,6.28.1,0,731,0,2025-02-27 N,28/02/2025 00:06,None,0,0,1101,1,0,138,0,0.110390217,0,6.28.1,None,0,928,928,234,0,165,5,0,0,0,0,13.43,0,119,0,36.04595833333333,0,0,0,29,0,0,0,0,0,0,0,0,0,0,None,0,0,1.052,0,0,0,42.73383333333334,1,0,27/02/2025 23:52,0,0,0
130,0,0,0,0,0,0,0,28/02/2025 00:06,0,1,0,0,15.57525,0,0,0,1574,40,2.55645,0,0,0,0.024382,2,0,0,0,45,0,0,0,Success,0,0,0,0,0,0,0,6.350659887,None,28/02/2025 00:32,6.28.1,0,1400,0,2025-02-27 N,28/02/2025 00:33,None,0,0,1690,1,0,120,0,0.018384776,0,6.28.1,None,0,1619,1619,707,0,165,5,0,0,0,0,15.57525,0,21,0,35.014966666666666,0,0,0,27,0,0,0,0,0,0,0,0,0,0,None,0,0,1.06,0,0,0,43.91451666666667,1,0,28/02/2025 00:08,0,0,0
108,0,0,0,0,0,0,0,28/02/2025 00:33,0,2,0,0,15.883636363636365,0,0,0,820,41,2.9756181818181817,0,0,0,0.037549,2,0,0,0,0,0,0,0,Success,0,0,0,0,0,0,0,6.320439304,None,28/02/2025 00:52,6.28.1,0,837,0,2025-02-27 N,28/02/2025 00:53,None,0,582,1115,1,0,98,0,0.0601415,0,6.28.1,None,0,1205,623,231,0,165,5,0,0,0,0,15.883636363636365,0,67,0,36.064654545454545,0,0,0,28,0,0,0,0,0,0,0,0,0,0,None,0,0,1.032,0,0,0,43.90970909090909,1,0,28/02/2025 00:38,0,0,0
111,0,0,0,0,0,0,0,28/02/2025 00:53,0,1,0,0,16.628898305084746,0,0,0,686,40,2.347271186440678,0,0,0,0.026353,2,0,0,0,0,0,0,0,Success,0,0,0,0,0,0,0,6.20653309,None,28/02/2025 01:03,6.28.1,0,525,0,2025-02-27 N,28/02/2025 01:04,None,0,686,660,1,0,101,0,0.037363084,0,6.28.1,None,0,686,0,360,0,165,4,0,0,0,0,16.628898305084746,0,51,0,33.666525423728814,0,0,0,27,0,0,0,0,0,0,0,0,0,0,None,0,0,1.009,0,0,0,44.86186440677966,1,0,28/02/2025 00:54,0,0,0
131,0,0,0,0,0,0,0,28/02/2025 01:04,0,1,0,0,15.427372881355932,0,0,0,771,40,2.6376440677966104,0,0,0,0.033358,2,0,0,0,0,0,0,0,Success,0,0,0,0,0,0,0,6.235818711,None,28/02/2025 01:16,6.28.1,0,608,0,2025-02-27 N,28/02/2025 01:17,None,0,771,748,1,0,121,0,0.032649655,0,6.28.1,None,0,771,0,478,0,165,4,0,0,0,0,15.427372881355932,0,20,0,34.95406779661017,0,0,0,27,0,0,0,0,0,0,0,0,0,0,None,0,0,1.032,0,0,0,43.52164406779661,1,0,28/02/2025 01:06,0,0,0
239,0,0,0,0,0,0,0,28/02/2025 01:17,0,1,0,0,16.484491525423728,0,0,0,928,41,2.5530169491525427,0,0,0,0.030214,2,0,0,0,0,0,0,0,Success,0,0,0,0,0,0,0,6.260393358,None,28/02/2025 01:31,6.28.1,0,767,0,2025-02-27 N,28/02/2025 01:33,None,0,928,792,1,0,229,0,0.03,0,6.28.1,None,0,928,0,526,0,165,4,0,0,0,0,16.484491525423728,0,24,0,35.02294915254237,0,0,0,28,0,0,0,0,0,0,0,0,0,0,None,0,0,1.028,0,0,0,42.75911864,1,0,28/02/2025 01:19,0,0,0
254,0,0,0,0,0,0,0,28/02/2025 01:33,0,1,0,0,16.835338983050846,0,0,0,861,41,2.856203389830508,0,0,0,0.034839,2,0,0,0,0,0,0,0,Success,0,0,0,0,0,0,0,6.257644445,None,28/02/2025 01:46,6.28.1,0,701,0,2025-02-27 N,28/02/2025 01:47,None,0,861,837,1,0,244,0,0.021931712,0,6.28.1,None,0,861,0,446,0,165,5,0,0,0,0,16.835338983050846,0,22,0,35.67150847457627,0,0,0,28,0,0,0,0,0,0,0,0,0,0,None,0,0,1.038,0,0,0,42.619745762711865,1,0,28/02/2025 01:34,0,0,0
0,0,0,0,0,0,0,0,28/02/2025 02:54,0,0,0,0,15.528157894736843,0,0,2721,0,41,3.008280701754386,0,0,0,0.027644,0,0,0,0,0,0,0,0,Success,0,0,0,0,0,0,0,6.093101509,None,28/02/2025 03:38,6.28.1,0,665,0,2025-02-27 N,28/02/2025 03:40,None,0,2721,0,1,0,0,0,0.105019046,0,6.28.1,None,0,2721,0,0,0,165,16,0,0,0,0,15.528157894736843,0,0,0,33.56721052631579,0,0,0,0,0,0,0,0,0,0,0,0,0,0,None,0,0,1.048,0,0,0,38.37377192982456,1,0,28/02/2025 03:27,0,0,0
127,0,0,0,0,0,0,0,28/02/2025 03:40,0,1,0,0,15.4385,0,0,140,957,41,2.8983666666666665,0,0,0,0.037683,2,0,0,0,470,0,0,0,Success,0,0,0,0,0,0,0,6.349221527,None,28/02/2025 04:09,6.28.1,0,526,0,2025-02-27 N,28/02/2025 04:13,None,0,580,7776,1,0,117,0,10.5715347,0,6.28.1,None,0,2007,1427,390,0,140,3,0,0,0,0,15.4385,0,24,0,34.77393333333334,0,0,0,28,0,0,0,0,0,0,0,0,0,0,None,0,0,1.053,0,0,0,39.7644,1,0,28/02/2025 04:00,0,0,0
144,0,0,0,0,0,0,0,28/02/2025 04:13,0,1,0,0,13.238135593220338,0,0,0,764,110,3.2792033898305086,0,0,0,0.038139,2,0,0,0,120,0,0,0,Success,0,0,0,0,0,0,0,6.292434584,None,28/02/2025 04:25,6.28.1,0,575,0,2025-02-27 N,28/02/2025 04:28,None,0,0,967,1,0,134,0,10.48316961,0,6.28.1,None,0,884,884,425,0,140,2,0,0,0,0,13.238135593220338,0,20,0,33.39932203,0,0,0,97,0,0,0,0,0,0,0,0,0,0,None,0,0,1.039,0,0,0,36.831474576271184,1,0,28/02/2025 04:16,0,0,0
138,0,0,0,0,0,0,0,28/02/2025 04:28,0,1,0,0,9.505434782608695,0,0,0,767,72,3.450217391304348,0,0,0,0.035653,2,0,0,0,616,0,0,0,Success,0,0,0,0,0,0,0,6.318199506,None,28/02/2025 04:51,6.28.1,0,1286,0,2025-02-27 N,28/02/2025 04:57,None,0,466,1508,1,0,128,0,10.57750013,0,6.28.1,None,0,1741,1275,789,0,140,4,0,0,0,0,9.505434782608695,0,20,0,29.60273913043478,0,0,0,51,0,0,0,0,0,0,0,0,0,0,None,0,0,1.038,0,0,0,33.49621739130435,1,0,28/02/2025 04:29,0,0,0
0,0,0,0,0,0,0,0,28/02/2025 04:57,0,0,0,0,7.808644068,0,0,0,233,122,3.072762711864407,0,0,0,0.033458,0,0,0,0,1913,0,0,0,Success,0,0,0,0,0,0,0,6.291883502,None,28/02/2025 05:32,6.28.1,0,1999,0,2025-02-27 N,28/02/2025 05:34,None,0,0,0,1,0,0,89,10.50085873,0,6.28.1,None,0,2235,2235,219,0,140,2,0,0,0,0,7.808644068,0,0,0,35.88430508474576,0,0,0,0,0,0,0,0,0,0,0,0,0,0,None,0,0,1.027,0,0,0,37.21710169491526,1,0,28/02/2025 04:58,0,0,0
107,0,0,0,0,0,0,0,28/02/2025 05:56,0,2,0,0,16.251355932203392,0,0,0,576,42,3.153491525423729,0,0,0,0.031819,2,0,0,0,0,0,0,0,Success,0,0,0,0,0,0,0,6.377081778,None,28/02/2025 06:05,6.28.1,0,418,0,2025-02-27 N,28/02/2025 06:06,None,0,0,4369,1,0,97,0,0.051971146,0,6.28.1,None,0,576,576,215,0,140,4,0,0,0,0,16.251355932203392,0,84,0,37.982135593220335,0,0,0,29,0,0,0,0,0,0,0,0,0,0,None,0,0,1.027,0,0,0,38.73230508474577,1,0,28/02/2025 05:58,0,0,0
112,0,0,0,0,0,0,0,28/02/2025 06:17,0,1,0,0,13.80775,0,0,0,626,41,2.8843666666666667,0,0,0,0.038855,2,0,0,0,0,0,0,0,Success,0,0,0,0,0,0,0,6.378986832,None,28/02/2025 06:27,6.28.1,0,463,0,2025-02-28 D,28/02/2025 06:28,None,0,0,619,1,0,102,0,0.050911688,0,6.28.1,None,0,626,626,350,0,140,5,0,0,0,0,13.80775,0,23,0,35.26088333333333,0,0,0,28,0,0,0,0,0,0,0,0,0,0,None,0,0,1.049,0,0,0,37.64826666666667,1,0,28/02/2025 06:19,0,0,0
114,0,0,0,0,0,0,0,28/02/2025 06:28,0,1,0,0,14.08275,0,0,0,624,42,2.7491,0,0,0,0.036669,2,0,0,0,0,0,0,0,Success,0,0,0,0,0,0,0,6.353850644,None,28/02/2025 06:37,6.28.1,0,463,0,2025-02-28 D,28/02/2025 06:38,None,0,0,605,1,0,104,0,0.043462628,0,6.28.1,None,0,624,624,353,0,140,5,0,0,0,0,14.08275,0,18,0,35.203250000000004,0,0,0,29,0,0,0,0,0,0,0,0,0,0,None,0,0,1.051,0,0,0,38.62056666666667,1,0,28/02/2025 06:29,0,0,0
113,0,0,0,0,0,0,0,28/02/2025 06:38,0,1,0,0,10.459137931034483,0,0,0,832,41,2.3416551724137933,0,0,0,0.036058,2,0,0,0,37,0,0,0,Success,0,0,0,0,0,0,0,6.223906651,None,28/02/2025 07:00,6.28.1,0,1210,0,2025-02-28 D,28/02/2025 07:01,None,0,729,1353,1,0,103,0,0.032140317,0,6.28.1,None,0,1367,638,479,0,140,4,0,0,0,0,10.459137931034483,0,17,0,33.298,0,0,0,28,0,0,0,0,0,0,0,0,0,0,None,0,0,1.015,0,0,0,38.17179310344827,1,0,28/02/2025 06:40,0,0,0
214,0,0,0,0,0,0,0,28/02/2025 07:12,0,1,0,0,14.835,0,0,10535,830,41,3.5260877192982454,0,0,0,0.038901,2,0,0,0,192,0,0,0,Success,0,0,0,0,0,0,0,6.142820932,None,28/02/2025 11:30,6.28.1,0,554,0,2025-02-28 D,28/02/2025 11:31,None,0,14131,15473,1,0,204,395,0.014866069,0,6.28.1,None,0,15548,1417,306,0,140,15,0,0,0,0,14.835,0,68,0,36.949789473684206,0,0,0,28,0,0,0,0,0,0,0,0,0,0,None,0,0,1.051,0,0,0,38.672859649122806,1,0,28/02/2025 11:21,0,0,0
195,0,0,0,0,0,0,0,28/02/2025 11:31,0,1,0,0,14.84544642857143,0,0,0,589,41,3.4005178571428574,0,0,0,0.036866,2,0,0,0,0,0,0,0,Success,0,0,0,0,0,0,0,6.022721644,None,28/02/2025 11:40,6.28.1,0,428,0,2025-02-28 D,28/02/2025 11:41,None,0,0,531,1,0,185,0,0.035693137,0,6.28.1,None,0,589,589,191,0,140,4,0,0,0,0,14.84544642857143,0,62,0,36.31935714285714,0,0,0,28,0,0,0,0,0,0,0,0,0,0,None,0,0,1.003,0,0,0,36.380607142857144,1,0,28/02/2025 11:33,0,0,0
135,0,0,0,0,0,0,0,28/02/2025 11:41,0,1,0,0,15.666578947368421,0,0,0,531,42,3.088385964912281,0,0,0,0.035191,2,0,0,0,0,0,0,0,Success,0,0,0,0,0,0,0,6.069707242,None,28/02/2025 11:49,6.28.1,0,374,0,2025-02-28 D,28/02/2025 11:50,None,0,0,468,1,0,125,0,0.021931712,0,6.28.1,None,0,531,531,189,0,140,4,0,0,0,0,15.666578947368421,0,70,0,37.96278947368421,0,0,0,29,0,0,0,0,0,0,0,0,0,0,None,0,0,1.05,0,0,0,37.66887719298246,1,0,28/02/2025 11:42,0,0,0
116,0,0,0,0,0,0,0,28/02/2025 11:50,0,1,0,0,13.636842105263158,0,0,0,643,41,2.752491228070175,0,0,0,0.034062,2,0,0,0,31,0,0,0,Success,0,0,0,0,0,0,0,6.039876654,None,28/02/2025 11:59,6.28.1,0,483,0,2025-02-28 D,28/02/2025 12:04,None,0,0,628,1,0,106,178,0.057454329,0,6.28.1,None,0,852,852,379,0,140,4,0,0,0,0,13.636842105263158,0,11,0,34.59154385964912,0,0,0,29,0,0,0,0,0,0,0,0,0,0,None,0,0,1.053,0,0,0,36.872,1,0,28/02/2025 11:51,0,0,0
117,0,0,0,0,0,0,0,28/02/2025 12:04,0,1,0,0,16.905258620689654,0,0,0,506,41,2.658982759,0,0,0,0.029608,2,0,0,0,0,0,0,0,Success,0,0,0,0,0,0,0,6.210210544,None,28/02/2025 12:11,6.28.1,0,338,0,2025-02-28 D,28/02/2025 12:12,None,0,0,611,1,0,107,0,0.037483329,0,6.28.1,None,0,506,506,131,0,140,4,0,0,0,0,16.905258620689654,0,112,0,40.06489655172414,0,0,0,29,0,0,0,0,0,0,0,0,0,0,None,0,0,1.014,0,0,0,39.293431034482765,1,0,28/02/2025 12:06,0,0,0
118,0,0,0,0,0,0,0,28/02/2025 12:12,0,1,0,0,13.855603448275861,0,0,0,1198,42,2.8184655172413793,0,0,0,0.03603,2,0,0,0,0,0,0,0,Success,0,0,0,0,0,0,0,6.22287305,None,28/02/2025 12:31,6.28.1,0,1020,0,2025-02-28 D,28/02/2025 12:32,None,0,0,1169,1,0,108,0,0.036359318,0,6.28.1,None,0,1198,1198,397,0,140,4,0,0,0,0,13.855603448275861,0,16,0,34.94915517241379,0,0,0,29,0,0,0,0,0,0,0,0,0,0,None,0,0,1.033,0,0,0,36.43732758620689,1,0,28/02/2025 12:14,0,0,0
111,0,0,0,0,0,0,0,28/02/2025 12:32,0,1,0,0,17.2315,0,0,0,721,42,2.505133333333333,0,0,0,0.031394,2,0,0,0,0,0,0,0,Success,0,0,0,0,0,0,0,6.368918982,None,28/02/2025 12:43,6.28.1,0,523,0,2025-02-28 D,28/02/2025 12:44,None,0,0,604,1,0,101,0,0.040459856,0,6.28.1,None,0,721,721,337,0,140,10,0,0,0,0,17.2315,0,104,0,40.56486666666667,0,0,0,29,0,0,0,0,0,0,0,0,0,0,None,0,0,1.044,0,0,0,42.7631,1,0,28/02/2025 12:34,0,0,0
96,0,0,0,0,0,0,0,28/02/2025 13:11,0,3,0,0,14.5779,0,0,0,750,111,2.62922,0,0,0,0.018682,2,0,0,0,0,0,0,0,Success,0,0,0,0,0,0,0,5.335384803,None,28/02/2025 13:21,6.28.1,0,499,0,2025-02-28 D,28/02/2025 13:24,None,0,0,499,1,0,86,0,0.042720019,0,6.28.1,None,0,750,750,151,0,140,4,0,0,0,0,14.5779,0,186,0,38.6761,0,0,0,28,0,0,0,0,0,0,0,0,0,0,None,0,0,1.014,0,0,0,39.21036,1,0,28/02/2025 13:13,0,0,1
192,0,0,0,0,0,0,0,28/02/2025 13:33,0,4,0,0,15.43975,0,0,0,1134,42,2.29635,0,0,0,0.019776,2,0,0,0,0,0,0,0,Success,0,0,0,0,0,0,0,6.302322746,None,28/02/2025 13:50,6.28.1,0,977,0,2025-02-28 D,28/02/2025 13:52,None,0,0,995,1,0,182,0,0.023086793,0,6.28.1,None,0,1134,1134,433,0,140,4,0,0,0,0,15.43975,0,137,0,38.746966666666665,0,0,0,30,0,0,0,0,0,0,0,0,0,0,None,0,0,1.034,0,0,0,39.134933333333336,1,0,28/02/2025 13:34,0,0,0
123,0,0,0,0,0,0,0,28/02/2025 13:52,0,1,0,0,17.232966101694917,0,0,0,663,42,2.6148983050847456,0,0,0,0.028457,2,0,0,0,0,0,0,0,Success,0,0,0,0,0,0,0,6.254581361,None,28/02/2025 14:01,6.28.1,0,498,0,2025-02-28 D,28/02/2025 14:03,None,0,0,523,1,0,113,0,0.041048751,0,6.28.1,None,0,663,663,269,0,140,8,0,0,0,0,17.232966101694917,0,134,0,40.91655932,0,0,0,29,0,0,0,0,0,0,0,0,0,0,None,0,0,1.067,0,0,0,40.065898305084744,1,0,28/02/2025 13:53,0,0,0
109,0,0,0,0,0,0,0,28/02/2025 14:03,0,3,0,0,5.3265,0,0,491,957,42,2.9877000000000002,0,0,0,0.026223,2,0,0,0,282,0,0,0,Success,0,0,0,0,0,0,0,6.158410672,None,28/02/2025 14:38,6.28.1,0,1189,0,2025-02-28 D,28/02/2025 14:39,None,0,1028,2090,1,0,99,218,0.017088007,0,6.28.1,None,0,2191,1163,254,0,140,5,0,0,0,0,5.3265,0,109,0,29.548199999999998,0,0,0,29,0,0,0,0,0,0,0,0,0,0,None,0,0,1.043,0,0,0,29.1943,1,0,28/02/2025 14:18,0,0,0
100,0,0,0,0,0,0,0,28/02/2025 14:39,0,3,0,0,15.521842105263158,0,0,0,614,42,2.999456140350877,0,0,0,0.029326,2,0,0,0,0,0,0,0,Success,0,0,0,0,0,0,0,6.102910126,None,28/02/2025 14:55,6.28.1,0,848,0,2025-02-28 D,28/02/2025 14:56,None,0,697,900,1,0,89,0,0.02147091,0,6.28.1,None,0,1009,312,218,0,140,5,0,0,0,0,15.521842105263158,0,109,0,39.713614035087716,0,0,0,29,0,0,0,0,0,0,0,0,0,0,None,0,0,1.039,0,0,0,34.03938596491228,1,0,28/02/2025 14:41,0,0,0
124,0,0,0,0,0,0,0,28/02/2025 14:56,0,1,0,0,13.55921052631579,0,0,0,669,41,2.6285087719298246,0,0,0,0.03359,2,0,0,0,0,0,0,0,Success,0,0,0,0,0,0,0,6.053912702,None,28/02/2025 15:06,6.28.1,0,509,0,2025-02-28 D,28/02/2025 15:07,None,0,669,655,1,0,114,0,0.02607681,0,6.28.1,None,0,669,0,390,0,140,4,0,0,0,0,13.55921052631579,0,16,0,34.95654385964912,0,0,0,28,0,0,0,0,0,0,0,0,0,0,None,0,0,1.051,0,0,0,32.55378947368421,1,0,28/02/2025 14:57,0,0,0
337,0,0,0,0,0,0,0,28/02/2025 15:22,0,1,0,0,13.062321428571428,0,0,0,842,41,2.94025,0,0,0,0.031035,2,0,0,0,0,0,0,0,Success,0,0,0,0,0,0,0,5.989617767,None,28/02/2025 15:34,6.28.1,0,679,0,2025-02-28 D,28/02/2025 15:36,None,0,842,786,1,0,327,0,0.02915476,0,6.28.1,None,0,842,0,299,0,140,9,0,0,0,0,13.062321428571428,0,71,0,36.685321428571434,0,0,0,28,0,0,0,0,0,0,0,0,0,0,None,0,0,1.049,0,0,0,35.32657142857143,1,0,28/02/2025 15:23,0,0,0
321,0,0,0,0,0,0,0,28/02/2025 15:36,0,2,0,0,11.481052631578947,0,0,0,1012,42,2.884543859649123,0,0,0,0.033433,2,0,0,0,42,0,0,0,Success,0,0,0,0,0,0,0,6.081500308,None,28/02/2025 15:52,6.28.1,0,899,0,2025-02-28 D,28/02/2025 15:53,None,0,644,1010,1,0,311,0,0.018027756,0,6.28.1,None,0,1054,410,378,0,140,4,0,0,0,0,11.481052631578947,0,46,0,36.067912280701755,0,0,0,29,0,0,0,0,0,0,0,0,0,0,None,0,0,1.047,0,0,0,38.80040350877193,1,0,28/02/2025 15:37,0,0,0
116,0,0,0,0,0,0,0,28/02/2025 15:53,0,1,0,0,12.977586206896552,0,0,0,649,42,2.6835172413793105,0,0,0,0.036796,2,0,0,0,0,0,0,0,Success,0,0,0,0,0,0,0,6.168749792,None,28/02/2025 16:03,6.28.1,0,492,0,2025-02-28 D,28/02/2025 16:04,None,0,0,633,1,0,106,0,0.065551507,0,6.28.1,None,0,649,649,377,0,140,3,0,0,0,0,12.977586206896552,0,20,0,35.247068965517244,0,0,0,29,0,0,0,0,0,0,0,0,0,0,None,0,0,1.044,0,0,0,35.40468965517242,1,0,28/02/2025 15:55,0,0,0
117,0,0,0,0,0,0,0,28/02/2025 16:04,0,1,0,0,13.407155172413793,0,0,0,624,41,2.818448275862069,0,0,0,0.035564,2,0,0,0,0,0,0,0,Success,0,0,0,0,0,0,0,6.21995,None,28/02/2025 16:13,6.28.1,0,468,0,2025-02-28 D,28/02/2025 16:14,None,0,0,610,1,0,107,0,0.021023796,0,6.28.1,None,0,624,624,359,0,140,3,0,0,0,0,13.407155172413793,0,15,0,35.26287931034483,0,0,0,28,0,0,0,0,0,0,0,0,0,0,None,0,0,1.04,0,0,0,34.91001724137931,1,0,28/02/2025 16:05,0,0,0
182,0,0,0,0,0,0,0,28/02/2025 16:14,0,4,0,0,13.9785,0,0,0,711,41,2.325416666666667,0,0,0,0.02418,2,0,0,0,0,0,0,0,Success,0,0,0,0,0,0,0,6.312701561,None,28/02/2025 16:25,6.28.1,0,554,0,2025-02-28 D,28/02/2025 16:26,None,0,0,523,1,0,172,0,0.036878178,0,6.28.1,None,0,711,711,211,0,140,3,0,0,0,0,13.9785,0,106,0,39.184666666666665,0,0,0,28,0,0,0,0,0,0,0,0,0,0,None,0,0,1.044,0,0,0,40.64723333333333,1,0,28/02/2025 16:16,0,0,0
118,0,0,0,0,0,0,0,28/02/2025 16:26,0,5,0,0,15.261249999999999,0,0,0,954,42,2.5331833333333336,0,0,0,0.022381,3,0,0,0,0,0,0,0,Success,0,0,0,0,0,0,0,6.364792691,None,28/02/2025 16:46,6.28.1,0,1124,0,2025-02-28 D,28/02/2025 16:48,None,0,539,1262,1,0,108,0,0.021954498,0,6.28.1,None,0,1280,741,302,0,140,4,0,0,0,0,15.261249999999999,0,105,0,40.680749999999996,0,0,0,29,0,0,0,0,0,0,0,0,0,0,None,0,0,1.036,0,0,0,38.95356666666667,1,0,28/02/2025 16:28,0,0,0
117,0,0,0,0,0,0,0,28/02/2025 16:48,0,1,0,0,12.914754098360655,0,0,0,624,41,2.8760491803278687,0,0,0,0.040199,2,0,0,0,0,0,0,0,Success,0,0,0,0,0,0,0,6.395762191,None,28/02/2025 16:57,6.28.1,0,468,0,2025-02-28 D,28/02/2025 16:58,None,0,624,593,1,0,107,0,0.01811077,0,6.28.1,None,0,624,0,351,0,140,4,0,0,0,0,12.914754098360655,0,22,0,35.19001639344262,0,0,0,28,0,0,0,0,0,0,0,0,0,0,None,0,0,1.034,0,0,0,35.75978689,1,0,28/02/2025 16:49,0,0,0
113,0,0,0,0,0,0,0,28/02/2025 17:09,0,1,0,0,12.00975,0,0,0,627,41,2.874683333333333,0,0,0,0.036148,2,0,0,0,0,0,0,0,Success,0,0,0,0,0,0,0,6.314939588,None,28/02/2025 17:18,6.28.1,0,469,0,2025-02-28 D,28/02/2025 17:19,None,0,627,598,1,0,103,0,0.030594117,0,6.28.1,None,0,627,0,351,0,140,4,0,0,0,0,12.00975,0,26,0,34.036233333333335,0,0,0,29,0,0,0,0,0,0,0,0,0,0,None,0,0,1.028,0,0,0,36.95601666666666,1,0,28/02/2025 17:10,0,0,0
111,0,0,0,0,0,0,0,28/02/2025 17:30,0,1,0,0,13.441,0,0,0,638,42,2.6423833333333335,0,0,0,0.036024,2,0,0,0,0,0,0,0,Success,0,0,0,0,0,0,0,6.3456935,None,28/02/2025 17:39,6.28.1,0,478,0,2025-02-28 D,28/02/2025 17:40,None,0,638,616,1,0,101,0,0.031144823,0,6.28.1,None,0,638,0,365,0,140,4,0,0,0,0,13.441,0,24,0,34.52048333333333,0,0,0,29,0,0,0,0,0,0,0,0,0,0,None,0,0,1.022,0,0,0,35.77175,1,0,28/02/2025 17:31,0,0,0
114,0,0,0,0,0,0,0,28/02/2025 17:40,0,1,0,0,14.11025,0,0,0,645,42,2.55445,0,0,0,0.034363,2,0,0,0,0,0,0,0,Success,0,0,0,0,0,0,0,6.337094997,None,28/02/2025 17:50,6.28.1,0,484,0,2025-02-28 D,28/02/2025 17:51,None,0,645,615,1,0,104,0,0.06463745,0,6.28.1,None,0,645,0,366,0,140,4,0,0,0,0,14.11025,0,27,0,35.82221666666667,0,0,0,29,0,0,0,0,0,0,0,0,0,0,None,0,0,1.012,0,0,0,36.59461666666667,1,0,28/02/2025 17:42,0,0,0
113,0,0,0,0,0,0,0,28/02/2025 17:51,0,1,0,0,13.16025,0,0,0,626,41,2.7528833333333336,0,0,0,0.037715,2,0,0,0,0,0,0,0,Success,0,0,0,0,0,0,0,6.340794982,None,28/02/2025 18:00,6.28.1,0,464,0,2025-02-28 D,28/02/2025 18:02,None,0,626,607,1,0,103,0,0.033615473,0,6.28.1,None,0,626,0,351,0,140,4,0,0,0,0,13.16025,0,23,0,35.82255,0,0,0,28,0,0,0,0,0,0,0,0,0,0,None,0,0,1.047,0,0,0,36.26976666666667,1,0,28/02/2025 17:53,0,0,0
196,0,0,0,0,0,0,0,28/02/2025 18:02,0,4,0,0,2.2575,0,0,894,4060,40,5.248,0,0,0,0.081676,2,0,0,0,1574,0,0,0,Success,0,0,0,0,0,0,0,1.111018452,None,28/02/2025 21:11,6.28.1,0,13,0,2025-02-28 N,28/02/2025 21:12,None,0,9189,954,1,0,186,501,70.21523553,0,6.28.1,None,0,11452,2263,430,0,140,19,0,0,0,0,2.2575,0,90,0,21.058600000000002,0,0,0,25,0,0,0,0,0,0,0,0,0,0,None,0,0,1.038,0,0,0,27.1319,1,0,28/02/2025 21:11,0,0,0
171,0,0,0,0,0,0,0,28/02/2025 21:12,0,2,0,0,14.030593220338984,0,0,0,907,41,2.604491525423729,0,0,0,0.02675,3,0,0,0,308,0,0,0,Success,0,0,0,0,0,0,0,6.349343982,None,28/02/2025 21:31,6.28.1,0,721,0,2025-02-28 N,28/02/2025 21:33,None,0,0,11564,1,0,160,0,3.143564855,0,6.28.1,None,0,1215,1215,359,0,140,2,0,0,0,0,14.030593220338984,0,28,0,36.67145762711864,0,0,0,28,0,0,0,0,0,0,0,0,0,0,None,0,0,1.06,0,0,0,37.43103389830509,1,0,28/02/2025 21:19,0,0,1
36,0,0,0,0,0,0,0,28/02/2025 21:33,0,1,0,0,14.555,0,0,232,788,89,2.860240740740741,0,0,0,0.030904,0,0,0,0,964,0,0,0,Success,0,0,0,0,0,0,0,5.741726657,None,28/02/2025 22:10,6.28.1,0,1114,0,2025-02-28 N,28/02/2025 22:11,None,0,358,1659,1,0,0,214,7.40392011,0,6.28.1,None,0,2324,1966,385,0,140,14,0,0,0,0,14.555,0,21,0,36.684407407407406,0,0,0,0,0,0,0,0,0,0,0,0,0,0,None,0,0,1.019,0,0,0,39.586814814814815,1,0,28/02/2025 21:51,0,0,1
0,0,0,0,0,0,0,0,28/02/2025 22:11,0,0,0,0,17.96508620689655,0,0,0,0,46,3.4289655172413793,0,0,0,0.029104,0,0,0,0,632,0,0,0,Success,0,0,0,0,0,0,0,6.295602989,None,28/02/2025 22:23,6.28.1,0,573,0,2025-02-28 N,28/02/2025 22:24,None,0,0,0,1,0,0,110,0.253242966,0,6.28.1,None,0,742,742,0,0,140,6,0,0,0,0,17.96508620689655,0,0,0,40.68420689655173,0,0,0,0,0,0,0,0,0,0,0,0,0,0,None,0,0,1.024,0,0,0,39.70867241,1,0,28/02/2025 22:13,0,0,1
0,0,0,0,0,0,0,0,28/02/2025 22:24,0,0,0,0,17.135833333333334,0,0,0,24,76,3.9457407407407405,0,0,0,0.032368,0,0,0,0,1005,0,0,0,Success,0,0,0,0,0,0,0,6.201124092,None,28/02/2025 22:47,6.28.1,0,1290,0,2025-02-28 N,28/02/2025 22:56,None,0,396,0,1,0,0,532,0.134182711,0,6.28.1,None,0,1933,1537,9,0,140,10,0,0,0,0,17.135833333333334,0,0,0,39.62325925925926,0,0,0,0,0,0,0,0,0,0,0,0,0,0,None,0,0,1.036,0,0,0,40.34218518518519,1,0,28/02/2025 22:25,0,0,1
0,0,0,0,0,0,0,0,28/02/2025 22:56,0,0,0,0,18.850446428571427,0,0,0,0,45,3.5158928571428567,0,0,0,0.036247,0,0,0,0,538,0,0,0,Success,0,0,0,0,0,0,0,6.169315521,None,28/02/2025 23:08,6.28.1,0,550,0,2025-02-28 N,28/02/2025 23:08,None,0,0,0,1,0,0,207,0.421753483,0,6.28.1,None,0,745,745,0,0,140,7,0,0,0,0,18.850446428571427,0,0,0,42.251285714285714,0,0,0,0,0,0,0,0,0,0,0,0,0,0,None,0,0,1.033,0,0,0,40.66028571428571,1,0,28/02/2025 22:58,0,0,1
0,0,0,0,0,0,0,0,28/02/2025 23:08,0,0,0,0,17.540892857142858,0,0,0,0,628,3.5303571428571425,0,0,0,0.037713,0,0,0,0,316,0,0,0,Success,0,0,0,0,0,0,0,6.086046171,None,28/02/2025 23:15,6.28.1,0,300,0,2025-02-28 N,28/02/2025 23:25,None,0,0,0,1,0,0,701,0.154547727,0,6.28.1,None,0,1017,1017,0,0,140,2,0,0,0,0,17.540892857142858,0,0,0,39.53903571428572,0,0,0,0,0,0,0,0,0,0,0,0,0,0,None,0,0,1.023,0,0,0,41.972410714285715,1,0,28/02/2025 23:10,0,0,1
0,0,0,0,0,0,0,0,28/02/2025 23:25,0,0,0,0,16.971272727272726,0,0,0,0,54,3.8396363636363637,0,0,0,0.037976,0,0,0,0,590,0,0,0,Success,0,0,0,0,0,0,0,5.986709697,None,28/02/2025 23:34,6.28.1,0,355,0,2025-02-28 N,28/02/2025 23:35,None,0,0,0,1,0,0,0,0.511149684,0,6.28.1,None,0,590,590,0,0,140,8,0,0,0,0,16.971272727272726,0,0,0,39.63158181818182,0,0,0,0,0,0,0,0,0,0,0,0,0,0,None,0,0,1.034,0,0,0,41.14565454545455,1,0,28/02/2025 23:28,0,0,1
